[2026-08-23 00:00:34.575] [info] [pid:33084] [main] [host-log] (local-1) [host] [2026-08-23 00:00:34.574] [pid:8616] [zcode-host] [rpc:call] off-peak-task.list OK (0.2ms)
[2026-08-23 00:01:34.576] [info] [pid:33084] [main] [host-log] (local-1) [host] [2026-08-23 00:01:34.576] [pid:8616] [zcode-host] [rpc:call] off-peak-task.list OK (0.2ms)
[2026-08-23 00:02:34.581] [info] [pid:33084] [main] [host-log] (local-1) [host] [2026-08-23 00:02:34.580] [pid:8616] [zcode-host] [rpc:call] off-peak-task.list OK (0.3ms)
[2026-08-23 00:03:10.015] [info] [pid:33084] [main] [resource] perf_resource window flushed
[2026-08-23 00:03:10.017] [info] [pid:33084] [main] [network] perf_network flushed interfaces=1
[2026-08-23 00:03:34.589] [info] [pid:33084] [main] [host-log] (local-1) [host] [2026-08-23 00:03:34.588] [pid:8616] [zcode-host] [rpc:call] off-peak-task.list OK (0.3ms)
[2026-08-23 00:04:34.584] [info] [pid:33084] [main] [host-log] (local-1) [host] [2026-08-23 00:04:34.582] [pid:8616] [zcode-host] [rpc:call] off-peak-task.list OK (0.3ms)
[2026-08-23 00:05:34.582] [info] [pid:33084] [main] [host-log] (local-1) [host] [2026-08-23 00:05:34.579] [pid:8616] [zcode-host] [rpc:call] off-peak-task.list OK (0.2ms)
[2026-08-23 00:06:34.578] [info] [pid:33084] [main] [host-log] (local-1) [host] [2026-08-23 00:06:34.578] [pid:8616] [zcode-host] [rpc:call] off-peak-task.list OK (0.2ms)
[2026-08-23 00:07:34.587] [info] [pid:33084] [main] [host-log] (local-1) [host] [2026-08-23 00:07:34.587] [pid:8616] [zcode-host] [rpc:call] off-peak-task.list OK (0.3ms)
[2026-08-23 00:08:10.025] [info] [pid:33084] [main] [resource] perf_resource window flushed
[2026-08-23 00:08:10.026] [info] [pid:33084] [main] [network] perf_network flushed interfaces=1
[2026-08-23 00:08:34.577] [info] [pid:33084] [main] [host-log] (local-1) [host] [2026-08-23 00:08:34.576] [pid:8616] [zcode-host] [rpc:call] off-peak-task.list OK (0.4ms)
[2026-08-23 00:09:34.579] [info] [pid:33084] [main] [host-log] (local-1) [host] [2026-08-23 00:09:34.577] [pid:8616] [zcode-host] [rpc:call] off-peak-task.list OK (0.2ms)
[2026-08-23 00:10:34.580] [info] [pid:33084] [main] [host-log] (local-1) [host] [2026-08-23 00:10:34.576] [pid:8616] [zcode-host] [rpc:call] off-peak-task.list OK (0.3ms)
[2026-08-23 00:11:34.587] [info] [pid:33084] [main] [host-log] (local-1) [host] [2026-08-23 00:11:34.586] [pid:8616] [zcode-host] [rpc:call] off-peak-task.list OK (0.3ms)
[2026-08-23 00:12:34.585] [info] [pid:33084] [main] [host-log] (local-1) [host] [2026-08-23 00:12:34.584] [pid:8616] [zcode-host] [rpc:call] off-peak-task.list OK (0.3ms)
[2026-08-23 00:13:09.429] [info] [pid:33084] [main] Checking for update
[2026-08-23 00:13:09.430] [info] [pid:33084] [main] [auto-update] checking for update...
[2026-08-23 00:13:09.691] [info] [pid:33084] [main] Update for version 3.8.1 is not available (latest version: 3.8.1, downgrade is disallowed).
[2026-08-23 00:13:09.692] [info] [pid:33084] [main] [auto-update] already up to date (local=3.8.1, remote=3.8.1)
[2026-08-23 00:13:10.045] [info] [pid:33084] [main] [resource] perf_resource window flushed
[2026-08-23 00:13:10.046] [info] [pid:33084] [main] [network] perf_network flushed interfaces=1
[2026-08-23 00:13:34.574] [info] [pid:33084] [main] [host-log] (local-1) [host] [2026-08-23 00:13:34.573] [pid:8616] [zcode-host] [rpc:call] off-peak-task.list OK (0.3ms)
[2026-08-23 00:14:34.577] [info] [pid:33084] [main] [host-log] (local-1) [host] [2026-08-23 00:14:34.576] [pid:8616] [zcode-host] [rpc:call] off-peak-task.list OK (0.2ms)
[2026-08-23 00:15:34.586] [info] [pid:33084] [main] [host-log] (local-1) [host] [2026-08-23 00:15:34.583] [pid:8616] [zcode-host] [rpc:call] off-peak-task.list OK (0.4ms)
[2026-08-23 00:16:34.586] [info] [pid:33084] [main] [host-log] (local-1) [host] [2026-08-23 00:16:34.583] [pid:8616] [zcode-host] [rpc:call] off-peak-task.list OK (0.5ms)
[2026-08-23 00:17:34.580] [info] [pid:33084] [main] [host-log] (local-1) [host] [2026-08-23 00:17:34.577] [pid:8616] [zcode-host] [rpc:call] off-peak-task.list OK (0.3ms)
[2026-08-23 00:18:10.057] [info] [pid:33084] [main] [resource] perf_resource window flushed
[2026-08-23 00:18:10.058] [info] [pid:33084] [main] [network] perf_network flushed interfaces=1
[2026-08-23 00:18:34.583] [info] [pid:33084] [main] [host-log] (local-1) [host] [2026-08-23 00:18:34.579] [pid:8616] [zcode-host] [rpc:call] off-peak-task.list OK (0.5ms)
[2026-08-23 00:19:34.580] [info] [pid:33084] [main] [host-log] (local-1) [host] [2026-08-23 00:19:34.578] [pid:8616] [zcode-host] [rpc:call] off-peak-task.list OK (0.3ms)
[2026-08-23 00:20:34.584] [info] [pid:33084] [main] [host-log] (local-1) [host] [2026-08-23 00:20:34.581] [pid:8616] [zcode-host] [rpc:call] off-peak-task.list OK (0.2ms)
[2026-08-23 00:21:34.575] [info] [pid:33084] [main] [host-log] (local-1) [host] [2026-08-23 00:21:34.573] [pid:8616] [zcode-host] [rpc:call] off-peak-task.list OK (0.2ms)
[2026-08-23 00:22:34.576] [info] [pid:33084] [main] [host-log] (local-1) [host] [2026-08-23 00:22:34.575] [pid:8616] [zcode-host] [rpc:call] off-peak-task.list OK (0.4ms)
[2026-08-23 00:23:10.071] [info] [pid:33084] [main] [resource] perf_resource window flushed
[2026-08-23 00:23:10.072] [info] [pid:33084] [main] [network] perf_network flushed interfaces=1
[2026-08-23 01:36:39.147] [info] [pid:33084] [main] [resource] perf_resource window flushed
[2026-08-23 01:36:40.018] [info] [pid:33084] [main] [host-log] (local-1) [host] [2026-08-23 01:36:39.432] [pid:8616] [zcode-host] [rpc:call] off-peak-task.list OK (0.2ms)
[2026-08-23 01:36:40.023] [info] [pid:33084] [main] Checking for update
[2026-08-23 01:36:40.024] [info] [pid:33084] [main] [auto-update] checking for update...
[2026-08-23 01:36:40.798] [info] [pid:33084] [main] Update for version 3.8.1 is not available (latest version: 3.8.1, downgrade is disallowed).
[2026-08-23 01:36:40.799] [info] [pid:33084] [main] [auto-update] already up to date (local=3.8.1, remote=3.8.1)
[2026-08-23 01:36:46.138] [info] [pid:33084] [main] [host-log] (local-1) [host] [2026-08-23 01:36:46.126] [pid:8616] [zcode-host] [rpc:call] off-peak-task.list OK (0.1ms)
[2026-08-23 01:36:48.726] [info] [pid:33084] [main] [host-log] (local-1) [host] [2026-08-23 01:36:48.726] [pid:8616] [settingService] writing settings to: C:\Users\llh04\.zcode\v2\setting.json {"recentProjects":["C:\\Users\\llh04\\Desktop\\小说","D:\\公考","D:\\公考\\图形推理详解"],"locale":"zh-CN","localePreference":"zh-CN","terminalInheritSystemProfile":true,"embeddedBrowserAllowInsecureCertificates":false,"taskAutoArchiveEnabled":false,"taskAutoArchiveOlderThanDays":7,"closeToTrayOnWindows":true,"closeToTrayOnWindowsMigrationInitialized":true,"keepAwakeWhileRunning":false,"desktopWindowSize":{"width":1200,"height":800,"maximized":false},"desktopChromiumHardwareAccelerationEnabled":true,"messageStreamShowReasoning":false,"messageStreamShowTodos":false,"toolGroupingExploreEnabled":true,"toolGroupingTerminalEnabled":true,"toolGroupingChangesEnabled":false,"zcodeInteractionBehavior":"queue","askUserQuestionAutoResolutionEnabled":true,"modelIoFullRetentionEnabled":false,"optimizeAgentExperienceEnabled":false,"optimizeAgentExperienceMigrationInitialized":true,"enabledBuiltinAgentCliProviders":["glm"],"modelProviderFamilyModes":{"zai":"oauth"},"modelProviderFamilySelectedKeys":{"zai":"coding-plan:builtin:zai-start-plan"},"providerFamilyDomain":"zai","providerFamilyDomainUpdatedAt":1787116588334,"providerFamilyDomainMigrated":true,"repoSnapshotIndexingEnabled":false,"instantGrepIndexingEnabled":false,"nativeSearchEnhancementsEnabled":true,"memoryEnabled":false,"lastWorkspaceSession":[{"kind":"local","workspacePath":"C:\\Users\\llh04\\Desktop\\小说","workspacePurpose":"project"},{"kind":"local","workspacePath":"D:\\公考","workspacePurpose":"project"},{"kind":"local","workspacePath":"C:\\Users\\llh04\\.zcode\\workspace\\default","workspacePurpose":"conversation"}],"lastActiveTabIndex":0,"receivePreviewUpdates":false,"autoDownloadAndInstallUpdates":true,"skippedElectronUpdateVersions":{},"settingsSyncFirstRunPromptHandled":true}
[2026-08-23 01:36:48.734] [info] [pid:33084] [main] [host-log] (local-1) [host] [2026-08-23 01:36:48.734] [pid:8616] [settingService] write done
[2026-08-23 01:36:48.735] [info] [pid:33084] [main] [host-log] (local-1) [host] [2026-08-23 01:36:48.734] [pid:8616] [zcode-host] [rpc:call] setting.update OK (34.5ms)
[2026-08-23 01:36:50.651] [info] [pid:33084] [main] [createWindow] window close hidden to tray (local-1)
[2026-08-23 01:36:53.380] [info] [pid:33084] [main] [app-quit] explicit quit requested (tray-quit)
[2026-08-23 01:36:53.381] [info] [pid:33084] [main] [app-quit] forceQuit enabled (app-before-quit)
[2026-08-23 01:36:53.383] [info] [pid:33084] [main] [stability] perf_app_exit reported {"scene":"app_quit","exitCode":0}
[2026-08-23 01:36:53.384] [info] [pid:33084] [main] [app-quit] waiting for host process cleanup (app-before-quit), kind=normal, hosts=1, forceKillDelayMs=4000, waitTimeoutMs=4500
[2026-08-23 01:36:53.385] [info] [pid:33084] [main] [disposeHostProcess] disposing host process (app-before-quit-1), pid=8616
[2026-08-23 01:36:53.410] [info] [pid:33084] [main] [host-log] (local-1) [host] [2026-08-23 01:36:53.391] [pid:8616] [zcode-host] disposing host resources, reason=parent dispose
[2026-08-23 01:36:53.412] [info] [pid:33084] [main] [cron-scheduler] scheduler process exited code=0
[2026-08-23 01:36:53.434] [warn] [pid:33084] [main] [host-log] (local-1) [host] [2026-08-23 01:36:53.432] [pid:8616] [zcode-task-index-syncer] 清理 task index sessions-index 订阅失败 workspace=D:\公考 {"name":"Error","message":"ZCode Protocol client is disposed","stack":"Error: ZCode Protocol client is disposed\n    at ZCodeProtocolClient.assertNotDisposed (file:///D:/zcode/resources/app.asar/out/host/index.js:1005:13037)\n    at ZCodeProtocolClient.request (file:///D:/zcode/resources/app.asar/out/host/index.js:1005:10236)\n    at unsubscribeV4Route (file:///D:/zcode/resources/app.asar/out/host/index.js:1046:37882)\n    at process.processTicksAndRejections (node:internal/process/task_queues:104:5)\n    at async Object.unsubscribeSessionsIndexV4 (file:///D:/zcode/resources/app.asar/out/host/index.js:1046:95934)\n    at async unsubscribeIndex (file:///D:/zcode/resources/app.asar/out/host/index.js:1502:21294)"}
[2026-08-23 01:36:53.435] [warn] [pid:33084] [main] [host-log] (local-1) [host] [2026-08-23 01:36:53.434] [pid:8616] [zcode-task-index-syncer] 清理 task index workspace-config 订阅失败 workspace=D:\公考 {"name":"Error","message":"ZCode Protocol client is disposed","stack":"Error: ZCode Protocol client is disposed\n    at ZCodeProtocolClient.assertNotDisposed (file:///D:/zcode/resources/app.asar/out/host/index.js:1005:13037)\n    at ZCodeProtocolClient.request (file:///D:/zcode/resources/app.asar/out/host/index.js:1005:10236)\n    at unsubscribeV4Route (file:///D:/zcode/resources/app.asar/out/host/index.js:1046:37882)\n    at process.processTicksAndRejections (node:internal/process/task_queues:104:5)\n    at async Object.unsubscribeWorkspaceConfigV4 (file:///D:/zcode/resources/app.asar/out/host/index.js:1046:96464)\n    at async unsubscribeConfig (file:///D:/zcode/resources/app.asar/out/host/index.js:1502:21565)"}
[2026-08-23 01:36:53.436] [warn] [pid:33084] [main] [host-log] (local-1) [host] [2026-08-23 01:36:53.434] [pid:8616] [zcode-task-index-syncer] 清理 task index sessions-index 订阅失败 workspace=D:\公考\图形推理详解 {"name":"Error","message":"ZCode Protocol client is disposed","stack":"Error: ZCode Protocol client is disposed\n    at ZCodeProtocolClient.assertNotDisposed (file:///D:/zcode/resources/app.asar/out/host/index.js:1005:13037)\n    at ZCodeProtocolClient.request (file:///D:/zcode/resources/app.asar/out/host/index.js:1005:10236)\n    at unsubscribeV4Route (file:///D:/zcode/resources/app.asar/out/host/index.js:1046:37882)\n    at process.processTicksAndRejections (node:internal/process/task_queues:104:5)\n    at async Object.unsubscribeSessionsIndexV4 (file:///D:/zcode/resources/app.asar/out/host/index.js:1046:95934)\n    at async unsubscribeIndex (file:///D:/zcode/resources/app.asar/out/host/index.js:1502:21294)"}
[2026-08-23 01:36:53.437] [warn] [pid:33084] [main] [host-log] (local-1) [host] [2026-08-23 01:36:53.434] [pid:8616] [zcode-task-index-syncer] 清理 task index workspace-config 订阅失败 workspace=D:\公考\图形推理详解 {"name":"Error","message":"ZCode Protocol client is disposed","stack":"Error: ZCode Protocol client is disposed\n    at ZCodeProtocolClient.assertNotDisposed (file:///D:/zcode/resources/app.asar/out/host/index.js:1005:13037)\n    at ZCodeProtocolClient.request (file:///D:/zcode/resources/app.asar/out/host/index.js:1005:10236)\n    at unsubscribeV4Route (file:///D:/zcode/resources/app.asar/out/host/index.js:1046:37882)\n    at process.processTicksAndRejections (node:internal/process/task_queues:104:5)\n    at async Object.unsubscribeWorkspaceConfigV4 (file:///D:/zcode/resources/app.asar/out/host/index.js:1046:96464)\n    at async unsubscribeConfig (file:///D:/zcode/resources/app.asar/out/host/index.js:1502:21565)"}
[2026-08-23 01:36:53.438] [warn] [pid:33084] [main] [host-log] (local-1) [host] [2026-08-23 01:36:53.434] [pid:8616] [zcode-task-index-syncer] 清理 task index sessions-index 订阅失败 workspace=C:\Users\llh04\Desktop\小说 {"name":"Error","message":"ZCode Protocol client is disposed","stack":"Error: ZCode Protocol client is disposed\n    at ZCodeProtocolClient.assertNotDisposed (file:///D:/zcode/resources/app.asar/out/host/index.js:1005:13037)\n    at ZCodeProtocolClient.request (file:///D:/zcode/resources/app.asar/out/host/index.js:1005:10236)\n    at unsubscribeV4Route (file:///D:/zcode/resources/app.asar/out/host/index.js:1046:37882)\n    at process.processTicksAndRejections (node:internal/process/task_queues:104:5)\n    at async Object.unsubscribeSessionsIndexV4 (file:///D:/zcode/resources/app.asar/out/host/index.js:1046:95934)\n    at async unsubscribeIndex (file:///D:/zcode/resources/app.asar/out/host/index.js:1502:21294)"}
[2026-08-23 01:36:53.438] [warn] [pid:33084] [main] [host-log] (local-1) [host] [2026-08-23 01:36:53.434] [pid:8616] [zcode-task-index-syncer] 清理 task index workspace-config 订阅失败 workspace=C:\Users\llh04\Desktop\小说 {"name":"Error","message":"ZCode Protocol client is disposed","stack":"Error: ZCode Protocol client is disposed\n    at ZCodeProtocolClient.assertNotDisposed (file:///D:/zcode/resources/app.asar/out/host/index.js:1005:13037)\n    at ZCodeProtocolClient.request (file:///D:/zcode/resources/app.asar/out/host/index.js:1005:10236)\n    at unsubscribeV4Route (file:///D:/zcode/resources/app.asar/out/host/index.js:1046:37882)\n    at process.processTicksAndRejections (node:internal/process/task_queues:104:5)\n    at async Object.unsubscribeWorkspaceConfigV4 (file:///D:/zcode/resources/app.asar/out/host/index.js:1046:96464)\n    at async unsubscribeConfig (file:///D:/zcode/resources/app.asar/out/host/index.js:1502:21565)"}
[2026-08-23 01:36:53.455] [error] [pid:33084] [main] [host-log] (local-1) [host] (node:8616) UnhandledPromiseRejectionWarning: Error: ZCode Protocol client disposed
    at ZCodeProtocolClient.disposeLocalResources (file:///D:/zcode/resources/app.asar/out/host/index.js:1005:12751)
    at ZCodeProtocolClient.disposeAndWait (file:///D:/zcode/resources/app.asar/out/host/index.js:1005:11674)
    at ZCodeAgentProcessManager.cleanupManagedProcess (file:///D:/zcode/resources/app.asar/out/host/index.js:1046:5977)
    at ZCodeAgentProcessManager.cleanupManagedProcessForShutdown (file:///D:/zcode/resources/app.asar/out/host/index.js:1046:6525)
    at file:///D:/zcode/resources/app.asar/out/host/index.js:1046:14090
    at Array.map (<anonymous>)
    at ZCodeAgentProcessManager.disposeAllAndWait (file:///D:/zcode/resources/app.asar/out/host/index.js:1046:14078)
    at Object.disposeAllAndWait (file:///D:/zcode/resources/app.asar/out/host/index.js:1046:97011)
    at disposeZCodeAgentServiceAndWait (file:///D:/zcode/resources/app.asar/out/host/index.js:1055:30247)
    at Proxy.disposeAllAndWait (file:///D:/zcode/resources/app.asar/out/host/index.js:1055:54438)
[2026-08-23 01:36:53.456] [warn] [pid:33084] [main] [host-log] (local-1) [host] [2026-08-23 01:36:53.454] [pid:8616] [zcode-host] UnhandledPromiseRejectionWarning: Error: ZCode Protocol client disposed
    at ZCodeProtocolClient.disposeLocalResources (file:///D:/zcode/resources/app.asar/out/host/index.js:1005:12751)
    at ZCodeProtocolClient.disposeAndWait (file:///D:/zcode/resources/app.asar/out/host/index.js:1005:11674)
    at ZCodeAgentProcessManager.cleanupManagedProcess (file:///D:/zcode/resources/app.asar/out/host/index.js:1046:5977)
    at ZCodeAgentProcessManager.cleanupManagedProcessForShutdown (file:///D:/zcode/resources/app.asar/out/host/index.js:1046:6525)
    at file:///D:/zcode/resources/app.asar/out/host/index.js:1046:14090
    at Array.map (<anonymous>)
    at ZCodeAgentProcessManager.disposeAllAndWait (file:///D:/zcode/resources/app.asar/out/host/index.js:1046:14078)
    at Object.disposeAllAndWait (file:///D:/zcode/resources/app.asar/out/host/index.js:1046:97011)
    at disposeZCodeAgentServiceAndWait (file:///D:/zcode/resources/app.asar/out/host/index.js:1055:30247)
    at Proxy.disposeAllAndWait (file:///D:/zcode/resources/app.asar/out/host/index.js:1055:54438)
[2026-08-23 01:36:53.457] [error] [pid:33084] [main] [host-log] (local-1) [host] (node:8616) UnhandledPromiseRejectionWarning: Unhandled promise rejection. This error originated either by throwing inside of an async function without a catch block, or by rejecting a promise which was not handled with .catch(). To terminate the node process on unhandled promise rejection, use the CLI flag `--unhandled-rejections=strict` (see https://nodejs.org/api/cli.html#cli_unhandled_rejections_mode). (rejection id: 48)
[2026-08-23 01:36:53.457] [warn] [pid:33084] [main] [host-log] (local-1) [host] [2026-08-23 01:36:53.455] [pid:8616] [zcode-host] UnhandledPromiseRejectionWarning: Unhandled promise rejection. This error originated either by throwing inside of an async function without a catch block, or by rejecting a promise which was not handled with .catch(). To terminate the node process on unhandled promise rejection, use the CLI flag `--unhandled-rejections=strict` (see https://nodejs.org/api/cli.html#cli_unhandled_rejections_mode). (rejection id: 48)
[2026-08-23 01:36:53.458] [error] [pid:33084] [main] [host-log] (local-1) [host] (node:8616) UnhandledPromiseRejectionWarning: Error: ZCode Protocol client disposed
    at ZCodeProtocolClient.disposeLocalResources (file:///D:/zcode/resources/app.asar/out/host/index.js:1005:12751)
    at ZCodeProtocolClient.disposeAndWait (file:///D:/zcode/resources/app.asar/out/host/index.js:1005:11674)
    at ZCodeAgentProcessManager.cleanupManagedProcess (file:///D:/zcode/resources/app.asar/out/host/index.js:1046:5977)
    at ZCodeAgentProcessManager.cleanupManagedProcessForShutdown (file:///D:/zcode/resources/app.asar/out/host/index.js:1046:6525)
    at file:///D:/zcode/resources/app.asar/out/host/index.js:1046:14090
    at Array.map (<anonymous>)
    at ZCodeAgentProcessManager.disposeAllAndWait (file:///D:/zcode/resources/app.asar/out/host/index.js:1046:14078)
    at Object.disposeAllAndWait (file:///D:/zcode/resources/app.asar/out/host/index.js:1046:97011)
    at disposeZCodeAgentServiceAndWait (file:///D:/zcode/resources/app.asar/out/host/index.js:1055:30247)
    at Proxy.disposeAllAndWait (file:///D:/zcode/resources/app.asar/out/host/index.js:1055:54438)
[2026-08-23 01:36:53.458] [warn] [pid:33084] [main] [host-log] (local-1) [host] [2026-08-23 01:36:53.455] [pid:8616] [zcode-host] UnhandledPromiseRejectionWarning: Error: ZCode Protocol client disposed
    at ZCodeProtocolClient.disposeLocalResources (file:///D:/zcode/resources/app.asar/out/host/index.js:1005:12751)
    at ZCodeProtocolClient.disposeAndWait (file:///D:/zcode/resources/app.asar/out/host/index.js:1005:11674)
    at ZCodeAgentProcessManager.cleanupManagedProcess (file:///D:/zcode/resources/app.asar/out/host/index.js:1046:5977)
    at ZCodeAgentProcessManager.cleanupManagedProcessForShutdown (file:///D:/zcode/resources/app.asar/out/host/index.js:1046:6525)
    at file:///D:/zcode/resources/app.asar/out/host/index.js:1046:14090
    at Array.map (<anonymous>)
    at ZCodeAgentProcessManager.disposeAllAndWait (file:///D:/zcode/resources/app.asar/out/host/index.js:1046:14078)
    at Object.disposeAllAndWait (file:///D:/zcode/resources/app.asar/out/host/index.js:1046:97011)
    at disposeZCodeAgentServiceAndWait (file:///D:/zcode/resources/app.asar/out/host/index.js:1055:30247)
    at Proxy.disposeAllAndWait (file:///D:/zcode/resources/app.asar/out/host/index.js:1055:54438)
[2026-08-23 01:36:53.459] [error] [pid:33084] [main] [host-log] (local-1) [host] (node:8616) UnhandledPromiseRejectionWarning: Unhandled promise rejection. This error originated either by throwing inside of an async function without a catch block, or by rejecting a promise which was not handled with .catch(). To terminate the node process on unhandled promise rejection, use the CLI flag `--unhandled-rejections=strict` (see https://nodejs.org/api/cli.html#cli_unhandled_rejections_mode). (rejection id: 49)
[2026-08-23 01:36:53.459] [warn] [pid:33084] [main] [host-log] (local-1) [host] [2026-08-23 01:36:53.455] [pid:8616] [zcode-host] UnhandledPromiseRejectionWarning: Unhandled promise rejection. This error originated either by throwing inside of an async function without a catch block, or by rejecting a promise which was not handled with .catch(). To terminate the node process on unhandled promise rejection, use the CLI flag `--unhandled-rejections=strict` (see https://nodejs.org/api/cli.html#cli_unhandled_rejections_mode). (rejection id: 49)
[2026-08-23 01:36:53.460] [error] [pid:33084] [main] [host-log] (local-1) [host] (node:8616) UnhandledPromiseRejectionWarning: Error: ZCode Protocol client disposed
    at ZCodeProtocolClient.disposeLocalResources (file:///D:/zcode/resources/app.asar/out/host/index.js:1005:12751)
    at ZCodeProtocolClient.disposeAndWait (file:///D:/zcode/resources/app.asar/out/host/index.js:1005:11674)
    at ZCodeAgentProcessManager.cleanupManagedProcess (file:///D:/zcode/resources/app.asar/out/host/index.js:1046:5977)
    at ZCodeAgentProcessManager.cleanupManagedProcessForShutdown (file:///D:/zcode/resources/app.asar/out/host/index.js:1046:6525)
    at file:///D:/zcode/resources/app.asar/out/host/index.js:1046:14090
    at Array.map (<anonymous>)
    at ZCodeAgentProcessManager.disposeAllAndWait (file:///D:/zcode/resources/app.asar/out/host/index.js:1046:14078)
    at Object.disposeAllAndWait (file:///D:/zcode/resources/app.asar/out/host/index.js:1046:97011)
    at disposeZCodeAgentServiceAndWait (file:///D:/zcode/resources/app.asar/out/host/index.js:1055:30247)
    at Proxy.disposeAllAndWait (file:///D:/zcode/resources/app.asar/out/host/index.js:1055:54438)
[2026-08-23 01:36:53.460] [warn] [pid:33084] [main] [host-log] (local-1) [host] [2026-08-23 01:36:53.455] [pid:8616] [zcode-host] UnhandledPromiseRejectionWarning: Error: ZCode Protocol client disposed
    at ZCodeProtocolClient.disposeLocalResources (file:///D:/zcode/resources/app.asar/out/host/index.js:1005:12751)
    at ZCodeProtocolClient.disposeAndWait (file:///D:/zcode/resources/app.asar/out/host/index.js:1005:11674)
    at ZCodeAgentProcessManager.cleanupManagedProcess (file:///D:/zcode/resources/app.asar/out/host/index.js:1046:5977)
    at ZCodeAgentProcessManager.cleanupManagedProcessForShutdown (file:///D:/zcode/resources/app.asar/out/host/index.js:1046:6525)
    at file:///D:/zcode/resources/app.asar/out/host/index.js:1046:14090
    at Array.map (<anonymous>)
    at ZCodeAgentProcessManager.disposeAllAndWait (file:///D:/zcode/resources/app.asar/out/host/index.js:1046:14078)
    at Object.disposeAllAndWait (file:///D:/zcode/resources/app.asar/out/host/index.js:1046:97011)
    at disposeZCodeAgentServiceAndWait (file:///D:/zcode/resources/app.asar/out/host/index.js:1055:30247)
    at Proxy.disposeAllAndWait (file:///D:/zcode/resources/app.asar/out/host/index.js:1055:54438)
[2026-08-23 01:36:53.460] [error] [pid:33084] [main] [host-log] (local-1) [host] (node:8616) UnhandledPromiseRejectionWarning: Unhandled promise rejection. This error originated either by throwing inside of an async function without a catch block, or by rejecting a promise which was not handled with .catch(). To terminate the node process on unhandled promise rejection, use the CLI flag `--unhandled-rejections=strict` (see https://nodejs.org/api/cli.html#cli_unhandled_rejections_mode). (rejection id: 50)
[2026-08-23 01:36:53.461] [warn] [pid:33084] [main] [host-log] (local-1) [host] [2026-08-23 01:36:53.455] [pid:8616] [zcode-host] UnhandledPromiseRejectionWarning: Unhandled promise rejection. This error originated either by throwing inside of an async function without a catch block, or by rejecting a promise which was not handled with .catch(). To terminate the node process on unhandled promise rejection, use the CLI flag `--unhandled-rejections=strict` (see https://nodejs.org/api/cli.html#cli_unhandled_rejections_mode). (rejection id: 50)
[2026-08-23 01:36:53.461] [error] [pid:33084] [main] [host-log] (local-1) [host] (node:8616) PromiseRejectionHandledWarning: Promise rejection was handled asynchronously (rejection id: 50)
[2026-08-23 01:36:53.462] [warn] [pid:33084] [main] [host-log] (local-1) [host] [2026-08-23 01:36:53.456] [pid:8616] [zcode-host] PromiseRejectionHandledWarning: Promise rejection was handled asynchronously (rejection id: 50)
[2026-08-23 01:36:53.462] [error] [pid:33084] [main] [host-log] (local-1) [host] (node:8616) PromiseRejectionHandledWarning: Promise rejection was handled asynchronously (rejection id: 48)
[2026-08-23 01:36:53.462] [warn] [pid:33084] [main] [host-log] (local-1) [host] [2026-08-23 01:36:53.456] [pid:8616] [zcode-host] PromiseRejectionHandledWarning: Promise rejection was handled asynchronously (rejection id: 48)
[2026-08-23 01:36:53.463] [warn] [pid:33084] [main] [host-log] (local-1) [host] [2026-08-23 01:36:53.458] [pid:8616] [zcode-host] failed to forward attachment connection flow state {"state":"closed","message":"ZCode Protocol client disposed"}
[2026-08-23 01:36:53.464] [error] [pid:33084] [main] [host-log] (local-1) [host] (node:8616) PromiseRejectionHandledWarning: Promise rejection was handled asynchronously (rejection id: 49)
[2026-08-23 01:36:53.465] [warn] [pid:33084] [main] [host-log] (local-1) [host] [2026-08-23 01:36:53.459] [pid:8616] [zcode-host] PromiseRejectionHandledWarning: Promise rejection was handled asynchronously (rejection id: 49)
[2026-08-23 01:36:54.303] [info] [pid:33084] [main] [host-log] (local-1) [host] [2026-08-23 01:36:54.302] [pid:8616] [zcode-agent] ZCode agent process exited {"workspaceKey":"D:\\公考","pid":37228,"runtimeIdentity":"D:\\公考:1:37228","code":0,"signal":null,"terminationKind":"expected","terminationReason":"manager-dispose"}
[2026-08-23 01:36:54.307] [info] [pid:33084] [main] [host-log] (local-1) [host] [2026-08-23 01:36:54.306] [pid:8616] [zcode-agent] ZCode agent process cleanup completed {"workspaceKey":"D:\\公考","pid":37228,"runtimeIdentity":"D:\\公考:1:37228","reason":"manager-dispose"}
[2026-08-23 01:36:54.356] [info] [pid:33084] [main] [host-log] (local-1) [host] [2026-08-23 01:36:54.355] [pid:8616] [zcode-agent] ZCode agent process exited {"workspaceKey":"D:\\公考\\图形推理详解","pid":10000,"runtimeIdentity":"D:\\公考\\图形推理详解:1:10000","code":0,"signal":null,"terminationKind":"expected","terminationReason":"manager-dispose"}
[2026-08-23 01:36:54.357] [info] [pid:33084] [main] [host-log] (local-1) [host] [2026-08-23 01:36:54.356] [pid:8616] [zcode-agent] ZCode agent process cleanup completed {"workspaceKey":"D:\\公考\\图形推理详解","pid":10000,"runtimeIdentity":"D:\\公考\\图形推理详解:1:10000","reason":"manager-dispose"}
[2026-08-23 01:36:54.562] [info] [pid:33084] [main] [host-log] (local-1) [host] [2026-08-23 01:36:54.561] [pid:8616] [zcode-agent] ZCode agent process exited {"workspaceKey":"C:\\Users\\llh04\\Desktop\\小说","pid":20668,"runtimeIdentity":"C:\\Users\\llh04\\Desktop\\小说:1:20668","code":0,"signal":null,"terminationKind":"expected","terminationReason":"manager-dispose"}
[2026-08-23 01:36:54.563] [info] [pid:33084] [main] [host-log] (local-1) [host] [2026-08-23 01:36:54.562] [pid:8616] [zcode-agent] ZCode agent process cleanup completed {"workspaceKey":"C:\\Users\\llh04\\Desktop\\小说","pid":20668,"runtimeIdentity":"C:\\Users\\llh04\\Desktop\\小说:1:20668","reason":"manager-dispose"}
[2026-08-23 01:36:54.572] [info] [pid:33084] [main] [task-realtime] unregistered host {"hostId":"5795f6ec-96c1-4a7b-9ba4-98d6c8388d87","windowId":1}
[2026-08-23 01:36:54.573] [info] [pid:33084] [main] [spawnHostProcess] host process (local-1) exited with code 0
[2026-08-23 01:36:54.573] [info] [pid:33084] [main] [app-quit] host process cleanup completed (app-before-quit)
[2026-08-23 01:36:54.574] [info] [pid:33084] [main] [app-quit] preparation finished, resuming quit with windows=1
[2026-08-23 01:36:54.587] [info] [pid:33084] [main] [createWindow] window closed, killing host process (local-1)
[2026-08-23 01:36:54.589] [info] [pid:33084] [main] [app-quit] all windows closed after preparation, exiting app
[2026-08-23 01:36:54.589] [info] [pid:33084] [main] [app-quit] exiting prepared app (all-windows-closed-after-preparation)
[2026-08-23 01:36:56.194] [info] [pid:32748] [main] [crash-capture] configured remoteCrashReporterEnabled=true stagingDir=C:\Users\llh04\.zcode\v2\crash\live archiveDir=C:\Users\llh04\.zcode\v2\crash\archive
[2026-08-23 01:36:56.210] [info] [pid:32748] [main] [deep-link] 注册协议成功 {"scheme":"zcode"}
[2026-08-23 01:36:56.245] [info] [pid:32748] [main] [startup] runtime process env prepared asynchronously id=1 in 43ms
[2026-08-23 01:36:56.246] [info] [pid:32748] [main] [arms] electron initialized env=prod version=3.8.1
[2026-08-23 01:36:56.419] [info] [pid:32748] [main] [cron-scheduler] forked scheduler process pid=undefined
[2026-08-23 01:36:56.501] [info] [pid:32748] [main] [open-folder] Windows Explorer 右键菜单已安装或更新 {"executablePath":"D:\\zcode\\ZCode.exe","hasDefaultAppEntry":false,"locale":"zh-CN"}
[2026-08-23 01:36:56.503] [info] [pid:32748] [main] [desktop-network] renderer proxy mode=direct bypass=disabled customCa=disabled insecureCerts=rejected
[2026-08-23 01:36:56.503] [info] [pid:32748] [main] [desktop-network] renderer proxy mode=system bypass=disabled customCa=disabled insecureCerts=rejected
[2026-08-23 01:36:56.505] [warn] [pid:32748] [main] [startup] Windows bundled runtime missing providers: glm resources=[{"dir":"glm","path":"D:\\zcode\\resources\\glm","exists":true,"entries":[".node-bundle-meta.json","packages/","zcode.cjs"]},{"dir":"tools","path":"D:\\zcode\\resources\\tools","exists":true,"entries":["ripgrep/","ugrep/"]}]
[2026-08-23 01:36:56.506] [info] [pid:32748] [main] [auto-update] initializing, current version: 3.8.1
[2026-08-23 01:36:56.507] [info] [pid:32748] [main] [auto-update] service manifest provider applied platform=windows-x86_64
[2026-08-23 01:36:56.858] [info] [pid:32748] [main] [resource] sampling started interval=10000ms report=300000ms
[2026-08-23 01:36:56.859] [info] [pid:32748] [main] [network] reporting started interval=300000ms
[2026-08-23 01:36:56.864] [info] [pid:32748] [main] Checking for update
[2026-08-23 01:36:56.864] [info] [pid:32748] [main] [auto-update] checking for update...
[2026-08-23 01:36:57.000] [info] [pid:32748] [main] [cron-scheduler] cron scheduler started
[2026-08-23 01:36:57.020] [info] [pid:32748] [main] [desktop-context-prompt] config refreshed {"enabled":true,"configVersion":"desktop-sp-v1"}
[2026-08-23 01:36:57.052] [info] [pid:32748] [main] Update for version 3.8.1 is not available (latest version: 3.8.1, downgrade is disallowed).
[2026-08-23 01:36:57.053] [info] [pid:32748] [main] [auto-update] already up to date (local=3.8.1, remote=3.8.1)
[2026-08-23 01:36:57.151] [info] [pid:32748] [main] [startup] 创建主窗口
[2026-08-23 01:36:57.152] [info] [pid:32748] [main] [primary-window] creating main window (app-ready)
[2026-08-23 01:36:57.717] [info] [pid:32748] [main] [createWindow] dom-ready fired (local-1)
[2026-08-23 01:36:57.721] [info] [pid:32748] [main] [desktop-context-prompt] first host spawn decision resolved {"enabled":true,"configVersion":"desktop-sp-v1"}
[2026-08-23 01:36:57.723] [info] [pid:32748] [main] [spawnHostProcess] forked host process for (local-1), pid=undefined
[2026-08-23 01:36:57.723] [info] [pid:32748] [main] [spawnHostProcess] host module path: D:\zcode\resources\app.asar\out\host\index.js
[2026-08-23 01:36:57.723] [info] [pid:32748] [main] [spawnHostProcess] glm binary path: <not found>
[2026-08-23 01:36:57.724] [info] [pid:32748] [main] [spawnHostProcess] BIGMODEL_OAUTH_APP_SECRET source: fallback
[2026-08-23 01:36:57.724] [info] [pid:32748] [main] [task-realtime] registered host {"hostId":"c266bc82-77f0-4c61-bce8-d65763fb6252","windowId":1,"workspaceKeyCount":0,"deliveryKind":"desktop_window"}
[2026-08-23 01:36:57.751] [info] [pid:32748] [main] [task-realtime] updated host workspace scopes {"hostId":"c266bc82-77f0-4c61-bce8-d65763fb6252","workspaceKeyCount":0}
[2026-08-23 01:36:57.804] [info] [pid:32748] [main] [open-folder] Windows Explorer 右键菜单已安装或更新 {"executablePath":"D:\\zcode\\ZCode.exe","hasDefaultAppEntry":false,"locale":"zh-CN"}
[2026-08-23 01:36:58.308] [warn] [pid:32748] [main] [host-log] (local-1) [host] [2026-08-23 01:36:58.307] [pid:40260] [zcode-host] ExperimentalWarning: SQLite is an experimental feature and might change at any time
[2026-08-23 01:36:58.318] [info] [pid:32748] [main] [host-log] (local-1) [host] [2026-08-23 01:36:58.318] [pid:40260] [zcode-host] initializing local services
[2026-08-23 01:36:58.333] [info] [pid:32748] [main] [host-log] (local-1) [host] [2026-08-23 01:36:58.333] [pid:40260] [zcode-agent-service] 开始初始化 ZCode agent {"workspaceKey":"C:\\Users\\llh04\\Desktop\\小说","workspacePath":"C:\\Users\\llh04\\Desktop\\小说"}
[2026-08-23 01:36:58.334] [info] [pid:32748] [main] [host-log] (local-1) [host] [2026-08-23 01:36:58.334] [pid:40260] [zcode-agent-service] 开始初始化 ZCode agent {"workspaceKey":"D:\\公考","workspacePath":"D:\\公考"}
[2026-08-23 01:36:58.336] [info] [pid:32748] [main] [host-log] (local-1) [host] [2026-08-23 01:36:58.334] [pid:40260] [zcode-agent-service] 开始初始化 ZCode agent {"workspaceKey":"D:\\公考\\图形推理详解","workspacePath":"D:\\公考\\图形推理详解"}
[2026-08-23 01:36:58.337] [info] [pid:32748] [main] [host-log] (local-1) [host] [2026-08-23 01:36:58.334] [pid:40260] [zcode-host] exposing services on ChannelServer...
[2026-08-23 01:36:58.337] [info] [pid:32748] [main] [host-log] (local-1) [host] [2026-08-23 01:36:58.335] [pid:40260] [zcode-host] creating ChannelServer (deferInit=false)
[2026-08-23 01:36:58.339] [info] [pid:32748] [main] [host-log] (local-1) [host] [2026-08-23 01:36:58.335] [pid:40260] [zcode-host] [rpc:register] channel "file"
[2026-08-23 01:36:58.340] [info] [pid:32748] [main] [host-log] (local-1) [host] [2026-08-23 01:36:58.336] [pid:40260] [zcode-host] [rpc:register] channel "git"
[2026-08-23 01:36:58.341] [info] [pid:32748] [main] [host-log] (local-1) [host] [2026-08-23 01:36:58.336] [pid:40260] [zcode-host] [rpc:register] channel "git-checkpoint"
[2026-08-23 01:36:58.342] [info] [pid:32748] [main] [host-log] (local-1) [host] [2026-08-23 01:36:58.336] [pid:40260] [zcode-host] [rpc:register] channel "system"
[2026-08-23 01:36:58.343] [info] [pid:32748] [main] [host-log] (local-1) [host] [2026-08-23 01:36:58.336] [pid:40260] [zcode-host] [rpc:register] channel "terminal"
[2026-08-23 01:36:58.344] [info] [pid:32748] [main] [host-log] (local-1) [host] [2026-08-23 01:36:58.336] [pid:40260] [zcode-host] [rpc:register] channel "setting"
[2026-08-23 01:36:58.345] [info] [pid:32748] [main] [host-log] (local-1) [host] [2026-08-23 01:36:58.336] [pid:40260] [zcode-host] [rpc:register] channel "credential"
[2026-08-23 01:36:58.345] [info] [pid:32748] [main] [host-log] (local-1) [host] [2026-08-23 01:36:58.336] [pid:40260] [zcode-host] [rpc:register] channel "broadcast"
[2026-08-23 01:36:58.346] [info] [pid:32748] [main] [host-log] (local-1) [host] [2026-08-23 01:36:58.336] [pid:40260] [zcode-host] [rpc:register] channel "zcode-task"
[2026-08-23 01:36:58.346] [info] [pid:32748] [main] [host-log] (local-1) [host] [2026-08-23 01:36:58.336] [pid:40260] [zcode-host] [rpc:register] channel "zcode-agent"
[2026-08-23 01:36:58.347] [info] [pid:32748] [main] [host-log] (local-1) [host] [2026-08-23 01:36:58.336] [pid:40260] [zcode-host] [rpc:register] channel "zcode-session"
[2026-08-23 01:36:58.347] [info] [pid:32748] [main] [host-log] (local-1) [host] [2026-08-23 01:36:58.336] [pid:40260] [zcode-host] [rpc:register] channel "bots"
[2026-08-23 01:36:58.348] [info] [pid:32748] [main] [host-log] (local-1) [host] [2026-08-23 01:36:58.336] [pid:40260] [zcode-host] [rpc:register] channel "file-watcher"
[2026-08-23 01:36:58.348] [info] [pid:32748] [main] [host-log] (local-1) [host] [2026-08-23 01:36:58.336] [pid:40260] [zcode-host] [rpc:register] channel "oauth"
[2026-08-23 01:36:58.349] [info] [pid:32748] [main] [host-log] (local-1) [host] [2026-08-23 01:36:58.336] [pid:40260] [zcode-host] [rpc:register] channel "model-provider"
[2026-08-23 01:36:58.349] [info] [pid:32748] [main] [host-log] (local-1) [host] [2026-08-23 01:36:58.337] [pid:40260] [zcode-host] [rpc:register] channel "usage-stats"
[2026-08-23 01:36:58.350] [info] [pid:32748] [main] [host-log] (local-1) [host] [2026-08-23 01:36:58.337] [pid:40260] [zcode-host] [rpc:register] channel "coding-plan-subscription"
[2026-08-23 01:36:58.350] [info] [pid:32748] [main] [host-log] (local-1) [host] [2026-08-23 01:36:58.337] [pid:40260] [zcode-host] [rpc:register] channel "client-scenes"
[2026-08-23 01:36:58.351] [info] [pid:32748] [main] [host-log] (local-1) [host] [2026-08-23 01:36:58.337] [pid:40260] [zcode-host] [rpc:register] channel "off-peak-task"
[2026-08-23 01:36:58.352] [info] [pid:32748] [main] [host-log] (local-1) [host] [2026-08-23 01:36:58.337] [pid:40260] [zcode-host] [rpc:register] channel "skills"
[2026-08-23 01:36:58.353] [info] [pid:32748] [main] [host-log] (local-1) [host] [2026-08-23 01:36:58.337] [pid:40260] [zcode-host] [rpc:register] channel "skill-sync"
[2026-08-23 01:36:58.353] [info] [pid:32748] [main] [host-log] (local-1) [host] [2026-08-23 01:36:58.337] [pid:40260] [zcode-host] [rpc:register] channel "mcp-sync"
[2026-08-23 01:36:58.354] [info] [pid:32748] [main] [host-log] (local-1) [host] [2026-08-23 01:36:58.337] [pid:40260] [zcode-host] [rpc:register] channel "plugin-sync"
[2026-08-23 01:36:58.354] [info] [pid:32748] [main] [host-log] (local-1) [host] [2026-08-23 01:36:58.337] [pid:40260] [zcode-host] [rpc:register] channel "plugins"
[2026-08-23 01:36:58.355] [info] [pid:32748] [main] [host-log] (local-1) [host] [2026-08-23 01:36:58.337] [pid:40260] [zcode-host] [rpc:register] channel "plugin-management"
[2026-08-23 01:36:58.356] [info] [pid:32748] [main] [host-log] (local-1) [host] [2026-08-23 01:36:58.337] [pid:40260] [zcode-host] [rpc:register] channel "subagents"
[2026-08-23 01:36:58.357] [info] [pid:32748] [main] [host-log] (local-1) [host] [2026-08-23 01:36:58.337] [pid:40260] [zcode-host] [rpc:register] channel "commands"
[2026-08-23 01:36:58.358] [info] [pid:32748] [main] [host-log] (local-1) [host] [2026-08-23 01:36:58.337] [pid:40260] [zcode-host] [rpc:register] channel "hooks"
[2026-08-23 01:36:58.359] [info] [pid:32748] [main] [host-log] (local-1) [host] [2026-08-23 01:36:58.337] [pid:40260] [zcode-host] [rpc:register] channel "memory"
[2026-08-23 01:36:58.361] [info] [pid:32748] [main] [host-log] (local-1) [host] [2026-08-23 01:36:58.337] [pid:40260] [zcode-host] [rpc:register] channel "output-style"
[2026-08-23 01:36:58.362] [info] [pid:32748] [main] [host-log] (local-1) [host] [2026-08-23 01:36:58.337] [pid:40260] [zcode-host] [rpc:register] channel "settings-sync"
[2026-08-23 01:36:58.362] [info] [pid:32748] [main] [host-log] (local-1) [host] [2026-08-23 01:36:58.337] [pid:40260] [zcode-host] [rpc:register] channel "feedback"
[2026-08-23 01:36:58.363] [info] [pid:32748] [main] [host-log] (local-1) [host] [2026-08-23 01:36:58.337] [pid:40260] [zcode-host] [rpc:register] channel "repo-wiki"
[2026-08-23 01:36:58.363] [info] [pid:32748] [main] [host-log] (local-1) [host] [2026-08-23 01:36:58.337] [pid:40260] [zcode-host] [rpc:register] channel "prompt-attachment-transfer"
[2026-08-23 01:36:58.363] [info] [pid:32748] [main] [host-log] (local-1) [host] [2026-08-23 01:36:58.337] [pid:40260] [zcode-host] [rpc:register] channel "window-controller"
[2026-08-23 01:36:58.364] [info] [pid:32748] [main] [host-log] (local-1) [host] [2026-08-23 01:36:58.337] [pid:40260] [zcode-host] service connection ready mode=desktop-continuous
[2026-08-23 01:36:58.364] [info] [pid:32748] [main] [host-log] (local-1) [host] [2026-08-23 01:36:58.337] [pid:40260] [zcode-host] window Host topology, reason=base-attachment-ready, pid=40260, connections=0, logicalSessions=0, attachments=1
[2026-08-23 01:36:58.365] [info] [pid:32748] [main] [host-log] (local-1) [host] [2026-08-23 01:36:58.337] [pid:40260] [zcode-host] local services ready, all channels registered
[2026-08-23 01:36:58.365] [info] [pid:32748] [main] [host-log] (local-1) [host] [2026-08-23 01:36:58.346] [pid:40260] [zcode-host] [rpc:listen] broadcast.onMessage subscribed
[2026-08-23 01:36:58.365] [info] [pid:32748] [main] [host-log] (local-1) [host] [2026-08-23 01:36:58.347] [pid:40260] [zcode-host] [rpc:listen] broadcast.onMessage subscribed
[2026-08-23 01:36:58.366] [info] [pid:32748] [main] [host-log] (local-1) [host] [2026-08-23 01:36:58.347] [pid:40260] [zcode-host] [rpc:listen] broadcast.onMessage subscribed
[2026-08-23 01:36:58.366] [info] [pid:32748] [main] [host-log] (local-1) [host] [2026-08-23 01:36:58.348] [pid:40260] [zcode-host] [rpc:listen] broadcast.onMessage subscribed
[2026-08-23 01:36:58.366] [info] [pid:32748] [main] [host-log] (local-1) [host] [2026-08-23 01:36:58.349] [pid:40260] [zcode-host] [rpc:call] model-provider.getDisplayOrder OK (1.2ms)
[2026-08-23 01:36:58.368] [info] [pid:32748] [main] [host-log] (local-1) [host] [2026-08-23 01:36:58.357] [pid:40260] [zcode-host] [rpc:call] setting.get OK (10.1ms)
[2026-08-23 01:36:58.369] [info] [pid:32748] [main] [host-log] (local-1) [host] [2026-08-23 01:36:58.358] [pid:40260] [zcode-host] [rpc:call] setting.get OK (9.9ms)
[2026-08-23 01:36:58.370] [info] [pid:32748] [main] [host-log] (local-1) [host] [2026-08-23 01:36:58.359] [pid:40260] [zcode-host] [rpc:call] setting.get OK (11.5ms)
[2026-08-23 01:36:58.370] [info] [pid:32748] [main] [host-log] (local-1) [host] [2026-08-23 01:36:58.368] [pid:40260] [zcode-host] [rpc:call] zcode-agent.syncAppRuntimePreferences OK (0.1ms)
[2026-08-23 01:36:58.371] [info] [pid:32748] [main] [host-log] (local-1) [host] [2026-08-23 01:36:58.368] [pid:40260] [zcode-host] [rpc:call] bots.syncAppRuntimePreferences OK (0.1ms)
[2026-08-23 01:36:58.401] [info] [pid:32748] [main] [host-log] (local-1) [host] [2026-08-23 01:36:58.400] [pid:40260] [zcode-host] [rpc:call] setting.get OK (31.6ms)
[2026-08-23 01:36:58.411] [info] [pid:32748] [main] [host-log] (local-1) [host] [2026-08-23 01:36:58.412] [pid:40260] [oauthService] restoreCachedSession restored: zai af5b4532-0029-4db5-86d0-61cd221c3070
[2026-08-23 01:36:58.412] [info] [pid:32748] [main] [host-log] (local-1) [host] [2026-08-23 01:36:58.412] [pid:40260] [zcode-host] [rpc:call] oauth.restoreCachedSessionState OK (64.5ms)
[2026-08-23 01:36:58.414] [info] [pid:32748] [main] [host-log] (local-1) [host] [2026-08-23 01:36:58.414] [pid:40260] [zcode-host] [rpc:call] oauth.getActiveProvider OK (0.6ms)
[2026-08-23 01:36:58.420] [info] [pid:32748] [main] [host-log] (local-1) [host] [2026-08-23 01:36:58.421] [pid:40260] [zcode-host] [rpc:call] model-provider.getAllCached OK (73.2ms)
[2026-08-23 01:36:58.429] [info] [pid:32748] [main] [host-log] (local-1) [host] [2026-08-23 01:36:58.430] [pid:40260] [zcode-host] [rpc:call] setting.get OK (1.5ms)
[2026-08-23 01:36:58.431] [info] [pid:32748] [main] [host-log] (local-1) [host] [2026-08-23 01:36:58.431] [pid:40260] [zcode-host] [rpc:call] file.ensureConversationWorkspace OK (0.4ms)
[2026-08-23 01:36:58.435] [info] [pid:32748] [main] [host-log] (local-1) [host] [2026-08-23 01:36:58.434] [pid:40260] [zcode-host] [rpc:listen] zcode-agent.onDynamicWorkspaceProviderRuntimeHeadersRequest subscribed
[2026-08-23 01:36:58.438] [info] [pid:32748] [main] [host-log] (local-1) [host] [2026-08-23 01:36:58.437] [pid:40260] [usage-stats] 读取 BigModel entitlement 已解析授权上下文 {"preferredProviderId":"builtin:zai-coding-plan","providerId":"builtin:zai-coding-plan","scope":"personal","organizationId":null,"projectId":null}
[2026-08-23 01:36:58.454] [info] [pid:32748] [main] [host-log] (local-1) [host] [2026-08-23 01:36:58.454] [pid:40260] [zcode-agent] ZCode agent command resolved {"workspaceKey":"C:\\Users\\llh04\\Desktop\\小说","command":"D:\\zcode\\ZCode.exe","effectiveCommand":"D:\\zcode\\ZCode.exe","resolveCommandDurationMs":1}
[2026-08-23 01:36:58.455] [info] [pid:32748] [main] [host-log] (local-1) [host] [2026-08-23 01:36:58.454] [pid:40260] [zcode-agent] ZCode agent command resolved {"workspaceKey":"D:\\公考\\图形推理详解","command":"D:\\zcode\\ZCode.exe","effectiveCommand":"D:\\zcode\\ZCode.exe","resolveCommandDurationMs":1}
[2026-08-23 01:36:58.456] [info] [pid:32748] [main] [host-log] (local-1) [host] [2026-08-23 01:36:58.455] [pid:40260] [zcode-agent] ZCode agent command resolved {"workspaceKey":"D:\\公考","command":"D:\\zcode\\ZCode.exe","effectiveCommand":"D:\\zcode\\ZCode.exe","resolveCommandDurationMs":2}
[2026-08-23 01:36:58.457] [info] [pid:32748] [main] [host-log] (local-1) [host] [2026-08-23 01:36:58.457] [pid:40260] [zcode-agent] ZCode agent spawn preflight {"workspaceKey":"C:\\Users\\llh04\\Desktop\\小说","spawnPreflight":{"command":"D:\\zcode\\ZCode.exe","args":["D:\\zcode\\resources\\glm\\zcode.cjs","app-server","--stdio","--surface","desktop"],"requestedCwd":"C:\\Users\\llh04\\Desktop\\小说","cwd":"C:\\Users\\llh04\\Desktop\\小说","cwdSource":"command","commandPathKind":"absolute","commandExists":true,"cwdExists":true}}
[2026-08-23 01:36:58.471] [info] [pid:32748] [main] [stability] perf_agent_start reported {"pid":38592,"runtimeGeneration":1,"runtimeInstanceId":"agent-3eb94fff-8049-40ec-b789-e3683fd0bc38"}
[2026-08-23 01:36:58.472] [info] [pid:32748] [main] [host-log] (local-1) [host] [2026-08-23 01:36:58.471] [pid:40260] [zcode-agent] ZCode agent process started {"workspaceKey":"C:\\Users\\llh04\\Desktop\\小说","command":"D:\\zcode\\ZCode.exe","cwd":"C:\\Users\\llh04\\Desktop\\小说","pid":38592,"durationMs":18}
[2026-08-23 01:36:58.473] [info] [pid:32748] [main] [host-log] (local-1) [host] [2026-08-23 01:36:58.472] [pid:40260] [zcode-agent] ZCode agent spawn preflight {"workspaceKey":"D:\\公考\\图形推理详解","spawnPreflight":{"command":"D:\\zcode\\ZCode.exe","args":["D:\\zcode\\resources\\glm\\zcode.cjs","app-server","--stdio","--surface","desktop"],"requestedCwd":"D:\\公考\\图形推理详解","cwd":"C:\\Users\\llh04\\.zcode\\workspace\\default","cwdSource":"workspace-fallback","commandPathKind":"absolute","commandExists":true,"cwdExists":true}}
[2026-08-23 01:36:58.483] [info] [pid:32748] [main] [stability] perf_agent_start reported {"pid":33136,"runtimeGeneration":1,"runtimeInstanceId":"agent-e9597fc4-e985-407c-8bd1-5fd8002fc661"}
[2026-08-23 01:36:58.484] [info] [pid:32748] [main] [host-log] (local-1) [host] [2026-08-23 01:36:58.482] [pid:40260] [zcode-agent] ZCode agent process started {"workspaceKey":"D:\\公考\\图形推理详解","command":"D:\\zcode\\ZCode.exe","cwd":"C:\\Users\\llh04\\.zcode\\workspace\\default","pid":33136,"durationMs":29}
[2026-08-23 01:36:58.485] [info] [pid:32748] [main] [host-log] (local-1) [host] [2026-08-23 01:36:58.483] [pid:40260] [zcode-agent] ZCode agent spawn preflight {"workspaceKey":"D:\\公考","spawnPreflight":{"command":"D:\\zcode\\ZCode.exe","args":["D:\\zcode\\resources\\glm\\zcode.cjs","app-server","--stdio","--surface","desktop"],"requestedCwd":"D:\\公考","cwd":"D:\\公考","cwdSource":"command","commandPathKind":"absolute","commandExists":true,"cwdExists":true}}
[2026-08-23 01:36:58.491] [info] [pid:32748] [main] [stability] perf_agent_start reported {"pid":22084,"runtimeGeneration":1,"runtimeInstanceId":"agent-2c8e5068-50a3-4699-9183-a3fe309df923"}
[2026-08-23 01:36:58.492] [info] [pid:32748] [main] [host-log] (local-1) [host] [2026-08-23 01:36:58.492] [pid:40260] [zcode-agent] ZCode agent process started {"workspaceKey":"D:\\公考","command":"D:\\zcode\\ZCode.exe","cwd":"D:\\公考","pid":22084,"durationMs":39}
[2026-08-23 01:36:58.493] [info] [pid:32748] [main] [host-log] (local-1) [host] [2026-08-23 01:36:58.492] [pid:40260] [zcode-host] [rpc:listen] zcode-agent.onDynamicConversationFrame subscribed
[2026-08-23 01:36:58.563] [info] [pid:32748] [main] [host-log] (local-1) [host] [2026-08-23 01:36:58.564] [pid:40260] [zcode-host] [rpc:listen] window-controller.onDynamicControllerFrame subscribed
[2026-08-23 01:36:58.564] [info] [pid:32748] [main] [host-log] (local-1) [host] [2026-08-23 01:36:58.564] [pid:40260] [zcode-host] [rpc:call] window-controller.subscribeControllerV4 OK (0.4ms)
[2026-08-23 01:36:58.565] [info] [pid:32748] [main] [host-log] (local-1) [host] [2026-08-23 01:36:58.565] [pid:40260] [zcode-host] [rpc:call] window-controller.subscribeControllerV4 OK (0.1ms)
[2026-08-23 01:36:58.567] [info] [pid:32748] [main] [host-log] (local-1) [host] [2026-08-23 01:36:58.567] [pid:40260] [zcode-host] [rpc:listen] zcode-agent.onDynamicSessionsIndexFrame subscribed
[2026-08-23 01:36:58.568] [info] [pid:32748] [main] [host-log] (local-1) [host] [2026-08-23 01:36:58.568] [pid:40260] [zcode-host] [rpc:listen] zcode-agent.onAgentRuntimeLifecycle subscribed
[2026-08-23 01:36:58.568] [info] [pid:32748] [main] [host-log] (local-1) [host] [2026-08-23 01:36:58.568] [pid:40260] [zcode-host] [rpc:call] zcode-agent.helloConversationV4 OK (0.1ms)
[2026-08-23 01:36:58.569] [info] [pid:32748] [main] [host-log] (local-1) [host] [2026-08-23 01:36:58.568] [pid:40260] [zcode-host] [rpc:call] setting.get OK (2.2ms)
[2026-08-23 01:36:58.569] [info] [pid:32748] [main] [host-log] (local-1) [host] [2026-08-23 01:36:58.570] [pid:40260] [zcode-host] [rpc:listen] zcode-task.onDynamicWorkspaceEvent subscribed
[2026-08-23 01:36:58.573] [info] [pid:32748] [main] [host-log] (local-1) [host] [2026-08-23 01:36:58.574] [pid:40260] [zcode-host] [rpc:listen] zcode-agent.onAgentRuntimeRestarted subscribed
[2026-08-23 01:36:58.580] [info] [pid:32748] [main] [host-log] (local-1) [host] [2026-08-23 01:36:58.579] [pid:40260] [zcode-host] [rpc:call] zcode-task.listPinnedTaskIds OK (10.1ms)
[2026-08-23 01:36:58.581] [info] [pid:32748] [main] [host-log] (local-1) [host] [2026-08-23 01:36:58.579] [pid:40260] [zcode-host] [rpc:call] zcode-task.listDeletedTaskIds OK (9.1ms)
[2026-08-23 01:36:58.582] [info] [pid:32748] [main] [host-log] (local-1) [host] [2026-08-23 01:36:58.579] [pid:40260] [zcode-host] [rpc:call] zcode-task.listArchivedTasks OK (9.7ms)
[2026-08-23 01:36:58.583] [info] [pid:32748] [main] [host-log] (local-1) [host] [2026-08-23 01:36:58.579] [pid:40260] [zcode-host] [rpc:call] zcode-task.listTasks OK (9.5ms)
[2026-08-23 01:36:58.584] [info] [pid:32748] [main] [host-log] (local-1) [host] [2026-08-23 01:36:58.579] [pid:40260] [zcode-host] [rpc:call] zcode-task.listPinnedTasks OK (9.3ms)
[2026-08-23 01:36:58.586] [info] [pid:32748] [main] [host-log] (local-1) [host] [2026-08-23 01:36:58.581] [pid:40260] [zcode-host] [rpc:call] off-peak-task.list OK (0.3ms)
[2026-08-23 01:36:58.587] [info] [pid:32748] [main] [host-log] (local-1) [host] [2026-08-23 01:36:58.581] [pid:40260] [zcode-host] [rpc:listen] model-provider.onDidChangeProviderRegistry subscribed
[2026-08-23 01:36:58.589] [info] [pid:32748] [main] [host-log] (local-1) [host] [2026-08-23 01:36:58.582] [pid:40260] [zcode-host] [rpc:listen] zcode-agent.onDynamicConversationTelemetryFact subscribed
[2026-08-23 01:36:58.591] [info] [pid:32748] [main] [host-log] (local-1) [host] [2026-08-23 01:36:58.582] [pid:40260] [zcode-host] [rpc:listen] model-provider.onDidChangeProviderRegistry subscribed
[2026-08-23 01:36:58.592] [info] [pid:32748] [main] [host-log] (local-1) [host] [2026-08-23 01:36:58.582] [pid:40260] [zcode-host] [rpc:call] off-peak-task.list OK (0.2ms)
[2026-08-23 01:36:58.593] [info] [pid:32748] [main] [host-log] (local-1) [host] [2026-08-23 01:36:58.582] [pid:40260] [zcode-host] [rpc:call] zcode-task.getWorkspaceProviderConfigFile OK (0.1ms)
[2026-08-23 01:36:58.608] [info] [pid:32748] [main] [host-log] (local-1) [host] [2026-08-23 01:36:58.607] [pid:40260] [zcode-host] [rpc:call] off-peak-task.getCodingPlanSupport OK (26.5ms)
[2026-08-23 01:36:58.613] [info] [pid:32748] [main] [host-log] (local-1) [host] [2026-08-23 01:36:58.608] [pid:40260] [zcode-host] [rpc:call] model-provider.getProviderRegistrySnapshot OK (26.3ms)
[2026-08-23 01:36:58.614] [info] [pid:32748] [main] [host-log] (local-1) [host] [2026-08-23 01:36:58.608] [pid:40260] [zcode-host] [rpc:call] settings-sync.getFirstRunPromptState OK (16.4ms)
[2026-08-23 01:36:58.615] [info] [pid:32748] [main] [host-log] (local-1) [host] [2026-08-23 01:36:58.611] [pid:40260] [zcode-host] [rpc:call] subagents.list OK (38.1ms)
[2026-08-23 01:36:58.678] [info] [pid:32748] [main] [host-log] (local-1) [host] [2026-08-23 01:36:58.678] [pid:40260] [zcode-host] [rpc:call] zcode-agent.initializeConversationV4 OK (0.9ms)
[2026-08-23 01:36:58.703] [info] [pid:32748] [main] [host-log] (local-1) [host] [2026-08-23 01:36:58.703] [pid:40260] [zcode-agent-service] 开始请求 ZCode Protocol workspace/readState {"hasRuntimeModel":true,"modelHint":null,"preferWorkspaceDefaults":false,"runtimeModel":{"apiFormat":"openai-chat-completions","baseURL":"https://api.coder.r4.chat/v1","kind":"openai-compatible","model":"3a57ef88-16c9-48c9-af35-067641626862/ox-alpha","providerId":"3a57ef88-16c9-48c9-af35-067641626862","revision":"model-runtime:55022dc5b00904484cf3ea7d","thoughtLevel":null},"workspaceKey":"C:\\Users\\llh04\\Desktop\\小说","workspacePath":"C:\\Users\\llh04\\Desktop\\小说"}
[2026-08-23 01:36:58.704] [info] [pid:32748] [main] [host-log] (local-1) [host] [2026-08-23 01:36:58.704] [pid:40260] [zcode-host] [rpc:call] zcode-session.resolveRuntimeModelForV4 OK (2.2ms)
[2026-08-23 01:36:58.705] [info] [pid:32748] [main] [host-log] (local-1) [host] [2026-08-23 01:36:58.706] [pid:40260] [zcode-host] [rpc:call] skills.list OK (132.7ms)
[2026-08-23 01:36:58.735] [info] [pid:32748] [main] [host-log] (local-1) [host] [2026-08-23 01:36:58.733] [pid:40260] [zcode-host] [rpc:call] git.refresh OK (150.6ms)
[2026-08-23 01:36:58.829] [info] [pid:32748] [main] [host-log] (local-1) [host] [2026-08-23 01:36:58.830] [pid:40260] [zcode-host] [rpc:call] coding-plan-subscription.getStaticTeamProducts OK (263.3ms)
[2026-08-23 01:36:58.830] [info] [pid:32748] [main] [host-log] (local-1) [host] [2026-08-23 01:36:58.830] [pid:40260] [zcode-host] [rpc:call] coding-plan-subscription.getOffPeakClientConfig OK (249.7ms)
[2026-08-23 01:36:58.831] [info] [pid:32748] [main] [host-log] (local-1) [host] [2026-08-23 01:36:58.830] [pid:40260] [zcode-host] [rpc:call] coding-plan-subscription.getBillingDiscount OK (248.6ms)
[2026-08-23 01:36:58.848] [info] [pid:32748] [main] [host-log] (local-1) [host] [2026-08-23 01:36:58.848] [pid:40260] [zcode-host] [rpc:listen] zcode-agent.onDynamicWorkspaceProviderRuntimeHeadersRequest subscribed
[2026-08-23 01:36:58.849] [info] [pid:32748] [main] [task-realtime] updated host workspace scopes {"hostId":"c266bc82-77f0-4c61-bce8-d65763fb6252","workspaceKeyCount":3}
[2026-08-23 01:36:58.850] [info] [pid:32748] [main] [host-log] (local-1) [host] [2026-08-23 01:36:58.848] [pid:40260] [zcode-host] [rpc:listen] zcode-agent.onDynamicWorkspaceProviderRuntimeHeadersRequest subscribed
[2026-08-23 01:36:58.856] [info] [pid:32748] [main] [host-log] (local-1) [host] [2026-08-23 01:36:58.855] [pid:40260] [zcode-host] [rpc:call] window-controller.listTaskList OK (0.3ms)
[2026-08-23 01:36:58.857] [info] [pid:32748] [main] [host-log] (local-1) [host] [2026-08-23 01:36:58.855] [pid:40260] [zcode-host] [rpc:listen] zcode-agent.onDynamicSessionsIndexFrame subscribed
[2026-08-23 01:36:58.858] [info] [pid:32748] [main] [host-log] (local-1) [host] [2026-08-23 01:36:58.855] [pid:40260] [zcode-host] [rpc:listen] zcode-agent.onAgentRuntimeLifecycle subscribed
[2026-08-23 01:36:58.859] [info] [pid:32748] [main] [host-log] (local-1) [host] [2026-08-23 01:36:58.856] [pid:40260] [zcode-host] [rpc:call] zcode-task.listPinnedTaskIds OK (0.4ms)
[2026-08-23 01:36:58.861] [info] [pid:32748] [main] [host-log] (local-1) [host] [2026-08-23 01:36:58.857] [pid:40260] [zcode-host] [rpc:call] zcode-task.listArchivedTasks OK (0.3ms)
[2026-08-23 01:36:58.863] [info] [pid:32748] [main] [host-log] (local-1) [host] [2026-08-23 01:36:58.859] [pid:40260] [zcode-host] [rpc:call] zcode-task.listTasks OK (1.6ms)
[2026-08-23 01:36:58.864] [info] [pid:32748] [main] [host-log] (local-1) [host] [2026-08-23 01:36:58.859] [pid:40260] [zcode-host] [rpc:call] zcode-task.listPinnedTasks OK (0.3ms)
[2026-08-23 01:36:58.866] [info] [pid:32748] [main] [host-log] (local-1) [host] [2026-08-23 01:36:58.860] [pid:40260] [zcode-host] [rpc:call] zcode-task.listDeletedTaskIds OK (0.3ms)
[2026-08-23 01:36:58.867] [info] [pid:32748] [main] [host-log] (local-1) [host] [2026-08-23 01:36:58.860] [pid:40260] [zcode-host] [rpc:listen] zcode-task.onDynamicWorkspaceEvent subscribed
[2026-08-23 01:36:58.868] [info] [pid:32748] [main] [host-log] (local-1) [host] [2026-08-23 01:36:58.861] [pid:40260] [zcode-host] [rpc:listen] zcode-task.onDynamicWorkspaceEvent subscribed
[2026-08-23 01:36:58.891] [info] [pid:32748] [main] [host-log] (local-1) [host] [2026-08-23 01:36:58.889] [pid:40260] [zcode-host] [rpc:call] window-controller.listTaskList OK (0.3ms)
[2026-08-23 01:36:59.096] [info] [pid:32748] [main] [host-log] (local-1) [host] [2026-08-23 01:36:59.096] [pid:40260] [zcode-host] [rpc:call] client-scenes.list OK (522.7ms)
[2026-08-23 01:36:59.099] [info] [pid:32748] [main] [host-log] (local-1) [host] [2026-08-23 01:36:59.099] [pid:40260] [zcode-host] [rpc:call] usage-stats.getEntitlementSnapshot OK (674.2ms)
[2026-08-23 01:36:59.123] [info] [pid:32748] [main] [host-log] (local-1) [host] [2026-08-23 01:36:59.121] [pid:40260] [zcode-agent-service] 开始同步本地 provider registry 到 ZCode agent {"providerCount":2,"reason":"manual","revision":"sha256:dc990ed629f1a66ca2915a9823df7dd3c1eac45221668e4051b03284ecba69b8","workspaceKey":"C:\\Users\\llh04\\Desktop\\小说","workspacePath":"C:\\Users\\llh04\\Desktop\\小说"}
[2026-08-23 01:36:59.125] [info] [pid:32748] [main] [host-log] (local-1) [host] [2026-08-23 01:36:59.121] [pid:40260] [zcode-agent-service] 开始同步本地 provider registry 到 ZCode agent {"providerCount":2,"reason":"manual","revision":"sha256:dc990ed629f1a66ca2915a9823df7dd3c1eac45221668e4051b03284ecba69b8","workspaceKey":"D:\\公考\\图形推理详解","workspacePath":"D:\\公考\\图形推理详解"}
[2026-08-23 01:36:59.126] [info] [pid:32748] [main] [host-log] (local-1) [host] [2026-08-23 01:36:59.122] [pid:40260] [zcode-agent-service] 开始同步本地 provider registry 到 ZCode agent {"providerCount":2,"reason":"manual","revision":"sha256:dc990ed629f1a66ca2915a9823df7dd3c1eac45221668e4051b03284ecba69b8","workspaceKey":"D:\\公考","workspacePath":"D:\\公考"}
[2026-08-23 01:36:59.144] [info] [pid:32748] [main] [host-log] (local-1) [host] [2026-08-23 01:36:59.144] [pid:40260] [settingService] writing settings to: C:\Users\llh04\.zcode\v2\setting.json {"recentProjects":["C:\\Users\\llh04\\Desktop\\小说","D:\\公考","D:\\公考\\图形推理详解"],"locale":"zh-CN","localePreference":"zh-CN","terminalInheritSystemProfile":true,"embeddedBrowserAllowInsecureCertificates":false,"taskAutoArchiveEnabled":false,"taskAutoArchiveOlderThanDays":7,"closeToTrayOnWindows":true,"closeToTrayOnWindowsMigrationInitialized":true,"keepAwakeWhileRunning":false,"desktopWindowSize":{"width":1200,"height":800,"maximized":false},"desktopChromiumHardwareAccelerationEnabled":true,"messageStreamShowReasoning":false,"messageStreamShowTodos":false,"toolGroupingExploreEnabled":true,"toolGroupingTerminalEnabled":true,"toolGroupingChangesEnabled":false,"zcodeInteractionBehavior":"queue","askUserQuestionAutoResolutionEnabled":true,"modelIoFullRetentionEnabled":false,"optimizeAgentExperienceEnabled":false,"optimizeAgentExperienceMigrationInitialized":true,"enabledBuiltinAgentCliProviders":["glm"],"modelProviderFamilyModes":{"zai":"oauth"},"modelProviderFamilySelectedKeys":{"zai":"coding-plan:builtin:zai-start-plan"},"providerFamilyDomain":"zai","providerFamilyDomainUpdatedAt":1787116588334,"providerFamilyDomainMigrated":true,"repoSnapshotIndexingEnabled":false,"instantGrepIndexingEnabled":false,"nativeSearchEnhancementsEnabled":true,"memoryEnabled":false,"lastWorkspaceSession":[{"kind":"local","workspacePath":"C:\\Users\\llh04\\Desktop\\小说","workspacePurpose":"project"},{"kind":"local","workspacePath":"D:\\公考","workspacePurpose":"project"},{"kind":"local","workspacePath":"C:\\Users\\llh04\\.zcode\\workspace\\default","workspacePurpose":"conversation"}],"lastActiveTabIndex":0,"receivePreviewUpdates":false,"autoDownloadAndInstallUpdates":true,"skippedElectronUpdateVersions":{},"settingsSyncFirstRunPromptHandled":true}
[2026-08-23 01:36:59.153] [info] [pid:32748] [main] [host-log] (local-1) [host] [2026-08-23 01:36:59.154] [pid:40260] [settingService] write done
[2026-08-23 01:36:59.154] [info] [pid:32748] [main] [host-log] (local-1) [host] [2026-08-23 01:36:59.154] [pid:40260] [zcode-host] [rpc:call] setting.update OK (18.1ms)
[2026-08-23 01:36:59.192] [info] [pid:32748] [main] [host-log] (local-1) [host] [2026-08-23 01:36:59.193] [pid:40260] [zcode-host] [rpc:call] model-provider.getAll OK (770.6ms)
[2026-08-23 01:36:59.281] [info] [pid:32748] [main] [host-log] (local-1) [host] [2026-08-23 01:36:59.281] [pid:40260] [zcode-host] [rpc:call] coding-plan-subscription.getEnterprisePricing OK (714.3ms)
[2026-08-23 01:36:59.316] [info] [pid:32748] [main] [host-log] (local-1) [host] [2026-08-23 01:36:59.316] [pid:40260] [zcode-host] [rpc:call] model-provider.getAll OK (893.5ms)
[2026-08-23 01:36:59.363] [info] [pid:32748] [main] [host-log] (local-1) [host] [2026-08-23 01:36:59.364] [pid:40260] [usage-stats] 读取 BigModel entitlement 已解析授权上下文 {"preferredProviderId":"builtin:zai-coding-plan","providerId":"builtin:zai-coding-plan","scope":"personal","organizationId":null,"projectId":null}
[2026-08-23 01:36:59.505] [info] [pid:32748] [main] [host-log] (local-1) [host] [2026-08-23 01:36:59.506] [pid:40260] [usage-stats] billing/balance 请求完成 {"balanceCount":3,"balances":[{"entitlement_id":"ent_wk_0821_glm_5p3","show_name":"GLM-5.3","total_units":100000000,"used_units":99886429,"remaining_units":113571,"available_units":113571,"reserved_units":null},{"entitlement_id":"ent_2_0817_glm_5p3","show_name":"GLM-5.3","total_units":3000000,"used_units":0,"remaining_units":3000000,"available_units":3000000,"reserved_units":null},{"entitlement_id":"ent_2_0817_glm_5turbo","show_name":"GLM-5-Turbo","total_units":2000000,"used_units":0,"remaining_units":2000000,"available_units":2000000,"reserved_units":null}],"code":0,"durationMs":253,"msg":"","payload":{"code":0,"msg":"","data":{"server_time":1787420219,"plans":[{"user_plan_id":"upl_2090839276763762688","plan_id":"zcode-v3-start-plan-0821","name":"ZCode Weekend Build","description":"ZCode 周末活动","priority":100,"status":"active","starts_at":1787329904,"ends_at":1787533200,"entitlements":[{"entitlement_id":"ent_wk_0821_glm_5p3","show_name":"GLM-5.3","meter":"model_usage","unit_type":"token","capabilities":["model:glm-5.3"],"grant_units":100000000,"period":"one_time","priority":110}]},{"user_plan_id":"upl_2089944584870027264","plan_id":"zcode-v3-start-plan-0817","name":"ZCode Start Plan","description":"免费 GLM 旗舰模型体验","priority":90,"status":"active","starts_at":1787116592,"ends_at":1787500799,"entitlements":[{"entitlement_id":"ent_2_0817_glm_5p3","show_name":"GLM-5.3","meter":"model_usage","unit_type":"token","capabilities":["model:glm-5.3"],"grant_units":3000000,"period":"daily","priority":110},{"entitlement_id":"ent_2_0817_glm_5turbo","show_name":"GLM-5-Turbo","meter":"model_usage","unit_type":"token","capabilities":["model:GLM-5-Turbo"],"grant_units":2000000,"period":"daily","priority":80}]}],"balances":[{"bucket_id":"bucket_2090839276839260160","user_plan_id":"upl_2090839276763762688","plan_id":"zcode-v3-start-plan-0821","entitlement_id":"ent_wk_0821_glm_5p3","show_name":"GLM-5.3","meter":"model_usage","unit_type":"token","capabilities":["model:glm-5.3"],"priority":110,"plan_priority":100,"entitlement_priority":110,"total_units":100000000,"used_units":99886429,"remaining_units":113571,"available_units":113571,"period_start":1787329904,"period_end":1787533200,"expires_at":1787533200},{"bucket_id":"bucket_2091218082912669696","user_plan_id":"upl_2089944584870027264","plan_id":"zcode-v3-start-plan-0817","entitlement_id":"ent_2_0817_glm_5p3","show_name":"GLM-5.3","meter":"model_usage","unit_type":"token","capabilities":["model:glm-5.3"],"priority":110,"plan_priority":90,"entitlement_priority":110,"total_units":3000000,"used_units":0,"remaining_units":3000000,"available_units":3000000,"period_start":1787414400,"period_end":1787500799,"expires_at":1787500799},{"bucket_id":"bucket_2091218082921058304","user_plan_id":"upl_2089944584870027264","plan_id":"zcode-v3-start-plan-0817","entitlement_id":"ent_2_0817_glm_5turbo","show_name":"GLM-5-Turbo","meter":"model_usage","unit_type":"token","capabilities":["model:GLM-5-Turbo"],"priority":80,"plan_priority":90,"entitlement_priority":80,"total_units":2000000,"used_units":0,"remaining_units":2000000,"available_units":2000000,"period_start":1787414400,"period_end":1787500799,"expires_at":1787500799}]}},"planCount":2,"plans":[{"name":"ZCode Weekend Build","plan_id":"zcode-v3-start-plan-0821","status":"active"},{"name":"ZCode Start Plan","plan_id":"zcode-v3-start-plan-0817","status":"active"}],"providerId":"builtin:zai-start-plan","success":true,"url":"https://zcode.z.ai/api/v1/zcode-plan/billing/balance?app_version=3.8.1"}
[2026-08-23 01:36:59.506] [info] [pid:32748] [main] [host-log] (local-1) [host] [2026-08-23 01:36:59.507] [pid:40260] [zcode-host] [rpc:call] usage-stats.getEntitlementSnapshot OK (381.9ms)
[2026-08-23 01:36:59.577] [info] [pid:32748] [main] [host-log] (local-1) [host] [2026-08-23 01:36:59.577] [pid:40260] [zcode-host] [rpc:call] usage-stats.getEntitlementSnapshot OK (452.2ms)
[2026-08-23 01:36:59.669] [info] [pid:32748] [main] [host-log] (local-1) [host] [2026-08-23 01:36:59.669] [pid:40260] [zcode-host] [rpc:call] zcode-agent.subscribeSessionsIndexV4 OK (939.5ms)
[2026-08-23 01:36:59.671] [info] [pid:32748] [main] [host-log] (local-1) [host] [2026-08-23 01:36:59.672] [pid:40260] [zcode-host] [rpc:call] window-controller.listTaskList OK (1106.7ms)
[2026-08-23 01:36:59.672] [info] [pid:32748] [main] [host-log] (local-1) [host] [2026-08-23 01:36:59.672] [pid:40260] [zcode-host] [rpc:call] window-controller.listTaskList OK (994.9ms)
[2026-08-23 01:36:59.685] [info] [pid:32748] [main] [host-log] (local-1) [host] [2026-08-23 01:36:59.686] [pid:40260] [zcode-host] [rpc:call] zcode-task.listPinnedTaskIds OK (0.2ms)
[2026-08-23 01:36:59.686] [info] [pid:32748] [main] [host-log] (local-1) [host] [2026-08-23 01:36:59.686] [pid:40260] [zcode-host] [rpc:call] zcode-task.listArchivedTasks OK (0.2ms)
[2026-08-23 01:36:59.687] [info] [pid:32748] [main] [host-log] (local-1) [host] [2026-08-23 01:36:59.687] [pid:40260] [zcode-host] [rpc:call] zcode-task.listTasks OK (0.5ms)
[2026-08-23 01:36:59.688] [info] [pid:32748] [main] [host-log] (local-1) [host] [2026-08-23 01:36:59.687] [pid:40260] [zcode-host] [rpc:call] zcode-task.listPinnedTasks OK (0.2ms)
[2026-08-23 01:36:59.689] [info] [pid:32748] [main] [host-log] (local-1) [host] [2026-08-23 01:36:59.687] [pid:40260] [zcode-host] [rpc:call] zcode-task.listDeletedTaskIds OK (0.1ms)
[2026-08-23 01:36:59.692] [info] [pid:32748] [main] [host-log] (local-1) [host] [2026-08-23 01:36:59.693] [pid:40260] [zcode-host] [rpc:call] zcode-agent.subscribeSessionsIndexV4 OK (830.2ms)
[2026-08-23 01:36:59.693] [info] [pid:32748] [main] [host-log] (local-1) [host] [2026-08-23 01:36:59.693] [pid:40260] [zcode-host] [rpc:call] window-controller.listTaskList OK (844.9ms)
[2026-08-23 01:36:59.693] [info] [pid:32748] [main] [host-log] (local-1) [host] [2026-08-23 01:36:59.694] [pid:40260] [zcode-host] [rpc:call] window-controller.listTaskList OK (805.6ms)
[2026-08-23 01:36:59.694] [info] [pid:32748] [main] [host-log] (local-1) [host] [2026-08-23 01:36:59.694] [pid:40260] [zcode-host] [rpc:call] window-controller.listTaskList OK (6.0ms)
[2026-08-23 01:36:59.705] [info] [pid:32748] [main] [host-log] (local-1) [host] [2026-08-23 01:36:59.706] [pid:40260] [zcode-host] [rpc:call] window-controller.listTaskList OK (0.1ms)
[2026-08-23 01:36:59.717] [info] [pid:32748] [main] [host-log] (local-1) [host] [2026-08-23 01:36:59.718] [pid:40260] [zcode-agent-service] 本地 provider registry 已同步到 ZCode agent {"appliedProviderRevision":"sha256:dc990ed629f1a66ca2915a9823df7dd3c1eac45221668e4051b03284ecba69b8","providerCount":2,"reason":"manual","status":"applied","workspaceKey":"C:\\Users\\llh04\\Desktop\\小说","workspacePath":"C:\\Users\\llh04\\Desktop\\小说"}
[2026-08-23 01:36:59.718] [info] [pid:32748] [main] [host-log] (local-1) [host] [2026-08-23 01:36:59.718] [pid:40260] [zcode-agent-service] provider registry 变更已推送到本地 active workspace {"providerCount":2,"reason":"manual","revision":"sha256:dc990ed629f1a66ca2915a9823df7dd3c1eac45221668e4051b03284ecba69b8","workspaceKey":"C:\\Users\\llh04\\Desktop\\小说","workspacePath":"C:\\Users\\llh04\\Desktop\\小说"}
[2026-08-23 01:36:59.718] [info] [pid:32748] [main] [host-log] (local-1) [host] [2026-08-23 01:36:59.718] [pid:40260] [zcode-agent-service] 为只读会话控制面启动 ZCode agent {"workspaceKey":"C:\\Users\\llh04\\Desktop\\小说","workspacePath":"C:\\Users\\llh04\\Desktop\\小说"}
[2026-08-23 01:36:59.719] [info] [pid:32748] [main] [stability] perf_agent_ready reported {"pid":38592,"runtimeGeneration":1,"runtimeInstanceId":"agent-3eb94fff-8049-40ec-b789-e3683fd0bc38","startupDurationMs":1249}
[2026-08-23 01:36:59.720] [info] [pid:32748] [main] [host-log] (local-1) [host] [2026-08-23 01:36:59.718] [pid:40260] [zcode-agent-service] provider/model 就绪，允许 ZCode agent 模型执行 {"modelId":"ox-alpha","providerId":"3a57ef88-16c9-48c9-af35-067641626862","revision":"sha256:dc990ed629f1a66ca2915a9823df7dd3c1eac45221668e4051b03284ecba69b8","workspaceKey":"C:\\Users\\llh04\\Desktop\\小说","workspacePath":"C:\\Users\\llh04\\Desktop\\小说"}
[2026-08-23 01:36:59.720] [info] [pid:32748] [main] [host-log] (local-1) [host] [2026-08-23 01:36:59.718] [pid:40260] [zcode-agent-service] provider/model 就绪，允许 ZCode agent 模型执行 {"modelId":"ox-alpha","providerId":"3a57ef88-16c9-48c9-af35-067641626862","revision":"sha256:dc990ed629f1a66ca2915a9823df7dd3c1eac45221668e4051b03284ecba69b8","workspaceKey":"C:\\Users\\llh04\\Desktop\\小说","workspacePath":"C:\\Users\\llh04\\Desktop\\小说"}
[2026-08-23 01:36:59.721] [info] [pid:32748] [main] [host-log] (local-1) [host] [2026-08-23 01:36:59.719] [pid:40260] [zcode-agent-service] ZCode agent 初始化完成 {"durationMs":1385,"transportKind":"stdio","workspaceKey":"C:\\Users\\llh04\\Desktop\\小说","workspacePath":"C:\\Users\\llh04\\Desktop\\小说"}
[2026-08-23 01:36:59.721] [info] [pid:32748] [main] [host-log] (local-1) [host] [2026-08-23 01:36:59.719] [pid:40260] [zcode-host] ZCode agent warmup ready (local host init (1/3)) workspace=C:\Users\llh04\Desktop\小说 transport=stdio
[2026-08-23 01:36:59.732] [info] [pid:32748] [main] [host-log] (local-1) [host] [2026-08-23 01:36:59.731] [pid:40260] [zcode-agent-service] 本地 provider registry 已同步到 ZCode agent {"appliedProviderRevision":"sha256:dc990ed629f1a66ca2915a9823df7dd3c1eac45221668e4051b03284ecba69b8","providerCount":2,"reason":"manual","status":"applied","workspaceKey":"D:\\公考\\图形推理详解","workspacePath":"D:\\公考\\图形推理详解"}
[2026-08-23 01:36:59.733] [info] [pid:32748] [main] [host-log] (local-1) [host] [2026-08-23 01:36:59.731] [pid:40260] [zcode-agent-service] provider registry 变更已推送到本地 active workspace {"providerCount":2,"reason":"manual","revision":"sha256:dc990ed629f1a66ca2915a9823df7dd3c1eac45221668e4051b03284ecba69b8","workspaceKey":"D:\\公考\\图形推理详解","workspacePath":"D:\\公考\\图形推理详解"}
[2026-08-23 01:36:59.734] [info] [pid:32748] [main] [host-log] (local-1) [host] [2026-08-23 01:36:59.733] [pid:40260] [zcode-agent-service] 为只读会话控制面启动 ZCode agent {"workspaceKey":"D:\\公考\\图形推理详解","workspacePath":"D:\\公考\\图形推理详解"}
[2026-08-23 01:36:59.744] [info] [pid:32748] [main] [stability] perf_agent_ready reported {"pid":33136,"runtimeGeneration":1,"runtimeInstanceId":"agent-e9597fc4-e985-407c-8bd1-5fd8002fc661","startupDurationMs":1252}
[2026-08-23 01:36:59.755] [info] [pid:32748] [main] [host-log] (local-1) [host] [2026-08-23 01:36:59.733] [pid:40260] [zcode-agent-service] provider/model 就绪，允许 ZCode agent 模型执行 {"modelId":"ox-alpha","providerId":"3a57ef88-16c9-48c9-af35-067641626862","revision":"sha256:dc990ed629f1a66ca2915a9823df7dd3c1eac45221668e4051b03284ecba69b8","workspaceKey":"D:\\公考\\图形推理详解","workspacePath":"D:\\公考\\图形推理详解"}
[2026-08-23 01:36:59.755] [info] [pid:32748] [main] [host-log] (local-1) [host] [2026-08-23 01:36:59.733] [pid:40260] [zcode-agent-service] ZCode agent 初始化完成 {"durationMs":1399,"transportKind":"stdio","workspaceKey":"D:\\公考\\图形推理详解","workspacePath":"D:\\公考\\图形推理详解"}
[2026-08-23 01:36:59.756] [info] [pid:32748] [main] [host-log] (local-1) [host] [2026-08-23 01:36:59.734] [pid:40260] [zcode-host] ZCode agent warmup ready (local host init (3/3)) workspace=D:\公考\图形推理详解 transport=stdio
[2026-08-23 01:36:59.756] [info] [pid:32748] [main] [host-log] (local-1) [host] [2026-08-23 01:36:59.741] [pid:40260] [zcode-agent-service] 本地 provider registry 已同步到 ZCode agent {"appliedProviderRevision":"sha256:dc990ed629f1a66ca2915a9823df7dd3c1eac45221668e4051b03284ecba69b8","providerCount":2,"reason":"manual","status":"applied","workspaceKey":"D:\\公考","workspacePath":"D:\\公考"}
[2026-08-23 01:36:59.757] [info] [pid:32748] [main] [host-log] (local-1) [host] [2026-08-23 01:36:59.741] [pid:40260] [zcode-agent-service] provider registry 变更已推送到本地 active workspace {"providerCount":2,"reason":"manual","revision":"sha256:dc990ed629f1a66ca2915a9823df7dd3c1eac45221668e4051b03284ecba69b8","workspaceKey":"D:\\公考","workspacePath":"D:\\公考"}
[2026-08-23 01:36:59.757] [info] [pid:32748] [main] [host-log] (local-1) [host] [2026-08-23 01:36:59.742] [pid:40260] [zcode-agent-service] 为只读会话控制面启动 ZCode agent {"workspaceKey":"D:\\公考","workspacePath":"D:\\公考"}
[2026-08-23 01:36:59.757] [info] [pid:32748] [main] [stability] perf_agent_ready reported {"pid":22084,"runtimeGeneration":1,"runtimeInstanceId":"agent-2c8e5068-50a3-4699-9183-a3fe309df923","startupDurationMs":1251}
[2026-08-23 01:36:59.758] [info] [pid:32748] [main] [host-log] (local-1) [host] [2026-08-23 01:36:59.742] [pid:40260] [zcode-agent-service] provider/model 就绪，允许 ZCode agent 模型执行 {"modelId":"ox-alpha","providerId":"3a57ef88-16c9-48c9-af35-067641626862","revision":"sha256:dc990ed629f1a66ca2915a9823df7dd3c1eac45221668e4051b03284ecba69b8","workspaceKey":"D:\\公考","workspacePath":"D:\\公考"}
[2026-08-23 01:36:59.758] [info] [pid:32748] [main] [host-log] (local-1) [host] [2026-08-23 01:36:59.742] [pid:40260] [zcode-agent-service] provider/model 就绪，允许 ZCode agent 模型执行 {"modelId":"ox-alpha","providerId":"3a57ef88-16c9-48c9-af35-067641626862","revision":"sha256:dc990ed629f1a66ca2915a9823df7dd3c1eac45221668e4051b03284ecba69b8","workspaceKey":"D:\\公考","workspacePath":"D:\\公考"}
[2026-08-23 01:36:59.759] [info] [pid:32748] [main] [host-log] (local-1) [host] [2026-08-23 01:36:59.742] [pid:40260] [zcode-agent-service] ZCode agent 初始化完成 {"durationMs":1408,"transportKind":"stdio","workspaceKey":"D:\\公考","workspacePath":"D:\\公考"}
[2026-08-23 01:36:59.761] [info] [pid:32748] [main] [host-log] (local-1) [host] [2026-08-23 01:36:59.742] [pid:40260] [zcode-agent-service] provider/model 就绪后已启动等待中的 ZCode agent {"providerCount":2,"reason":"manual","revision":"sha256:dc990ed629f1a66ca2915a9823df7dd3c1eac45221668e4051b03284ecba69b8","workspaceKey":"D:\\公考","workspacePath":"D:\\公考"}
[2026-08-23 01:36:59.762] [info] [pid:32748] [main] [host-log] (local-1) [host] [2026-08-23 01:36:59.742] [pid:40260] [zcode-host] ZCode agent warmup ready (local host init (2/3)) workspace=D:\公考 transport=stdio
[2026-08-23 01:37:00.171] [info] [pid:32748] [main] [host-log] (local-1) [host] [2026-08-23 01:37:00.172] [pid:40260] [zcode-agent-service] ZCode Protocol workspace/readState 完成 {"durationMs":1471,"modelCurrent":"3a57ef88-16c9-48c9-af35-067641626862/ox-alpha","modelCount":3,"preferWorkspaceDefaults":false,"providerCount":2,"workspaceKey":"C:\\Users\\llh04\\Desktop\\小说","workspacePath":"C:\\Users\\llh04\\Desktop\\小说"}
[2026-08-23 01:37:00.172] [info] [pid:32748] [main] [host-log] (local-1) [host] [2026-08-23 01:37:00.172] [pid:40260] [zcode-host] [rpc:call] zcode-session.readWorkspaceState OK (1471.0ms)
[2026-08-23 01:37:00.619] [info] [pid:32748] [main] [host-log] (local-1) [host] [2026-08-23 01:37:00.619] [pid:40260] [zcode-host] [rpc:call] zcode-agent.sendConversationCommandV4 OK (1886.9ms)
[2026-08-23 01:37:00.801] [info] [pid:32748] [main] [host-log] (local-1) [host] [2026-08-23 01:37:00.802] [pid:40260] [zcode-host] [rpc:call] zcode-agent.subscribeConversationV4 OK (170.6ms)
[2026-08-23 01:37:00.930] [info] [pid:32748] [main] [stability] perf_app_start reported
[2026-08-23 01:37:04.917] [info] [pid:32748] [main] [host-log] (local-1) [host] [2026-08-23 01:37:04.917] [pid:40260] [zcode-host] [rpc:call] coding-plan-subscription.getStaticTeamProducts OK (0.1ms)
[2026-08-23 01:37:04.917] [info] [pid:32748] [main] [task-realtime] updated host workspace scopes {"hostId":"c266bc82-77f0-4c61-bce8-d65763fb6252","workspaceKeyCount":3}
[2026-08-23 01:37:04.919] [info] [pid:32748] [main] [host-log] (local-1) [host] [2026-08-23 01:37:04.920] [pid:40260] [zcode-host] [rpc:call] coding-plan-subscription.getStaticTeamProducts OK (0.0ms)
[2026-08-23 01:37:04.920] [info] [pid:32748] [main] [host-log] (local-1) [host] [2026-08-23 01:37:04.920] [pid:40260] [zcode-host] [rpc:call] system.info OK (0.1ms)
[2026-08-23 01:37:04.921] [info] [pid:32748] [main] [host-log] (local-1) [host] [2026-08-23 01:37:04.922] [pid:40260] [zcode-host] [rpc:call] setting.get OK (4.9ms)
[2026-08-23 01:37:04.922] [info] [pid:32748] [main] [host-log] (local-1) [host] [2026-08-23 01:37:04.922] [pid:40260] [zcode-host] [rpc:call] credential.load OK (2.4ms)
[2026-08-23 01:37:04.922] [info] [pid:32748] [main] [host-log] (local-1) [host] [2026-08-23 01:37:04.922] [pid:40260] [zcode-host] [rpc:call] credential.load OK (2.4ms)
[2026-08-23 01:37:04.922] [info] [pid:32748] [main] [host-log] (local-1) [host] [2026-08-23 01:37:04.922] [pid:40260] [zcode-host] [rpc:call] credential.load OK (2.4ms)
[2026-08-23 01:37:04.923] [info] [pid:32748] [main] [host-log] (local-1) [host] [2026-08-23 01:37:04.922] [pid:40260] [zcode-host] [rpc:call] setting.get OK (2.1ms)
[2026-08-23 01:37:04.934] [info] [pid:32748] [main] [host-log] (local-1) [host] [2026-08-23 01:37:04.935] [pid:40260] [usage-stats] 读取 BigModel entitlement 已解析授权上下文 {"preferredProviderId":"builtin:zai-coding-plan","providerId":"builtin:zai-coding-plan","scope":"personal","organizationId":null,"projectId":null}
[2026-08-23 01:37:04.942] [info] [pid:32748] [main] [host-log] (local-1) [host] [2026-08-23 01:37:04.941] [pid:40260] [zcode-host] [rpc:call] coding-plan-subscription.getStaticProducts OK (0.2ms)
[2026-08-23 01:37:04.991] [info] [pid:32748] [main] [host-log] (local-1) [host] [2026-08-23 01:37:04.992] [pid:40260] [zcode-host] [rpc:call] system.listIntegratedTerminalShells OK (7.6ms)
[2026-08-23 01:37:05.000] [info] [pid:32748] [main] [host-log] (local-1) [host] [2026-08-23 01:37:05.001] [pid:40260] [zcode-host] [rpc:call] coding-plan-subscription.getStaticTeamProducts OK (0.1ms)
[2026-08-23 01:37:05.178] [info] [pid:32748] [main] [host-log] (local-1) [host] [2026-08-23 01:37:05.178] [pid:40260] [settingService] writing settings to: C:\Users\llh04\.zcode\v2\setting.json {"recentProjects":["C:\\Users\\llh04\\Desktop\\小说","D:\\公考","D:\\公考\\图形推理详解"],"locale":"zh-CN","localePreference":"zh-CN","terminalInheritSystemProfile":true,"embeddedBrowserAllowInsecureCertificates":false,"taskAutoArchiveEnabled":false,"taskAutoArchiveOlderThanDays":7,"closeToTrayOnWindows":true,"closeToTrayOnWindowsMigrationInitialized":true,"keepAwakeWhileRunning":false,"desktopWindowSize":{"width":1200,"height":800,"maximized":false},"desktopChromiumHardwareAccelerationEnabled":true,"messageStreamShowReasoning":false,"messageStreamShowTodos":false,"toolGroupingExploreEnabled":true,"toolGroupingTerminalEnabled":true,"toolGroupingChangesEnabled":false,"zcodeInteractionBehavior":"queue","askUserQuestionAutoResolutionEnabled":true,"modelIoFullRetentionEnabled":false,"optimizeAgentExperienceEnabled":false,"optimizeAgentExperienceMigrationInitialized":true,"enabledBuiltinAgentCliProviders":["glm"],"modelProviderFamilyModes":{"zai":"oauth"},"modelProviderFamilySelectedKeys":{"zai":"coding-plan:builtin:zai-start-plan"},"providerFamilyDomain":"zai","providerFamilyDomainUpdatedAt":1787116588334,"providerFamilyDomainMigrated":true,"repoSnapshotIndexingEnabled":false,"instantGrepIndexingEnabled":false,"nativeSearchEnhancementsEnabled":true,"memoryEnabled":false,"lastWorkspaceSession":[{"kind":"local","workspacePath":"C:\\Users\\llh04\\Desktop\\小说","workspacePurpose":"project"},{"kind":"local","workspacePath":"D:\\公考","workspacePurpose":"project"},{"kind":"local","workspacePath":"C:\\Users\\llh04\\.zcode\\workspace\\default","workspacePurpose":"conversation"}],"lastActiveTabIndex":0,"receivePreviewUpdates":false,"autoDownloadAndInstallUpdates":true,"skippedElectronUpdateVersions":{},"settingsSyncFirstRunPromptHandled":true}
[2026-08-23 01:37:05.188] [info] [pid:32748] [main] [host-log] (local-1) [host] [2026-08-23 01:37:05.188] [pid:40260] [settingService] write done
[2026-08-23 01:37:05.189] [info] [pid:32748] [main] [host-log] (local-1) [host] [2026-08-23 01:37:05.189] [pid:40260] [zcode-host] [rpc:call] setting.update OK (11.8ms)
[2026-08-23 01:37:05.387] [info] [pid:32748] [main] [host-log] (local-1) [host] [2026-08-23 01:37:05.387] [pid:40260] [usage-stats] billing/balance 请求完成 {"balanceCount":3,"balances":[{"entitlement_id":"ent_wk_0821_glm_5p3","show_name":"GLM-5.3","total_units":100000000,"used_units":99886429,"remaining_units":113571,"available_units":113571,"reserved_units":null},{"entitlement_id":"ent_2_0817_glm_5p3","show_name":"GLM-5.3","total_units":3000000,"used_units":0,"remaining_units":3000000,"available_units":3000000,"reserved_units":null},{"entitlement_id":"ent_2_0817_glm_5turbo","show_name":"GLM-5-Turbo","total_units":2000000,"used_units":0,"remaining_units":2000000,"available_units":2000000,"reserved_units":null}],"code":0,"durationMs":433,"msg":"","payload":{"code":0,"msg":"","data":{"server_time":1787420224,"plans":[{"user_plan_id":"upl_2090839276763762688","plan_id":"zcode-v3-start-plan-0821","name":"ZCode Weekend Build","description":"ZCode 周末活动","priority":100,"status":"active","starts_at":1787329904,"ends_at":1787533200,"entitlements":[{"entitlement_id":"ent_wk_0821_glm_5p3","show_name":"GLM-5.3","meter":"model_usage","unit_type":"token","capabilities":["model:glm-5.3"],"grant_units":100000000,"period":"one_time","priority":110}]},{"user_plan_id":"upl_2089944584870027264","plan_id":"zcode-v3-start-plan-0817","name":"ZCode Start Plan","description":"免费 GLM 旗舰模型体验","priority":90,"status":"active","starts_at":1787116592,"ends_at":1787500799,"entitlements":[{"entitlement_id":"ent_2_0817_glm_5p3","show_name":"GLM-5.3","meter":"model_usage","unit_type":"token","capabilities":["model:glm-5.3"],"grant_units":3000000,"period":"daily","priority":110},{"entitlement_id":"ent_2_0817_glm_5turbo","show_name":"GLM-5-Turbo","meter":"model_usage","unit_type":"token","capabilities":["model:GLM-5-Turbo"],"grant_units":2000000,"period":"daily","priority":80}]}],"balances":[{"bucket_id":"bucket_2090839276839260160","user_plan_id":"upl_2090839276763762688","plan_id":"zcode-v3-start-plan-0821","entitlement_id":"ent_wk_0821_glm_5p3","show_name":"GLM-5.3","meter":"model_usage","unit_type":"token","capabilities":["model:glm-5.3"],"priority":110,"plan_priority":100,"entitlement_priority":110,"total_units":100000000,"used_units":99886429,"remaining_units":113571,"available_units":113571,"period_start":1787329904,"period_end":1787533200,"expires_at":1787533200},{"bucket_id":"bucket_2091218082912669696","user_plan_id":"upl_2089944584870027264","plan_id":"zcode-v3-start-plan-0817","entitlement_id":"ent_2_0817_glm_5p3","show_name":"GLM-5.3","meter":"model_usage","unit_type":"token","capabilities":["model:glm-5.3"],"priority":110,"plan_priority":90,"entitlement_priority":110,"total_units":3000000,"used_units":0,"remaining_units":3000000,"available_units":3000000,"period_start":1787414400,"period_end":1787500799,"expires_at":1787500799},{"bucket_id":"bucket_2091218082921058304","user_plan_id":"upl_2089944584870027264","plan_id":"zcode-v3-start-plan-0817","entitlement_id":"ent_2_0817_glm_5turbo","show_name":"GLM-5-Turbo","meter":"model_usage","unit_type":"token","capabilities":["model:GLM-5-Turbo"],"priority":80,"plan_priority":90,"entitlement_priority":80,"total_units":2000000,"used_units":0,"remaining_units":2000000,"available_units":2000000,"period_start":1787414400,"period_end":1787500799,"expires_at":1787500799}]}},"planCount":2,"plans":[{"name":"ZCode Weekend Build","plan_id":"zcode-v3-start-plan-0821","status":"active"},{"name":"ZCode Start Plan","plan_id":"zcode-v3-start-plan-0817","status":"active"}],"providerId":"builtin:zai-start-plan","success":true,"url":"https://zcode.z.ai/api/v1/zcode-plan/billing/balance?app_version=3.8.1"}
[2026-08-23 01:37:05.388] [info] [pid:32748] [main] [host-log] (local-1) [host] [2026-08-23 01:37:05.388] [pid:40260] [zcode-host] [rpc:call] usage-stats.getEntitlementSnapshot OK (446.7ms)
[2026-08-23 01:37:05.530] [info] [pid:32748] [main] [host-log] (local-1) [host] [2026-08-23 01:37:05.530] [pid:40260] [zcode-host] [rpc:call] usage-stats.getEntitlementSnapshot OK (611.3ms)
[2026-08-23 01:37:06.535] [info] [pid:32748] [main] [host-log] (local-1) [host] [2026-08-23 01:37:06.534] [pid:40260] [zcode-host] [rpc:call] system.probeIntranet OK (1616.5ms)
[2026-08-23 01:37:08.252] [info] [pid:32748] [main] [host-log] (local-1) [host] [2026-08-23 01:37:08.253] [pid:40260] [zcode-host] [rpc:call] coding-plan-subscription.getEnterprisePricing OK (3251.9ms)
[2026-08-23 01:37:09.216] [info] [pid:32748] [main] [host-log] (local-1) [host] [2026-08-23 01:37:09.217] [pid:40260] [zcode-agent-service] provider registry 变更已推送到本地 active workspace {"providerCount":2,"reason":"codingPlanApiKey:builtin:zai-coding-plan","revision":"sha256:dc990ed629f1a66ca2915a9823df7dd3c1eac45221668e4051b03284ecba69b8","workspaceKey":"C:\\Users\\llh04\\Desktop\\小说","workspacePath":"C:\\Users\\llh04\\Desktop\\小说"}
[2026-08-23 01:37:09.217] [info] [pid:32748] [main] [host-log] (local-1) [host] [2026-08-23 01:37:09.217] [pid:40260] [zcode-agent-service] provider registry 变更已推送到本地 active workspace {"providerCount":2,"reason":"codingPlanApiKey:builtin:zai-coding-plan","revision":"sha256:dc990ed629f1a66ca2915a9823df7dd3c1eac45221668e4051b03284ecba69b8","workspaceKey":"D:\\公考\\图形推理详解","workspacePath":"D:\\公考\\图形推理详解"}
[2026-08-23 01:37:09.218] [info] [pid:32748] [main] [host-log] (local-1) [host] [2026-08-23 01:37:09.217] [pid:40260] [zcode-agent-service] provider registry 变更已推送到本地 active workspace {"providerCount":2,"reason":"codingPlanApiKey:builtin:zai-coding-plan","revision":"sha256:dc990ed629f1a66ca2915a9823df7dd3c1eac45221668e4051b03284ecba69b8","workspaceKey":"D:\\公考","workspacePath":"D:\\公考"}
[2026-08-23 01:37:09.368] [info] [pid:32748] [main] [host-log] (local-1) [host] [2026-08-23 01:37:09.369] [pid:40260] [coding-plan-availability] billing/balance 请求完成 {"durationMs":148,"hasActiveStartPlan":true,"msg":"","payload":{"code":0,"msg":"","data":{"server_time":1787420228,"plans":[{"user_plan_id":"upl_2090839276763762688","plan_id":"zcode-v3-start-plan-0821","name":"ZCode Weekend Build","description":"ZCode 周末活动","priority":100,"status":"active","starts_at":1787329904,"ends_at":1787533200,"entitlements":[{"entitlement_id":"ent_wk_0821_glm_5p3","show_name":"GLM-5.3","meter":"model_usage","unit_type":"token","capabilities":["model:glm-5.3"],"grant_units":100000000,"period":"one_time","priority":110}]},{"user_plan_id":"upl_2089944584870027264","plan_id":"zcode-v3-start-plan-0817","name":"ZCode Start Plan","description":"免费 GLM 旗舰模型体验","priority":90,"status":"active","starts_at":1787116592,"ends_at":1787500799,"entitlements":[{"entitlement_id":"ent_2_0817_glm_5p3","show_name":"GLM-5.3","meter":"model_usage","unit_type":"token","capabilities":["model:glm-5.3"],"grant_units":3000000,"period":"daily","priority":110},{"entitlement_id":"ent_2_0817_glm_5turbo","show_name":"GLM-5-Turbo","meter":"model_usage","unit_type":"token","capabilities":["model:GLM-5-Turbo"],"grant_units":2000000,"period":"daily","priority":80}]}],"balances":[{"bucket_id":"bucket_2090839276839260160","user_plan_id":"upl_2090839276763762688","plan_id":"zcode-v3-start-plan-0821","entitlement_id":"ent_wk_0821_glm_5p3","show_name":"GLM-5.3","meter":"model_usage","unit_type":"token","capabilities":["model:glm-5.3"],"priority":110,"plan_priority":100,"entitlement_priority":110,"total_units":100000000,"used_units":99886429,"remaining_units":113571,"available_units":113571,"period_start":1787329904,"period_end":1787533200,"expires_at":1787533200},{"bucket_id":"bucket_2091218082912669696","user_plan_id":"upl_2089944584870027264","plan_id":"zcode-v3-start-plan-0817","entitlement_id":"ent_2_0817_glm_5p3","show_name":"GLM-5.3","meter":"model_usage","unit_type":"token","capabilities":["model:glm-5.3"],"priority":110,"plan_priority":90,"entitlement_priority":110,"total_units":3000000,"used_units":0,"remaining_units":3000000,"available_units":3000000,"period_start":1787414400,"period_end":1787500799,"expires_at":1787500799},{"bucket_id":"bucket_2091218082921058304","user_plan_id":"upl_2089944584870027264","plan_id":"zcode-v3-start-plan-0817","entitlement_id":"ent_2_0817_glm_5turbo","show_name":"GLM-5-Turbo","meter":"model_usage","unit_type":"token","capabilities":["model:GLM-5-Turbo"],"priority":80,"plan_priority":90,"entitlement_priority":80,"total_units":2000000,"used_units":0,"remaining_units":2000000,"available_units":2000000,"period_start":1787414400,"period_end":1787500799,"expires_at":1787500799}]}},"planCount":2,"plans":[{"name":"ZCode Weekend Build","plan_id":"zcode-v3-start-plan-0821","status":"active"},{"name":"ZCode Start Plan","plan_id":"zcode-v3-start-plan-0817","status":"active"}],"providerId":"builtin:zai-start-plan","success":true,"url":"https://zcode.z.ai/api/v1/zcode-plan/billing/balance?app_version=3.8.1","code":0}
[2026-08-23 01:37:09.378] [info] [pid:32748] [main] [host-log] (local-1) [host] [2026-08-23 01:37:09.379] [pid:40260] [zcode-host] [rpc:call] model-provider.refreshCodingPlanApiKey OK (10963.5ms)
[2026-08-23 01:37:09.379] [info] [pid:32748] [main] [host-log] (local-1) [host] [2026-08-23 01:37:09.379] [pid:40260] [zcode-host] [rpc:call] model-provider.refreshCodingPlanApiKey OK (10962.9ms)
[2026-08-23 01:37:09.392] [info] [pid:32748] [main] [host-log] (local-1) [host] [2026-08-23 01:37:09.393] [pid:40260] [zcode-host] [rpc:call] setting.get OK (13.0ms)
[2026-08-23 01:37:09.403] [info] [pid:32748] [main] [host-log] (local-1) [host] [2026-08-23 01:37:09.403] [pid:40260] [zcode-agent-service] provider registry 变更已推送到本地 active workspace {"providerCount":2,"reason":"codingPlanAvailability:builtin:zai-coding-plan","revision":"sha256:dc990ed629f1a66ca2915a9823df7dd3c1eac45221668e4051b03284ecba69b8","workspaceKey":"C:\\Users\\llh04\\Desktop\\小说","workspacePath":"C:\\Users\\llh04\\Desktop\\小说"}
[2026-08-23 01:37:09.403] [info] [pid:32748] [main] [host-log] (local-1) [host] [2026-08-23 01:37:09.404] [pid:40260] [zcode-agent-service] provider registry 变更已推送到本地 active workspace {"providerCount":2,"reason":"codingPlanAvailability:builtin:zai-coding-plan","revision":"sha256:dc990ed629f1a66ca2915a9823df7dd3c1eac45221668e4051b03284ecba69b8","workspaceKey":"D:\\公考\\图形推理详解","workspacePath":"D:\\公考\\图形推理详解"}
[2026-08-23 01:37:09.404] [info] [pid:32748] [main] [host-log] (local-1) [host] [2026-08-23 01:37:09.404] [pid:40260] [zcode-agent-service] provider registry 变更已推送到本地 active workspace {"providerCount":2,"reason":"codingPlanAvailability:builtin:zai-coding-plan","revision":"sha256:dc990ed629f1a66ca2915a9823df7dd3c1eac45221668e4051b03284ecba69b8","workspaceKey":"D:\\公考","workspacePath":"D:\\公考"}
[2026-08-23 01:37:09.450] [info] [pid:32748] [main] [host-log] (local-1) [host] [2026-08-23 01:37:09.450] [pid:40260] [usage-stats] 读取 BigModel entitlement 已解析授权上下文 {"preferredProviderId":"builtin:zai-coding-plan","providerId":"builtin:zai-coding-plan","scope":"personal","organizationId":null,"projectId":null}
[2026-08-23 01:37:09.511] [info] [pid:32748] [main] [host-log] (local-1) [host] [2026-08-23 01:37:09.512] [pid:40260] [zcode-host] [rpc:call] model-provider.getAllCached OK (132.2ms)
[2026-08-23 01:37:09.586] [info] [pid:32748] [main] [host-log] (local-1) [host] [2026-08-23 01:37:09.586] [pid:40260] [usage-stats] billing/balance 请求完成 {"balanceCount":3,"balances":[{"entitlement_id":"ent_wk_0821_glm_5p3","show_name":"GLM-5.3","total_units":100000000,"used_units":99886429,"remaining_units":113571,"available_units":113571,"reserved_units":null},{"entitlement_id":"ent_2_0817_glm_5p3","show_name":"GLM-5.3","total_units":3000000,"used_units":0,"remaining_units":3000000,"available_units":3000000,"reserved_units":null},{"entitlement_id":"ent_2_0817_glm_5turbo","show_name":"GLM-5-Turbo","total_units":2000000,"used_units":0,"remaining_units":2000000,"available_units":2000000,"reserved_units":null}],"code":0,"durationMs":179,"msg":"","payload":{"code":0,"msg":"","data":{"server_time":1787420229,"plans":[{"user_plan_id":"upl_2090839276763762688","plan_id":"zcode-v3-start-plan-0821","name":"ZCode Weekend Build","description":"ZCode 周末活动","priority":100,"status":"active","starts_at":1787329904,"ends_at":1787533200,"entitlements":[{"entitlement_id":"ent_wk_0821_glm_5p3","show_name":"GLM-5.3","meter":"model_usage","unit_type":"token","capabilities":["model:glm-5.3"],"grant_units":100000000,"period":"one_time","priority":110}]},{"user_plan_id":"upl_2089944584870027264","plan_id":"zcode-v3-start-plan-0817","name":"ZCode Start Plan","description":"免费 GLM 旗舰模型体验","priority":90,"status":"active","starts_at":1787116592,"ends_at":1787500799,"entitlements":[{"entitlement_id":"ent_2_0817_glm_5p3","show_name":"GLM-5.3","meter":"model_usage","unit_type":"token","capabilities":["model:glm-5.3"],"grant_units":3000000,"period":"daily","priority":110},{"entitlement_id":"ent_2_0817_glm_5turbo","show_name":"GLM-5-Turbo","meter":"model_usage","unit_type":"token","capabilities":["model:GLM-5-Turbo"],"grant_units":2000000,"period":"daily","priority":80}]}],"balances":[{"bucket_id":"bucket_2090839276839260160","user_plan_id":"upl_2090839276763762688","plan_id":"zcode-v3-start-plan-0821","entitlement_id":"ent_wk_0821_glm_5p3","show_name":"GLM-5.3","meter":"model_usage","unit_type":"token","capabilities":["model:glm-5.3"],"priority":110,"plan_priority":100,"entitlement_priority":110,"total_units":100000000,"used_units":99886429,"remaining_units":113571,"available_units":113571,"period_start":1787329904,"period_end":1787533200,"expires_at":1787533200},{"bucket_id":"bucket_2091218082912669696","user_plan_id":"upl_2089944584870027264","plan_id":"zcode-v3-start-plan-0817","entitlement_id":"ent_2_0817_glm_5p3","show_name":"GLM-5.3","meter":"model_usage","unit_type":"token","capabilities":["model:glm-5.3"],"priority":110,"plan_priority":90,"entitlement_priority":110,"total_units":3000000,"used_units":0,"remaining_units":3000000,"available_units":3000000,"period_start":1787414400,"period_end":1787500799,"expires_at":1787500799},{"bucket_id":"bucket_2091218082921058304","user_plan_id":"upl_2089944584870027264","plan_id":"zcode-v3-start-plan-0817","entitlement_id":"ent_2_0817_glm_5turbo","show_name":"GLM-5-Turbo","meter":"model_usage","unit_type":"token","capabilities":["model:GLM-5-Turbo"],"priority":80,"plan_priority":90,"entitlement_priority":80,"total_units":2000000,"used_units":0,"remaining_units":2000000,"available_units":2000000,"period_start":1787414400,"period_end":1787500799,"expires_at":1787500799}]}},"planCount":2,"plans":[{"name":"ZCode Weekend Build","plan_id":"zcode-v3-start-plan-0821","status":"active"},{"name":"ZCode Start Plan","plan_id":"zcode-v3-start-plan-0817","status":"active"}],"providerId":"builtin:zai-start-plan","success":true,"url":"https://zcode.z.ai/api/v1/zcode-plan/billing/balance?app_version=3.8.1"}
[2026-08-23 01:37:09.587] [info] [pid:32748] [main] [host-log] (local-1) [host] [2026-08-23 01:37:09.587] [pid:40260] [zcode-host] [rpc:call] usage-stats.getEntitlementSnapshot OK (206.8ms)
[2026-08-23 01:37:09.733] [info] [pid:32748] [main] [host-log] (local-1) [host] [2026-08-23 01:37:09.733] [pid:40260] [zcode-host] [rpc:call] coding-plan-subscription.getEnterprisePricing OK (353.2ms)
[2026-08-23 01:37:10.079] [info] [pid:32748] [main] [host-log] (local-1) [host] [2026-08-23 01:37:10.079] [pid:40260] [zcode-host] [rpc:call] usage-stats.getEntitlementSnapshot OK (699.5ms)
[2026-08-23 01:37:10.080] [info] [pid:32748] [main] [host-log] (local-1) [host] [2026-08-23 01:37:10.081] [pid:40260] [settingService] writing settings to: C:\Users\llh04\.zcode\v2\setting.json {"recentProjects":["C:\\Users\\llh04\\Desktop\\小说","D:\\公考","D:\\公考\\图形推理详解"],"locale":"zh-CN","localePreference":"zh-CN","terminalInheritSystemProfile":true,"embeddedBrowserAllowInsecureCertificates":false,"taskAutoArchiveEnabled":false,"taskAutoArchiveOlderThanDays":7,"closeToTrayOnWindows":true,"closeToTrayOnWindowsMigrationInitialized":true,"keepAwakeWhileRunning":false,"desktopWindowSize":{"width":1200,"height":800,"maximized":false},"desktopChromiumHardwareAccelerationEnabled":true,"messageStreamShowReasoning":false,"messageStreamShowTodos":false,"toolGroupingExploreEnabled":true,"toolGroupingTerminalEnabled":true,"toolGroupingChangesEnabled":false,"zcodeInteractionBehavior":"queue","askUserQuestionAutoResolutionEnabled":true,"modelIoFullRetentionEnabled":false,"optimizeAgentExperienceEnabled":false,"optimizeAgentExperienceMigrationInitialized":true,"enabledBuiltinAgentCliProviders":["glm"],"modelProviderFamilyModes":{"zai":"oauth"},"modelProviderFamilySelectedKeys":{"zai":"coding-plan:builtin:zai-start-plan"},"providerFamilyDomain":"zai","providerFamilyDomainUpdatedAt":1787116588334,"providerFamilyDomainMigrated":true,"repoSnapshotIndexingEnabled":false,"instantGrepIndexingEnabled":false,"nativeSearchEnhancementsEnabled":true,"memoryEnabled":false,"lastWorkspaceSession":[{"kind":"local","workspacePath":"C:\\Users\\llh04\\Desktop\\小说","workspacePurpose":"project"},{"kind":"local","workspacePath":"D:\\公考","workspacePurpose":"project"},{"kind":"local","workspacePath":"C:\\Users\\llh04\\.zcode\\workspace\\default","workspacePurpose":"conversation"}],"lastActiveTabIndex":0,"receivePreviewUpdates":false,"autoDownloadAndInstallUpdates":true,"skippedElectronUpdateVersions":{},"settingsSyncFirstRunPromptHandled":true}
[2026-08-23 01:37:10.085] [info] [pid:32748] [main] [host-log] (local-1) [host] [2026-08-23 01:37:10.084] [pid:40260] [settingService] write done
[2026-08-23 01:37:10.086] [info] [pid:32748] [main] [host-log] (local-1) [host] [2026-08-23 01:37:10.085] [pid:40260] [zcode-host] [rpc:call] setting.update OK (4.4ms)
[2026-08-23 01:37:10.087] [info] [pid:32748] [main] [host-log] (local-1) [host] [2026-08-23 01:37:10.086] [pid:40260] [zcode-host] [rpc:call] setting.get OK (0.7ms)
[2026-08-23 01:37:10.628] [info] [pid:32748] [main] [host-log] (local-1) [host] [2026-08-23 01:37:10.628] [pid:40260] [zcode-agent-service] provider registry 变更已推送到本地 active workspace {"providerCount":2,"reason":"codingPlanApiKey:builtin:zai-start-plan","revision":"sha256:dc990ed629f1a66ca2915a9823df7dd3c1eac45221668e4051b03284ecba69b8","workspaceKey":"C:\\Users\\llh04\\Desktop\\小说","workspacePath":"C:\\Users\\llh04\\Desktop\\小说"}
[2026-08-23 01:37:10.628] [info] [pid:32748] [main] [host-log] (local-1) [host] [2026-08-23 01:37:10.629] [pid:40260] [zcode-agent-service] provider registry 变更已推送到本地 active workspace {"providerCount":2,"reason":"codingPlanApiKey:builtin:zai-start-plan","revision":"sha256:dc990ed629f1a66ca2915a9823df7dd3c1eac45221668e4051b03284ecba69b8","workspaceKey":"D:\\公考\\图形推理详解","workspacePath":"D:\\公考\\图形推理详解"}
[2026-08-23 01:37:10.629] [info] [pid:32748] [main] [host-log] (local-1) [host] [2026-08-23 01:37:10.629] [pid:40260] [zcode-agent-service] provider registry 变更已推送到本地 active workspace {"providerCount":2,"reason":"codingPlanApiKey:builtin:zai-start-plan","revision":"sha256:dc990ed629f1a66ca2915a9823df7dd3c1eac45221668e4051b03284ecba69b8","workspaceKey":"D:\\公考","workspacePath":"D:\\公考"}
[2026-08-23 01:37:10.791] [info] [pid:32748] [main] [host-log] (local-1) [host] [2026-08-23 01:37:10.790] [pid:40260] [zcode-host] [rpc:call] coding-plan-subscription.getEnterprisePricing OK (5869.4ms)
[2026-08-23 01:37:10.803] [info] [pid:32748] [main] [host-log] (local-1) [host] [2026-08-23 01:37:10.803] [pid:40260] [coding-plan-availability] billing/balance 请求完成 {"durationMs":170,"hasActiveStartPlan":true,"msg":"","payload":{"code":0,"msg":"","data":{"server_time":1787420230,"plans":[{"user_plan_id":"upl_2090839276763762688","plan_id":"zcode-v3-start-plan-0821","name":"ZCode Weekend Build","description":"ZCode 周末活动","priority":100,"status":"active","starts_at":1787329904,"ends_at":1787533200,"entitlements":[{"entitlement_id":"ent_wk_0821_glm_5p3","show_name":"GLM-5.3","meter":"model_usage","unit_type":"token","capabilities":["model:glm-5.3"],"grant_units":100000000,"period":"one_time","priority":110}]},{"user_plan_id":"upl_2089944584870027264","plan_id":"zcode-v3-start-plan-0817","name":"ZCode Start Plan","description":"免费 GLM 旗舰模型体验","priority":90,"status":"active","starts_at":1787116592,"ends_at":1787500799,"entitlements":[{"entitlement_id":"ent_2_0817_glm_5p3","show_name":"GLM-5.3","meter":"model_usage","unit_type":"token","capabilities":["model:glm-5.3"],"grant_units":3000000,"period":"daily","priority":110},{"entitlement_id":"ent_2_0817_glm_5turbo","show_name":"GLM-5-Turbo","meter":"model_usage","unit_type":"token","capabilities":["model:GLM-5-Turbo"],"grant_units":2000000,"period":"daily","priority":80}]}],"balances":[{"bucket_id":"bucket_2090839276839260160","user_plan_id":"upl_2090839276763762688","plan_id":"zcode-v3-start-plan-0821","entitlement_id":"ent_wk_0821_glm_5p3","show_name":"GLM-5.3","meter":"model_usage","unit_type":"token","capabilities":["model:glm-5.3"],"priority":110,"plan_priority":100,"entitlement_priority":110,"total_units":100000000,"used_units":99886429,"remaining_units":113571,"available_units":113571,"period_start":1787329904,"period_end":1787533200,"expires_at":1787533200},{"bucket_id":"bucket_2091218082912669696","user_plan_id":"upl_2089944584870027264","plan_id":"zcode-v3-start-plan-0817","entitlement_id":"ent_2_0817_glm_5p3","show_name":"GLM-5.3","meter":"model_usage","unit_type":"token","capabilities":["model:glm-5.3"],"priority":110,"plan_priority":90,"entitlement_priority":110,"total_units":3000000,"used_units":0,"remaining_units":3000000,"available_units":3000000,"period_start":1787414400,"period_end":1787500799,"expires_at":1787500799},{"bucket_id":"bucket_2091218082921058304","user_plan_id":"upl_2089944584870027264","plan_id":"zcode-v3-start-plan-0817","entitlement_id":"ent_2_0817_glm_5turbo","show_name":"GLM-5-Turbo","meter":"model_usage","unit_type":"token","capabilities":["model:GLM-5-Turbo"],"priority":80,"plan_priority":90,"entitlement_priority":80,"total_units":2000000,"used_units":0,"remaining_units":2000000,"available_units":2000000,"period_start":1787414400,"period_end":1787500799,"expires_at":1787500799}]}},"planCount":2,"plans":[{"name":"ZCode Weekend Build","plan_id":"zcode-v3-start-plan-0821","status":"active"},{"name":"ZCode Start Plan","plan_id":"zcode-v3-start-plan-0817","status":"active"}],"providerId":"builtin:zai-start-plan","success":true,"url":"https://zcode.z.ai/api/v1/zcode-plan/billing/balance?app_version=3.8.1","code":0}
[2026-08-23 01:37:10.812] [info] [pid:32748] [main] [host-log] (local-1) [host] [2026-08-23 01:37:10.813] [pid:40260] [zcode-host] [rpc:call] model-provider.refreshCodingPlanApiKey OK (716.1ms)
[2026-08-23 01:37:10.813] [info] [pid:32748] [main] [host-log] (local-1) [host] [2026-08-23 01:37:10.814] [pid:40260] [zcode-host] [rpc:call] setting.get OK (0.4ms)
[2026-08-23 01:37:10.832] [info] [pid:32748] [main] [host-log] (local-1) [host] [2026-08-23 01:37:10.833] [pid:40260] [zcode-agent-service] provider registry 变更已推送到本地 active workspace {"providerCount":2,"reason":"codingPlanAvailability:builtin:zai-start-plan","revision":"sha256:dc990ed629f1a66ca2915a9823df7dd3c1eac45221668e4051b03284ecba69b8","workspaceKey":"C:\\Users\\llh04\\Desktop\\小说","workspacePath":"C:\\Users\\llh04\\Desktop\\小说"}
[2026-08-23 01:37:10.833] [info] [pid:32748] [main] [host-log] (local-1) [host] [2026-08-23 01:37:10.833] [pid:40260] [zcode-agent-service] provider registry 变更已推送到本地 active workspace {"providerCount":2,"reason":"codingPlanAvailability:builtin:zai-start-plan","revision":"sha256:dc990ed629f1a66ca2915a9823df7dd3c1eac45221668e4051b03284ecba69b8","workspaceKey":"D:\\公考\\图形推理详解","workspacePath":"D:\\公考\\图形推理详解"}
[2026-08-23 01:37:10.833] [info] [pid:32748] [main] [host-log] (local-1) [host] [2026-08-23 01:37:10.833] [pid:40260] [zcode-agent-service] provider registry 变更已推送到本地 active workspace {"providerCount":2,"reason":"codingPlanAvailability:builtin:zai-start-plan","revision":"sha256:dc990ed629f1a66ca2915a9823df7dd3c1eac45221668e4051b03284ecba69b8","workspaceKey":"D:\\公考","workspacePath":"D:\\公考"}
[2026-08-23 01:37:11.039] [info] [pid:32748] [main] [host-log] (local-1) [host] [2026-08-23 01:37:11.039] [pid:40260] [zcode-agent-service] provider registry 变更已推送到本地 active workspace {"providerCount":2,"reason":"getAll","revision":"sha256:dc990ed629f1a66ca2915a9823df7dd3c1eac45221668e4051b03284ecba69b8","workspaceKey":"C:\\Users\\llh04\\Desktop\\小说","workspacePath":"C:\\Users\\llh04\\Desktop\\小说"}
[2026-08-23 01:37:11.040] [info] [pid:32748] [main] [host-log] (local-1) [host] [2026-08-23 01:37:11.039] [pid:40260] [zcode-agent-service] provider registry 变更已推送到本地 active workspace {"providerCount":2,"reason":"getAll","revision":"sha256:dc990ed629f1a66ca2915a9823df7dd3c1eac45221668e4051b03284ecba69b8","workspaceKey":"D:\\公考\\图形推理详解","workspacePath":"D:\\公考\\图形推理详解"}
[2026-08-23 01:37:11.040] [info] [pid:32748] [main] [host-log] (local-1) [host] [2026-08-23 01:37:11.040] [pid:40260] [zcode-agent-service] provider registry 变更已推送到本地 active workspace {"providerCount":2,"reason":"getAll","revision":"sha256:dc990ed629f1a66ca2915a9823df7dd3c1eac45221668e4051b03284ecba69b8","workspaceKey":"D:\\公考","workspacePath":"D:\\公考"}
[2026-08-23 01:37:11.041] [info] [pid:32748] [main] [host-log] (local-1) [host] [2026-08-23 01:37:11.042] [pid:40260] [zcode-host] [rpc:call] model-provider.getAll OK (226.7ms)
[2026-08-23 01:37:11.054] [info] [pid:32748] [main] [host-log] (local-1) [host] [2026-08-23 01:37:11.055] [pid:40260] [zcode-host] [rpc:call] credential.load OK (0.5ms)
[2026-08-23 01:37:11.055] [info] [pid:32748] [main] [host-log] (local-1) [host] [2026-08-23 01:37:11.055] [pid:40260] [zcode-host] [rpc:call] credential.load OK (0.5ms)
[2026-08-23 01:37:11.055] [info] [pid:32748] [main] [host-log] (local-1) [host] [2026-08-23 01:37:11.055] [pid:40260] [zcode-host] [rpc:call] credential.load OK (0.7ms)
[2026-08-23 01:37:15.101] [warn] [pid:32748] [main] [host-log] (local-1) [host] [2026-08-23 01:37:15.099] [pid:40260] [zcode-host] [rpc:call] coding-plan-subscription.getEnterprisePricing FAIL (10181.3ms) {"name":"ApiError","message":"fetch failed","stack":"ApiError: fetch failed\n    at NodeApiClient.request (file:///D:/zcode/resources/app.asar/out/host/index.js:1171:109087)\n    at process.processTicksAndRejections (node:internal/process/task_queues:104:5)\n    at async readApiJson (file:///D:/zcode/resources/app.asar/out/host/index.js:1171:28258)\n    at async readCodingPlanApiJson (file:///D:/zcode/resources/app.asar/out/host/index.js:1173:25178)\n    at async fw.get (file:///D:/zcode/resources/app.asar/out/host/index.js:1173:14160)\n    at async fw.getEnterprisePricing (file:///D:/zcode/resources/app.asar/out/host/index.js:1173:12773)\n    at async NetworkTelemetryServerChannel.call (file:///D:/zcode/resources/app.asar/out/host/chunk-LVLFJXEE.js:3:3483)\n    at async LoggingServerChannel.call (file:///D:/zcode/resources/app.asar/out/host/chunk-LVLFJXEE.js:3:1922)","cause":{"name":"TypeError","message":"fetch failed","stack":"TypeError: fetch failed","cause":{"name":"ConnectTimeoutError","message":"Connect Timeout Error (attempted addresses: 240b:4001:139:8a07:29fd:7040:94f2:9f7d:443, timeout: 10000ms)","stack":"ConnectTimeoutError: Connect Timeout Error (attempted addresses: 240b:4001:139:8a07:29fd:7040:94f2:9f7d:443, timeout: 10000ms)\n    at onConnectTimeout (node:internal/deps/undici/undici:1936:23)\n    at Immediate._onImmediate (node:internal/deps/undici/undici:1902:35)\n    at process.processImmediate (node:internal/timers:504:21)"}}}
[2026-08-23 01:37:16.668] [info] [pid:32748] [main] [host-log] (local-1) [host] [2026-08-23 01:37:16.667] [pid:40260] [settingService] writing settings to: C:\Users\llh04\.zcode\v2\setting.json {"recentProjects":["C:\\Users\\llh04\\Desktop\\小说","D:\\公考","D:\\公考\\图形推理详解"],"locale":"zh-CN","localePreference":"zh-CN","terminalInheritSystemProfile":true,"embeddedBrowserAllowInsecureCertificates":false,"taskAutoArchiveEnabled":false,"taskAutoArchiveOlderThanDays":7,"closeToTrayOnWindows":true,"closeToTrayOnWindowsMigrationInitialized":true,"keepAwakeWhileRunning":false,"desktopWindowSize":{"width":1200,"height":800,"maximized":false},"desktopChromiumHardwareAccelerationEnabled":true,"messageStreamShowReasoning":false,"messageStreamShowTodos":false,"toolGroupingExploreEnabled":true,"toolGroupingTerminalEnabled":true,"toolGroupingChangesEnabled":false,"zcodeInteractionBehavior":"queue","askUserQuestionAutoResolutionEnabled":true,"modelIoFullRetentionEnabled":false,"optimizeAgentExperienceEnabled":false,"optimizeAgentExperienceMigrationInitialized":true,"enabledBuiltinAgentCliProviders":["glm"],"modelProviderFamilyModes":{"zai":"oauth"},"modelProviderFamilySelectedKeys":{"zai":"coding-plan:builtin:zai-coding-plan"},"providerFamilyDomain":"zai","providerFamilyDomainUpdatedAt":1787116588334,"providerFamilyDomainMigrated":true,"repoSnapshotIndexingEnabled":false,"instantGrepIndexingEnabled":false,"nativeSearchEnhancementsEnabled":true,"memoryEnabled":false,"lastWorkspaceSession":[{"kind":"local","workspacePath":"C:\\Users\\llh04\\Desktop\\小说","workspacePurpose":"project"},{"kind":"local","workspacePath":"D:\\公考","workspacePurpose":"project"},{"kind":"local","workspacePath":"C:\\Users\\llh04\\.zcode\\workspace\\default","workspacePurpose":"conversation"}],"lastActiveTabIndex":0,"receivePreviewUpdates":false,"autoDownloadAndInstallUpdates":true,"skippedElectronUpdateVersions":{},"settingsSyncFirstRunPromptHandled":true}
[2026-08-23 01:37:16.672] [info] [pid:32748] [main] [host-log] (local-1) [host] [2026-08-23 01:37:16.673] [pid:40260] [settingService] write done
[2026-08-23 01:37:16.673] [info] [pid:32748] [main] [host-log] (local-1) [host] [2026-08-23 01:37:16.673] [pid:40260] [zcode-host] [rpc:call] setting.update OK (6.7ms)
[2026-08-23 01:37:16.690] [info] [pid:32748] [main] [host-log] (local-1) [host] [2026-08-23 01:37:16.690] [pid:40260] [zcode-host] [rpc:call] setting.get OK (1.1ms)
[2026-08-23 01:37:16.726] [info] [pid:32748] [main] [host-log] (local-1) [host] [2026-08-23 01:37:16.726] [pid:40260] [zcode-host] [rpc:call] off-peak-task.getCodingPlanSupport OK (15.8ms)
[2026-08-23 01:37:22.688] [info] [pid:32748] [main] [host-log] (local-1) [host] [2026-08-23 01:37:22.688] [pid:40260] [zcode-host] [rpc:call] credential.load OK (0.7ms)
[2026-08-23 01:37:22.689] [info] [pid:32748] [main] [host-log] (local-1) [host] [2026-08-23 01:37:22.688] [pid:40260] [zcode-host] [rpc:call] credential.load OK (0.8ms)
[2026-08-23 01:37:28.582] [info] [pid:32748] [main] [host-log] (local-1) [host] [2026-08-23 01:37:28.582] [pid:40260] [zcode-host] [rpc:call] off-peak-task.list OK (0.2ms)
[2026-08-23 01:37:49.138] [info] [pid:32748] [main] [host-log] (local-1) [host] [2026-08-23 01:37:49.139] [pid:40260] [zcode-host] [rpc:call] credential.load OK (0.5ms)
[2026-08-23 01:37:49.139] [info] [pid:32748] [main] [host-log] (local-1) [host] [2026-08-23 01:37:49.139] [pid:40260] [zcode-host] [rpc:call] credential.load OK (0.6ms)
[2026-08-23 01:37:59.582] [info] [pid:32748] [main] [host-log] (local-1) [host] [2026-08-23 01:37:59.577] [pid:40260] [zcode-host] [rpc:call] off-peak-task.list OK (0.2ms)
[2026-08-23 01:38:23.070] [info] [pid:32748] [main] [host-log] (local-1) [host] [2026-08-23 01:38:23.069] [pid:40260] [zcode-agent-service] provider registry 变更已推送到本地 active workspace {"providerCount":2,"reason":"codingPlanApiKey:builtin:zai-coding-plan","revision":"sha256:dc990ed629f1a66ca2915a9823df7dd3c1eac45221668e4051b03284ecba69b8","workspaceKey":"C:\\Users\\llh04\\Desktop\\小说","workspacePath":"C:\\Users\\llh04\\Desktop\\小说"}
[2026-08-23 01:38:23.071] [info] [pid:32748] [main] [host-log] (local-1) [host] [2026-08-23 01:38:23.069] [pid:40260] [zcode-agent-service] provider registry 变更已推送到本地 active workspace {"providerCount":2,"reason":"codingPlanApiKey:builtin:zai-coding-plan","revision":"sha256:dc990ed629f1a66ca2915a9823df7dd3c1eac45221668e4051b03284ecba69b8","workspaceKey":"D:\\公考\\图形推理详解","workspacePath":"D:\\公考\\图形推理详解"}
[2026-08-23 01:38:23.072] [info] [pid:32748] [main] [host-log] (local-1) [host] [2026-08-23 01:38:23.069] [pid:40260] [zcode-agent-service] provider registry 变更已推送到本地 active workspace {"providerCount":2,"reason":"codingPlanApiKey:builtin:zai-coding-plan","revision":"sha256:dc990ed629f1a66ca2915a9823df7dd3c1eac45221668e4051b03284ecba69b8","workspaceKey":"D:\\公考","workspacePath":"D:\\公考"}
[2026-08-23 01:38:23.371] [info] [pid:32748] [main] [host-log] (local-1) [host] [2026-08-23 01:38:23.369] [pid:40260] [coding-plan-availability] billing/balance 请求完成 {"durationMs":295,"hasActiveStartPlan":true,"msg":"","payload":{"code":0,"msg":"","data":{"server_time":1787420302,"plans":[{"user_plan_id":"upl_2090839276763762688","plan_id":"zcode-v3-start-plan-0821","name":"ZCode Weekend Build","description":"ZCode 周末活动","priority":100,"status":"active","starts_at":1787329904,"ends_at":1787533200,"entitlements":[{"entitlement_id":"ent_wk_0821_glm_5p3","show_name":"GLM-5.3","meter":"model_usage","unit_type":"token","capabilities":["model:glm-5.3"],"grant_units":100000000,"period":"one_time","priority":110}]},{"user_plan_id":"upl_2089944584870027264","plan_id":"zcode-v3-start-plan-0817","name":"ZCode Start Plan","description":"免费 GLM 旗舰模型体验","priority":90,"status":"active","starts_at":1787116592,"ends_at":1787500799,"entitlements":[{"entitlement_id":"ent_2_0817_glm_5p3","show_name":"GLM-5.3","meter":"model_usage","unit_type":"token","capabilities":["model:glm-5.3"],"grant_units":3000000,"period":"daily","priority":110},{"entitlement_id":"ent_2_0817_glm_5turbo","show_name":"GLM-5-Turbo","meter":"model_usage","unit_type":"token","capabilities":["model:GLM-5-Turbo"],"grant_units":2000000,"period":"daily","priority":80}]}],"balances":[{"bucket_id":"bucket_2090839276839260160","user_plan_id":"upl_2090839276763762688","plan_id":"zcode-v3-start-plan-0821","entitlement_id":"ent_wk_0821_glm_5p3","show_name":"GLM-5.3","meter":"model_usage","unit_type":"token","capabilities":["model:glm-5.3"],"priority":110,"plan_priority":100,"entitlement_priority":110,"total_units":100000000,"used_units":99886429,"remaining_units":113571,"available_units":113571,"period_start":1787329904,"period_end":1787533200,"expires_at":1787533200},{"bucket_id":"bucket_2091218082912669696","user_plan_id":"upl_2089944584870027264","plan_id":"zcode-v3-start-plan-0817","entitlement_id":"ent_2_0817_glm_5p3","show_name":"GLM-5.3","meter":"model_usage","unit_type":"token","capabilities":["model:glm-5.3"],"priority":110,"plan_priority":90,"entitlement_priority":110,"total_units":3000000,"used_units":0,"remaining_units":3000000,"available_units":3000000,"period_start":1787414400,"period_end":1787500799,"expires_at":1787500799},{"bucket_id":"bucket_2091218082921058304","user_plan_id":"upl_2089944584870027264","plan_id":"zcode-v3-start-plan-0817","entitlement_id":"ent_2_0817_glm_5turbo","show_name":"GLM-5-Turbo","meter":"model_usage","unit_type":"token","capabilities":["model:GLM-5-Turbo"],"priority":80,"plan_priority":90,"entitlement_priority":80,"total_units":2000000,"used_units":0,"remaining_units":2000000,"available_units":2000000,"period_start":1787414400,"period_end":1787500799,"expires_at":1787500799}]}},"planCount":2,"plans":[{"name":"ZCode Weekend Build","plan_id":"zcode-v3-start-plan-0821","status":"active"},{"name":"ZCode Start Plan","plan_id":"zcode-v3-start-plan-0817","status":"active"}],"providerId":"builtin:zai-start-plan","success":true,"url":"https://zcode.z.ai/api/v1/zcode-plan/billing/balance?app_version=3.8.1","code":0}
[2026-08-23 01:38:25.747] [info] [pid:32748] [main] [host-log] (local-1) [host] [2026-08-23 01:38:25.746] [pid:40260] [zcode-host] [rpc:call] model-provider.refreshCodingPlanApiKey OK (69047.1ms)
[2026-08-23 01:38:25.749] [info] [pid:32748] [main] [host-log] (local-1) [host] [2026-08-23 01:38:25.747] [pid:40260] [zcode-host] [rpc:call] credential.load OK (0.7ms)
[2026-08-23 01:38:25.749] [info] [pid:32748] [main] [host-log] (local-1) [host] [2026-08-23 01:38:25.748] [pid:40260] [zcode-host] [rpc:call] credential.load OK (0.8ms)
[2026-08-23 01:38:25.750] [info] [pid:32748] [main] [host-log] (local-1) [host] [2026-08-23 01:38:25.748] [pid:40260] [zcode-host] [rpc:call] credential.load OK (1.0ms)
[2026-08-23 01:38:25.762] [info] [pid:32748] [main] [host-log] (local-1) [host] [2026-08-23 01:38:25.760] [pid:40260] [zcode-agent-service] provider registry 变更已推送到本地 active workspace {"providerCount":2,"reason":"codingPlanAvailability:builtin:zai-coding-plan","revision":"sha256:dc990ed629f1a66ca2915a9823df7dd3c1eac45221668e4051b03284ecba69b8","workspaceKey":"C:\\Users\\llh04\\Desktop\\小说","workspacePath":"C:\\Users\\llh04\\Desktop\\小说"}
[2026-08-23 01:38:25.762] [info] [pid:32748] [main] [host-log] (local-1) [host] [2026-08-23 01:38:25.760] [pid:40260] [zcode-agent-service] provider registry 变更已推送到本地 active workspace {"providerCount":2,"reason":"codingPlanAvailability:builtin:zai-coding-plan","revision":"sha256:dc990ed629f1a66ca2915a9823df7dd3c1eac45221668e4051b03284ecba69b8","workspaceKey":"D:\\公考\\图形推理详解","workspacePath":"D:\\公考\\图形推理详解"}
[2026-08-23 01:38:25.763] [info] [pid:32748] [main] [host-log] (local-1) [host] [2026-08-23 01:38:25.760] [pid:40260] [zcode-agent-service] provider registry 变更已推送到本地 active workspace {"providerCount":2,"reason":"codingPlanAvailability:builtin:zai-coding-plan","revision":"sha256:dc990ed629f1a66ca2915a9823df7dd3c1eac45221668e4051b03284ecba69b8","workspaceKey":"D:\\公考","workspacePath":"D:\\公考"}
[2026-08-23 01:38:26.069] [info] [pid:32748] [main] [host-log] (local-1) [host] [2026-08-23 01:38:26.068] [pid:40260] [zcode-agent-service] provider registry 变更已推送到本地 active workspace {"providerCount":2,"reason":"getAll","revision":"sha256:dc990ed629f1a66ca2915a9823df7dd3c1eac45221668e4051b03284ecba69b8","workspaceKey":"C:\\Users\\llh04\\Desktop\\小说","workspacePath":"C:\\Users\\llh04\\Desktop\\小说"}
[2026-08-23 01:38:26.070] [info] [pid:32748] [main] [host-log] (local-1) [host] [2026-08-23 01:38:26.068] [pid:40260] [zcode-agent-service] provider registry 变更已推送到本地 active workspace {"providerCount":2,"reason":"getAll","revision":"sha256:dc990ed629f1a66ca2915a9823df7dd3c1eac45221668e4051b03284ecba69b8","workspaceKey":"D:\\公考\\图形推理详解","workspacePath":"D:\\公考\\图形推理详解"}
[2026-08-23 01:38:26.071] [info] [pid:32748] [main] [host-log] (local-1) [host] [2026-08-23 01:38:26.068] [pid:40260] [zcode-agent-service] provider registry 变更已推送到本地 active workspace {"providerCount":2,"reason":"getAll","revision":"sha256:dc990ed629f1a66ca2915a9823df7dd3c1eac45221668e4051b03284ecba69b8","workspaceKey":"D:\\公考","workspacePath":"D:\\公考"}
[2026-08-23 01:38:26.074] [info] [pid:32748] [main] [host-log] (local-1) [host] [2026-08-23 01:38:26.073] [pid:40260] [zcode-host] [rpc:call] model-provider.getAll OK (323.9ms)
[2026-08-23 01:38:26.127] [info] [pid:32748] [main] [host-log] (local-1) [host] [2026-08-23 01:38:26.126] [pid:40260] [zcode-host] [rpc:call] credential.load OK (1.1ms)
[2026-08-23 01:38:26.128] [info] [pid:32748] [main] [host-log] (local-1) [host] [2026-08-23 01:38:26.126] [pid:40260] [zcode-host] [rpc:call] credential.load OK (1.5ms)
[2026-08-23 01:38:26.129] [info] [pid:32748] [main] [host-log] (local-1) [host] [2026-08-23 01:38:26.127] [pid:40260] [zcode-host] [rpc:call] credential.load OK (1.5ms)
[2026-08-23 01:38:26.143] [info] [pid:32748] [main] [host-log] (local-1) [host] [2026-08-23 01:38:26.142] [pid:40260] [usage-stats] 读取 BigModel entitlement 已解析授权上下文 {"preferredProviderId":"builtin:zai-coding-plan","providerId":"builtin:zai-coding-plan","scope":"personal","organizationId":null,"projectId":null}
[2026-08-23 01:38:26.347] [info] [pid:32748] [main] [host-log] (local-1) [host] [2026-08-23 01:38:26.329] [pid:40260] [usage-stats] billing/balance 请求完成 {"balanceCount":3,"balances":[{"entitlement_id":"ent_wk_0821_glm_5p3","show_name":"GLM-5.3","total_units":100000000,"used_units":99886429,"remaining_units":113571,"available_units":113571,"reserved_units":null},{"entitlement_id":"ent_2_0817_glm_5p3","show_name":"GLM-5.3","total_units":3000000,"used_units":0,"remaining_units":3000000,"available_units":3000000,"reserved_units":null},{"entitlement_id":"ent_2_0817_glm_5turbo","show_name":"GLM-5-Turbo","total_units":2000000,"used_units":0,"remaining_units":2000000,"available_units":2000000,"reserved_units":null}],"code":0,"durationMs":153,"msg":"","payload":{"code":0,"msg":"","data":{"server_time":1787420305,"plans":[{"user_plan_id":"upl_2090839276763762688","plan_id":"zcode-v3-start-plan-0821","name":"ZCode Weekend Build","description":"ZCode 周末活动","priority":100,"status":"active","starts_at":1787329904,"ends_at":1787533200,"entitlements":[{"entitlement_id":"ent_wk_0821_glm_5p3","show_name":"GLM-5.3","meter":"model_usage","unit_type":"token","capabilities":["model:glm-5.3"],"grant_units":100000000,"period":"one_time","priority":110}]},{"user_plan_id":"upl_2089944584870027264","plan_id":"zcode-v3-start-plan-0817","name":"ZCode Start Plan","description":"免费 GLM 旗舰模型体验","priority":90,"status":"active","starts_at":1787116592,"ends_at":1787500799,"entitlements":[{"entitlement_id":"ent_2_0817_glm_5p3","show_name":"GLM-5.3","meter":"model_usage","unit_type":"token","capabilities":["model:glm-5.3"],"grant_units":3000000,"period":"daily","priority":110},{"entitlement_id":"ent_2_0817_glm_5turbo","show_name":"GLM-5-Turbo","meter":"model_usage","unit_type":"token","capabilities":["model:GLM-5-Turbo"],"grant_units":2000000,"period":"daily","priority":80}]}],"balances":[{"bucket_id":"bucket_2090839276839260160","user_plan_id":"upl_2090839276763762688","plan_id":"zcode-v3-start-plan-0821","entitlement_id":"ent_wk_0821_glm_5p3","show_name":"GLM-5.3","meter":"model_usage","unit_type":"token","capabilities":["model:glm-5.3"],"priority":110,"plan_priority":100,"entitlement_priority":110,"total_units":100000000,"used_units":99886429,"remaining_units":113571,"available_units":113571,"period_start":1787329904,"period_end":1787533200,"expires_at":1787533200},{"bucket_id":"bucket_2091218082912669696","user_plan_id":"upl_2089944584870027264","plan_id":"zcode-v3-start-plan-0817","entitlement_id":"ent_2_0817_glm_5p3","show_name":"GLM-5.3","meter":"model_usage","unit_type":"token","capabilities":["model:glm-5.3"],"priority":110,"plan_priority":90,"entitlement_priority":110,"total_units":3000000,"used_units":0,"remaining_units":3000000,"available_units":3000000,"period_start":1787414400,"period_end":1787500799,"expires_at":1787500799},{"bucket_id":"bucket_2091218082921058304","user_plan_id":"upl_2089944584870027264","plan_id":"zcode-v3-start-plan-0817","entitlement_id":"ent_2_0817_glm_5turbo","show_name":"GLM-5-Turbo","meter":"model_usage","unit_type":"token","capabilities":["model:GLM-5-Turbo"],"priority":80,"plan_priority":90,"entitlement_priority":80,"total_units":2000000,"used_units":0,"remaining_units":2000000,"available_units":2000000,"period_start":1787414400,"period_end":1787500799,"expires_at":1787500799}]}},"planCount":2,"plans":[{"name":"ZCode Weekend Build","plan_id":"zcode-v3-start-plan-0821","status":"active"},{"name":"ZCode Start Plan","plan_id":"zcode-v3-start-plan-0817","status":"active"}],"providerId":"builtin:zai-start-plan","success":true,"url":"https://zcode.z.ai/api/v1/zcode-plan/billing/balance?app_version=3.8.1"}
[2026-08-23 01:38:26.348] [info] [pid:32748] [main] [host-log] (local-1) [host] [2026-08-23 01:38:26.329] [pid:40260] [zcode-host] [rpc:call] usage-stats.getEntitlementSnapshot OK (203.5ms)
[2026-08-23 01:38:26.799] [info] [pid:32748] [main] [host-log] (local-1) [host] [2026-08-23 01:38:26.798] [pid:40260] [zcode-host] [rpc:call] usage-stats.getEntitlementSnapshot OK (672.3ms)
[2026-08-23 01:38:29.576] [info] [pid:32748] [main] [host-log] (local-1) [host] [2026-08-23 01:38:29.574] [pid:40260] [zcode-host] [rpc:call] off-peak-task.list OK (0.1ms)
[2026-08-23 01:38:59.574] [info] [pid:32748] [main] [host-log] (local-1) [host] [2026-08-23 01:38:59.573] [pid:40260] [zcode-host] [rpc:call] off-peak-task.list OK (0.2ms)
[2026-08-23 01:39:08.331] [info] [pid:32748] [main] [host-log] (local-1) [host] [2026-08-23 01:39:08.331] [pid:40260] [settingService] writing settings to: C:\Users\llh04\.zcode\v2\setting.json {"recentProjects":["C:\\Users\\llh04\\Desktop\\小说","D:\\公考","D:\\公考\\图形推理详解"],"locale":"zh-CN","localePreference":"zh-CN","terminalInheritSystemProfile":true,"embeddedBrowserAllowInsecureCertificates":false,"taskAutoArchiveEnabled":false,"taskAutoArchiveOlderThanDays":7,"closeToTrayOnWindows":true,"closeToTrayOnWindowsMigrationInitialized":true,"keepAwakeWhileRunning":false,"desktopWindowSize":{"width":1200,"height":800,"maximized":false},"desktopChromiumHardwareAccelerationEnabled":true,"messageStreamShowReasoning":false,"messageStreamShowTodos":false,"toolGroupingExploreEnabled":true,"toolGroupingTerminalEnabled":true,"toolGroupingChangesEnabled":false,"zcodeInteractionBehavior":"queue","askUserQuestionAutoResolutionEnabled":true,"modelIoFullRetentionEnabled":false,"optimizeAgentExperienceEnabled":false,"optimizeAgentExperienceMigrationInitialized":true,"enabledBuiltinAgentCliProviders":["glm"],"modelProviderFamilyModes":{"zai":"oauth"},"modelProviderFamilySelectedKeys":{"zai":"coding-plan:builtin:zai-coding-plan"},"providerFamilyDomain":"zai","providerFamilyDomainUpdatedAt":1787116588334,"providerFamilyDomainMigrated":true,"repoSnapshotIndexingEnabled":false,"instantGrepIndexingEnabled":false,"nativeSearchEnhancementsEnabled":true,"memoryEnabled":false,"lastWorkspaceSession":[{"kind":"local","workspacePath":"C:\\Users\\llh04\\Desktop\\小说","workspacePurpose":"project"},{"kind":"local","workspacePath":"D:\\公考","workspacePurpose":"project"},{"kind":"local","workspacePath":"C:\\Users\\llh04\\.zcode\\workspace\\default","workspacePurpose":"conversation"}],"lastActiveTabIndex":0,"receivePreviewUpdates":false,"autoDownloadAndInstallUpdates":true,"skippedElectronUpdateVersions":{},"settingsSyncFirstRunPromptHandled":true}
[2026-08-23 01:39:08.334] [info] [pid:32748] [main] [host-log] (local-1) [host] [2026-08-23 01:39:08.334] [pid:40260] [settingService] write done
[2026-08-23 01:39:08.335] [info] [pid:32748] [main] [host-log] (local-1) [host] [2026-08-23 01:39:08.335] [pid:40260] [zcode-host] [rpc:call] setting.update OK (5.1ms)
[2026-08-23 01:39:29.576] [info] [pid:32748] [main] [host-log] (local-1) [host] [2026-08-23 01:39:29.575] [pid:40260] [zcode-host] [rpc:call] off-peak-task.list OK (0.3ms)
[2026-08-23 01:39:59.579] [info] [pid:32748] [main] [host-log] (local-1) [host] [2026-08-23 01:39:59.578] [pid:40260] [zcode-host] [rpc:call] off-peak-task.list OK (0.2ms)
[2026-08-23 01:40:34.586] [info] [pid:32748] [main] [host-log] (local-1) [host] [2026-08-23 01:40:34.585] [pid:40260] [zcode-host] [rpc:call] off-peak-task.list OK (0.3ms)
[2026-08-23 01:41:34.581] [info] [pid:32748] [main] [host-log] (local-1) [host] [2026-08-23 01:41:34.579] [pid:40260] [zcode-host] [rpc:call] off-peak-task.list OK (0.2ms)
[2026-08-23 01:41:39.315] [info] [pid:32748] [main] [host-log] (local-1) [host] [2026-08-23 01:41:39.314] [pid:40260] [zcode-host] [rpc:call] coding-plan-subscription.getStaticTeamProducts OK (0.1ms)
[2026-08-23 01:41:39.317] [info] [pid:32748] [main] [host-log] (local-1) [host] [2026-08-23 01:41:39.316] [pid:40260] [zcode-host] [rpc:call] coding-plan-subscription.getStaticTeamProducts OK (0.0ms)
[2026-08-23 01:41:39.318] [info] [pid:32748] [main] [host-log] (local-1) [host] [2026-08-23 01:41:39.316] [pid:40260] [zcode-host] [rpc:call] system.info OK (0.0ms)
[2026-08-23 01:41:39.318] [info] [pid:32748] [main] [host-log] (local-1) [host] [2026-08-23 01:41:39.317] [pid:40260] [zcode-host] [rpc:call] setting.get OK (3.0ms)
[2026-08-23 01:41:39.319] [info] [pid:32748] [main] [host-log] (local-1) [host] [2026-08-23 01:41:39.317] [pid:40260] [zcode-host] [rpc:call] credential.load OK (2.0ms)
[2026-08-23 01:41:39.320] [info] [pid:32748] [main] [host-log] (local-1) [host] [2026-08-23 01:41:39.319] [pid:40260] [zcode-host] [rpc:call] credential.load OK (3.6ms)
[2026-08-23 01:41:39.320] [info] [pid:32748] [main] [host-log] (local-1) [host] [2026-08-23 01:41:39.319] [pid:40260] [zcode-host] [rpc:call] credential.load OK (3.6ms)
[2026-08-23 01:41:39.321] [info] [pid:32748] [main] [host-log] (local-1) [host] [2026-08-23 01:41:39.319] [pid:40260] [zcode-host] [rpc:call] setting.get OK (3.3ms)
[2026-08-23 01:41:39.329] [info] [pid:32748] [main] [host-log] (local-1) [host] [2026-08-23 01:41:39.328] [pid:40260] [usage-stats] 读取 BigModel entitlement 已解析授权上下文 {"preferredProviderId":"builtin:zai-coding-plan","providerId":"builtin:zai-coding-plan","scope":"personal","organizationId":null,"projectId":null}
[2026-08-23 01:41:39.355] [info] [pid:32748] [main] [host-log] (local-1) [host] [2026-08-23 01:41:39.353] [pid:40260] [zcode-host] [rpc:call] system.listIntegratedTerminalShells OK (6.3ms)
[2026-08-23 01:41:39.362] [info] [pid:32748] [main] [host-log] (local-1) [host] [2026-08-23 01:41:39.361] [pid:40260] [zcode-host] [rpc:call] coding-plan-subscription.getStaticTeamProducts OK (0.0ms)
[2026-08-23 01:41:39.605] [info] [pid:32748] [main] [host-log] (local-1) [host] [2026-08-23 01:41:39.603] [pid:40260] [settingService] writing settings to: C:\Users\llh04\.zcode\v2\setting.json {"recentProjects":["C:\\Users\\llh04\\Desktop\\小说","D:\\公考","D:\\公考\\图形推理详解"],"locale":"zh-CN","localePreference":"zh-CN","terminalInheritSystemProfile":true,"embeddedBrowserAllowInsecureCertificates":false,"taskAutoArchiveEnabled":false,"taskAutoArchiveOlderThanDays":7,"closeToTrayOnWindows":true,"closeToTrayOnWindowsMigrationInitialized":true,"keepAwakeWhileRunning":false,"desktopWindowSize":{"width":1200,"height":800,"maximized":false},"desktopChromiumHardwareAccelerationEnabled":true,"messageStreamShowReasoning":false,"messageStreamShowTodos":false,"toolGroupingExploreEnabled":true,"toolGroupingTerminalEnabled":true,"toolGroupingChangesEnabled":false,"zcodeInteractionBehavior":"queue","askUserQuestionAutoResolutionEnabled":true,"modelIoFullRetentionEnabled":false,"optimizeAgentExperienceEnabled":false,"optimizeAgentExperienceMigrationInitialized":true,"enabledBuiltinAgentCliProviders":["glm"],"modelProviderFamilyModes":{"zai":"oauth"},"modelProviderFamilySelectedKeys":{"zai":"coding-plan:builtin:zai-coding-plan"},"providerFamilyDomain":"zai","providerFamilyDomainUpdatedAt":1787116588334,"providerFamilyDomainMigrated":true,"repoSnapshotIndexingEnabled":false,"instantGrepIndexingEnabled":false,"nativeSearchEnhancementsEnabled":true,"memoryEnabled":false,"lastWorkspaceSession":[{"kind":"local","workspacePath":"C:\\Users\\llh04\\Desktop\\小说","workspacePurpose":"project"},{"kind":"local","workspacePath":"D:\\公考","workspacePurpose":"project"},{"kind":"local","workspacePath":"C:\\Users\\llh04\\.zcode\\workspace\\default","workspacePurpose":"conversation"}],"lastActiveTabIndex":0,"receivePreviewUpdates":false,"autoDownloadAndInstallUpdates":true,"skippedElectronUpdateVersions":{},"settingsSyncFirstRunPromptHandled":true}
[2026-08-23 01:41:39.608] [info] [pid:32748] [main] [host-log] (local-1) [host] [2026-08-23 01:41:39.607] [pid:40260] [settingService] write done
[2026-08-23 01:41:39.609] [info] [pid:32748] [main] [host-log] (local-1) [host] [2026-08-23 01:41:39.607] [pid:40260] [zcode-host] [rpc:call] setting.update OK (4.7ms)
[2026-08-23 01:41:39.637] [info] [pid:32748] [main] [host-log] (local-1) [host] [2026-08-23 01:41:39.635] [pid:40260] [usage-stats] billing/balance 请求完成 {"balanceCount":3,"balances":[{"entitlement_id":"ent_wk_0821_glm_5p3","show_name":"GLM-5.3","total_units":100000000,"used_units":99886429,"remaining_units":113571,"available_units":113571,"reserved_units":null},{"entitlement_id":"ent_2_0817_glm_5p3","show_name":"GLM-5.3","total_units":3000000,"used_units":0,"remaining_units":3000000,"available_units":3000000,"reserved_units":null},{"entitlement_id":"ent_2_0817_glm_5turbo","show_name":"GLM-5-Turbo","total_units":2000000,"used_units":0,"remaining_units":2000000,"available_units":2000000,"reserved_units":null}],"code":0,"durationMs":278,"msg":"","payload":{"code":0,"msg":"","data":{"server_time":1787420499,"plans":[{"user_plan_id":"upl_2090839276763762688","plan_id":"zcode-v3-start-plan-0821","name":"ZCode Weekend Build","description":"ZCode 周末活动","priority":100,"status":"active","starts_at":1787329904,"ends_at":1787533200,"entitlements":[{"entitlement_id":"ent_wk_0821_glm_5p3","show_name":"GLM-5.3","meter":"model_usage","unit_type":"token","capabilities":["model:glm-5.3"],"grant_units":100000000,"period":"one_time","priority":110}]},{"user_plan_id":"upl_2089944584870027264","plan_id":"zcode-v3-start-plan-0817","name":"ZCode Start Plan","description":"免费 GLM 旗舰模型体验","priority":90,"status":"active","starts_at":1787116592,"ends_at":1787500799,"entitlements":[{"entitlement_id":"ent_2_0817_glm_5p3","show_name":"GLM-5.3","meter":"model_usage","unit_type":"token","capabilities":["model:glm-5.3"],"grant_units":3000000,"period":"daily","priority":110},{"entitlement_id":"ent_2_0817_glm_5turbo","show_name":"GLM-5-Turbo","meter":"model_usage","unit_type":"token","capabilities":["model:GLM-5-Turbo"],"grant_units":2000000,"period":"daily","priority":80}]}],"balances":[{"bucket_id":"bucket_2090839276839260160","user_plan_id":"upl_2090839276763762688","plan_id":"zcode-v3-start-plan-0821","entitlement_id":"ent_wk_0821_glm_5p3","show_name":"GLM-5.3","meter":"model_usage","unit_type":"token","capabilities":["model:glm-5.3"],"priority":110,"plan_priority":100,"entitlement_priority":110,"total_units":100000000,"used_units":99886429,"remaining_units":113571,"available_units":113571,"period_start":1787329904,"period_end":1787533200,"expires_at":1787533200},{"bucket_id":"bucket_2091218082912669696","user_plan_id":"upl_2089944584870027264","plan_id":"zcode-v3-start-plan-0817","entitlement_id":"ent_2_0817_glm_5p3","show_name":"GLM-5.3","meter":"model_usage","unit_type":"token","capabilities":["model:glm-5.3"],"priority":110,"plan_priority":90,"entitlement_priority":110,"total_units":3000000,"used_units":0,"remaining_units":3000000,"available_units":3000000,"period_start":1787414400,"period_end":1787500799,"expires_at":1787500799},{"bucket_id":"bucket_2091218082921058304","user_plan_id":"upl_2089944584870027264","plan_id":"zcode-v3-start-plan-0817","entitlement_id":"ent_2_0817_glm_5turbo","show_name":"GLM-5-Turbo","meter":"model_usage","unit_type":"token","capabilities":["model:GLM-5-Turbo"],"priority":80,"plan_priority":90,"entitlement_priority":80,"total_units":2000000,"used_units":0,"remaining_units":2000000,"available_units":2000000,"period_start":1787414400,"period_end":1787500799,"expires_at":1787500799}]}},"planCount":2,"plans":[{"name":"ZCode Weekend Build","plan_id":"zcode-v3-start-plan-0821","status":"active"},{"name":"ZCode Start Plan","plan_id":"zcode-v3-start-plan-0817","status":"active"}],"providerId":"builtin:zai-start-plan","success":true,"url":"https://zcode.z.ai/api/v1/zcode-plan/billing/balance?app_version=3.8.1"}
[2026-08-23 01:41:39.638] [info] [pid:32748] [main] [host-log] (local-1) [host] [2026-08-23 01:41:39.636] [pid:40260] [zcode-host] [rpc:call] usage-stats.getEntitlementSnapshot OK (303.4ms)
[2026-08-23 01:41:39.935] [info] [pid:32748] [main] [host-log] (local-1) [host] [2026-08-23 01:41:39.934] [pid:40260] [zcode-host] [rpc:call] usage-stats.getEntitlementSnapshot OK (619.2ms)
[2026-08-23 01:41:40.028] [info] [pid:32748] [main] [host-log] (local-1) [host] [2026-08-23 01:41:40.027] [pid:40260] [zcode-host] [rpc:call] coding-plan-subscription.getEnterprisePricing OK (665.8ms)
[2026-08-23 01:41:40.669] [info] [pid:32748] [main] [host-log] (local-1) [host] [2026-08-23 01:41:40.667] [pid:40260] [zcode-host] [rpc:call] coding-plan-subscription.getEnterprisePricing OK (1351.4ms)
[2026-08-23 01:41:40.932] [info] [pid:32748] [main] [host-log] (local-1) [host] [2026-08-23 01:41:40.930] [pid:40260] [zcode-host] [rpc:call] system.probeIntranet OK (1614.9ms)
[2026-08-23 01:41:44.594] [info] [pid:32748] [main] [host-log] (local-1) [host] [2026-08-23 01:41:44.593] [pid:40260] [settingService] writing settings to: C:\Users\llh04\.zcode\v2\setting.json {"recentProjects":["C:\\Users\\llh04\\Desktop\\小说","D:\\公考","D:\\公考\\图形推理详解"],"locale":"zh-CN","localePreference":"zh-CN","terminalInheritSystemProfile":true,"embeddedBrowserAllowInsecureCertificates":false,"taskAutoArchiveEnabled":false,"taskAutoArchiveOlderThanDays":7,"closeToTrayOnWindows":true,"closeToTrayOnWindowsMigrationInitialized":true,"keepAwakeWhileRunning":false,"desktopWindowSize":{"width":1200,"height":800,"maximized":false},"desktopChromiumHardwareAccelerationEnabled":true,"messageStreamShowReasoning":false,"messageStreamShowTodos":false,"toolGroupingExploreEnabled":true,"toolGroupingTerminalEnabled":true,"toolGroupingChangesEnabled":false,"zcodeInteractionBehavior":"queue","askUserQuestionAutoResolutionEnabled":true,"modelIoFullRetentionEnabled":false,"optimizeAgentExperienceEnabled":false,"optimizeAgentExperienceMigrationInitialized":true,"enabledBuiltinAgentCliProviders":["glm"],"modelProviderFamilyModes":{"zai":"oauth"},"modelProviderFamilySelectedKeys":{"zai":"coding-plan:builtin:zai-start-plan"},"providerFamilyDomain":"zai","providerFamilyDomainUpdatedAt":1787116588334,"providerFamilyDomainMigrated":true,"repoSnapshotIndexingEnabled":false,"instantGrepIndexingEnabled":false,"nativeSearchEnhancementsEnabled":true,"memoryEnabled":false,"lastWorkspaceSession":[{"kind":"local","workspacePath":"C:\\Users\\llh04\\Desktop\\小说","workspacePurpose":"project"},{"kind":"local","workspacePath":"D:\\公考","workspacePurpose":"project"},{"kind":"local","workspacePath":"C:\\Users\\llh04\\.zcode\\workspace\\default","workspacePurpose":"conversation"}],"lastActiveTabIndex":0,"receivePreviewUpdates":false,"autoDownloadAndInstallUpdates":true,"skippedElectronUpdateVersions":{},"settingsSyncFirstRunPromptHandled":true}
[2026-08-23 01:41:44.600] [info] [pid:32748] [main] [host-log] (local-1) [host] [2026-08-23 01:41:44.598] [pid:40260] [settingService] write done
[2026-08-23 01:41:44.601] [info] [pid:32748] [main] [host-log] (local-1) [host] [2026-08-23 01:41:44.598] [pid:40260] [zcode-host] [rpc:call] setting.update OK (6.1ms)
[2026-08-23 01:41:44.620] [info] [pid:32748] [main] [host-log] (local-1) [host] [2026-08-23 01:41:44.618] [pid:40260] [zcode-host] [rpc:call] setting.get OK (0.9ms)
[2026-08-23 01:41:44.643] [info] [pid:32748] [main] [host-log] (local-1) [host] [2026-08-23 01:41:44.642] [pid:40260] [zcode-host] [rpc:call] off-peak-task.getCodingPlanSupport OK (0.5ms)
[2026-08-23 01:41:49.834] [info] [pid:32748] [main] [host-log] (local-1) [host] [2026-08-23 01:41:49.833] [pid:40260] [zcode-agent-service] provider registry 变更已推送到本地 active workspace {"providerCount":2,"reason":"codingPlanApiKey:builtin:zai-start-plan","revision":"sha256:dc990ed629f1a66ca2915a9823df7dd3c1eac45221668e4051b03284ecba69b8","workspaceKey":"C:\\Users\\llh04\\Desktop\\小说","workspacePath":"C:\\Users\\llh04\\Desktop\\小说"}
[2026-08-23 01:41:49.835] [info] [pid:32748] [main] [host-log] (local-1) [host] [2026-08-23 01:41:49.833] [pid:40260] [zcode-agent-service] provider registry 变更已推送到本地 active workspace {"providerCount":2,"reason":"codingPlanApiKey:builtin:zai-start-plan","revision":"sha256:dc990ed629f1a66ca2915a9823df7dd3c1eac45221668e4051b03284ecba69b8","workspaceKey":"D:\\公考\\图形推理详解","workspacePath":"D:\\公考\\图形推理详解"}
[2026-08-23 01:41:49.836] [info] [pid:32748] [main] [host-log] (local-1) [host] [2026-08-23 01:41:49.833] [pid:40260] [zcode-agent-service] provider registry 变更已推送到本地 active workspace {"providerCount":2,"reason":"codingPlanApiKey:builtin:zai-start-plan","revision":"sha256:dc990ed629f1a66ca2915a9823df7dd3c1eac45221668e4051b03284ecba69b8","workspaceKey":"D:\\公考","workspacePath":"D:\\公考"}
[2026-08-23 01:41:49.938] [warn] [pid:32748] [main] [host-log] (local-1) [host] [2026-08-23 01:41:49.932] [pid:40260] [zcode-host] [rpc:call] coding-plan-subscription.getEnterprisePricing FAIL (10617.4ms) {"name":"ApiError","message":"fetch failed","stack":"ApiError: fetch failed\n    at NodeApiClient.request (file:///D:/zcode/resources/app.asar/out/host/index.js:1171:109087)\n    at process.processTicksAndRejections (node:internal/process/task_queues:104:5)\n    at async readApiJson (file:///D:/zcode/resources/app.asar/out/host/index.js:1171:28258)\n    at async readCodingPlanApiJson (file:///D:/zcode/resources/app.asar/out/host/index.js:1173:25178)\n    at async fw.get (file:///D:/zcode/resources/app.asar/out/host/index.js:1173:14160)\n    at async fw.getEnterprisePricing (file:///D:/zcode/resources/app.asar/out/host/index.js:1173:12773)\n    at async NetworkTelemetryServerChannel.call (file:///D:/zcode/resources/app.asar/out/host/chunk-LVLFJXEE.js:3:3483)\n    at async LoggingServerChannel.call (file:///D:/zcode/resources/app.asar/out/host/chunk-LVLFJXEE.js:3:1922)","cause":{"name":"TypeError","message":"fetch failed","stack":"TypeError: fetch failed","cause":{"name":"ConnectTimeoutError","message":"Connect Timeout Error (attempted addresses: 240b:4001:139:8a07:29fd:7040:94f2:9f7d:443, 8.217.233.95:443, 240b:4001:139:8a02:1afd:7a1e:4bb1:52d6:443, 8.217.100.151:443, timeout: 10000ms)","stack":"ConnectTimeoutError: Connect Timeout Error (attempted addresses: 240b:4001:139:8a07:29fd:7040:94f2:9f7d:443, 8.217.233.95:443, 240b:4001:139:8a02:1afd:7a1e:4bb1:52d6:443, 8.217.100.151:443, timeout: 10000ms)\n    at onConnectTimeout (node:internal/deps/undici/undici:1936:23)\n    at Immediate._onImmediate (node:internal/deps/undici/undici:1902:35)\n    at process.processImmediate (node:internal/timers:504:21)"}}}
[2026-08-23 01:41:49.980] [info] [pid:32748] [main] [host-log] (local-1) [host] [2026-08-23 01:41:49.977] [pid:40260] [coding-plan-availability] billing/balance 请求完成 {"durationMs":140,"hasActiveStartPlan":true,"msg":"","payload":{"code":0,"msg":"","data":{"server_time":1787420509,"plans":[{"user_plan_id":"upl_2090839276763762688","plan_id":"zcode-v3-start-plan-0821","name":"ZCode Weekend Build","description":"ZCode 周末活动","priority":100,"status":"active","starts_at":1787329904,"ends_at":1787533200,"entitlements":[{"entitlement_id":"ent_wk_0821_glm_5p3","show_name":"GLM-5.3","meter":"model_usage","unit_type":"token","capabilities":["model:glm-5.3"],"grant_units":100000000,"period":"one_time","priority":110}]},{"user_plan_id":"upl_2089944584870027264","plan_id":"zcode-v3-start-plan-0817","name":"ZCode Start Plan","description":"免费 GLM 旗舰模型体验","priority":90,"status":"active","starts_at":1787116592,"ends_at":1787500799,"entitlements":[{"entitlement_id":"ent_2_0817_glm_5p3","show_name":"GLM-5.3","meter":"model_usage","unit_type":"token","capabilities":["model:glm-5.3"],"grant_units":3000000,"period":"daily","priority":110},{"entitlement_id":"ent_2_0817_glm_5turbo","show_name":"GLM-5-Turbo","meter":"model_usage","unit_type":"token","capabilities":["model:GLM-5-Turbo"],"grant_units":2000000,"period":"daily","priority":80}]}],"balances":[{"bucket_id":"bucket_2090839276839260160","user_plan_id":"upl_2090839276763762688","plan_id":"zcode-v3-start-plan-0821","entitlement_id":"ent_wk_0821_glm_5p3","show_name":"GLM-5.3","meter":"model_usage","unit_type":"token","capabilities":["model:glm-5.3"],"priority":110,"plan_priority":100,"entitlement_priority":110,"total_units":100000000,"used_units":99886429,"remaining_units":113571,"available_units":113571,"period_start":1787329904,"period_end":1787533200,"expires_at":1787533200},{"bucket_id":"bucket_2091218082912669696","user_plan_id":"upl_2089944584870027264","plan_id":"zcode-v3-start-plan-0817","entitlement_id":"ent_2_0817_glm_5p3","show_name":"GLM-5.3","meter":"model_usage","unit_type":"token","capabilities":["model:glm-5.3"],"priority":110,"plan_priority":90,"entitlement_priority":110,"total_units":3000000,"used_units":0,"remaining_units":3000000,"available_units":3000000,"period_start":1787414400,"period_end":1787500799,"expires_at":1787500799},{"bucket_id":"bucket_2091218082921058304","user_plan_id":"upl_2089944584870027264","plan_id":"zcode-v3-start-plan-0817","entitlement_id":"ent_2_0817_glm_5turbo","show_name":"GLM-5-Turbo","meter":"model_usage","unit_type":"token","capabilities":["model:GLM-5-Turbo"],"priority":80,"plan_priority":90,"entitlement_priority":80,"total_units":2000000,"used_units":0,"remaining_units":2000000,"available_units":2000000,"period_start":1787414400,"period_end":1787500799,"expires_at":1787500799}]}},"planCount":2,"plans":[{"name":"ZCode Weekend Build","plan_id":"zcode-v3-start-plan-0821","status":"active"},{"name":"ZCode Start Plan","plan_id":"zcode-v3-start-plan-0817","status":"active"}],"providerId":"builtin:zai-start-plan","success":true,"url":"https://zcode.z.ai/api/v1/zcode-plan/billing/balance?app_version=3.8.1","code":0}
[2026-08-23 01:41:50.095] [info] [pid:32748] [main] [host-log] (local-1) [host] [2026-08-23 01:41:50.094] [pid:40260] [zcode-host] [rpc:call] model-provider.refreshCodingPlanApiKey OK (5464.3ms)
[2026-08-23 01:41:50.097] [info] [pid:32748] [main] [host-log] (local-1) [host] [2026-08-23 01:41:50.096] [pid:40260] [zcode-host] [rpc:call] credential.load OK (0.7ms)
[2026-08-23 01:41:50.097] [info] [pid:32748] [main] [host-log] (local-1) [host] [2026-08-23 01:41:50.096] [pid:40260] [zcode-host] [rpc:call] credential.load OK (1.1ms)
[2026-08-23 01:41:50.097] [info] [pid:32748] [main] [host-log] (local-1) [host] [2026-08-23 01:41:50.096] [pid:40260] [zcode-host] [rpc:call] credential.load OK (1.1ms)
[2026-08-23 01:41:50.110] [info] [pid:32748] [main] [host-log] (local-1) [host] [2026-08-23 01:41:50.109] [pid:40260] [zcode-agent-service] provider registry 变更已推送到本地 active workspace {"providerCount":2,"reason":"codingPlanAvailability:builtin:zai-start-plan","revision":"sha256:dc990ed629f1a66ca2915a9823df7dd3c1eac45221668e4051b03284ecba69b8","workspaceKey":"C:\\Users\\llh04\\Desktop\\小说","workspacePath":"C:\\Users\\llh04\\Desktop\\小说"}
[2026-08-23 01:41:50.111] [info] [pid:32748] [main] [host-log] (local-1) [host] [2026-08-23 01:41:50.109] [pid:40260] [zcode-agent-service] provider registry 变更已推送到本地 active workspace {"providerCount":2,"reason":"codingPlanAvailability:builtin:zai-start-plan","revision":"sha256:dc990ed629f1a66ca2915a9823df7dd3c1eac45221668e4051b03284ecba69b8","workspaceKey":"D:\\公考\\图形推理详解","workspacePath":"D:\\公考\\图形推理详解"}
[2026-08-23 01:41:50.112] [info] [pid:32748] [main] [host-log] (local-1) [host] [2026-08-23 01:41:50.109] [pid:40260] [zcode-agent-service] provider registry 变更已推送到本地 active workspace {"providerCount":2,"reason":"codingPlanAvailability:builtin:zai-start-plan","revision":"sha256:dc990ed629f1a66ca2915a9823df7dd3c1eac45221668e4051b03284ecba69b8","workspaceKey":"D:\\公考","workspacePath":"D:\\公考"}
[2026-08-23 01:41:50.328] [info] [pid:32748] [main] [host-log] (local-1) [host] [2026-08-23 01:41:50.327] [pid:40260] [zcode-agent-service] provider registry 变更已推送到本地 active workspace {"providerCount":2,"reason":"getAll","revision":"sha256:dc990ed629f1a66ca2915a9823df7dd3c1eac45221668e4051b03284ecba69b8","workspaceKey":"C:\\Users\\llh04\\Desktop\\小说","workspacePath":"C:\\Users\\llh04\\Desktop\\小说"}
[2026-08-23 01:41:50.329] [info] [pid:32748] [main] [host-log] (local-1) [host] [2026-08-23 01:41:50.327] [pid:40260] [zcode-agent-service] provider registry 变更已推送到本地 active workspace {"providerCount":2,"reason":"getAll","revision":"sha256:dc990ed629f1a66ca2915a9823df7dd3c1eac45221668e4051b03284ecba69b8","workspaceKey":"D:\\公考\\图形推理详解","workspacePath":"D:\\公考\\图形推理详解"}
[2026-08-23 01:41:50.330] [info] [pid:32748] [main] [host-log] (local-1) [host] [2026-08-23 01:41:50.327] [pid:40260] [zcode-agent-service] provider registry 变更已推送到本地 active workspace {"providerCount":2,"reason":"getAll","revision":"sha256:dc990ed629f1a66ca2915a9823df7dd3c1eac45221668e4051b03284ecba69b8","workspaceKey":"D:\\公考","workspacePath":"D:\\公考"}
[2026-08-23 01:41:50.330] [info] [pid:32748] [main] [host-log] (local-1) [host] [2026-08-23 01:41:50.329] [pid:40260] [zcode-host] [rpc:call] model-provider.getAll OK (232.8ms)
[2026-08-23 01:41:50.346] [info] [pid:32748] [main] [host-log] (local-1) [host] [2026-08-23 01:41:50.345] [pid:40260] [zcode-host] [rpc:call] credential.load OK (0.5ms)
[2026-08-23 01:41:50.347] [info] [pid:32748] [main] [host-log] (local-1) [host] [2026-08-23 01:41:50.346] [pid:40260] [zcode-host] [rpc:call] credential.load OK (0.5ms)
[2026-08-23 01:41:50.348] [info] [pid:32748] [main] [host-log] (local-1) [host] [2026-08-23 01:41:50.346] [pid:40260] [zcode-host] [rpc:call] credential.load OK (0.7ms)
[2026-08-23 01:41:56.895] [info] [pid:32748] [main] [resource] perf_resource window flushed
[2026-08-23 01:41:56.922] [info] [pid:32748] [main] [network] perf_network flushed interfaces=41
[2026-08-23 01:41:58.064] [info] [pid:32748] [main] [host-log] (local-1) [host] [2026-08-23 01:41:58.063] [pid:40260] [zcode-host] [rpc:call] usage-stats.getAppUsageSnapshot OK (41.0ms)
[2026-08-23 01:41:58.065] [info] [pid:32748] [main] [host-log] (local-1) [host] [2026-08-23 01:41:58.064] [pid:40260] [zcode-host] [rpc:call] usage-stats.getAppUsageSnapshot OK (41.3ms)
[2026-08-23 01:41:58.590] [info] [pid:32748] [main] [host-log] (local-1) [host] [2026-08-23 01:41:58.589] [pid:40260] [zcode-host] [rpc:call] off-peak-task.list OK (0.2ms)
[2026-08-23 01:42:28.587] [info] [pid:32748] [main] [host-log] (local-1) [host] [2026-08-23 01:42:28.585] [pid:40260] [zcode-host] [rpc:call] off-peak-task.list OK (0.2ms)
[2026-08-23 01:42:58.587] [info] [pid:32748] [main] [host-log] (local-1) [host] [2026-08-23 01:42:58.585] [pid:40260] [zcode-host] [rpc:call] off-peak-task.list OK (0.3ms)
[2026-08-23 01:43:02.487] [info] [pid:32748] [main] [app-quit] explicit quit requested (tray-quit)
[2026-08-23 01:43:02.488] [info] [pid:32748] [main] [app-quit] forceQuit enabled (app-before-quit)
[2026-08-23 01:43:02.488] [info] [pid:32748] [main] [stability] perf_app_exit reported {"scene":"app_quit","exitCode":0}
[2026-08-23 01:43:02.488] [info] [pid:32748] [main] [app-quit] waiting for host process cleanup (app-before-quit), kind=normal, hosts=1, forceKillDelayMs=4000, waitTimeoutMs=4500
[2026-08-23 01:43:02.502] [info] [pid:32748] [main] [disposeHostProcess] disposing host process (app-before-quit-1), pid=40260
[2026-08-23 01:43:02.522] [info] [pid:32748] [main] [host-log] (local-1) [host] [2026-08-23 01:43:02.503] [pid:40260] [zcode-host] disposing host resources, reason=parent dispose
[2026-08-23 01:43:02.524] [info] [pid:32748] [main] [cron-scheduler] scheduler process exited code=0
[2026-08-23 01:43:02.529] [warn] [pid:32748] [main] [host-log] (local-1) [host] [2026-08-23 01:43:02.510] [pid:40260] [zcode-task-index-syncer] 清理 task index sessions-index 订阅失败 workspace=C:\Users\llh04\Desktop\小说 {"name":"Error","message":"ZCode Protocol client is disposed","stack":"Error: ZCode Protocol client is disposed\n    at ZCodeProtocolClient.assertNotDisposed (file:///D:/zcode/resources/app.asar/out/host/index.js:1005:13037)\n    at ZCodeProtocolClient.request (file:///D:/zcode/resources/app.asar/out/host/index.js:1005:10236)\n    at unsubscribeV4Route (file:///D:/zcode/resources/app.asar/out/host/index.js:1046:37882)\n    at process.processTicksAndRejections (node:internal/process/task_queues:104:5)\n    at async Object.unsubscribeSessionsIndexV4 (file:///D:/zcode/resources/app.asar/out/host/index.js:1046:95934)\n    at async unsubscribeIndex (file:///D:/zcode/resources/app.asar/out/host/index.js:1502:21294)"}
[2026-08-23 01:43:02.530] [warn] [pid:32748] [main] [host-log] (local-1) [host] [2026-08-23 01:43:02.510] [pid:40260] [zcode-task-index-syncer] 清理 task index workspace-config 订阅失败 workspace=C:\Users\llh04\Desktop\小说 {"name":"Error","message":"ZCode Protocol client is disposed","stack":"Error: ZCode Protocol client is disposed\n    at ZCodeProtocolClient.assertNotDisposed (file:///D:/zcode/resources/app.asar/out/host/index.js:1005:13037)\n    at ZCodeProtocolClient.request (file:///D:/zcode/resources/app.asar/out/host/index.js:1005:10236)\n    at unsubscribeV4Route (file:///D:/zcode/resources/app.asar/out/host/index.js:1046:37882)\n    at process.processTicksAndRejections (node:internal/process/task_queues:104:5)\n    at async Object.unsubscribeWorkspaceConfigV4 (file:///D:/zcode/resources/app.asar/out/host/index.js:1046:96464)\n    at async unsubscribeConfig (file:///D:/zcode/resources/app.asar/out/host/index.js:1502:21565)"}
[2026-08-23 01:43:02.531] [warn] [pid:32748] [main] [host-log] (local-1) [host] [2026-08-23 01:43:02.511] [pid:40260] [zcode-task-index-syncer] 清理 task index sessions-index 订阅失败 workspace=D:\公考\图形推理详解 {"name":"Error","message":"ZCode Protocol client is disposed","stack":"Error: ZCode Protocol client is disposed\n    at ZCodeProtocolClient.assertNotDisposed (file:///D:/zcode/resources/app.asar/out/host/index.js:1005:13037)\n    at ZCodeProtocolClient.request (file:///D:/zcode/resources/app.asar/out/host/index.js:1005:10236)\n    at unsubscribeV4Route (file:///D:/zcode/resources/app.asar/out/host/index.js:1046:37882)\n    at process.processTicksAndRejections (node:internal/process/task_queues:104:5)\n    at async Object.unsubscribeSessionsIndexV4 (file:///D:/zcode/resources/app.asar/out/host/index.js:1046:95934)\n    at async unsubscribeIndex (file:///D:/zcode/resources/app.asar/out/host/index.js:1502:21294)"}
[2026-08-23 01:43:02.532] [warn] [pid:32748] [main] [host-log] (local-1) [host] [2026-08-23 01:43:02.511] [pid:40260] [zcode-task-index-syncer] 清理 task index workspace-config 订阅失败 workspace=D:\公考\图形推理详解 {"name":"Error","message":"ZCode Protocol client is disposed","stack":"Error: ZCode Protocol client is disposed\n    at ZCodeProtocolClient.assertNotDisposed (file:///D:/zcode/resources/app.asar/out/host/index.js:1005:13037)\n    at ZCodeProtocolClient.request (file:///D:/zcode/resources/app.asar/out/host/index.js:1005:10236)\n    at unsubscribeV4Route (file:///D:/zcode/resources/app.asar/out/host/index.js:1046:37882)\n    at process.processTicksAndRejections (node:internal/process/task_queues:104:5)\n    at async Object.unsubscribeWorkspaceConfigV4 (file:///D:/zcode/resources/app.asar/out/host/index.js:1046:96464)\n    at async unsubscribeConfig (file:///D:/zcode/resources/app.asar/out/host/index.js:1502:21565)"}
[2026-08-23 01:43:02.533] [warn] [pid:32748] [main] [host-log] (local-1) [host] [2026-08-23 01:43:02.511] [pid:40260] [zcode-task-index-syncer] 清理 task index sessions-index 订阅失败 workspace=D:\公考 {"name":"Error","message":"ZCode Protocol client is disposed","stack":"Error: ZCode Protocol client is disposed\n    at ZCodeProtocolClient.assertNotDisposed (file:///D:/zcode/resources/app.asar/out/host/index.js:1005:13037)\n    at ZCodeProtocolClient.request (file:///D:/zcode/resources/app.asar/out/host/index.js:1005:10236)\n    at unsubscribeV4Route (file:///D:/zcode/resources/app.asar/out/host/index.js:1046:37882)\n    at process.processTicksAndRejections (node:internal/process/task_queues:104:5)\n    at async Object.unsubscribeSessionsIndexV4 (file:///D:/zcode/resources/app.asar/out/host/index.js:1046:95934)\n    at async unsubscribeIndex (file:///D:/zcode/resources/app.asar/out/host/index.js:1502:21294)"}
[2026-08-23 01:43:02.534] [warn] [pid:32748] [main] [host-log] (local-1) [host] [2026-08-23 01:43:02.511] [pid:40260] [zcode-task-index-syncer] 清理 task index workspace-config 订阅失败 workspace=D:\公考 {"name":"Error","message":"ZCode Protocol client is disposed","stack":"Error: ZCode Protocol client is disposed\n    at ZCodeProtocolClient.assertNotDisposed (file:///D:/zcode/resources/app.asar/out/host/index.js:1005:13037)\n    at ZCodeProtocolClient.request (file:///D:/zcode/resources/app.asar/out/host/index.js:1005:10236)\n    at unsubscribeV4Route (file:///D:/zcode/resources/app.asar/out/host/index.js:1046:37882)\n    at process.processTicksAndRejections (node:internal/process/task_queues:104:5)\n    at async Object.unsubscribeWorkspaceConfigV4 (file:///D:/zcode/resources/app.asar/out/host/index.js:1046:96464)\n    at async unsubscribeConfig (file:///D:/zcode/resources/app.asar/out/host/index.js:1502:21565)"}
[2026-08-23 01:43:02.536] [error] [pid:32748] [main] [host-log] (local-1) [host] (node:40260) UnhandledPromiseRejectionWarning: Error: ZCode Protocol client disposed
    at ZCodeProtocolClient.disposeLocalResources (file:///D:/zcode/resources/app.asar/out/host/index.js:1005:12751)
    at ZCodeProtocolClient.disposeAndWait (file:///D:/zcode/resources/app.asar/out/host/index.js:1005:11674)
    at ZCodeAgentProcessManager.cleanupManagedProcess (file:///D:/zcode/resources/app.asar/out/host/index.js:1046:5977)
    at ZCodeAgentProcessManager.cleanupManagedProcessForShutdown (file:///D:/zcode/resources/app.asar/out/host/index.js:1046:6525)
    at file:///D:/zcode/resources/app.asar/out/host/index.js:1046:14090
    at Array.map (<anonymous>)
    at ZCodeAgentProcessManager.disposeAllAndWait (file:///D:/zcode/resources/app.asar/out/host/index.js:1046:14078)
    at Object.disposeAllAndWait (file:///D:/zcode/resources/app.asar/out/host/index.js:1046:97011)
    at disposeZCodeAgentServiceAndWait (file:///D:/zcode/resources/app.asar/out/host/index.js:1055:30247)
    at Proxy.disposeAllAndWait (file:///D:/zcode/resources/app.asar/out/host/index.js:1055:54438)
[2026-08-23 01:43:02.537] [warn] [pid:32748] [main] [host-log] (local-1) [host] [2026-08-23 01:43:02.527] [pid:40260] [zcode-host] UnhandledPromiseRejectionWarning: Error: ZCode Protocol client disposed
    at ZCodeProtocolClient.disposeLocalResources (file:///D:/zcode/resources/app.asar/out/host/index.js:1005:12751)
    at ZCodeProtocolClient.disposeAndWait (file:///D:/zcode/resources/app.asar/out/host/index.js:1005:11674)
    at ZCodeAgentProcessManager.cleanupManagedProcess (file:///D:/zcode/resources/app.asar/out/host/index.js:1046:5977)
    at ZCodeAgentProcessManager.cleanupManagedProcessForShutdown (file:///D:/zcode/resources/app.asar/out/host/index.js:1046:6525)
    at file:///D:/zcode/resources/app.asar/out/host/index.js:1046:14090
    at Array.map (<anonymous>)
    at ZCodeAgentProcessManager.disposeAllAndWait (file:///D:/zcode/resources/app.asar/out/host/index.js:1046:14078)
    at Object.disposeAllAndWait (file:///D:/zcode/resources/app.asar/out/host/index.js:1046:97011)
    at disposeZCodeAgentServiceAndWait (file:///D:/zcode/resources/app.asar/out/host/index.js:1055:30247)
    at Proxy.disposeAllAndWait (file:///D:/zcode/resources/app.asar/out/host/index.js:1055:54438)
[2026-08-23 01:43:02.537] [error] [pid:32748] [main] [host-log] (local-1) [host] (node:40260) UnhandledPromiseRejectionWarning: Unhandled promise rejection. This error originated either by throwing inside of an async function without a catch block, or by rejecting a promise which was not handled with .catch(). To terminate the node process on unhandled promise rejection, use the CLI flag `--unhandled-rejections=strict` (see https://nodejs.org/api/cli.html#cli_unhandled_rejections_mode). (rejection id: 49)
[2026-08-23 01:43:02.539] [warn] [pid:32748] [main] [host-log] (local-1) [host] [2026-08-23 01:43:02.528] [pid:40260] [zcode-host] UnhandledPromiseRejectionWarning: Unhandled promise rejection. This error originated either by throwing inside of an async function without a catch block, or by rejecting a promise which was not handled with .catch(). To terminate the node process on unhandled promise rejection, use the CLI flag `--unhandled-rejections=strict` (see https://nodejs.org/api/cli.html#cli_unhandled_rejections_mode). (rejection id: 49)
[2026-08-23 01:43:02.540] [error] [pid:32748] [main] [host-log] (local-1) [host] (node:40260) UnhandledPromiseRejectionWarning: Error: ZCode Protocol client disposed
    at ZCodeProtocolClient.disposeLocalResources (file:///D:/zcode/resources/app.asar/out/host/index.js:1005:12751)
    at ZCodeProtocolClient.disposeAndWait (file:///D:/zcode/resources/app.asar/out/host/index.js:1005:11674)
    at ZCodeAgentProcessManager.cleanupManagedProcess (file:///D:/zcode/resources/app.asar/out/host/index.js:1046:5977)
    at ZCodeAgentProcessManager.cleanupManagedProcessForShutdown (file:///D:/zcode/resources/app.asar/out/host/index.js:1046:6525)
    at file:///D:/zcode/resources/app.asar/out/host/index.js:1046:14090
    at Array.map (<anonymous>)
    at ZCodeAgentProcessManager.disposeAllAndWait (file:///D:/zcode/resources/app.asar/out/host/index.js:1046:14078)
    at Object.disposeAllAndWait (file:///D:/zcode/resources/app.asar/out/host/index.js:1046:97011)
    at disposeZCodeAgentServiceAndWait (file:///D:/zcode/resources/app.asar/out/host/index.js:1055:30247)
    at Proxy.disposeAllAndWait (file:///D:/zcode/resources/app.asar/out/host/index.js:1055:54438)
[2026-08-23 01:43:02.540] [warn] [pid:32748] [main] [host-log] (local-1) [host] [2026-08-23 01:43:02.528] [pid:40260] [zcode-host] UnhandledPromiseRejectionWarning: Error: ZCode Protocol client disposed
    at ZCodeProtocolClient.disposeLocalResources (file:///D:/zcode/resources/app.asar/out/host/index.js:1005:12751)
    at ZCodeProtocolClient.disposeAndWait (file:///D:/zcode/resources/app.asar/out/host/index.js:1005:11674)
    at ZCodeAgentProcessManager.cleanupManagedProcess (file:///D:/zcode/resources/app.asar/out/host/index.js:1046:5977)
    at ZCodeAgentProcessManager.cleanupManagedProcessForShutdown (file:///D:/zcode/resources/app.asar/out/host/index.js:1046:6525)
    at file:///D:/zcode/resources/app.asar/out/host/index.js:1046:14090
    at Array.map (<anonymous>)
    at ZCodeAgentProcessManager.disposeAllAndWait (file:///D:/zcode/resources/app.asar/out/host/index.js:1046:14078)
    at Object.disposeAllAndWait (file:///D:/zcode/resources/app.asar/out/host/index.js:1046:97011)
    at disposeZCodeAgentServiceAndWait (file:///D:/zcode/resources/app.asar/out/host/index.js:1055:30247)
    at Proxy.disposeAllAndWait (file:///D:/zcode/resources/app.asar/out/host/index.js:1055:54438)
[2026-08-23 01:43:02.541] [error] [pid:32748] [main] [host-log] (local-1) [host] (node:40260) UnhandledPromiseRejectionWarning: Unhandled promise rejection. This error originated either by throwing inside of an async function without a catch block, or by rejecting a promise which was not handled with .catch(). To terminate the node process on unhandled promise rejection, use the CLI flag `--unhandled-rejections=strict` (see https://nodejs.org/api/cli.html#cli_unhandled_rejections_mode). (rejection id: 50)
[2026-08-23 01:43:02.542] [warn] [pid:32748] [main] [host-log] (local-1) [host] [2026-08-23 01:43:02.528] [pid:40260] [zcode-host] UnhandledPromiseRejectionWarning: Unhandled promise rejection. This error originated either by throwing inside of an async function without a catch block, or by rejecting a promise which was not handled with .catch(). To terminate the node process on unhandled promise rejection, use the CLI flag `--unhandled-rejections=strict` (see https://nodejs.org/api/cli.html#cli_unhandled_rejections_mode). (rejection id: 50)
[2026-08-23 01:43:02.542] [error] [pid:32748] [main] [host-log] (local-1) [host] (node:40260) UnhandledPromiseRejectionWarning: Error: ZCode Protocol client disposed
    at ZCodeProtocolClient.disposeLocalResources (file:///D:/zcode/resources/app.asar/out/host/index.js:1005:12751)
    at ZCodeProtocolClient.disposeAndWait (file:///D:/zcode/resources/app.asar/out/host/index.js:1005:11674)
    at ZCodeAgentProcessManager.cleanupManagedProcess (file:///D:/zcode/resources/app.asar/out/host/index.js:1046:5977)
    at ZCodeAgentProcessManager.cleanupManagedProcessForShutdown (file:///D:/zcode/resources/app.asar/out/host/index.js:1046:6525)
    at file:///D:/zcode/resources/app.asar/out/host/index.js:1046:14090
    at Array.map (<anonymous>)
    at ZCodeAgentProcessManager.disposeAllAndWait (file:///D:/zcode/resources/app.asar/out/host/index.js:1046:14078)
    at Object.disposeAllAndWait (file:///D:/zcode/resources/app.asar/out/host/index.js:1046:97011)
    at disposeZCodeAgentServiceAndWait (file:///D:/zcode/resources/app.asar/out/host/index.js:1055:30247)
    at Proxy.disposeAllAndWait (file:///D:/zcode/resources/app.asar/out/host/index.js:1055:54438)
[2026-08-23 01:43:02.544] [warn] [pid:32748] [main] [host-log] (local-1) [host] [2026-08-23 01:43:02.528] [pid:40260] [zcode-host] UnhandledPromiseRejectionWarning: Error: ZCode Protocol client disposed
    at ZCodeProtocolClient.disposeLocalResources (file:///D:/zcode/resources/app.asar/out/host/index.js:1005:12751)
    at ZCodeProtocolClient.disposeAndWait (file:///D:/zcode/resources/app.asar/out/host/index.js:1005:11674)
    at ZCodeAgentProcessManager.cleanupManagedProcess (file:///D:/zcode/resources/app.asar/out/host/index.js:1046:5977)
    at ZCodeAgentProcessManager.cleanupManagedProcessForShutdown (file:///D:/zcode/resources/app.asar/out/host/index.js:1046:6525)
    at file:///D:/zcode/resources/app.asar/out/host/index.js:1046:14090
    at Array.map (<anonymous>)
    at ZCodeAgentProcessManager.disposeAllAndWait (file:///D:/zcode/resources/app.asar/out/host/index.js:1046:14078)
    at Object.disposeAllAndWait (file:///D:/zcode/resources/app.asar/out/host/index.js:1046:97011)
    at disposeZCodeAgentServiceAndWait (file:///D:/zcode/resources/app.asar/out/host/index.js:1055:30247)
    at Proxy.disposeAllAndWait (file:///D:/zcode/resources/app.asar/out/host/index.js:1055:54438)
[2026-08-23 01:43:02.546] [error] [pid:32748] [main] [host-log] (local-1) [host] (node:40260) UnhandledPromiseRejectionWarning: Unhandled promise rejection. This error originated either by throwing inside of an async function without a catch block, or by rejecting a promise which was not handled with .catch(). To terminate the node process on unhandled promise rejection, use the CLI flag `--unhandled-rejections=strict` (see https://nodejs.org/api/cli.html#cli_unhandled_rejections_mode). (rejection id: 51)
[2026-08-23 01:43:02.546] [warn] [pid:32748] [main] [host-log] (local-1) [host] [2026-08-23 01:43:02.528] [pid:40260] [zcode-host] UnhandledPromiseRejectionWarning: Unhandled promise rejection. This error originated either by throwing inside of an async function without a catch block, or by rejecting a promise which was not handled with .catch(). To terminate the node process on unhandled promise rejection, use the CLI flag `--unhandled-rejections=strict` (see https://nodejs.org/api/cli.html#cli_unhandled_rejections_mode). (rejection id: 51)
[2026-08-23 01:43:02.547] [error] [pid:32748] [main] [host-log] (local-1) [host] (node:40260) PromiseRejectionHandledWarning: Promise rejection was handled asynchronously (rejection id: 49)
[2026-08-23 01:43:02.548] [warn] [pid:32748] [main] [host-log] (local-1) [host] [2026-08-23 01:43:02.529] [pid:40260] [zcode-host] PromiseRejectionHandledWarning: Promise rejection was handled asynchronously (rejection id: 49)
[2026-08-23 01:43:02.548] [error] [pid:32748] [main] [host-log] (local-1) [host] (node:40260) PromiseRejectionHandledWarning: Promise rejection was handled asynchronously (rejection id: 51)
[2026-08-23 01:43:02.549] [warn] [pid:32748] [main] [host-log] (local-1) [host] [2026-08-23 01:43:02.530] [pid:40260] [zcode-host] PromiseRejectionHandledWarning: Promise rejection was handled asynchronously (rejection id: 51)
[2026-08-23 01:43:02.549] [warn] [pid:32748] [main] [host-log] (local-1) [host] [2026-08-23 01:43:02.530] [pid:40260] [zcode-host] failed to forward attachment connection flow state {"state":"closed","message":"ZCode Protocol client disposed"}
[2026-08-23 01:43:02.550] [error] [pid:32748] [main] [host-log] (local-1) [host] (node:40260) PromiseRejectionHandledWarning: Promise rejection was handled asynchronously (rejection id: 50)
[2026-08-23 01:43:02.550] [warn] [pid:32748] [main] [host-log] (local-1) [host] [2026-08-23 01:43:02.531] [pid:40260] [zcode-host] PromiseRejectionHandledWarning: Promise rejection was handled asynchronously (rejection id: 50)
[2026-08-23 01:43:03.100] [info] [pid:32748] [main] [host-log] (local-1) [host] [2026-08-23 01:43:03.100] [pid:40260] [zcode-agent] ZCode agent process exited {"workspaceKey":"D:\\公考","pid":22084,"runtimeIdentity":"D:\\公考:1:22084","code":0,"signal":null,"terminationKind":"expected","terminationReason":"manager-dispose"}
[2026-08-23 01:43:03.102] [info] [pid:32748] [main] [host-log] (local-1) [host] [2026-08-23 01:43:03.101] [pid:40260] [zcode-agent] ZCode agent process cleanup completed {"workspaceKey":"D:\\公考","pid":22084,"runtimeIdentity":"D:\\公考:1:22084","reason":"manager-dispose"}
[2026-08-23 01:43:03.103] [info] [pid:32748] [main] [host-log] (local-1) [host] [2026-08-23 01:43:03.102] [pid:40260] [zcode-agent] ZCode agent process exited {"workspaceKey":"D:\\公考\\图形推理详解","pid":33136,"runtimeIdentity":"D:\\公考\\图形推理详解:1:33136","code":0,"signal":null,"terminationKind":"expected","terminationReason":"manager-dispose"}
[2026-08-23 01:43:03.103] [info] [pid:32748] [main] [host-log] (local-1) [host] [2026-08-23 01:43:03.102] [pid:40260] [zcode-agent] ZCode agent process cleanup completed {"workspaceKey":"D:\\公考\\图形推理详解","pid":33136,"runtimeIdentity":"D:\\公考\\图形推理详解:1:33136","reason":"manager-dispose"}
[2026-08-23 01:43:03.382] [error] [pid:32748] [main] [host-log] (local-1) [host] [2026-08-23 01:43:03.381] [pid:40260] [zcode-agent] ZCode agent process cleanup failed {"workspaceKey":"C:\\Users\\llh04\\Desktop\\小说","pid":38592,"runtimeIdentity":"C:\\Users\\llh04\\Desktop\\小说:1:38592","reason":"manager-dispose","error":{}}
[2026-08-23 01:43:03.382] [warn] [pid:32748] [main] [host-log] (local-1) [host] [2026-08-23 01:43:03.381] [pid:40260] [zcode-agent] ZCode agent process cleanup retrying during manager dispose {"workspaceKey":"C:\\Users\\llh04\\Desktop\\小说","pid":38592,"runtimeIdentity":"C:\\Users\\llh04\\Desktop\\小说:1:38592","error":{}}
[2026-08-23 01:43:03.383] [info] [pid:32748] [main] [host-log] (local-1) [host] [2026-08-23 01:43:03.382] [pid:40260] [zcode-agent] ZCode agent process exited {"workspaceKey":"C:\\Users\\llh04\\Desktop\\小说","pid":38592,"runtimeIdentity":"C:\\Users\\llh04\\Desktop\\小说:1:38592","code":0,"signal":null,"terminationKind":"expected","terminationReason":"manager-dispose"}
[2026-08-23 01:43:03.383] [info] [pid:32748] [main] [host-log] (local-1) [host] [2026-08-23 01:43:03.382] [pid:40260] [zcode-agent] ZCode agent process cleanup completed {"workspaceKey":"C:\\Users\\llh04\\Desktop\\小说","pid":38592,"runtimeIdentity":"C:\\Users\\llh04\\Desktop\\小说:1:38592","reason":"manager-dispose-retry"}
[2026-08-23 01:43:03.385] [info] [pid:32748] [main] [task-realtime] unregistered host {"hostId":"c266bc82-77f0-4c61-bce8-d65763fb6252","windowId":1}
[2026-08-23 01:43:03.386] [info] [pid:32748] [main] [spawnHostProcess] host process (local-1) exited with code 0
[2026-08-23 01:43:03.386] [info] [pid:32748] [main] [app-quit] host process cleanup completed (app-before-quit)
[2026-08-23 01:43:03.387] [info] [pid:32748] [main] [app-quit] preparation finished, resuming quit with windows=1
[2026-08-23 01:43:03.406] [info] [pid:32748] [main] [createWindow] window closed, killing host process (local-1)
[2026-08-23 01:43:03.407] [info] [pid:32748] [main] [app-quit] all windows closed after preparation, exiting app
[2026-08-23 01:43:03.408] [info] [pid:32748] [main] [app-quit] exiting prepared app (all-windows-closed-after-preparation)
[2026-08-23 13:38:51.064] [info] [pid:4468] [main] [crash-capture] configured remoteCrashReporterEnabled=true stagingDir=C:\Users\llh04\.zcode\v2\crash\live archiveDir=C:\Users\llh04\.zcode\v2\crash\archive
[2026-08-23 13:38:51.091] [info] [pid:4468] [main] [deep-link] 注册协议成功 {"scheme":"zcode"}
[2026-08-23 13:38:51.124] [info] [pid:4468] [main] [startup] runtime process env prepared asynchronously id=1 in 41ms
[2026-08-23 13:38:51.125] [info] [pid:4468] [main] [arms] electron initialized env=prod version=3.8.1
[2026-08-23 13:38:51.571] [info] [pid:4468] [main] [cron-scheduler] forked scheduler process pid=undefined
[2026-08-23 13:38:51.658] [info] [pid:4468] [main] [open-folder] Windows Explorer 右键菜单已安装或更新 {"executablePath":"D:\\zcode\\ZCode.exe","hasDefaultAppEntry":false,"locale":"zh-CN"}
[2026-08-23 13:38:51.660] [info] [pid:4468] [main] [desktop-network] renderer proxy mode=direct bypass=disabled customCa=disabled insecureCerts=rejected
[2026-08-23 13:38:51.660] [info] [pid:4468] [main] [desktop-network] renderer proxy mode=system bypass=disabled customCa=disabled insecureCerts=rejected
[2026-08-23 13:38:51.663] [warn] [pid:4468] [main] [startup] Windows bundled runtime missing providers: glm resources=[{"dir":"glm","path":"D:\\zcode\\resources\\glm","exists":true,"entries":[".node-bundle-meta.json","packages/","zcode.cjs"]},{"dir":"tools","path":"D:\\zcode\\resources\\tools","exists":true,"entries":["ripgrep/","ugrep/"]}]
[2026-08-23 13:38:51.664] [info] [pid:4468] [main] [auto-update] initializing, current version: 3.8.1
[2026-08-23 13:38:51.664] [info] [pid:4468] [main] [auto-update] service manifest provider applied platform=windows-x86_64
[2026-08-23 13:38:52.131] [info] [pid:4468] [main] [resource] sampling started interval=10000ms report=300000ms
[2026-08-23 13:38:52.132] [info] [pid:4468] [main] [network] reporting started interval=300000ms
[2026-08-23 13:38:52.135] [info] [pid:4468] [main] Checking for update
[2026-08-23 13:38:52.135] [info] [pid:4468] [main] [auto-update] checking for update...
[2026-08-23 13:38:52.183] [info] [pid:4468] [main] [cron-scheduler] cron scheduler started
[2026-08-23 13:38:52.278] [info] [pid:4468] [main] [desktop-context-prompt] config refreshed {"enabled":true,"configVersion":"desktop-sp-v1"}
[2026-08-23 13:38:52.380] [info] [pid:4468] [main] Found version 3.9.1 (url: https://cdn-zcode.z.ai/zcode/electron/releases/3.9.1/windows-x64/ZCode-3.9.1-win-x64.exe)
[2026-08-23 13:38:52.380] [info] [pid:4468] [main] [auto-update] new version available: 3.9.1
[2026-08-23 13:38:52.382] [info] [pid:4468] [main] Downloading update from https://cdn-zcode.z.ai/zcode/electron/releases/3.9.1/windows-x64/ZCode-3.9.1-win-x64.exe
[2026-08-23 13:38:52.393] [debug] [pid:4468] [main] updater cache dir: C:\Users\llh04\AppData\Local\@zcodedesktop-updater
[2026-08-23 13:38:52.401] [info] [pid:4468] [main] Cached update sha512 checksum doesn't match the latest available update. New update must be downloaded. Cached: fscdUqkqorst3NpiJeWBB2OUEuzXVwWjTHpwXAeIMwOO9jJZbSZTNKzWijPucz+2TK1qIoFajZVRW/lZ6qRHPA==, expected: yxR29Inkw6pZOJRL2mIvQJfToS6qlSJi34kve5t82axVZImxWNUaV+2KSgFFDUiKWLWf1eTHeRfjC7OazSlE5A==. Directory for cached update will be cleaned
[2026-08-23 13:38:52.405] [warn] [pid:4468] [main] disableWebInstaller is set to false, you should set it to true if you do not plan on using a web installer. This will default to true in a future version.
[2026-08-23 13:38:52.406] [info] [pid:4468] [main] Download block maps (old: "https://cdn-zcode.z.ai/zcode/electron/releases/3.8.1/windows-x64/ZCode-3.8.1-win-x64.exe.blockmap", new: https://cdn-zcode.z.ai/zcode/electron/releases/3.9.1/windows-x64/ZCode-3.9.1-win-x64.exe.blockmap)
[2026-08-23 13:38:52.613] [debug] [pid:4468] [main] 0pnjZnzC0eFN/tHUnxQ+xHyG duplicated in blockmap (same size), it doesn't lead to broken differential downloader, just corresponding block will be skipped)
[2026-08-23 13:38:52.616] [info] [pid:4468] [main] File has 3780 changed blocks
[2026-08-23 13:38:52.616] [debug] [pid:4468] [main] [
  {
    "kind": 1,
    "start": 0,
    "end": 15450
  },
  {
    "kind": 0,
    "start": 15450,
    "end": 87686
  },
  {
    "kind": 1,
    "start": 87686,
    "end": 184335
  },
  {
    "kind": 0,
    "start": 184334,
    "end": 253987
  },
  {
    "kind": 1,
    "start": 253988,
    "end": 285508
  },
  {
    "kind": 0,
    "start": 285507,
    "end": 4779004
  },
  {
    "kind": 1,
    "start": 4779005,
    "end": 47300255
  },
  {
    "kind": 0,
    "start": 46966335,
    "end": 46994316
  },
  {
    "kind": 1,
    "start": 47328236,
    "end": 47697790
  },
  {
    "kind": 0,
    "start": 47440449,
    "end": 47465962
  },
  {
    "kind": 1,
    "start": 47723303,
    "end": 53052828
  },
  {
    "kind": 0,
    "start": 52652338,
    "end": 52849295
  },
  {
    "kind": 1,
    "start": 53249785,
    "end": 53270456
  },
  {
    "kind": 0,
    "start": 52869966,
    "end": 52885644
  },
  {
    "kind": 1,
    "start": 53286134,
    "end": 54278690
  },
  {
    "kind": 0,
    "start": 53860622,
    "end": 54003734
  },
  {
    "kind": 1,
    "start": 54421802,
    "end": 54787248
  },
  {
    "kind": 0,
    "start": 54377825,
    "end": 54410593
  },
  {
    "kind": 1,
    "start": 54820016,
    "end": 54994739
  },
  {
    "kind": 0,
    "start": 54585229,
    "end": 54642272
  },
  {
    "kind": 1,
    "start": 55051782,
    "end": 55836870
  },
  {
    "kind": 0,
    "start": 54655222,
    "end": 54670807
  },
  {
    "kind": 1,
    "start": 55852455,
    "end": 57824847
  },
  {
    "kind": 0,
    "start": 56619647,
    "end": 57053328
  },
  {
    "kind": 1,
    "start": 58258528,
    "end": 59323242
  },
  {
    "kind": 0,
    "start": 57084418,
    "end": 63985566
  },
  {
    "kind": 1,
    "start": 66224390,
    "end": 67730788
  },
  {
    "kind": 0,
    "start": 65491005,
    "end": 65543557
  },
  {
    "kind": 1,
    "start": 67783340,
    "end": 68963696
  },
  {
    "kind": 0,
    "start": 66723924,
    "end": 71071929
  },
  {
    "kind": 1,
    "start": 73311701,
    "end": 73325997
  },
  {
    "kind": 0,
    "start": 71086225,
    "end": 71115673
  },
  {
    "kind": 1,
    "start": 73355445,
    "end": 73633593
  },
  {
    "kind": 0,
    "start": 71386339,
    "end": 71399667
  },
  {
    "kind": 1,
    "start": 73646921,
    "end": 73662251
  },
  {
    "kind": 0,
    "start": 71414991,
    "end": 71935675
  },
  {
    "kind": 1,
    "start": 74182935,
    "end": 75637729
  },
  {
    "kind": 0,
    "start": 73380909,
    "end": 73413677
  },
  {
    "kind": 1,
    "start": 75670497,
    "end": 77123327
  },
  {
    "kind": 0,
    "start": 74858114,
    "end": 75640903
  },
  {
    "kind": 1,
    "start": 77906116,
    "end": 78092242
  },
  {
    "kind": 0,
    "start": 75818515,
    "end": 75827107
  },
  {
    "kind": 1,
    "start": 78100834,
    "end": 79660198
  },
  {
    "kind": 0,
    "start": 76214295,
    "end": 76255394
  },
  {
    "kind": 1,
    "start": 79701297,
    "end": 79716298
  },
  {
    "kind": 0,
    "start": 76270395,
    "end": 76279949
  },
  {
    "kind": 1,
    "start": 79725852,
    "end": 93397748
  },
  {
    "kind": 0,
    "start": 78709531,
    "end": 78774825
  },
  {
    "kind": 1,
    "start": 93463042,
    "end": 93476906
  },
  {
    "kind": 0,
    "start": 78788689,
    "end": 78816005
  },
  {
    "kind": 1,
    "start": 93504222,
    "end": 93531978
  },
  {
    "kind": 0,
    "start": 78843760,
    "end": 78885673
  },
  {
    "kind": 1,
    "start": 93573891,
    "end": 95438845
  },
  {
    "kind": 0,
    "start": 80750589,
    "end": 80820277
  },
  {
    "kind": 1,
    "start": 95508533,
    "end": 95612605
  },
  {
    "kind": 0,
    "start": 80915843,
    "end": 80980650
  },
  {
    "kind": 1,
    "start": 95677412,
    "end": 96969428
  },
  {
    "kind": 0,
    "start": 82264089,
    "end": 141563746
  },
  {
    "kind": 1,
    "start": 156269085,
    "end": 156487147
  },
  {
    "kind": 0,
    "start": 141781808,
    "end": 142044068
  },
  {
    "kind": 1,
    "start": 156749407,
    "end": 156777635
  },
  {
    "kind": 0,
    "start": 142072297,
    "end": 147093455
  },
  {
    "kind": 1,
    "start": 161798793,
    "end": 161828630
  },
  {
    "kind": 0,
    "start": 147116318,
    "end": 147347750
  },
  {
    "kind": 1,
    "start": 162060062,
    "end": 162105511
  },
  {
    "kind": 0,
    "start": 56768,
    "end": 71087
  },
  {
    "kind": 1,
    "start": 162119830,
    "end": 162279008
  }
]
[2026-08-23 13:38:52.630] [info] [pid:4468] [main] Full: 158,475.59 KB, To download: 77,009.27 KB (49%)
[2026-08-23 13:38:52.839] [info] [pid:4468] [main] [startup] 创建主窗口
[2026-08-23 13:38:52.840] [info] [pid:4468] [main] [primary-window] creating main window (app-ready)
[2026-08-23 13:38:53.437] [info] [pid:4468] [main] Differential download: https://cdn-zcode.z.ai/zcode/electron/releases/3.9.1/windows-x64/ZCode-3.9.1-win-x64.exe
[2026-08-23 13:38:53.438] [debug] [pid:4468] [main] download range: bytes=0-15449
[2026-08-23 13:38:53.480] [info] [pid:4468] [main] [auto-update] download progress: 0.0% (351 KB/s, 0.0/75.2 MB)
[2026-08-23 13:38:53.481] [info] [pid:4468] [main] [force-update] 自动升级下载进度 0%
[2026-08-23 13:38:53.484] [debug] [pid:4468] [main] download range: bytes=87686-184334
[2026-08-23 13:38:53.555] [info] [pid:4468] [main] [auto-update] download progress: 0.1% (928 KB/s, 0.1/75.2 MB)
[2026-08-23 13:38:53.557] [debug] [pid:4468] [main] download range: bytes=253988-285507
[2026-08-23 13:38:53.603] [info] [pid:4468] [main] [auto-update] download progress: 0.2% (845 KB/s, 0.1/75.2 MB)
[2026-08-23 13:38:53.607] [info] [pid:4468] [main] [createWindow] dom-ready fired (local-1)
[2026-08-23 13:38:53.610] [info] [pid:4468] [main] [desktop-context-prompt] first host spawn decision resolved {"enabled":true,"configVersion":"desktop-sp-v1"}
[2026-08-23 13:38:53.612] [info] [pid:4468] [main] [spawnHostProcess] forked host process for (local-1), pid=undefined
[2026-08-23 13:38:53.612] [info] [pid:4468] [main] [spawnHostProcess] host module path: D:\zcode\resources\app.asar\out\host\index.js
[2026-08-23 13:38:53.613] [info] [pid:4468] [main] [spawnHostProcess] glm binary path: <not found>
[2026-08-23 13:38:53.613] [info] [pid:4468] [main] [spawnHostProcess] BIGMODEL_OAUTH_APP_SECRET source: fallback
[2026-08-23 13:38:53.614] [info] [pid:4468] [main] [task-realtime] registered host {"hostId":"d07989c4-0788-43fd-beeb-5b677fb731c5","windowId":1,"workspaceKeyCount":0,"deliveryKind":"desktop_window"}
[2026-08-23 13:38:53.637] [debug] [pid:4468] [main] download range: bytes=4779005-47300254
[2026-08-23 13:38:53.642] [info] [pid:4468] [main] [task-realtime] updated host workspace scopes {"hostId":"d07989c4-0788-43fd-beeb-5b677fb731c5","workspaceKeyCount":0}
[2026-08-23 13:38:53.691] [info] [pid:4468] [main] [open-folder] Windows Explorer 右键菜单已安装或更新 {"executablePath":"D:\\zcode\\ZCode.exe","hasDefaultAppEntry":false,"locale":"zh-CN"}
[2026-08-23 13:38:54.169] [warn] [pid:4468] [main] [host-log] (local-1) [host] [2026-08-23 13:38:54.167] [pid:33160] [zcode-host] ExperimentalWarning: SQLite is an experimental feature and might change at any time
[2026-08-23 13:38:54.177] [info] [pid:4468] [main] [host-log] (local-1) [host] [2026-08-23 13:38:54.177] [pid:33160] [zcode-host] initializing local services
[2026-08-23 13:38:54.190] [info] [pid:4468] [main] [host-log] (local-1) [host] [2026-08-23 13:38:54.189] [pid:33160] [zcode-agent-service] 开始初始化 ZCode agent {"workspaceKey":"C:\\Users\\llh04\\Desktop\\小说","workspacePath":"C:\\Users\\llh04\\Desktop\\小说"}
[2026-08-23 13:38:54.191] [info] [pid:4468] [main] [host-log] (local-1) [host] [2026-08-23 13:38:54.190] [pid:33160] [zcode-agent-service] 开始初始化 ZCode agent {"workspaceKey":"D:\\公考","workspacePath":"D:\\公考"}
[2026-08-23 13:38:54.192] [info] [pid:4468] [main] [host-log] (local-1) [host] [2026-08-23 13:38:54.190] [pid:33160] [zcode-agent-service] 开始初始化 ZCode agent {"workspaceKey":"D:\\公考\\图形推理详解","workspacePath":"D:\\公考\\图形推理详解"}
[2026-08-23 13:38:54.192] [info] [pid:4468] [main] [host-log] (local-1) [host] [2026-08-23 13:38:54.190] [pid:33160] [zcode-host] exposing services on ChannelServer...
[2026-08-23 13:38:54.193] [info] [pid:4468] [main] [host-log] (local-1) [host] [2026-08-23 13:38:54.191] [pid:33160] [zcode-host] creating ChannelServer (deferInit=false)
[2026-08-23 13:38:54.193] [info] [pid:4468] [main] [host-log] (local-1) [host] [2026-08-23 13:38:54.192] [pid:33160] [zcode-host] [rpc:register] channel "file"
[2026-08-23 13:38:54.194] [info] [pid:4468] [main] [host-log] (local-1) [host] [2026-08-23 13:38:54.192] [pid:33160] [zcode-host] [rpc:register] channel "git"
[2026-08-23 13:38:54.194] [info] [pid:4468] [main] [host-log] (local-1) [host] [2026-08-23 13:38:54.192] [pid:33160] [zcode-host] [rpc:register] channel "git-checkpoint"
[2026-08-23 13:38:54.194] [info] [pid:4468] [main] [host-log] (local-1) [host] [2026-08-23 13:38:54.192] [pid:33160] [zcode-host] [rpc:register] channel "system"
[2026-08-23 13:38:54.195] [info] [pid:4468] [main] [host-log] (local-1) [host] [2026-08-23 13:38:54.192] [pid:33160] [zcode-host] [rpc:register] channel "terminal"
[2026-08-23 13:38:54.195] [info] [pid:4468] [main] [host-log] (local-1) [host] [2026-08-23 13:38:54.192] [pid:33160] [zcode-host] [rpc:register] channel "setting"
[2026-08-23 13:38:54.195] [info] [pid:4468] [main] [host-log] (local-1) [host] [2026-08-23 13:38:54.192] [pid:33160] [zcode-host] [rpc:register] channel "credential"
[2026-08-23 13:38:54.196] [info] [pid:4468] [main] [host-log] (local-1) [host] [2026-08-23 13:38:54.192] [pid:33160] [zcode-host] [rpc:register] channel "broadcast"
[2026-08-23 13:38:54.196] [info] [pid:4468] [main] [host-log] (local-1) [host] [2026-08-23 13:38:54.193] [pid:33160] [zcode-host] [rpc:register] channel "zcode-task"
[2026-08-23 13:38:54.196] [info] [pid:4468] [main] [host-log] (local-1) [host] [2026-08-23 13:38:54.193] [pid:33160] [zcode-host] [rpc:register] channel "zcode-agent"
[2026-08-23 13:38:54.197] [info] [pid:4468] [main] [host-log] (local-1) [host] [2026-08-23 13:38:54.193] [pid:33160] [zcode-host] [rpc:register] channel "zcode-session"
[2026-08-23 13:38:54.197] [info] [pid:4468] [main] [host-log] (local-1) [host] [2026-08-23 13:38:54.193] [pid:33160] [zcode-host] [rpc:register] channel "bots"
[2026-08-23 13:38:54.198] [info] [pid:4468] [main] [host-log] (local-1) [host] [2026-08-23 13:38:54.193] [pid:33160] [zcode-host] [rpc:register] channel "file-watcher"
[2026-08-23 13:38:54.198] [info] [pid:4468] [main] [host-log] (local-1) [host] [2026-08-23 13:38:54.193] [pid:33160] [zcode-host] [rpc:register] channel "oauth"
[2026-08-23 13:38:54.199] [info] [pid:4468] [main] [host-log] (local-1) [host] [2026-08-23 13:38:54.193] [pid:33160] [zcode-host] [rpc:register] channel "model-provider"
[2026-08-23 13:38:54.199] [info] [pid:4468] [main] [host-log] (local-1) [host] [2026-08-23 13:38:54.194] [pid:33160] [zcode-host] [rpc:register] channel "usage-stats"
[2026-08-23 13:38:54.200] [info] [pid:4468] [main] [host-log] (local-1) [host] [2026-08-23 13:38:54.194] [pid:33160] [zcode-host] [rpc:register] channel "coding-plan-subscription"
[2026-08-23 13:38:54.200] [info] [pid:4468] [main] [host-log] (local-1) [host] [2026-08-23 13:38:54.194] [pid:33160] [zcode-host] [rpc:register] channel "client-scenes"
[2026-08-23 13:38:54.200] [info] [pid:4468] [main] [host-log] (local-1) [host] [2026-08-23 13:38:54.194] [pid:33160] [zcode-host] [rpc:register] channel "off-peak-task"
[2026-08-23 13:38:54.201] [info] [pid:4468] [main] [host-log] (local-1) [host] [2026-08-23 13:38:54.194] [pid:33160] [zcode-host] [rpc:register] channel "skills"
[2026-08-23 13:38:54.201] [info] [pid:4468] [main] [host-log] (local-1) [host] [2026-08-23 13:38:54.194] [pid:33160] [zcode-host] [rpc:register] channel "skill-sync"
[2026-08-23 13:38:54.201] [info] [pid:4468] [main] [host-log] (local-1) [host] [2026-08-23 13:38:54.194] [pid:33160] [zcode-host] [rpc:register] channel "mcp-sync"
[2026-08-23 13:38:54.202] [info] [pid:4468] [main] [host-log] (local-1) [host] [2026-08-23 13:38:54.194] [pid:33160] [zcode-host] [rpc:register] channel "plugin-sync"
[2026-08-23 13:38:54.202] [info] [pid:4468] [main] [host-log] (local-1) [host] [2026-08-23 13:38:54.194] [pid:33160] [zcode-host] [rpc:register] channel "plugins"
[2026-08-23 13:38:54.203] [info] [pid:4468] [main] [host-log] (local-1) [host] [2026-08-23 13:38:54.198] [pid:33160] [zcode-host] [rpc:register] channel "plugin-management"
[2026-08-23 13:38:54.203] [info] [pid:4468] [main] [host-log] (local-1) [host] [2026-08-23 13:38:54.199] [pid:33160] [zcode-host] [rpc:register] channel "subagents"
[2026-08-23 13:38:54.204] [info] [pid:4468] [main] [host-log] (local-1) [host] [2026-08-23 13:38:54.199] [pid:33160] [zcode-host] [rpc:register] channel "commands"
[2026-08-23 13:38:54.204] [info] [pid:4468] [main] [host-log] (local-1) [host] [2026-08-23 13:38:54.199] [pid:33160] [zcode-host] [rpc:register] channel "hooks"
[2026-08-23 13:38:54.205] [info] [pid:4468] [main] [host-log] (local-1) [host] [2026-08-23 13:38:54.199] [pid:33160] [zcode-host] [rpc:register] channel "memory"
[2026-08-23 13:38:54.205] [info] [pid:4468] [main] [host-log] (local-1) [host] [2026-08-23 13:38:54.199] [pid:33160] [zcode-host] [rpc:register] channel "output-style"
[2026-08-23 13:38:54.206] [info] [pid:4468] [main] [host-log] (local-1) [host] [2026-08-23 13:38:54.199] [pid:33160] [zcode-host] [rpc:register] channel "settings-sync"
[2026-08-23 13:38:54.206] [info] [pid:4468] [main] [host-log] (local-1) [host] [2026-08-23 13:38:54.199] [pid:33160] [zcode-host] [rpc:register] channel "feedback"
[2026-08-23 13:38:54.206] [info] [pid:4468] [main] [host-log] (local-1) [host] [2026-08-23 13:38:54.199] [pid:33160] [zcode-host] [rpc:register] channel "repo-wiki"
[2026-08-23 13:38:54.207] [info] [pid:4468] [main] [host-log] (local-1) [host] [2026-08-23 13:38:54.199] [pid:33160] [zcode-host] [rpc:register] channel "prompt-attachment-transfer"
[2026-08-23 13:38:54.207] [info] [pid:4468] [main] [host-log] (local-1) [host] [2026-08-23 13:38:54.199] [pid:33160] [zcode-host] [rpc:register] channel "window-controller"
[2026-08-23 13:38:54.207] [info] [pid:4468] [main] [host-log] (local-1) [host] [2026-08-23 13:38:54.199] [pid:33160] [zcode-host] service connection ready mode=desktop-continuous
[2026-08-23 13:38:54.208] [info] [pid:4468] [main] [host-log] (local-1) [host] [2026-08-23 13:38:54.199] [pid:33160] [zcode-host] window Host topology, reason=base-attachment-ready, pid=33160, connections=0, logicalSessions=0, attachments=1
[2026-08-23 13:38:54.208] [info] [pid:4468] [main] [host-log] (local-1) [host] [2026-08-23 13:38:54.199] [pid:33160] [zcode-host] local services ready, all channels registered
[2026-08-23 13:38:54.209] [info] [pid:4468] [main] [host-log] (local-1) [host] [2026-08-23 13:38:54.203] [pid:33160] [zcode-host] [rpc:listen] broadcast.onMessage subscribed
[2026-08-23 13:38:54.209] [info] [pid:4468] [main] [host-log] (local-1) [host] [2026-08-23 13:38:54.204] [pid:33160] [zcode-host] [rpc:listen] broadcast.onMessage subscribed
[2026-08-23 13:38:54.209] [info] [pid:4468] [main] [host-log] (local-1) [host] [2026-08-23 13:38:54.204] [pid:33160] [zcode-host] [rpc:listen] broadcast.onMessage subscribed
[2026-08-23 13:38:54.210] [info] [pid:4468] [main] [host-log] (local-1) [host] [2026-08-23 13:38:54.205] [pid:33160] [zcode-host] [rpc:listen] broadcast.onMessage subscribed
[2026-08-23 13:38:54.210] [info] [pid:4468] [main] [host-log] (local-1) [host] [2026-08-23 13:38:54.206] [pid:33160] [zcode-host] [rpc:call] model-provider.getDisplayOrder OK (1.0ms)
[2026-08-23 13:38:54.214] [info] [pid:4468] [main] [host-log] (local-1) [host] [2026-08-23 13:38:54.214] [pid:33160] [zcode-host] [rpc:call] setting.get OK (10.1ms)
[2026-08-23 13:38:54.216] [info] [pid:4468] [main] [host-log] (local-1) [host] [2026-08-23 13:38:54.215] [pid:33160] [zcode-host] [rpc:call] setting.get OK (11.0ms)
[2026-08-23 13:38:54.217] [info] [pid:4468] [main] [host-log] (local-1) [host] [2026-08-23 13:38:54.215] [pid:33160] [zcode-host] [rpc:call] setting.get OK (10.2ms)
[2026-08-23 13:38:54.219] [info] [pid:4468] [main] [host-log] (local-1) [host] [2026-08-23 13:38:54.218] [pid:33160] [zcode-host] [rpc:call] zcode-agent.syncAppRuntimePreferences OK (0.1ms)
[2026-08-23 13:38:54.220] [info] [pid:4468] [main] [host-log] (local-1) [host] [2026-08-23 13:38:54.218] [pid:33160] [zcode-host] [rpc:call] bots.syncAppRuntimePreferences OK (0.1ms)
[2026-08-23 13:38:54.254] [info] [pid:4468] [main] [host-log] (local-1) [host] [2026-08-23 13:38:54.254] [pid:33160] [zcode-host] [rpc:call] setting.get OK (36.6ms)
[2026-08-23 13:38:54.256] [info] [pid:4468] [main] [host-log] (local-1) [host] [2026-08-23 13:38:54.256] [pid:33160] [oauthService] restoreCachedSession restored: zai af5b4532-0029-4db5-86d0-61cd221c3070
[2026-08-23 13:38:54.257] [info] [pid:4468] [main] [host-log] (local-1) [host] [2026-08-23 13:38:54.256] [pid:33160] [zcode-host] [rpc:call] oauth.restoreCachedSessionState OK (51.8ms)
[2026-08-23 13:38:54.258] [info] [pid:4468] [main] [host-log] (local-1) [host] [2026-08-23 13:38:54.258] [pid:33160] [zcode-host] [rpc:call] oauth.getActiveProvider OK (0.6ms)
[2026-08-23 13:38:54.284] [info] [pid:4468] [main] [host-log] (local-1) [host] [2026-08-23 13:38:54.284] [pid:33160] [zcode-host] [rpc:call] model-provider.getAllCached OK (79.0ms)
[2026-08-23 13:38:54.291] [info] [pid:4468] [main] [host-log] (local-1) [host] [2026-08-23 13:38:54.291] [pid:33160] [zcode-host] [rpc:call] setting.get OK (1.2ms)
[2026-08-23 13:38:54.293] [info] [pid:4468] [main] [host-log] (local-1) [host] [2026-08-23 13:38:54.293] [pid:33160] [zcode-host] [rpc:call] file.ensureConversationWorkspace OK (0.9ms)
[2026-08-23 13:38:54.297] [info] [pid:4468] [main] [host-log] (local-1) [host] [2026-08-23 13:38:54.296] [pid:33160] [zcode-host] [rpc:listen] zcode-agent.onDynamicWorkspaceProviderRuntimeHeadersRequest subscribed
[2026-08-23 13:38:54.298] [info] [pid:4468] [main] [host-log] (local-1) [host] [2026-08-23 13:38:54.298] [pid:33160] [usage-stats] 读取 BigModel entitlement 已解析授权上下文 {"preferredProviderId":"builtin:zai-coding-plan","providerId":"builtin:zai-coding-plan","scope":"personal","organizationId":null,"projectId":null}
[2026-08-23 13:38:54.333] [info] [pid:4468] [main] [host-log] (local-1) [host] [2026-08-23 13:38:54.333] [pid:33160] [zcode-agent] ZCode agent command resolved {"workspaceKey":"D:\\公考","command":"D:\\zcode\\ZCode.exe","effectiveCommand":"D:\\zcode\\ZCode.exe","resolveCommandDurationMs":1}
[2026-08-23 13:38:54.334] [info] [pid:4468] [main] [host-log] (local-1) [host] [2026-08-23 13:38:54.333] [pid:33160] [zcode-agent] ZCode agent command resolved {"workspaceKey":"C:\\Users\\llh04\\Desktop\\小说","command":"D:\\zcode\\ZCode.exe","effectiveCommand":"D:\\zcode\\ZCode.exe","resolveCommandDurationMs":0}
[2026-08-23 13:38:54.334] [info] [pid:4468] [main] [host-log] (local-1) [host] [2026-08-23 13:38:54.334] [pid:33160] [zcode-agent] ZCode agent command resolved {"workspaceKey":"D:\\公考\\图形推理详解","command":"D:\\zcode\\ZCode.exe","effectiveCommand":"D:\\zcode\\ZCode.exe","resolveCommandDurationMs":1}
[2026-08-23 13:38:54.337] [info] [pid:4468] [main] [host-log] (local-1) [host] [2026-08-23 13:38:54.337] [pid:33160] [zcode-agent] ZCode agent spawn preflight {"workspaceKey":"D:\\公考\\图形推理详解","spawnPreflight":{"command":"D:\\zcode\\ZCode.exe","args":["D:\\zcode\\resources\\glm\\zcode.cjs","app-server","--stdio","--surface","desktop"],"requestedCwd":"D:\\公考\\图形推理详解","cwd":"C:\\Users\\llh04\\.zcode\\workspace\\default","cwdSource":"workspace-fallback","commandPathKind":"absolute","commandExists":true,"cwdExists":true}}
[2026-08-23 13:38:54.351] [info] [pid:4468] [main] [stability] perf_agent_start reported {"pid":10380,"runtimeGeneration":1,"runtimeInstanceId":"agent-b7de7b67-befd-450f-9d27-0a8709498768"}
[2026-08-23 13:38:54.352] [info] [pid:4468] [main] [host-log] (local-1) [host] [2026-08-23 13:38:54.351] [pid:33160] [zcode-agent] ZCode agent process started {"workspaceKey":"D:\\公考\\图形推理详解","command":"D:\\zcode\\ZCode.exe","cwd":"C:\\Users\\llh04\\.zcode\\workspace\\default","pid":10380,"durationMs":18}
[2026-08-23 13:38:54.352] [info] [pid:4468] [main] [host-log] (local-1) [host] [2026-08-23 13:38:54.351] [pid:33160] [zcode-agent] ZCode agent spawn preflight {"workspaceKey":"C:\\Users\\llh04\\Desktop\\小说","spawnPreflight":{"command":"D:\\zcode\\ZCode.exe","args":["D:\\zcode\\resources\\glm\\zcode.cjs","app-server","--stdio","--surface","desktop"],"requestedCwd":"C:\\Users\\llh04\\Desktop\\小说","cwd":"C:\\Users\\llh04\\Desktop\\小说","cwdSource":"command","commandPathKind":"absolute","commandExists":true,"cwdExists":true}}
[2026-08-23 13:38:54.360] [info] [pid:4468] [main] [stability] perf_agent_start reported {"pid":40576,"runtimeGeneration":1,"runtimeInstanceId":"agent-8cfd3523-bb6f-4076-ab60-74f01599f2b0"}
[2026-08-23 13:38:54.361] [info] [pid:4468] [main] [host-log] (local-1) [host] [2026-08-23 13:38:54.360] [pid:33160] [zcode-agent] ZCode agent process started {"workspaceKey":"C:\\Users\\llh04\\Desktop\\小说","command":"D:\\zcode\\ZCode.exe","cwd":"C:\\Users\\llh04\\Desktop\\小说","pid":40576,"durationMs":27}
[2026-08-23 13:38:54.362] [info] [pid:4468] [main] [host-log] (local-1) [host] [2026-08-23 13:38:54.361] [pid:33160] [zcode-host] [rpc:listen] zcode-agent.onDynamicConversationFrame subscribed
[2026-08-23 13:38:54.373] [info] [pid:4468] [main] [host-log] (local-1) [host] [2026-08-23 13:38:54.372] [pid:33160] [zcode-agent] ZCode agent spawn preflight {"workspaceKey":"D:\\公考","spawnPreflight":{"command":"D:\\zcode\\ZCode.exe","args":["D:\\zcode\\resources\\glm\\zcode.cjs","app-server","--stdio","--surface","desktop"],"requestedCwd":"D:\\公考","cwd":"D:\\公考","cwdSource":"command","commandPathKind":"absolute","commandExists":true,"cwdExists":true}}
[2026-08-23 13:38:54.381] [info] [pid:4468] [main] [stability] perf_agent_start reported {"pid":36320,"runtimeGeneration":1,"runtimeInstanceId":"agent-7d7c038e-7ef3-4bbe-94a0-570e7bb3cbb2"}
[2026-08-23 13:38:54.382] [info] [pid:4468] [main] [host-log] (local-1) [host] [2026-08-23 13:38:54.381] [pid:33160] [zcode-agent] ZCode agent process started {"workspaceKey":"D:\\公考","command":"D:\\zcode\\ZCode.exe","cwd":"D:\\公考","pid":36320,"durationMs":49}
[2026-08-23 13:38:54.439] [info] [pid:4468] [main] [auto-update] download progress: 5.2% (3965 KB/s, 3.9/75.2 MB)
[2026-08-23 13:38:54.450] [info] [pid:4468] [main] [host-log] (local-1) [host] [2026-08-23 13:38:54.450] [pid:33160] [zcode-host] [rpc:listen] window-controller.onDynamicControllerFrame subscribed
[2026-08-23 13:38:54.451] [info] [pid:4468] [main] [host-log] (local-1) [host] [2026-08-23 13:38:54.451] [pid:33160] [zcode-host] [rpc:call] window-controller.subscribeControllerV4 OK (0.2ms)
[2026-08-23 13:38:54.451] [info] [pid:4468] [main] [host-log] (local-1) [host] [2026-08-23 13:38:54.451] [pid:33160] [zcode-host] [rpc:call] window-controller.subscribeControllerV4 OK (0.1ms)
[2026-08-23 13:38:54.453] [info] [pid:4468] [main] [host-log] (local-1) [host] [2026-08-23 13:38:54.454] [pid:33160] [zcode-host] [rpc:call] setting.get OK (1.0ms)
[2026-08-23 13:38:54.455] [info] [pid:4468] [main] [host-log] (local-1) [host] [2026-08-23 13:38:54.455] [pid:33160] [zcode-host] [rpc:listen] zcode-agent.onDynamicSessionsIndexFrame subscribed
[2026-08-23 13:38:54.455] [info] [pid:4468] [main] [host-log] (local-1) [host] [2026-08-23 13:38:54.455] [pid:33160] [zcode-host] [rpc:listen] zcode-agent.onAgentRuntimeLifecycle subscribed
[2026-08-23 13:38:54.456] [info] [pid:4468] [main] [host-log] (local-1) [host] [2026-08-23 13:38:54.455] [pid:33160] [zcode-host] [rpc:call] zcode-agent.helloConversationV4 OK (0.1ms)
[2026-08-23 13:38:54.456] [info] [pid:4468] [main] [host-log] (local-1) [host] [2026-08-23 13:38:54.456] [pid:33160] [zcode-host] [rpc:listen] zcode-task.onDynamicWorkspaceEvent subscribed
[2026-08-23 13:38:54.461] [info] [pid:4468] [main] [host-log] (local-1) [host] [2026-08-23 13:38:54.461] [pid:33160] [zcode-host] [rpc:call] zcode-task.listPinnedTaskIds OK (5.6ms)
[2026-08-23 13:38:54.462] [info] [pid:4468] [main] [host-log] (local-1) [host] [2026-08-23 13:38:54.461] [pid:33160] [zcode-host] [rpc:call] zcode-task.listDeletedTaskIds OK (5.3ms)
[2026-08-23 13:38:54.462] [info] [pid:4468] [main] [host-log] (local-1) [host] [2026-08-23 13:38:54.461] [pid:33160] [zcode-host] [rpc:call] zcode-task.listArchivedTasks OK (5.5ms)
[2026-08-23 13:38:54.462] [info] [pid:4468] [main] [host-log] (local-1) [host] [2026-08-23 13:38:54.461] [pid:33160] [zcode-host] [rpc:call] zcode-task.listTasks OK (5.4ms)
[2026-08-23 13:38:54.463] [info] [pid:4468] [main] [host-log] (local-1) [host] [2026-08-23 13:38:54.461] [pid:33160] [zcode-host] [rpc:call] zcode-task.listPinnedTasks OK (5.4ms)
[2026-08-23 13:38:54.463] [info] [pid:4468] [main] [host-log] (local-1) [host] [2026-08-23 13:38:54.461] [pid:33160] [zcode-host] [rpc:listen] zcode-agent.onAgentRuntimeRestarted subscribed
[2026-08-23 13:38:54.464] [info] [pid:4468] [main] [host-log] (local-1) [host] [2026-08-23 13:38:54.462] [pid:33160] [zcode-host] [rpc:call] off-peak-task.list OK (0.1ms)
[2026-08-23 13:38:54.464] [info] [pid:4468] [main] [host-log] (local-1) [host] [2026-08-23 13:38:54.462] [pid:33160] [zcode-host] [rpc:listen] model-provider.onDidChangeProviderRegistry subscribed
[2026-08-23 13:38:54.465] [info] [pid:4468] [main] [host-log] (local-1) [host] [2026-08-23 13:38:54.462] [pid:33160] [zcode-host] [rpc:listen] zcode-agent.onDynamicConversationTelemetryFact subscribed
[2026-08-23 13:38:54.467] [info] [pid:4468] [main] [host-log] (local-1) [host] [2026-08-23 13:38:54.464] [pid:33160] [zcode-host] [rpc:listen] model-provider.onDidChangeProviderRegistry subscribed
[2026-08-23 13:38:54.470] [info] [pid:4468] [main] [host-log] (local-1) [host] [2026-08-23 13:38:54.466] [pid:33160] [zcode-host] [rpc:call] off-peak-task.getCodingPlanSupport OK (4.0ms)
[2026-08-23 13:38:54.471] [info] [pid:4468] [main] [host-log] (local-1) [host] [2026-08-23 13:38:54.467] [pid:33160] [zcode-host] [rpc:call] model-provider.getProviderRegistrySnapshot OK (4.5ms)
[2026-08-23 13:38:54.471] [info] [pid:4468] [main] [host-log] (local-1) [host] [2026-08-23 13:38:54.467] [pid:33160] [zcode-host] [rpc:call] off-peak-task.list OK (0.1ms)
[2026-08-23 13:38:54.472] [info] [pid:4468] [main] [host-log] (local-1) [host] [2026-08-23 13:38:54.467] [pid:33160] [zcode-host] [rpc:call] zcode-task.getWorkspaceProviderConfigFile OK (0.1ms)
[2026-08-23 13:38:54.528] [info] [pid:4468] [main] [host-log] (local-1) [host] [2026-08-23 13:38:54.528] [pid:33160] [zcode-host] [rpc:call] subagents.list OK (71.0ms)
[2026-08-23 13:38:54.529] [info] [pid:4468] [main] [host-log] (local-1) [host] [2026-08-23 13:38:54.528] [pid:33160] [zcode-host] [rpc:call] settings-sync.getFirstRunPromptState OK (4.8ms)
[2026-08-23 13:38:54.559] [info] [pid:4468] [main] [host-log] (local-1) [host] [2026-08-23 13:38:54.556] [pid:33160] [zcode-host] [rpc:call] zcode-agent.initializeConversationV4 OK (0.8ms)
[2026-08-23 13:38:54.580] [info] [pid:4468] [main] [host-log] (local-1) [host] [2026-08-23 13:38:54.580] [pid:33160] [zcode-agent-service] 开始请求 ZCode Protocol workspace/readState {"hasRuntimeModel":true,"modelHint":null,"preferWorkspaceDefaults":false,"runtimeModel":{"apiFormat":"openai-chat-completions","baseURL":"https://api.coder.r4.chat/v1","kind":"openai-compatible","model":"3a57ef88-16c9-48c9-af35-067641626862/ox-alpha","providerId":"3a57ef88-16c9-48c9-af35-067641626862","revision":"model-runtime:55022dc5b00904484cf3ea7d","thoughtLevel":null},"workspaceKey":"C:\\Users\\llh04\\Desktop\\小说","workspacePath":"C:\\Users\\llh04\\Desktop\\小说"}
[2026-08-23 13:38:54.583] [info] [pid:4468] [main] [host-log] (local-1) [host] [2026-08-23 13:38:54.581] [pid:33160] [zcode-host] [rpc:call] zcode-session.resolveRuntimeModelForV4 OK (2.7ms)
[2026-08-23 13:38:54.692] [info] [pid:4468] [main] [host-log] (local-1) [host] [2026-08-23 13:38:54.692] [pid:33160] [zcode-host] [rpc:listen] zcode-agent.onDynamicWorkspaceProviderRuntimeHeadersRequest subscribed
[2026-08-23 13:38:54.693] [info] [pid:4468] [main] [task-realtime] updated host workspace scopes {"hostId":"d07989c4-0788-43fd-beeb-5b677fb731c5","workspaceKeyCount":3}
[2026-08-23 13:38:54.694] [info] [pid:4468] [main] [host-log] (local-1) [host] [2026-08-23 13:38:54.692] [pid:33160] [zcode-host] [rpc:listen] zcode-agent.onDynamicWorkspaceProviderRuntimeHeadersRequest subscribed
[2026-08-23 13:38:54.697] [info] [pid:4468] [main] [host-log] (local-1) [host] [2026-08-23 13:38:54.697] [pid:33160] [zcode-host] [rpc:call] window-controller.listTaskList OK (0.2ms)
[2026-08-23 13:38:54.698] [info] [pid:4468] [main] [host-log] (local-1) [host] [2026-08-23 13:38:54.697] [pid:33160] [zcode-host] [rpc:listen] zcode-agent.onDynamicSessionsIndexFrame subscribed
[2026-08-23 13:38:54.699] [info] [pid:4468] [main] [host-log] (local-1) [host] [2026-08-23 13:38:54.698] [pid:33160] [zcode-host] [rpc:listen] zcode-agent.onAgentRuntimeLifecycle subscribed
[2026-08-23 13:38:54.699] [info] [pid:4468] [main] [host-log] (local-1) [host] [2026-08-23 13:38:54.698] [pid:33160] [zcode-host] [rpc:call] zcode-task.listPinnedTaskIds OK (0.3ms)
[2026-08-23 13:38:54.699] [info] [pid:4468] [main] [host-log] (local-1) [host] [2026-08-23 13:38:54.698] [pid:33160] [zcode-host] [rpc:call] zcode-task.listArchivedTasks OK (0.2ms)
[2026-08-23 13:38:54.700] [info] [pid:4468] [main] [host-log] (local-1) [host] [2026-08-23 13:38:54.699] [pid:33160] [zcode-host] [rpc:call] zcode-task.listTasks OK (0.6ms)
[2026-08-23 13:38:54.700] [info] [pid:4468] [main] [host-log] (local-1) [host] [2026-08-23 13:38:54.699] [pid:33160] [zcode-host] [rpc:call] zcode-task.listPinnedTasks OK (0.2ms)
[2026-08-23 13:38:54.701] [info] [pid:4468] [main] [host-log] (local-1) [host] [2026-08-23 13:38:54.700] [pid:33160] [zcode-host] [rpc:call] zcode-task.listDeletedTaskIds OK (0.1ms)
[2026-08-23 13:38:54.701] [info] [pid:4468] [main] [host-log] (local-1) [host] [2026-08-23 13:38:54.700] [pid:33160] [zcode-host] [rpc:listen] zcode-task.onDynamicWorkspaceEvent subscribed
[2026-08-23 13:38:54.702] [info] [pid:4468] [main] [host-log] (local-1) [host] [2026-08-23 13:38:54.700] [pid:33160] [zcode-host] [rpc:listen] zcode-task.onDynamicWorkspaceEvent subscribed
[2026-08-23 13:38:54.707] [info] [pid:4468] [main] [host-log] (local-1) [host] [2026-08-23 13:38:54.707] [pid:33160] [zcode-host] [rpc:call] window-controller.listTaskList OK (0.0ms)
[2026-08-23 13:38:54.767] [info] [pid:4468] [main] [host-log] (local-1) [host] [2026-08-23 13:38:54.767] [pid:33160] [zcode-host] [rpc:call] coding-plan-subscription.getStaticTeamProducts OK (313.9ms)
[2026-08-23 13:38:54.767] [info] [pid:4468] [main] [host-log] (local-1) [host] [2026-08-23 13:38:54.767] [pid:33160] [zcode-host] [rpc:call] coding-plan-subscription.getOffPeakClientConfig OK (305.0ms)
[2026-08-23 13:38:54.768] [info] [pid:4468] [main] [host-log] (local-1) [host] [2026-08-23 13:38:54.767] [pid:33160] [zcode-host] [rpc:call] coding-plan-subscription.getBillingDiscount OK (304.4ms)
[2026-08-23 13:38:54.930] [info] [pid:4468] [main] [host-log] (local-1) [host] [2026-08-23 13:38:54.930] [pid:33160] [zcode-host] [rpc:call] usage-stats.getEntitlementSnapshot OK (641.7ms)
[2026-08-23 13:38:54.932] [info] [pid:4468] [main] [host-log] (local-1) [host] [2026-08-23 13:38:54.932] [pid:33160] [zcode-host] [rpc:call] skills.list OK (474.8ms)
[2026-08-23 13:38:54.994] [info] [pid:4468] [main] [host-log] (local-1) [host] [2026-08-23 13:38:54.994] [pid:33160] [settingService] writing settings to: C:\Users\llh04\.zcode\v2\setting.json {"recentProjects":["C:\\Users\\llh04\\Desktop\\小说","D:\\公考","D:\\公考\\图形推理详解"],"locale":"zh-CN","localePreference":"zh-CN","terminalInheritSystemProfile":true,"embeddedBrowserAllowInsecureCertificates":false,"taskAutoArchiveEnabled":false,"taskAutoArchiveOlderThanDays":7,"closeToTrayOnWindows":true,"closeToTrayOnWindowsMigrationInitialized":true,"keepAwakeWhileRunning":false,"desktopWindowSize":{"width":1200,"height":800,"maximized":false},"desktopChromiumHardwareAccelerationEnabled":true,"messageStreamShowReasoning":false,"messageStreamShowTodos":false,"toolGroupingExploreEnabled":true,"toolGroupingTerminalEnabled":true,"toolGroupingChangesEnabled":false,"zcodeInteractionBehavior":"queue","askUserQuestionAutoResolutionEnabled":true,"modelIoFullRetentionEnabled":false,"optimizeAgentExperienceEnabled":false,"optimizeAgentExperienceMigrationInitialized":true,"enabledBuiltinAgentCliProviders":["glm"],"modelProviderFamilyModes":{"zai":"oauth"},"modelProviderFamilySelectedKeys":{"zai":"coding-plan:builtin:zai-start-plan"},"providerFamilyDomain":"zai","providerFamilyDomainUpdatedAt":1787116588334,"providerFamilyDomainMigrated":true,"repoSnapshotIndexingEnabled":false,"instantGrepIndexingEnabled":false,"nativeSearchEnhancementsEnabled":true,"memoryEnabled":false,"lastWorkspaceSession":[{"kind":"local","workspacePath":"C:\\Users\\llh04\\Desktop\\小说","workspacePurpose":"project"},{"kind":"local","workspacePath":"D:\\公考","workspacePurpose":"project"},{"kind":"local","workspacePath":"C:\\Users\\llh04\\.zcode\\workspace\\default","workspacePurpose":"conversation"}],"lastActiveTabIndex":0,"receivePreviewUpdates":false,"autoDownloadAndInstallUpdates":true,"skippedElectronUpdateVersions":{},"settingsSyncFirstRunPromptHandled":true}
[2026-08-23 13:38:55.006] [info] [pid:4468] [main] [host-log] (local-1) [host] [2026-08-23 13:38:55.006] [pid:33160] [settingService] write done
[2026-08-23 13:38:55.007] [info] [pid:4468] [main] [host-log] (local-1) [host] [2026-08-23 13:38:55.006] [pid:33160] [zcode-host] [rpc:call] setting.update OK (24.5ms)
[2026-08-23 13:38:55.015] [info] [pid:4468] [main] [host-log] (local-1) [host] [2026-08-23 13:38:55.014] [pid:33160] [usage-stats] 读取 BigModel entitlement 已解析授权上下文 {"preferredProviderId":"builtin:zai-coding-plan","providerId":"builtin:zai-coding-plan","scope":"personal","organizationId":null,"projectId":null}
[2026-08-23 13:38:55.019] [info] [pid:4468] [main] [host-log] (local-1) [host] [2026-08-23 13:38:55.018] [pid:33160] [zcode-agent-service] 开始同步本地 provider registry 到 ZCode agent {"providerCount":2,"reason":"manual","revision":"sha256:dc990ed629f1a66ca2915a9823df7dd3c1eac45221668e4051b03284ecba69b8","workspaceKey":"D:\\公考\\图形推理详解","workspacePath":"D:\\公考\\图形推理详解"}
[2026-08-23 13:38:55.020] [info] [pid:4468] [main] [host-log] (local-1) [host] [2026-08-23 13:38:55.018] [pid:33160] [zcode-agent-service] 开始同步本地 provider registry 到 ZCode agent {"providerCount":2,"reason":"manual","revision":"sha256:dc990ed629f1a66ca2915a9823df7dd3c1eac45221668e4051b03284ecba69b8","workspaceKey":"C:\\Users\\llh04\\Desktop\\小说","workspacePath":"C:\\Users\\llh04\\Desktop\\小说"}
[2026-08-23 13:38:55.020] [info] [pid:4468] [main] [host-log] (local-1) [host] [2026-08-23 13:38:55.019] [pid:33160] [zcode-agent-service] 开始同步本地 provider registry 到 ZCode agent {"providerCount":2,"reason":"manual","revision":"sha256:dc990ed629f1a66ca2915a9823df7dd3c1eac45221668e4051b03284ecba69b8","workspaceKey":"D:\\公考","workspacePath":"D:\\公考"}
[2026-08-23 13:38:55.055] [info] [pid:4468] [main] [host-log] (local-1) [host] [2026-08-23 13:38:55.055] [pid:33160] [zcode-host] [rpc:call] client-scenes.list OK (593.1ms)
[2026-08-23 13:38:55.057] [info] [pid:4468] [main] [host-log] (local-1) [host] [2026-08-23 13:38:55.057] [pid:33160] [zcode-host] [rpc:call] model-provider.getAll OK (771.6ms)
[2026-08-23 13:38:55.129] [info] [pid:4468] [main] [host-log] (local-1) [host] [2026-08-23 13:38:55.128] [pid:33160] [zcode-host] [rpc:call] git.refresh OK (660.8ms)
[2026-08-23 13:38:55.192] [info] [pid:4468] [main] [host-log] (local-1) [host] [2026-08-23 13:38:55.193] [pid:33160] [zcode-host] [rpc:call] coding-plan-subscription.getEnterprisePricing OK (739.5ms)
[2026-08-23 13:38:55.237] [info] [pid:4468] [main] [host-log] (local-1) [host] [2026-08-23 13:38:55.237] [pid:33160] [zcode-host] [rpc:call] model-provider.getAll OK (951.3ms)
[2026-08-23 13:38:55.254] [info] [pid:4468] [main] [host-log] (local-1) [host] [2026-08-23 13:38:55.254] [pid:33160] [zcode-host] [rpc:call] usage-stats.getEntitlementSnapshot OK (317.2ms)
[2026-08-23 13:38:55.326] [info] [pid:4468] [main] [host-log] (local-1) [host] [2026-08-23 13:38:55.326] [pid:33160] [usage-stats] billing/balance 请求完成 {"balanceCount":3,"balances":[{"entitlement_id":"ent_wk_0821_glm_5p3","show_name":"GLM-5.3","total_units":100000000,"used_units":99886429,"remaining_units":113571,"available_units":113571,"reserved_units":null},{"entitlement_id":"ent_2_0817_glm_5p3","show_name":"GLM-5.3","total_units":3000000,"used_units":0,"remaining_units":3000000,"available_units":3000000,"reserved_units":null},{"entitlement_id":"ent_2_0817_glm_5turbo","show_name":"GLM-5-Turbo","total_units":2000000,"used_units":0,"remaining_units":2000000,"available_units":2000000,"reserved_units":null}],"code":0,"durationMs":168,"msg":"","payload":{"code":0,"msg":"","data":{"server_time":1787463534,"plans":[{"user_plan_id":"upl_2090839276763762688","plan_id":"zcode-v3-start-plan-0821","name":"ZCode Weekend Build","description":"ZCode 周末活动","priority":100,"status":"active","starts_at":1787329904,"ends_at":1787533200,"entitlements":[{"entitlement_id":"ent_wk_0821_glm_5p3","show_name":"GLM-5.3","meter":"model_usage","unit_type":"token","capabilities":["model:glm-5.3"],"grant_units":100000000,"period":"one_time","priority":110}]},{"user_plan_id":"upl_2089944584870027264","plan_id":"zcode-v3-start-plan-0817","name":"ZCode Start Plan","description":"免费 GLM 旗舰模型体验","priority":90,"status":"active","starts_at":1787116592,"ends_at":1787500799,"entitlements":[{"entitlement_id":"ent_2_0817_glm_5p3","show_name":"GLM-5.3","meter":"model_usage","unit_type":"token","capabilities":["model:glm-5.3"],"grant_units":3000000,"period":"daily","priority":110},{"entitlement_id":"ent_2_0817_glm_5turbo","show_name":"GLM-5-Turbo","meter":"model_usage","unit_type":"token","capabilities":["model:GLM-5-Turbo"],"grant_units":2000000,"period":"daily","priority":80}]}],"balances":[{"bucket_id":"bucket_2090839276839260160","user_plan_id":"upl_2090839276763762688","plan_id":"zcode-v3-start-plan-0821","entitlement_id":"ent_wk_0821_glm_5p3","show_name":"GLM-5.3","meter":"model_usage","unit_type":"token","capabilities":["model:glm-5.3"],"priority":110,"plan_priority":100,"entitlement_priority":110,"total_units":100000000,"used_units":99886429,"remaining_units":113571,"available_units":113571,"period_start":1787329904,"period_end":1787533200,"expires_at":1787533200},{"bucket_id":"bucket_2091218082912669696","user_plan_id":"upl_2089944584870027264","plan_id":"zcode-v3-start-plan-0817","entitlement_id":"ent_2_0817_glm_5p3","show_name":"GLM-5.3","meter":"model_usage","unit_type":"token","capabilities":["model:glm-5.3"],"priority":110,"plan_priority":90,"entitlement_priority":110,"total_units":3000000,"used_units":0,"remaining_units":3000000,"available_units":3000000,"period_start":1787414400,"period_end":1787500799,"expires_at":1787500799},{"bucket_id":"bucket_2091218082921058304","user_plan_id":"upl_2089944584870027264","plan_id":"zcode-v3-start-plan-0817","entitlement_id":"ent_2_0817_glm_5turbo","show_name":"GLM-5-Turbo","meter":"model_usage","unit_type":"token","capabilities":["model:GLM-5-Turbo"],"priority":80,"plan_priority":90,"entitlement_priority":80,"total_units":2000000,"used_units":0,"remaining_units":2000000,"available_units":2000000,"period_start":1787414400,"period_end":1787500799,"expires_at":1787500799}]}},"planCount":2,"plans":[{"name":"ZCode Weekend Build","plan_id":"zcode-v3-start-plan-0821","status":"active"},{"name":"ZCode Start Plan","plan_id":"zcode-v3-start-plan-0817","status":"active"}],"providerId":"builtin:zai-start-plan","success":true,"url":"https://zcode.z.ai/api/v1/zcode-plan/billing/balance?app_version=3.8.1"}
[2026-08-23 13:38:55.327] [info] [pid:4468] [main] [host-log] (local-1) [host] [2026-08-23 13:38:55.327] [pid:33160] [zcode-host] [rpc:call] usage-stats.getEntitlementSnapshot OK (389.9ms)
[2026-08-23 13:38:55.459] [info] [pid:4468] [main] [auto-update] download progress: 16.0% (6099 KB/s, 12.0/75.2 MB)
[2026-08-23 13:38:55.460] [info] [pid:4468] [main] [force-update] 自动升级下载进度 16%
[2026-08-23 13:38:56.462] [info] [pid:4468] [main] [auto-update] download progress: 27.9% (7104 KB/s, 21.0/75.2 MB)
[2026-08-23 13:38:56.463] [info] [pid:4468] [main] [force-update] 自动升级下载进度 28%
[2026-08-23 13:38:56.836] [info] [pid:4468] [main] [stability] perf_app_start reported
[2026-08-23 13:38:56.845] [info] [pid:4468] [main] [host-log] (local-1) [host] [2026-08-23 13:38:56.832] [pid:33160] [zcode-host] [rpc:call] coding-plan-subscription.getStaticTeamProducts OK (0.0ms)
[2026-08-23 13:38:56.846] [info] [pid:4468] [main] [task-realtime] updated host workspace scopes {"hostId":"d07989c4-0788-43fd-beeb-5b677fb731c5","workspaceKeyCount":3}
[2026-08-23 13:38:56.847] [info] [pid:4468] [main] [host-log] (local-1) [host] [2026-08-23 13:38:56.832] [pid:33160] [zcode-host] [rpc:call] coding-plan-subscription.getStaticTeamProducts OK (0.0ms)
[2026-08-23 13:38:56.847] [info] [pid:4468] [main] [host-log] (local-1) [host] [2026-08-23 13:38:56.832] [pid:33160] [zcode-host] [rpc:call] system.info OK (0.0ms)
[2026-08-23 13:38:56.848] [info] [pid:4468] [main] [host-log] (local-1) [host] [2026-08-23 13:38:56.833] [pid:33160] [zcode-host] [rpc:call] setting.get OK (1.6ms)
[2026-08-23 13:38:56.848] [info] [pid:4468] [main] [host-log] (local-1) [host] [2026-08-23 13:38:56.833] [pid:33160] [zcode-host] [rpc:call] setting.get OK (1.0ms)
[2026-08-23 13:38:56.866] [info] [pid:4468] [main] [host-log] (local-1) [host] [2026-08-23 13:38:56.865] [pid:33160] [zcode-host] [rpc:call] system.listIntegratedTerminalShells OK (6.9ms)
[2026-08-23 13:38:57.116] [info] [pid:4468] [main] [host-log] (local-1) [host] [2026-08-23 13:38:57.115] [pid:33160] [settingService] writing settings to: C:\Users\llh04\.zcode\v2\setting.json {"recentProjects":["C:\\Users\\llh04\\Desktop\\小说","D:\\公考","D:\\公考\\图形推理详解"],"locale":"zh-CN","localePreference":"zh-CN","terminalInheritSystemProfile":true,"embeddedBrowserAllowInsecureCertificates":false,"taskAutoArchiveEnabled":false,"taskAutoArchiveOlderThanDays":7,"closeToTrayOnWindows":true,"closeToTrayOnWindowsMigrationInitialized":true,"keepAwakeWhileRunning":false,"desktopWindowSize":{"width":1200,"height":800,"maximized":false},"desktopChromiumHardwareAccelerationEnabled":true,"messageStreamShowReasoning":false,"messageStreamShowTodos":false,"toolGroupingExploreEnabled":true,"toolGroupingTerminalEnabled":true,"toolGroupingChangesEnabled":false,"zcodeInteractionBehavior":"queue","askUserQuestionAutoResolutionEnabled":true,"modelIoFullRetentionEnabled":false,"optimizeAgentExperienceEnabled":false,"optimizeAgentExperienceMigrationInitialized":true,"enabledBuiltinAgentCliProviders":["glm"],"modelProviderFamilyModes":{"zai":"oauth"},"modelProviderFamilySelectedKeys":{"zai":"coding-plan:builtin:zai-start-plan"},"providerFamilyDomain":"zai","providerFamilyDomainUpdatedAt":1787116588334,"providerFamilyDomainMigrated":true,"repoSnapshotIndexingEnabled":false,"instantGrepIndexingEnabled":false,"nativeSearchEnhancementsEnabled":true,"memoryEnabled":false,"lastWorkspaceSession":[{"kind":"local","workspacePath":"C:\\Users\\llh04\\Desktop\\小说","workspacePurpose":"project"},{"kind":"local","workspacePath":"D:\\公考","workspacePurpose":"project"},{"kind":"local","workspacePath":"C:\\Users\\llh04\\.zcode\\workspace\\default","workspacePurpose":"conversation"}],"lastActiveTabIndex":0,"receivePreviewUpdates":false,"autoDownloadAndInstallUpdates":true,"skippedElectronUpdateVersions":{},"settingsSyncFirstRunPromptHandled":true}
[2026-08-23 13:38:57.119] [info] [pid:4468] [main] [host-log] (local-1) [host] [2026-08-23 13:38:57.119] [pid:33160] [settingService] write done
[2026-08-23 13:38:57.121] [info] [pid:4468] [main] [host-log] (local-1) [host] [2026-08-23 13:38:57.119] [pid:33160] [zcode-host] [rpc:call] setting.update OK (5.0ms)
[2026-08-23 13:38:57.145] [info] [pid:4468] [main] [host-log] (local-1) [host] [2026-08-23 13:38:57.143] [pid:33160] [zcode-host] [rpc:call] coding-plan-subscription.getEnterprisePricing OK (310.7ms)
[2026-08-23 13:38:57.146] [info] [pid:4468] [main] [host-log] (local-1) [host] [2026-08-23 13:38:57.143] [pid:33160] [zcode-host] [rpc:call] coding-plan-subscription.getEnterprisePricing OK (310.7ms)
[2026-08-23 13:38:57.480] [info] [pid:4468] [main] [auto-update] download progress: 39.0% (7432 KB/s, 29.3/75.2 MB)
[2026-08-23 13:38:57.481] [info] [pid:4468] [main] [force-update] 自动升级下载进度 39%
[2026-08-23 13:38:58.481] [info] [pid:4468] [main] [auto-update] download progress: 49.6% (7571 KB/s, 37.3/75.2 MB)
[2026-08-23 13:38:58.482] [info] [pid:4468] [main] [force-update] 自动升级下载进度 50%
[2026-08-23 13:38:58.925] [info] [pid:4468] [main] [auto-update] download progress: 54.1% (7592 KB/s, 40.7/75.2 MB)
[2026-08-23 13:38:58.926] [debug] [pid:4468] [main] download range: bytes=47328236-47697789
[2026-08-23 13:38:58.981] [info] [pid:4468] [main] [auto-update] download progress: 54.6% (7580 KB/s, 41.0/75.2 MB)
[2026-08-23 13:38:58.982] [debug] [pid:4468] [main] download range: bytes=47723303-53052827
[2026-08-23 13:38:59.485] [info] [pid:4468] [main] [auto-update] download progress: 59.3% (7556 KB/s, 44.6/75.2 MB)
[2026-08-23 13:38:59.651] [info] [pid:4468] [main] [auto-update] download progress: 61.3% (7601 KB/s, 46.1/75.2 MB)
[2026-08-23 13:38:59.651] [info] [pid:4468] [main] [force-update] 自动升级下载进度 61%
[2026-08-23 13:38:59.655] [debug] [pid:4468] [main] download range: bytes=53249785-53270455
[2026-08-23 13:38:59.679] [info] [pid:4468] [main] [auto-update] download progress: 61.4% (7570 KB/s, 46.1/75.2 MB)
[2026-08-23 13:38:59.680] [debug] [pid:4468] [main] download range: bytes=53286134-54278689
[2026-08-23 13:38:59.834] [info] [pid:4468] [main] [host-log] (local-1) [host] [2026-08-23 13:38:59.834] [pid:33160] [zcode-host] [rpc:call] setting.get OK (2.9ms)
[2026-08-23 13:38:59.835] [info] [pid:4468] [main] [host-log] (local-1) [host] [2026-08-23 13:38:59.834] [pid:33160] [zcode-host] [rpc:call] credential.load OK (2.9ms)
[2026-08-23 13:38:59.836] [info] [pid:4468] [main] [host-log] (local-1) [host] [2026-08-23 13:38:59.834] [pid:33160] [zcode-host] [rpc:call] credential.load OK (3.0ms)
[2026-08-23 13:38:59.837] [info] [pid:4468] [main] [host-log] (local-1) [host] [2026-08-23 13:38:59.834] [pid:33160] [zcode-host] [rpc:call] credential.load OK (3.0ms)
[2026-08-23 13:38:59.847] [info] [pid:4468] [main] [host-log] (local-1) [host] [2026-08-23 13:38:59.844] [pid:33160] [usage-stats] 读取 BigModel entitlement 已解析授权上下文 {"preferredProviderId":"builtin:zai-coding-plan","providerId":"builtin:zai-coding-plan","scope":"personal","organizationId":null,"projectId":null}
[2026-08-23 13:38:59.859] [info] [pid:4468] [main] [auto-update] download progress: 62.6% (7509 KB/s, 47.1/75.2 MB)
[2026-08-23 13:38:59.863] [debug] [pid:4468] [main] download range: bytes=54421802-54787247
[2026-08-23 13:38:59.868] [info] [pid:4468] [main] [host-log] (local-1) [host] [2026-08-23 13:38:59.868] [pid:33160] [zcode-host] [rpc:call] coding-plan-subscription.getStaticProducts OK (0.1ms)
[2026-08-23 13:38:59.871] [info] [pid:4468] [main] [host-log] (local-1) [host] [2026-08-23 13:38:59.871] [pid:33160] [zcode-host] [rpc:call] zcode-agent.subscribeSessionsIndexV4 OK (5266.4ms)
[2026-08-23 13:38:59.873] [info] [pid:4468] [main] [host-log] (local-1) [host] [2026-08-23 13:38:59.872] [pid:33160] [zcode-host] [rpc:call] window-controller.listTaskList OK (5421.1ms)
[2026-08-23 13:38:59.874] [info] [pid:4468] [main] [host-log] (local-1) [host] [2026-08-23 13:38:59.872] [pid:33160] [zcode-host] [rpc:call] window-controller.listTaskList OK (5319.6ms)
[2026-08-23 13:38:59.887] [info] [pid:4468] [main] [host-log] (local-1) [host] [2026-08-23 13:38:59.886] [pid:33160] [zcode-host] [rpc:call] zcode-agent.subscribeSessionsIndexV4 OK (5179.4ms)
[2026-08-23 13:38:59.889] [info] [pid:4468] [main] [host-log] (local-1) [host] [2026-08-23 13:38:59.887] [pid:33160] [zcode-host] [rpc:call] window-controller.listTaskList OK (5194.7ms)
[2026-08-23 13:38:59.890] [info] [pid:4468] [main] [host-log] (local-1) [host] [2026-08-23 13:38:59.887] [pid:33160] [zcode-host] [rpc:call] window-controller.listTaskList OK (5180.3ms)
[2026-08-23 13:38:59.909] [info] [pid:4468] [main] [auto-update] download progress: 63.1% (7506 KB/s, 47.4/75.2 MB)
[2026-08-23 13:38:59.911] [debug] [pid:4468] [main] download range: bytes=54820016-54994738
[2026-08-23 13:38:59.925] [info] [pid:4468] [main] [host-log] (local-1) [host] [2026-08-23 13:38:59.925] [pid:33160] [zcode-agent-service] 本地 provider registry 已同步到 ZCode agent {"appliedProviderRevision":"sha256:dc990ed629f1a66ca2915a9823df7dd3c1eac45221668e4051b03284ecba69b8","providerCount":2,"reason":"manual","status":"applied","workspaceKey":"D:\\公考\\图形推理详解","workspacePath":"D:\\公考\\图形推理详解"}
[2026-08-23 13:38:59.927] [info] [pid:4468] [main] [host-log] (local-1) [host] [2026-08-23 13:38:59.925] [pid:33160] [zcode-agent-service] provider registry 变更已推送到本地 active workspace {"providerCount":2,"reason":"manual","revision":"sha256:dc990ed629f1a66ca2915a9823df7dd3c1eac45221668e4051b03284ecba69b8","workspaceKey":"D:\\公考\\图形推理详解","workspacePath":"D:\\公考\\图形推理详解"}
[2026-08-23 13:38:59.928] [info] [pid:4468] [main] [host-log] (local-1) [host] [2026-08-23 13:38:59.928] [pid:33160] [zcode-agent-service] 本地 provider registry 已同步到 ZCode agent {"appliedProviderRevision":"sha256:dc990ed629f1a66ca2915a9823df7dd3c1eac45221668e4051b03284ecba69b8","providerCount":2,"reason":"manual","status":"applied","workspaceKey":"C:\\Users\\llh04\\Desktop\\小说","workspacePath":"C:\\Users\\llh04\\Desktop\\小说"}
[2026-08-23 13:38:59.929] [info] [pid:4468] [main] [host-log] (local-1) [host] [2026-08-23 13:38:59.928] [pid:33160] [zcode-agent-service] provider registry 变更已推送到本地 active workspace {"providerCount":2,"reason":"manual","revision":"sha256:dc990ed629f1a66ca2915a9823df7dd3c1eac45221668e4051b03284ecba69b8","workspaceKey":"C:\\Users\\llh04\\Desktop\\小说","workspacePath":"C:\\Users\\llh04\\Desktop\\小说"}
[2026-08-23 13:38:59.930] [info] [pid:4468] [main] [host-log] (local-1) [host] [2026-08-23 13:38:59.929] [pid:33160] [zcode-agent-service] 为只读会话控制面启动 ZCode agent {"workspaceKey":"C:\\Users\\llh04\\Desktop\\小说","workspacePath":"C:\\Users\\llh04\\Desktop\\小说"}
[2026-08-23 13:38:59.933] [info] [pid:4468] [main] [stability] perf_agent_ready reported {"pid":40576,"runtimeGeneration":1,"runtimeInstanceId":"agent-8cfd3523-bb6f-4076-ab60-74f01599f2b0","startupDurationMs":5569}
[2026-08-23 13:38:59.934] [info] [pid:4468] [main] [host-log] (local-1) [host] [2026-08-23 13:38:59.930] [pid:33160] [zcode-agent-service] provider/model 就绪，允许 ZCode agent 模型执行 {"modelId":"ox-alpha","providerId":"3a57ef88-16c9-48c9-af35-067641626862","revision":"sha256:dc990ed629f1a66ca2915a9823df7dd3c1eac45221668e4051b03284ecba69b8","workspaceKey":"C:\\Users\\llh04\\Desktop\\小说","workspacePath":"C:\\Users\\llh04\\Desktop\\小说"}
[2026-08-23 13:38:59.935] [info] [pid:4468] [main] [host-log] (local-1) [host] [2026-08-23 13:38:59.930] [pid:33160] [zcode-agent-service] provider/model 就绪，允许 ZCode agent 模型执行 {"modelId":"ox-alpha","providerId":"3a57ef88-16c9-48c9-af35-067641626862","revision":"sha256:dc990ed629f1a66ca2915a9823df7dd3c1eac45221668e4051b03284ecba69b8","workspaceKey":"C:\\Users\\llh04\\Desktop\\小说","workspacePath":"C:\\Users\\llh04\\Desktop\\小说"}
[2026-08-23 13:38:59.935] [info] [pid:4468] [main] [host-log] (local-1) [host] [2026-08-23 13:38:59.930] [pid:33160] [zcode-agent-service] ZCode agent 初始化完成 {"durationMs":5741,"transportKind":"stdio","workspaceKey":"C:\\Users\\llh04\\Desktop\\小说","workspacePath":"C:\\Users\\llh04\\Desktop\\小说"}
[2026-08-23 13:38:59.936] [info] [pid:4468] [main] [host-log] (local-1) [host] [2026-08-23 13:38:59.930] [pid:33160] [zcode-host] ZCode agent warmup ready (local host init (1/3)) workspace=C:\Users\llh04\Desktop\小说 transport=stdio
[2026-08-23 13:38:59.938] [info] [pid:4468] [main] [host-log] (local-1) [host] [2026-08-23 13:38:59.938] [pid:33160] [zcode-agent-service] 本地 provider registry 已同步到 ZCode agent {"appliedProviderRevision":"sha256:dc990ed629f1a66ca2915a9823df7dd3c1eac45221668e4051b03284ecba69b8","providerCount":2,"reason":"manual","status":"applied","workspaceKey":"D:\\公考","workspacePath":"D:\\公考"}
[2026-08-23 13:38:59.939] [info] [pid:4468] [main] [host-log] (local-1) [host] [2026-08-23 13:38:59.938] [pid:33160] [zcode-agent-service] provider registry 变更已推送到本地 active workspace {"providerCount":2,"reason":"manual","revision":"sha256:dc990ed629f1a66ca2915a9823df7dd3c1eac45221668e4051b03284ecba69b8","workspaceKey":"D:\\公考","workspacePath":"D:\\公考"}
[2026-08-23 13:38:59.941] [info] [pid:4468] [main] [host-log] (local-1) [host] [2026-08-23 13:38:59.941] [pid:33160] [zcode-agent-service] 为只读会话控制面启动 ZCode agent {"workspaceKey":"D:\\公考","workspacePath":"D:\\公考"}
[2026-08-23 13:38:59.942] [info] [pid:4468] [main] [stability] perf_agent_ready reported {"pid":36320,"runtimeGeneration":1,"runtimeInstanceId":"agent-7d7c038e-7ef3-4bbe-94a0-570e7bb3cbb2","startupDurationMs":5561}
[2026-08-23 13:38:59.942] [info] [pid:4468] [main] [host-log] (local-1) [host] [2026-08-23 13:38:59.941] [pid:33160] [zcode-agent-service] provider/model 就绪，允许 ZCode agent 模型执行 {"modelId":"ox-alpha","providerId":"3a57ef88-16c9-48c9-af35-067641626862","revision":"sha256:dc990ed629f1a66ca2915a9823df7dd3c1eac45221668e4051b03284ecba69b8","workspaceKey":"D:\\公考","workspacePath":"D:\\公考"}
[2026-08-23 13:38:59.943] [info] [pid:4468] [main] [host-log] (local-1) [host] [2026-08-23 13:38:59.941] [pid:33160] [zcode-agent-service] provider/model 就绪，允许 ZCode agent 模型执行 {"modelId":"ox-alpha","providerId":"3a57ef88-16c9-48c9-af35-067641626862","revision":"sha256:dc990ed629f1a66ca2915a9823df7dd3c1eac45221668e4051b03284ecba69b8","workspaceKey":"D:\\公考","workspacePath":"D:\\公考"}
[2026-08-23 13:38:59.943] [info] [pid:4468] [main] [host-log] (local-1) [host] [2026-08-23 13:38:59.941] [pid:33160] [zcode-agent-service] ZCode agent 初始化完成 {"durationMs":5751,"transportKind":"stdio","workspaceKey":"D:\\公考","workspacePath":"D:\\公考"}
[2026-08-23 13:38:59.944] [info] [pid:4468] [main] [host-log] (local-1) [host] [2026-08-23 13:38:59.941] [pid:33160] [zcode-agent-service] provider/model 就绪后已启动等待中的 ZCode agent {"providerCount":2,"reason":"manual","revision":"sha256:dc990ed629f1a66ca2915a9823df7dd3c1eac45221668e4051b03284ecba69b8","workspaceKey":"D:\\公考","workspacePath":"D:\\公考"}
[2026-08-23 13:38:59.944] [info] [pid:4468] [main] [host-log] (local-1) [host] [2026-08-23 13:38:59.941] [pid:33160] [zcode-host] ZCode agent warmup ready (local host init (2/3)) workspace=D:\公考 transport=stdio
[2026-08-23 13:38:59.947] [info] [pid:4468] [main] [auto-update] download progress: 63.3% (7488 KB/s, 47.6/75.2 MB)
[2026-08-23 13:38:59.948] [info] [pid:4468] [main] [host-log] (local-1) [host] [2026-08-23 13:38:59.947] [pid:33160] [zcode-host] [rpc:call] window-controller.listTaskList OK (0.1ms)
[2026-08-23 13:38:59.949] [info] [pid:4468] [main] [host-log] (local-1) [host] [2026-08-23 13:38:59.947] [pid:33160] [zcode-host] [rpc:call] coding-plan-subscription.getStaticTeamProducts OK (0.0ms)
[2026-08-23 13:38:59.952] [debug] [pid:4468] [main] download range: bytes=55051782-55836869
[2026-08-23 13:38:59.954] [info] [pid:4468] [main] [host-log] (local-1) [host] [2026-08-23 13:38:59.954] [pid:33160] [zcode-host] [rpc:call] zcode-task.listPinnedTaskIds OK (0.2ms)
[2026-08-23 13:38:59.955] [info] [pid:4468] [main] [host-log] (local-1) [host] [2026-08-23 13:38:59.955] [pid:33160] [zcode-host] [rpc:call] zcode-task.listArchivedTasks OK (0.2ms)
[2026-08-23 13:38:59.956] [info] [pid:4468] [main] [host-log] (local-1) [host] [2026-08-23 13:38:59.955] [pid:33160] [zcode-host] [rpc:call] zcode-task.listTasks OK (0.7ms)
[2026-08-23 13:38:59.957] [info] [pid:4468] [main] [host-log] (local-1) [host] [2026-08-23 13:38:59.956] [pid:33160] [zcode-host] [rpc:call] zcode-task.listPinnedTasks OK (0.2ms)
[2026-08-23 13:38:59.957] [info] [pid:4468] [main] [host-log] (local-1) [host] [2026-08-23 13:38:59.956] [pid:33160] [zcode-host] [rpc:call] zcode-task.listDeletedTaskIds OK (0.1ms)
[2026-08-23 13:38:59.960] [info] [pid:4468] [main] [host-log] (local-1) [host] [2026-08-23 13:38:59.960] [pid:33160] [zcode-host] [rpc:call] window-controller.listTaskList OK (0.1ms)
[2026-08-23 13:38:59.973] [info] [pid:4468] [main] [host-log] (local-1) [host] [2026-08-23 13:38:59.973] [pid:33160] [zcode-host] [rpc:call] usage-stats.getAppUsageSnapshot OK (3140.9ms)
[2026-08-23 13:38:59.974] [info] [pid:4468] [main] [host-log] (local-1) [host] [2026-08-23 13:38:59.974] [pid:33160] [zcode-host] [rpc:call] usage-stats.getAppUsageSnapshot OK (3142.0ms)
[2026-08-23 13:38:59.975] [info] [pid:4468] [main] [host-log] (local-1) [host] [2026-08-23 13:38:59.974] [pid:33160] [zcode-agent-service] 为只读会话控制面启动 ZCode agent {"workspaceKey":"D:\\公考\\图形推理详解","workspacePath":"D:\\公考\\图形推理详解"}
[2026-08-23 13:38:59.975] [info] [pid:4468] [main] [stability] perf_agent_ready reported {"pid":10380,"runtimeGeneration":1,"runtimeInstanceId":"agent-b7de7b67-befd-450f-9d27-0a8709498768","startupDurationMs":5626}
[2026-08-23 13:38:59.976] [info] [pid:4468] [main] [host-log] (local-1) [host] [2026-08-23 13:38:59.974] [pid:33160] [zcode-agent-service] provider/model 就绪，允许 ZCode agent 模型执行 {"modelId":"ox-alpha","providerId":"3a57ef88-16c9-48c9-af35-067641626862","revision":"sha256:dc990ed629f1a66ca2915a9823df7dd3c1eac45221668e4051b03284ecba69b8","workspaceKey":"D:\\公考\\图形推理详解","workspacePath":"D:\\公考\\图形推理详解"}
[2026-08-23 13:38:59.976] [info] [pid:4468] [main] [host-log] (local-1) [host] [2026-08-23 13:38:59.975] [pid:33160] [zcode-agent-service] provider/model 就绪，允许 ZCode agent 模型执行 {"modelId":"ox-alpha","providerId":"3a57ef88-16c9-48c9-af35-067641626862","revision":"sha256:dc990ed629f1a66ca2915a9823df7dd3c1eac45221668e4051b03284ecba69b8","workspaceKey":"D:\\公考\\图形推理详解","workspacePath":"D:\\公考\\图形推理详解"}
[2026-08-23 13:38:59.976] [info] [pid:4468] [main] [host-log] (local-1) [host] [2026-08-23 13:38:59.975] [pid:33160] [zcode-agent-service] ZCode agent 初始化完成 {"durationMs":5785,"transportKind":"stdio","workspaceKey":"D:\\公考\\图形推理详解","workspacePath":"D:\\公考\\图形推理详解"}
[2026-08-23 13:38:59.976] [info] [pid:4468] [main] [host-log] (local-1) [host] [2026-08-23 13:38:59.975] [pid:33160] [zcode-agent-service] provider/model 就绪后已启动等待中的 ZCode agent {"providerCount":2,"reason":"manual","revision":"sha256:dc990ed629f1a66ca2915a9823df7dd3c1eac45221668e4051b03284ecba69b8","workspaceKey":"D:\\公考\\图形推理详解","workspacePath":"D:\\公考\\图形推理详解"}
[2026-08-23 13:38:59.977] [info] [pid:4468] [main] [host-log] (local-1) [host] [2026-08-23 13:38:59.975] [pid:33160] [zcode-host] ZCode agent warmup ready (local host init (3/3)) workspace=D:\公考\图形推理详解 transport=stdio
[2026-08-23 13:39:00.039] [info] [pid:4468] [main] [host-log] (local-1) [host] [2026-08-23 13:39:00.039] [pid:33160] [usage-stats] billing/balance 请求完成 {"balanceCount":3,"balances":[{"entitlement_id":"ent_wk_0821_glm_5p3","show_name":"GLM-5.3","total_units":100000000,"used_units":99886429,"remaining_units":113571,"available_units":113571,"reserved_units":null},{"entitlement_id":"ent_2_0817_glm_5p3","show_name":"GLM-5.3","total_units":3000000,"used_units":0,"remaining_units":3000000,"available_units":3000000,"reserved_units":null},{"entitlement_id":"ent_2_0817_glm_5turbo","show_name":"GLM-5-Turbo","total_units":2000000,"used_units":0,"remaining_units":2000000,"available_units":2000000,"reserved_units":null}],"code":0,"durationMs":144,"msg":"","payload":{"code":0,"msg":"","data":{"server_time":1787463539,"plans":[{"user_plan_id":"upl_2090839276763762688","plan_id":"zcode-v3-start-plan-0821","name":"ZCode Weekend Build","description":"ZCode 周末活动","priority":100,"status":"active","starts_at":1787329904,"ends_at":1787533200,"entitlements":[{"entitlement_id":"ent_wk_0821_glm_5p3","show_name":"GLM-5.3","meter":"model_usage","unit_type":"token","capabilities":["model:glm-5.3"],"grant_units":100000000,"period":"one_time","priority":110}]},{"user_plan_id":"upl_2089944584870027264","plan_id":"zcode-v3-start-plan-0817","name":"ZCode Start Plan","description":"免费 GLM 旗舰模型体验","priority":90,"status":"active","starts_at":1787116592,"ends_at":1787500799,"entitlements":[{"entitlement_id":"ent_2_0817_glm_5p3","show_name":"GLM-5.3","meter":"model_usage","unit_type":"token","capabilities":["model:glm-5.3"],"grant_units":3000000,"period":"daily","priority":110},{"entitlement_id":"ent_2_0817_glm_5turbo","show_name":"GLM-5-Turbo","meter":"model_usage","unit_type":"token","capabilities":["model:GLM-5-Turbo"],"grant_units":2000000,"period":"daily","priority":80}]}],"balances":[{"bucket_id":"bucket_2090839276839260160","user_plan_id":"upl_2090839276763762688","plan_id":"zcode-v3-start-plan-0821","entitlement_id":"ent_wk_0821_glm_5p3","show_name":"GLM-5.3","meter":"model_usage","unit_type":"token","capabilities":["model:glm-5.3"],"priority":110,"plan_priority":100,"entitlement_priority":110,"total_units":100000000,"used_units":99886429,"remaining_units":113571,"available_units":113571,"period_start":1787329904,"period_end":1787533200,"expires_at":1787533200},{"bucket_id":"bucket_2091218082912669696","user_plan_id":"upl_2089944584870027264","plan_id":"zcode-v3-start-plan-0817","entitlement_id":"ent_2_0817_glm_5p3","show_name":"GLM-5.3","meter":"model_usage","unit_type":"token","capabilities":["model:glm-5.3"],"priority":110,"plan_priority":90,"entitlement_priority":110,"total_units":3000000,"used_units":0,"remaining_units":3000000,"available_units":3000000,"period_start":1787414400,"period_end":1787500799,"expires_at":1787500799},{"bucket_id":"bucket_2091218082921058304","user_plan_id":"upl_2089944584870027264","plan_id":"zcode-v3-start-plan-0817","entitlement_id":"ent_2_0817_glm_5turbo","show_name":"GLM-5-Turbo","meter":"model_usage","unit_type":"token","capabilities":["model:GLM-5-Turbo"],"priority":80,"plan_priority":90,"entitlement_priority":80,"total_units":2000000,"used_units":0,"remaining_units":2000000,"available_units":2000000,"period_start":1787414400,"period_end":1787500799,"expires_at":1787500799}]}},"planCount":2,"plans":[{"name":"ZCode Weekend Build","plan_id":"zcode-v3-start-plan-0821","status":"active"},{"name":"ZCode Start Plan","plan_id":"zcode-v3-start-plan-0817","status":"active"}],"providerId":"builtin:zai-start-plan","success":true,"url":"https://zcode.z.ai/api/v1/zcode-plan/billing/balance?app_version=3.8.1"}
[2026-08-23 13:39:00.040] [info] [pid:4468] [main] [host-log] (local-1) [host] [2026-08-23 13:39:00.039] [pid:33160] [zcode-host] [rpc:call] usage-stats.getEntitlementSnapshot OK (170.7ms)
[2026-08-23 13:39:00.040] [info] [pid:4468] [main] [host-log] (local-1) [host] [2026-08-23 13:39:00.040] [pid:33160] [zcode-agent-service] provider registry 变更已推送到本地 active workspace {"providerCount":2,"reason":"codingPlanApiKey:builtin:zai-coding-plan","revision":"sha256:dc990ed629f1a66ca2915a9823df7dd3c1eac45221668e4051b03284ecba69b8","workspaceKey":"D:\\公考\\图形推理详解","workspacePath":"D:\\公考\\图形推理详解"}
[2026-08-23 13:39:00.041] [info] [pid:4468] [main] [host-log] (local-1) [host] [2026-08-23 13:39:00.040] [pid:33160] [zcode-agent-service] provider registry 变更已推送到本地 active workspace {"providerCount":2,"reason":"codingPlanApiKey:builtin:zai-coding-plan","revision":"sha256:dc990ed629f1a66ca2915a9823df7dd3c1eac45221668e4051b03284ecba69b8","workspaceKey":"C:\\Users\\llh04\\Desktop\\小说","workspacePath":"C:\\Users\\llh04\\Desktop\\小说"}
[2026-08-23 13:39:00.041] [info] [pid:4468] [main] [host-log] (local-1) [host] [2026-08-23 13:39:00.040] [pid:33160] [zcode-agent-service] provider registry 变更已推送到本地 active workspace {"providerCount":2,"reason":"codingPlanApiKey:builtin:zai-coding-plan","revision":"sha256:dc990ed629f1a66ca2915a9823df7dd3c1eac45221668e4051b03284ecba69b8","workspaceKey":"D:\\公考","workspacePath":"D:\\公考"}
[2026-08-23 13:39:00.058] [info] [pid:4468] [main] [host-log] (local-1) [host] [2026-08-23 13:39:00.057] [pid:33160] [zcode-host] [rpc:call] usage-stats.getEntitlementSnapshot OK (225.9ms)
[2026-08-23 13:39:00.079] [info] [pid:4468] [main] [auto-update] download progress: 64.3% (7455 KB/s, 48.4/75.2 MB)
[2026-08-23 13:39:00.080] [debug] [pid:4468] [main] download range: bytes=55852455-57824846
[2026-08-23 13:39:00.270] [info] [pid:4468] [main] [host-log] (local-1) [host] [2026-08-23 13:39:00.270] [pid:33160] [zcode-host] [rpc:call] coding-plan-subscription.getEnterprisePricing OK (322.7ms)
[2026-08-23 13:39:00.310] [info] [pid:4468] [main] [host-log] (local-1) [host] [2026-08-23 13:39:00.310] [pid:33160] [coding-plan-availability] billing/balance 请求完成 {"durationMs":169,"hasActiveStartPlan":true,"msg":"","payload":{"code":0,"msg":"","data":{"server_time":1787463539,"plans":[{"user_plan_id":"upl_2090839276763762688","plan_id":"zcode-v3-start-plan-0821","name":"ZCode Weekend Build","description":"ZCode 周末活动","priority":100,"status":"active","starts_at":1787329904,"ends_at":1787533200,"entitlements":[{"entitlement_id":"ent_wk_0821_glm_5p3","show_name":"GLM-5.3","meter":"model_usage","unit_type":"token","capabilities":["model:glm-5.3"],"grant_units":100000000,"period":"one_time","priority":110}]},{"user_plan_id":"upl_2089944584870027264","plan_id":"zcode-v3-start-plan-0817","name":"ZCode Start Plan","description":"免费 GLM 旗舰模型体验","priority":90,"status":"active","starts_at":1787116592,"ends_at":1787500799,"entitlements":[{"entitlement_id":"ent_2_0817_glm_5p3","show_name":"GLM-5.3","meter":"model_usage","unit_type":"token","capabilities":["model:glm-5.3"],"grant_units":3000000,"period":"daily","priority":110},{"entitlement_id":"ent_2_0817_glm_5turbo","show_name":"GLM-5-Turbo","meter":"model_usage","unit_type":"token","capabilities":["model:GLM-5-Turbo"],"grant_units":2000000,"period":"daily","priority":80}]}],"balances":[{"bucket_id":"bucket_2090839276839260160","user_plan_id":"upl_2090839276763762688","plan_id":"zcode-v3-start-plan-0821","entitlement_id":"ent_wk_0821_glm_5p3","show_name":"GLM-5.3","meter":"model_usage","unit_type":"token","capabilities":["model:glm-5.3"],"priority":110,"plan_priority":100,"entitlement_priority":110,"total_units":100000000,"used_units":99886429,"remaining_units":113571,"available_units":113571,"period_start":1787329904,"period_end":1787533200,"expires_at":1787533200},{"bucket_id":"bucket_2091218082912669696","user_plan_id":"upl_2089944584870027264","plan_id":"zcode-v3-start-plan-0817","entitlement_id":"ent_2_0817_glm_5p3","show_name":"GLM-5.3","meter":"model_usage","unit_type":"token","capabilities":["model:glm-5.3"],"priority":110,"plan_priority":90,"entitlement_priority":110,"total_units":3000000,"used_units":0,"remaining_units":3000000,"available_units":3000000,"period_start":1787414400,"period_end":1787500799,"expires_at":1787500799},{"bucket_id":"bucket_2091218082921058304","user_plan_id":"upl_2089944584870027264","plan_id":"zcode-v3-start-plan-0817","entitlement_id":"ent_2_0817_glm_5turbo","show_name":"GLM-5-Turbo","meter":"model_usage","unit_type":"token","capabilities":["model:GLM-5-Turbo"],"priority":80,"plan_priority":90,"entitlement_priority":80,"total_units":2000000,"used_units":0,"remaining_units":2000000,"available_units":2000000,"period_start":1787414400,"period_end":1787500799,"expires_at":1787500799}]}},"planCount":2,"plans":[{"name":"ZCode Weekend Build","plan_id":"zcode-v3-start-plan-0821","status":"active"},{"name":"ZCode Start Plan","plan_id":"zcode-v3-start-plan-0817","status":"active"}],"providerId":"builtin:zai-start-plan","success":true,"url":"https://zcode.z.ai/api/v1/zcode-plan/billing/balance?app_version=3.8.1","code":0}
[2026-08-23 13:39:00.320] [info] [pid:4468] [main] [host-log] (local-1) [host] [2026-08-23 13:39:00.320] [pid:33160] [zcode-host] [rpc:call] model-provider.refreshCodingPlanApiKey OK (6060.5ms)
[2026-08-23 13:39:00.320] [info] [pid:4468] [main] [host-log] (local-1) [host] [2026-08-23 13:39:00.320] [pid:33160] [zcode-host] [rpc:call] model-provider.refreshCodingPlanApiKey OK (6060.0ms)
[2026-08-23 13:39:00.337] [info] [pid:4468] [main] [host-log] (local-1) [host] [2026-08-23 13:39:00.335] [pid:33160] [zcode-host] [rpc:call] setting.get OK (14.8ms)
[2026-08-23 13:39:00.346] [info] [pid:4468] [main] [host-log] (local-1) [host] [2026-08-23 13:39:00.346] [pid:33160] [zcode-agent-service] provider registry 变更已推送到本地 active workspace {"providerCount":2,"reason":"codingPlanAvailability:builtin:zai-coding-plan","revision":"sha256:dc990ed629f1a66ca2915a9823df7dd3c1eac45221668e4051b03284ecba69b8","workspaceKey":"D:\\公考\\图形推理详解","workspacePath":"D:\\公考\\图形推理详解"}
[2026-08-23 13:39:00.347] [info] [pid:4468] [main] [host-log] (local-1) [host] [2026-08-23 13:39:00.346] [pid:33160] [zcode-agent-service] provider registry 变更已推送到本地 active workspace {"providerCount":2,"reason":"codingPlanAvailability:builtin:zai-coding-plan","revision":"sha256:dc990ed629f1a66ca2915a9823df7dd3c1eac45221668e4051b03284ecba69b8","workspaceKey":"C:\\Users\\llh04\\Desktop\\小说","workspacePath":"C:\\Users\\llh04\\Desktop\\小说"}
[2026-08-23 13:39:00.347] [info] [pid:4468] [main] [host-log] (local-1) [host] [2026-08-23 13:39:00.346] [pid:33160] [zcode-agent-service] provider registry 变更已推送到本地 active workspace {"providerCount":2,"reason":"codingPlanAvailability:builtin:zai-coding-plan","revision":"sha256:dc990ed629f1a66ca2915a9823df7dd3c1eac45221668e4051b03284ecba69b8","workspaceKey":"D:\\公考","workspacePath":"D:\\公考"}
[2026-08-23 13:39:00.384] [info] [pid:4468] [main] [auto-update] download progress: 66.8% (7405 KB/s, 50.2/75.2 MB)
[2026-08-23 13:39:00.388] [info] [pid:4468] [main] [host-log] (local-1) [host] [2026-08-23 13:39:00.388] [pid:33160] [zcode-host] [rpc:call] model-provider.getAllCached OK (67.8ms)
[2026-08-23 13:39:00.389] [debug] [pid:4468] [main] download range: bytes=58258528-59323241
[2026-08-23 13:39:00.450] [info] [pid:4468] [main] [host-log] (local-1) [host] [2026-08-23 13:39:00.450] [pid:33160] [usage-stats] 读取 BigModel entitlement 已解析授权上下文 {"preferredProviderId":"builtin:zai-coding-plan","providerId":"builtin:zai-coding-plan","scope":"personal","organizationId":null,"projectId":null}
[2026-08-23 13:39:00.490] [info] [pid:4468] [main] [auto-update] download progress: 67.7% (7389 KB/s, 50.9/75.2 MB)
[2026-08-23 13:39:00.498] [info] [pid:4468] [main] [host-log] (local-1) [host] [2026-08-23 13:39:00.497] [pid:33160] [usage-stats] billing/balance 请求完成 {"balanceCount":3,"balances":[{"entitlement_id":"ent_wk_0821_glm_5p3","show_name":"GLM-5.3","total_units":100000000,"used_units":99886429,"remaining_units":113571,"available_units":113571,"reserved_units":null},{"entitlement_id":"ent_2_0817_glm_5p3","show_name":"GLM-5.3","total_units":3000000,"used_units":0,"remaining_units":3000000,"available_units":3000000,"reserved_units":null},{"entitlement_id":"ent_2_0817_glm_5turbo","show_name":"GLM-5-Turbo","total_units":2000000,"used_units":0,"remaining_units":2000000,"available_units":2000000,"reserved_units":null}],"code":0,"durationMs":148,"msg":"","payload":{"code":0,"msg":"","data":{"server_time":1787463539,"plans":[{"user_plan_id":"upl_2090839276763762688","plan_id":"zcode-v3-start-plan-0821","name":"ZCode Weekend Build","description":"ZCode 周末活动","priority":100,"status":"active","starts_at":1787329904,"ends_at":1787533200,"entitlements":[{"entitlement_id":"ent_wk_0821_glm_5p3","show_name":"GLM-5.3","meter":"model_usage","unit_type":"token","capabilities":["model:glm-5.3"],"grant_units":100000000,"period":"one_time","priority":110}]},{"user_plan_id":"upl_2089944584870027264","plan_id":"zcode-v3-start-plan-0817","name":"ZCode Start Plan","description":"免费 GLM 旗舰模型体验","priority":90,"status":"active","starts_at":1787116592,"ends_at":1787500799,"entitlements":[{"entitlement_id":"ent_2_0817_glm_5p3","show_name":"GLM-5.3","meter":"model_usage","unit_type":"token","capabilities":["model:glm-5.3"],"grant_units":3000000,"period":"daily","priority":110},{"entitlement_id":"ent_2_0817_glm_5turbo","show_name":"GLM-5-Turbo","meter":"model_usage","unit_type":"token","capabilities":["model:GLM-5-Turbo"],"grant_units":2000000,"period":"daily","priority":80}]}],"balances":[{"bucket_id":"bucket_2090839276839260160","user_plan_id":"upl_2090839276763762688","plan_id":"zcode-v3-start-plan-0821","entitlement_id":"ent_wk_0821_glm_5p3","show_name":"GLM-5.3","meter":"model_usage","unit_type":"token","capabilities":["model:glm-5.3"],"priority":110,"plan_priority":100,"entitlement_priority":110,"total_units":100000000,"used_units":99886429,"remaining_units":113571,"available_units":113571,"period_start":1787329904,"period_end":1787533200,"expires_at":1787533200},{"bucket_id":"bucket_2091218082912669696","user_plan_id":"upl_2089944584870027264","plan_id":"zcode-v3-start-plan-0817","entitlement_id":"ent_2_0817_glm_5p3","show_name":"GLM-5.3","meter":"model_usage","unit_type":"token","capabilities":["model:glm-5.3"],"priority":110,"plan_priority":90,"entitlement_priority":110,"total_units":3000000,"used_units":0,"remaining_units":3000000,"available_units":3000000,"period_start":1787414400,"period_end":1787500799,"expires_at":1787500799},{"bucket_id":"bucket_2091218082921058304","user_plan_id":"upl_2089944584870027264","plan_id":"zcode-v3-start-plan-0817","entitlement_id":"ent_2_0817_glm_5turbo","show_name":"GLM-5-Turbo","meter":"model_usage","unit_type":"token","capabilities":["model:GLM-5-Turbo"],"priority":80,"plan_priority":90,"entitlement_priority":80,"total_units":2000000,"used_units":0,"remaining_units":2000000,"available_units":2000000,"period_start":1787414400,"period_end":1787500799,"expires_at":1787500799}]}},"planCount":2,"plans":[{"name":"ZCode Weekend Build","plan_id":"zcode-v3-start-plan-0821","status":"active"},{"name":"ZCode Start Plan","plan_id":"zcode-v3-start-plan-0817","status":"active"}],"providerId":"builtin:zai-start-plan","success":true,"url":"https://zcode.z.ai/api/v1/zcode-plan/billing/balance?app_version=3.8.1"}
[2026-08-23 13:39:00.498] [info] [pid:4468] [main] [host-log] (local-1) [host] [2026-08-23 13:39:00.498] [pid:33160] [zcode-host] [rpc:call] usage-stats.getEntitlementSnapshot OK (176.8ms)
[2026-08-23 13:39:00.534] [info] [pid:4468] [main] [auto-update] download progress: 68.1% (7395 KB/s, 51.3/75.2 MB)
[2026-08-23 13:39:00.560] [debug] [pid:4468] [main] download range: bytes=66224390-67730787
[2026-08-23 13:39:00.637] [info] [pid:4468] [main] [host-log] (local-1) [host] [2026-08-23 13:39:00.637] [pid:33160] [zcode-host] [rpc:call] coding-plan-subscription.getEnterprisePricing OK (315.9ms)
[2026-08-23 13:39:00.695] [info] [pid:4468] [main] [host-log] (local-1) [host] [2026-08-23 13:39:00.695] [pid:33160] [zcode-host] [rpc:call] usage-stats.getEntitlementSnapshot OK (374.1ms)
[2026-08-23 13:39:00.696] [info] [pid:4468] [main] [host-log] (local-1) [host] [2026-08-23 13:39:00.696] [pid:33160] [settingService] writing settings to: C:\Users\llh04\.zcode\v2\setting.json {"recentProjects":["C:\\Users\\llh04\\Desktop\\小说","D:\\公考","D:\\公考\\图形推理详解"],"locale":"zh-CN","localePreference":"zh-CN","terminalInheritSystemProfile":true,"embeddedBrowserAllowInsecureCertificates":false,"taskAutoArchiveEnabled":false,"taskAutoArchiveOlderThanDays":7,"closeToTrayOnWindows":true,"closeToTrayOnWindowsMigrationInitialized":true,"keepAwakeWhileRunning":false,"desktopWindowSize":{"width":1200,"height":800,"maximized":false},"desktopChromiumHardwareAccelerationEnabled":true,"messageStreamShowReasoning":false,"messageStreamShowTodos":false,"toolGroupingExploreEnabled":true,"toolGroupingTerminalEnabled":true,"toolGroupingChangesEnabled":false,"zcodeInteractionBehavior":"queue","askUserQuestionAutoResolutionEnabled":true,"modelIoFullRetentionEnabled":false,"optimizeAgentExperienceEnabled":false,"optimizeAgentExperienceMigrationInitialized":true,"enabledBuiltinAgentCliProviders":["glm"],"modelProviderFamilyModes":{"zai":"oauth"},"modelProviderFamilySelectedKeys":{"zai":"coding-plan:builtin:zai-start-plan"},"providerFamilyDomain":"zai","providerFamilyDomainUpdatedAt":1787116588334,"providerFamilyDomainMigrated":true,"repoSnapshotIndexingEnabled":false,"instantGrepIndexingEnabled":false,"nativeSearchEnhancementsEnabled":true,"memoryEnabled":false,"lastWorkspaceSession":[{"kind":"local","workspacePath":"C:\\Users\\llh04\\Desktop\\小说","workspacePurpose":"project"},{"kind":"local","workspacePath":"D:\\公考","workspacePurpose":"project"},{"kind":"local","workspacePath":"C:\\Users\\llh04\\.zcode\\workspace\\default","workspacePurpose":"conversation"}],"lastActiveTabIndex":0,"receivePreviewUpdates":false,"autoDownloadAndInstallUpdates":true,"skippedElectronUpdateVersions":{},"settingsSyncFirstRunPromptHandled":true}
[2026-08-23 13:39:00.699] [info] [pid:4468] [main] [host-log] (local-1) [host] [2026-08-23 13:39:00.699] [pid:33160] [settingService] write done
[2026-08-23 13:39:00.699] [info] [pid:4468] [main] [host-log] (local-1) [host] [2026-08-23 13:39:00.699] [pid:33160] [zcode-host] [rpc:call] setting.update OK (3.4ms)
[2026-08-23 13:39:00.700] [info] [pid:4468] [main] [host-log] (local-1) [host] [2026-08-23 13:39:00.700] [pid:33160] [zcode-host] [rpc:call] setting.get OK (0.6ms)
[2026-08-23 13:39:00.765] [info] [pid:4468] [main] [auto-update] download progress: 70.1% (7362 KB/s, 52.7/75.2 MB)
[2026-08-23 13:39:00.765] [info] [pid:4468] [main] [force-update] 自动升级下载进度 70%
[2026-08-23 13:39:00.766] [debug] [pid:4468] [main] download range: bytes=67783340-68963695
[2026-08-23 13:39:00.914] [info] [pid:4468] [main] [auto-update] download progress: 71.6% (7370 KB/s, 53.8/75.2 MB)
[2026-08-23 13:39:00.931] [debug] [pid:4468] [main] download range: bytes=73311701-73325996
[2026-08-23 13:39:00.949] [info] [pid:4468] [main] [auto-update] download progress: 71.6% (7337 KB/s, 53.8/75.2 MB)
[2026-08-23 13:39:00.950] [debug] [pid:4468] [main] download range: bytes=73355445-73633592
[2026-08-23 13:39:00.994] [info] [pid:4468] [main] [auto-update] download progress: 71.9% (7330 KB/s, 54.1/75.2 MB)
[2026-08-23 13:39:00.995] [debug] [pid:4468] [main] download range: bytes=73646921-73662250
[2026-08-23 13:39:01.019] [info] [pid:4468] [main] [auto-update] download progress: 71.9% (7307 KB/s, 54.1/75.2 MB)
[2026-08-23 13:39:01.021] [debug] [pid:4468] [main] download range: bytes=74182935-75637728
[2026-08-23 13:39:01.200] [info] [pid:4468] [main] [auto-update] download progress: 73.8% (7320 KB/s, 55.5/75.2 MB)
[2026-08-23 13:39:01.201] [debug] [pid:4468] [main] download range: bytes=75670497-77123326
[2026-08-23 13:39:01.268] [info] [pid:4468] [main] [host-log] (local-1) [host] [2026-08-23 13:39:01.268] [pid:33160] [zcode-agent-service] provider registry 变更已推送到本地 active workspace {"providerCount":2,"reason":"codingPlanApiKey:builtin:zai-start-plan","revision":"sha256:dc990ed629f1a66ca2915a9823df7dd3c1eac45221668e4051b03284ecba69b8","workspaceKey":"D:\\公考\\图形推理详解","workspacePath":"D:\\公考\\图形推理详解"}
[2026-08-23 13:39:01.269] [info] [pid:4468] [main] [host-log] (local-1) [host] [2026-08-23 13:39:01.268] [pid:33160] [zcode-agent-service] provider registry 变更已推送到本地 active workspace {"providerCount":2,"reason":"codingPlanApiKey:builtin:zai-start-plan","revision":"sha256:dc990ed629f1a66ca2915a9823df7dd3c1eac45221668e4051b03284ecba69b8","workspaceKey":"C:\\Users\\llh04\\Desktop\\小说","workspacePath":"C:\\Users\\llh04\\Desktop\\小说"}
[2026-08-23 13:39:01.269] [info] [pid:4468] [main] [host-log] (local-1) [host] [2026-08-23 13:39:01.268] [pid:33160] [zcode-agent-service] provider registry 变更已推送到本地 active workspace {"providerCount":2,"reason":"codingPlanApiKey:builtin:zai-start-plan","revision":"sha256:dc990ed629f1a66ca2915a9823df7dd3c1eac45221668e4051b03284ecba69b8","workspaceKey":"D:\\公考","workspacePath":"D:\\公考"}
[2026-08-23 13:39:01.399] [info] [pid:4468] [main] [auto-update] download progress: 75.6% (7315 KB/s, 56.9/75.2 MB)
[2026-08-23 13:39:01.405] [debug] [pid:4468] [main] download range: bytes=77906116-78092241
[2026-08-23 13:39:01.435] [info] [pid:4468] [main] [host-log] (local-1) [host] [2026-08-23 13:39:01.433] [pid:33160] [zcode-host] [rpc:call] system.probeIntranet OK (1603.2ms)
[2026-08-23 13:39:01.452] [info] [pid:4468] [main] [auto-update] download progress: 75.9% (7290 KB/s, 57.1/75.2 MB)
[2026-08-23 13:39:01.453] [debug] [pid:4468] [main] download range: bytes=78100834-79660197
[2026-08-23 13:39:01.490] [info] [pid:4468] [main] [auto-update] download progress: 76.1% (7279 KB/s, 57.2/75.2 MB)
[2026-08-23 13:39:01.505] [info] [pid:4468] [main] [host-log] (local-1) [host] [2026-08-23 13:39:01.505] [pid:33160] [coding-plan-availability] billing/balance 请求完成 {"durationMs":233,"hasActiveStartPlan":true,"msg":"","payload":{"code":0,"msg":"","data":{"server_time":1787463540,"plans":[{"user_plan_id":"upl_2090839276763762688","plan_id":"zcode-v3-start-plan-0821","name":"ZCode Weekend Build","description":"ZCode 周末活动","priority":100,"status":"active","starts_at":1787329904,"ends_at":1787533200,"entitlements":[{"entitlement_id":"ent_wk_0821_glm_5p3","show_name":"GLM-5.3","meter":"model_usage","unit_type":"token","capabilities":["model:glm-5.3"],"grant_units":100000000,"period":"one_time","priority":110}]},{"user_plan_id":"upl_2089944584870027264","plan_id":"zcode-v3-start-plan-0817","name":"ZCode Start Plan","description":"免费 GLM 旗舰模型体验","priority":90,"status":"active","starts_at":1787116592,"ends_at":1787500799,"entitlements":[{"entitlement_id":"ent_2_0817_glm_5p3","show_name":"GLM-5.3","meter":"model_usage","unit_type":"token","capabilities":["model:glm-5.3"],"grant_units":3000000,"period":"daily","priority":110},{"entitlement_id":"ent_2_0817_glm_5turbo","show_name":"GLM-5-Turbo","meter":"model_usage","unit_type":"token","capabilities":["model:GLM-5-Turbo"],"grant_units":2000000,"period":"daily","priority":80}]}],"balances":[{"bucket_id":"bucket_2090839276839260160","user_plan_id":"upl_2090839276763762688","plan_id":"zcode-v3-start-plan-0821","entitlement_id":"ent_wk_0821_glm_5p3","show_name":"GLM-5.3","meter":"model_usage","unit_type":"token","capabilities":["model:glm-5.3"],"priority":110,"plan_priority":100,"entitlement_priority":110,"total_units":100000000,"used_units":99886429,"remaining_units":113571,"available_units":113571,"period_start":1787329904,"period_end":1787533200,"expires_at":1787533200},{"bucket_id":"bucket_2091218082912669696","user_plan_id":"upl_2089944584870027264","plan_id":"zcode-v3-start-plan-0817","entitlement_id":"ent_2_0817_glm_5p3","show_name":"GLM-5.3","meter":"model_usage","unit_type":"token","capabilities":["model:glm-5.3"],"priority":110,"plan_priority":90,"entitlement_priority":110,"total_units":3000000,"used_units":0,"remaining_units":3000000,"available_units":3000000,"period_start":1787414400,"period_end":1787500799,"expires_at":1787500799},{"bucket_id":"bucket_2091218082921058304","user_plan_id":"upl_2089944584870027264","plan_id":"zcode-v3-start-plan-0817","entitlement_id":"ent_2_0817_glm_5turbo","show_name":"GLM-5-Turbo","meter":"model_usage","unit_type":"token","capabilities":["model:GLM-5-Turbo"],"priority":80,"plan_priority":90,"entitlement_priority":80,"total_units":2000000,"used_units":0,"remaining_units":2000000,"available_units":2000000,"period_start":1787414400,"period_end":1787500799,"expires_at":1787500799}]}},"planCount":2,"plans":[{"name":"ZCode Weekend Build","plan_id":"zcode-v3-start-plan-0821","status":"active"},{"name":"ZCode Start Plan","plan_id":"zcode-v3-start-plan-0817","status":"active"}],"providerId":"builtin:zai-start-plan","success":true,"url":"https://zcode.z.ai/api/v1/zcode-plan/billing/balance?app_version=3.8.1","code":0}
[2026-08-23 13:39:01.515] [info] [pid:4468] [main] [host-log] (local-1) [host] [2026-08-23 13:39:01.515] [pid:33160] [zcode-host] [rpc:call] model-provider.refreshCodingPlanApiKey OK (804.4ms)
[2026-08-23 13:39:01.516] [info] [pid:4468] [main] [host-log] (local-1) [host] [2026-08-23 13:39:01.516] [pid:33160] [zcode-host] [rpc:call] setting.get OK (0.4ms)
[2026-08-23 13:39:01.526] [info] [pid:4468] [main] [host-log] (local-1) [host] [2026-08-23 13:39:01.526] [pid:33160] [zcode-agent-service] provider registry 变更已推送到本地 active workspace {"providerCount":2,"reason":"codingPlanAvailability:builtin:zai-start-plan","revision":"sha256:dc990ed629f1a66ca2915a9823df7dd3c1eac45221668e4051b03284ecba69b8","workspaceKey":"D:\\公考\\图形推理详解","workspacePath":"D:\\公考\\图形推理详解"}
[2026-08-23 13:39:01.527] [info] [pid:4468] [main] [host-log] (local-1) [host] [2026-08-23 13:39:01.526] [pid:33160] [zcode-agent-service] provider registry 变更已推送到本地 active workspace {"providerCount":2,"reason":"codingPlanAvailability:builtin:zai-start-plan","revision":"sha256:dc990ed629f1a66ca2915a9823df7dd3c1eac45221668e4051b03284ecba69b8","workspaceKey":"C:\\Users\\llh04\\Desktop\\小说","workspacePath":"C:\\Users\\llh04\\Desktop\\小说"}
[2026-08-23 13:39:01.527] [info] [pid:4468] [main] [host-log] (local-1) [host] [2026-08-23 13:39:01.526] [pid:33160] [zcode-agent-service] provider registry 变更已推送到本地 active workspace {"providerCount":2,"reason":"codingPlanAvailability:builtin:zai-start-plan","revision":"sha256:dc990ed629f1a66ca2915a9823df7dd3c1eac45221668e4051b03284ecba69b8","workspaceKey":"D:\\公考","workspacePath":"D:\\公考"}
[2026-08-23 13:39:01.636] [info] [pid:4468] [main] [auto-update] download progress: 77.8% (7312 KB/s, 58.5/75.2 MB)
[2026-08-23 13:39:01.637] [debug] [pid:4468] [main] download range: bytes=79701297-79716297
[2026-08-23 13:39:01.673] [info] [pid:4468] [main] [auto-update] download progress: 77.9% (7281 KB/s, 58.6/75.2 MB)
[2026-08-23 13:39:01.675] [debug] [pid:4468] [main] download range: bytes=79725852-93397747
[2026-08-23 13:39:01.735] [info] [pid:4468] [main] [host-log] (local-1) [host] [2026-08-23 13:39:01.735] [pid:33160] [zcode-agent-service] provider registry 变更已推送到本地 active workspace {"providerCount":2,"reason":"getAll","revision":"sha256:dc990ed629f1a66ca2915a9823df7dd3c1eac45221668e4051b03284ecba69b8","workspaceKey":"D:\\公考\\图形推理详解","workspacePath":"D:\\公考\\图形推理详解"}
[2026-08-23 13:39:01.735] [info] [pid:4468] [main] [host-log] (local-1) [host] [2026-08-23 13:39:01.735] [pid:33160] [zcode-agent-service] provider registry 变更已推送到本地 active workspace {"providerCount":2,"reason":"getAll","revision":"sha256:dc990ed629f1a66ca2915a9823df7dd3c1eac45221668e4051b03284ecba69b8","workspaceKey":"C:\\Users\\llh04\\Desktop\\小说","workspacePath":"C:\\Users\\llh04\\Desktop\\小说"}
[2026-08-23 13:39:01.736] [info] [pid:4468] [main] [host-log] (local-1) [host] [2026-08-23 13:39:01.735] [pid:33160] [zcode-agent-service] provider registry 变更已推送到本地 active workspace {"providerCount":2,"reason":"getAll","revision":"sha256:dc990ed629f1a66ca2915a9823df7dd3c1eac45221668e4051b03284ecba69b8","workspaceKey":"D:\\公考","workspacePath":"D:\\公考"}
[2026-08-23 13:39:01.737] [info] [pid:4468] [main] [host-log] (local-1) [host] [2026-08-23 13:39:01.737] [pid:33160] [zcode-host] [rpc:call] model-provider.getAll OK (219.9ms)
[2026-08-23 13:39:01.753] [info] [pid:4468] [main] [host-log] (local-1) [host] [2026-08-23 13:39:01.752] [pid:33160] [zcode-host] [rpc:call] credential.load OK (0.4ms)
[2026-08-23 13:39:01.755] [info] [pid:4468] [main] [host-log] (local-1) [host] [2026-08-23 13:39:01.752] [pid:33160] [zcode-host] [rpc:call] credential.load OK (0.7ms)
[2026-08-23 13:39:01.755] [info] [pid:4468] [main] [host-log] (local-1) [host] [2026-08-23 13:39:01.752] [pid:33160] [zcode-host] [rpc:call] credential.load OK (0.9ms)
[2026-08-23 13:39:02.490] [info] [pid:4468] [main] [auto-update] download progress: 85.2% (7248 KB/s, 64.1/75.2 MB)
[2026-08-23 13:39:02.491] [info] [pid:4468] [main] [force-update] 自动升级下载进度 85%
[2026-08-23 13:39:03.394] [info] [pid:4468] [main] [auto-update] download progress: 95.2% (7363 KB/s, 71.6/75.2 MB)
[2026-08-23 13:39:03.395] [info] [pid:4468] [main] [force-update] 自动升级下载进度 95%
[2026-08-23 13:39:03.396] [debug] [pid:4468] [main] download range: bytes=93463042-93476905
[2026-08-23 13:39:03.436] [info] [pid:4468] [main] [auto-update] download progress: 95.2% (7334 KB/s, 71.6/75.2 MB)
[2026-08-23 13:39:03.437] [debug] [pid:4468] [main] download range: bytes=93504222-93531977
[2026-08-23 13:39:03.475] [info] [pid:4468] [main] [auto-update] download progress: 95.3% (7308 KB/s, 71.6/75.2 MB)
[2026-08-23 13:39:03.476] [debug] [pid:4468] [main] download range: bytes=93573891-95438844
[2026-08-23 13:39:03.499] [info] [pid:4468] [main] [auto-update] download progress: 95.3% (7297 KB/s, 71.7/75.2 MB)
[2026-08-23 13:39:03.724] [info] [pid:4468] [main] [auto-update] download progress: 97.6% (7308 KB/s, 73.4/75.2 MB)
[2026-08-23 13:39:03.726] [debug] [pid:4468] [main] download range: bytes=95508533-95612604
[2026-08-23 13:39:03.752] [info] [pid:4468] [main] [auto-update] download progress: 97.8% (7298 KB/s, 73.5/75.2 MB)
[2026-08-23 13:39:03.753] [debug] [pid:4468] [main] download range: bytes=95677412-96969427
[2026-08-23 13:39:03.898] [info] [pid:4468] [main] [auto-update] download progress: 99.4% (7317 KB/s, 74.7/75.2 MB)
[2026-08-23 13:39:04.128] [debug] [pid:4468] [main] download range: bytes=156269085-156487146
[2026-08-23 13:39:04.172] [info] [pid:4468] [main] [auto-update] download progress: 99.7% (7150 KB/s, 75.0/75.2 MB)
[2026-08-23 13:39:04.172] [info] [pid:4468] [main] [force-update] 自动升级下载进度 100%
[2026-08-23 13:39:04.174] [debug] [pid:4468] [main] download range: bytes=156749407-156777634
[2026-08-23 13:39:04.196] [info] [pid:4468] [main] [auto-update] download progress: 99.7% (7136 KB/s, 75.0/75.2 MB)
[2026-08-23 13:39:04.212] [debug] [pid:4468] [main] download range: bytes=161798793-161828629
[2026-08-23 13:39:04.241] [info] [pid:4468] [main] [auto-update] download progress: 99.7% (7109 KB/s, 75.0/75.2 MB)
[2026-08-23 13:39:04.242] [debug] [pid:4468] [main] download range: bytes=162060062-162105510
[2026-08-23 13:39:04.278] [info] [pid:4468] [main] [auto-update] download progress: 99.8% (7089 KB/s, 75.1/75.2 MB)
[2026-08-23 13:39:04.280] [debug] [pid:4468] [main] download range: bytes=162119830-162279007
[2026-08-23 13:39:04.310] [info] [pid:4468] [main] [auto-update] download progress: 100.0% (7083 KB/s, 75.2/75.2 MB)
[2026-08-23 13:39:04.313] [info] [pid:4468] [main] New version 3.9.1 has been downloaded to C:\Users\llh04\AppData\Local\@zcodedesktop-updater\pending\ZCode-3.9.1-win-x64.exe
[2026-08-23 13:39:04.315] [info] [pid:4468] [main] [auto-update] downloaded: 3.9.1, waiting for explicit install
[2026-08-23 13:39:04.315] [info] [pid:4468] [main] [auto-update] sync ready update to window 1: 3.9.1
[2026-08-23 13:39:04.329] [info] [pid:4468] [main] [auto-update] persisted post-update release notes (update-downloaded) version=3.9.1
[2026-08-23 13:39:04.998] [info] [pid:4468] [main] [host-log] (local-1) [host] [2026-08-23 13:39:04.997] [pid:33160] [settingService] writing settings to: C:\Users\llh04\.zcode\v2\setting.json {"recentProjects":["C:\\Users\\llh04\\Desktop\\小说","D:\\公考","D:\\公考\\图形推理详解"],"locale":"zh-CN","localePreference":"zh-CN","terminalInheritSystemProfile":true,"embeddedBrowserAllowInsecureCertificates":false,"taskAutoArchiveEnabled":false,"taskAutoArchiveOlderThanDays":7,"closeToTrayOnWindows":true,"closeToTrayOnWindowsMigrationInitialized":true,"keepAwakeWhileRunning":false,"desktopWindowSize":{"width":1200,"height":800,"maximized":false},"desktopChromiumHardwareAccelerationEnabled":true,"messageStreamShowReasoning":false,"messageStreamShowTodos":false,"toolGroupingExploreEnabled":true,"toolGroupingTerminalEnabled":true,"toolGroupingChangesEnabled":false,"zcodeInteractionBehavior":"queue","askUserQuestionAutoResolutionEnabled":true,"modelIoFullRetentionEnabled":false,"optimizeAgentExperienceEnabled":false,"optimizeAgentExperienceMigrationInitialized":true,"enabledBuiltinAgentCliProviders":["glm"],"modelProviderFamilyModes":{"zai":"oauth"},"modelProviderFamilySelectedKeys":{"zai":"coding-plan:builtin:zai-start-plan"},"providerFamilyDomain":"zai","providerFamilyDomainUpdatedAt":1787116588334,"providerFamilyDomainMigrated":true,"repoSnapshotIndexingEnabled":false,"instantGrepIndexingEnabled":false,"nativeSearchEnhancementsEnabled":true,"memoryEnabled":false,"lastWorkspaceSession":[{"kind":"local","workspacePath":"C:\\Users\\llh04\\Desktop\\小说","workspacePurpose":"project"},{"kind":"local","workspacePath":"D:\\公考","workspacePurpose":"project"},{"kind":"local","workspacePath":"C:\\Users\\llh04\\.zcode\\workspace\\default","workspacePurpose":"conversation"}],"lastActiveTabIndex":0,"pendingPostUpdateReleaseNotes":{"version":"3.9.1","title":"Release v3.9.1","markdown":"## 新功能\n\n- 优化模型配置选项页面\n- 默认展示思考过程及实时耗时\n\n## 问题修复\n\n- 修复截图和网页工具图片在部分网关中无法显示的问题\n- 修复单冒号文件引用无法识别的问题","releaseDate":"2026-08-23T02:22:17.074Z","releaseNotesByLocale":{"zh-CN":{"title":"Release v3.9.1","markdown":"## 新功能\n\n- 优化模型配置选项页面\n- 默认展示思考过程及实时耗时\n\n## 问题修复\n\n- 修复截图和网页工具图片在部分网关中无法显示的问题\n- 修复单冒号文件引用无法识别的问题"},"en-US":{"title":"Release v3.9.1","markdown":"## New Features\n\n- Optimize the model configuration options page\n- By default, the thinking process and real-time time consumption are displayed\n\n## Issue Fix\n\n- Fixed the issue where screenshots and web tool images could not be displayed in some gateways\n- Fixed the issue where single-colon file references could not be recognized"}}},"receivePreviewUpdates":false,"autoDownloadAndInstallUpdates":true,"skippedElectronUpdateVersions":{},"settingsSyncFirstRunPromptHandled":true}
[2026-08-23 13:39:05.001] [info] [pid:4468] [main] [host-log] (local-1) [host] [2026-08-23 13:39:05.001] [pid:33160] [settingService] write done
[2026-08-23 13:39:05.002] [info] [pid:4468] [main] [host-log] (local-1) [host] [2026-08-23 13:39:05.002] [pid:33160] [zcode-host] [rpc:call] setting.update OK (5.8ms)
[2026-08-23 13:39:08.824] [info] [pid:4468] [main] [host-log] (local-1) [host] [2026-08-23 13:39:08.824] [pid:33160] [zcode-agent-service] ZCode Protocol workspace/readState 完成 {"durationMs":14246,"modelCurrent":"3a57ef88-16c9-48c9-af35-067641626862/ox-alpha","modelCount":3,"preferWorkspaceDefaults":false,"providerCount":2,"workspaceKey":"C:\\Users\\llh04\\Desktop\\小说","workspacePath":"C:\\Users\\llh04\\Desktop\\小说"}
[2026-08-23 13:39:08.825] [info] [pid:4468] [main] [host-log] (local-1) [host] [2026-08-23 13:39:08.824] [pid:33160] [zcode-host] [rpc:call] zcode-session.readWorkspaceState OK (14246.7ms)
[2026-08-23 13:39:09.443] [info] [pid:4468] [main] [host-log] (local-1) [host] [2026-08-23 13:39:09.443] [pid:33160] [zcode-host] [rpc:call] zcode-agent.sendConversationCommandV4 OK (14835.9ms)
[2026-08-23 13:39:09.713] [info] [pid:4468] [main] [host-log] (local-1) [host] [2026-08-23 13:39:09.713] [pid:33160] [zcode-host] [rpc:call] zcode-agent.subscribeConversationV4 OK (253.7ms)
[2026-08-23 13:39:24.585] [info] [pid:4468] [main] [host-log] (local-1) [host] [2026-08-23 13:39:24.584] [pid:33160] [zcode-host] [rpc:call] off-peak-task.list OK (0.2ms)
[2026-08-23 13:39:54.576] [info] [pid:4468] [main] [host-log] (local-1) [host] [2026-08-23 13:39:54.576] [pid:33160] [zcode-host] [rpc:call] off-peak-task.list OK (0.2ms)
[2026-08-23 13:40:24.585] [info] [pid:4468] [main] [host-log] (local-1) [host] [2026-08-23 13:40:24.585] [pid:33160] [zcode-host] [rpc:call] off-peak-task.list OK (0.2ms)
[2026-08-23 13:40:54.579] [info] [pid:4468] [main] [host-log] (local-1) [host] [2026-08-23 13:40:54.577] [pid:33160] [zcode-host] [rpc:call] off-peak-task.list OK (0.2ms)
[2026-08-23 13:41:24.574] [info] [pid:4468] [main] [host-log] (local-1) [host] [2026-08-23 13:41:24.573] [pid:33160] [zcode-host] [rpc:call] off-peak-task.list OK (0.4ms)
[2026-08-23 13:41:54.588] [info] [pid:4468] [main] [host-log] (local-1) [host] [2026-08-23 13:41:54.585] [pid:33160] [zcode-host] [rpc:call] off-peak-task.list OK (0.3ms)
[2026-08-23 13:42:34.588] [info] [pid:4468] [main] [host-log] (local-1) [host] [2026-08-23 13:42:34.587] [pid:33160] [zcode-host] [rpc:call] off-peak-task.list OK (0.2ms)
[2026-08-23 13:43:34.585] [info] [pid:4468] [main] [host-log] (local-1) [host] [2026-08-23 13:43:34.584] [pid:33160] [zcode-host] [rpc:call] off-peak-task.list OK (0.3ms)
[2026-08-23 13:43:52.167] [info] [pid:4468] [main] [resource] perf_resource window flushed
[2026-08-23 13:43:52.210] [info] [pid:4468] [main] [network] perf_network flushed interfaces=41
[2026-08-23 13:44:34.577] [info] [pid:4468] [main] [host-log] (local-1) [host] [2026-08-23 13:44:34.574] [pid:33160] [zcode-host] [rpc:call] off-peak-task.list OK (0.2ms)
[2026-08-23 13:45:34.579] [info] [pid:4468] [main] [host-log] (local-1) [host] [2026-08-23 13:45:34.576] [pid:33160] [zcode-host] [rpc:call] off-peak-task.list OK (0.3ms)
[2026-08-23 13:46:34.579] [info] [pid:4468] [main] [host-log] (local-1) [host] [2026-08-23 13:46:34.577] [pid:33160] [zcode-host] [rpc:call] off-peak-task.list OK (0.2ms)
[2026-08-23 13:47:34.578] [info] [pid:4468] [main] [host-log] (local-1) [host] [2026-08-23 13:47:34.578] [pid:33160] [zcode-host] [rpc:call] off-peak-task.list OK (0.3ms)
[2026-08-23 13:48:34.585] [info] [pid:4468] [main] [host-log] (local-1) [host] [2026-08-23 13:48:34.583] [pid:33160] [zcode-host] [rpc:call] off-peak-task.list OK (0.3ms)
[2026-08-23 13:48:52.181] [info] [pid:4468] [main] [resource] perf_resource window flushed
[2026-08-23 13:48:52.182] [info] [pid:4468] [main] [network] perf_network flushed interfaces=1
[2026-08-23 13:49:34.588] [info] [pid:4468] [main] [host-log] (local-1) [host] [2026-08-23 13:49:34.587] [pid:33160] [zcode-host] [rpc:call] off-peak-task.list OK (0.2ms)
[2026-08-23 13:50:34.588] [info] [pid:4468] [main] [host-log] (local-1) [host] [2026-08-23 13:50:34.585] [pid:33160] [zcode-host] [rpc:call] off-peak-task.list OK (0.4ms)
[2026-08-23 13:51:34.577] [info] [pid:4468] [main] [host-log] (local-1) [host] [2026-08-23 13:51:34.576] [pid:33160] [zcode-host] [rpc:call] off-peak-task.list OK (0.3ms)
[2026-08-23 13:52:34.579] [info] [pid:4468] [main] [host-log] (local-1) [host] [2026-08-23 13:52:34.576] [pid:33160] [zcode-host] [rpc:call] off-peak-task.list OK (0.5ms)
[2026-08-23 13:53:34.583] [info] [pid:4468] [main] [host-log] (local-1) [host] [2026-08-23 13:53:34.580] [pid:33160] [zcode-host] [rpc:call] off-peak-task.list OK (0.2ms)
[2026-08-23 13:53:52.177] [info] [pid:4468] [main] [resource] perf_resource window flushed
[2026-08-23 13:53:52.199] [info] [pid:4468] [main] [network] perf_network flushed interfaces=1
[2026-08-23 13:54:34.581] [info] [pid:4468] [main] [host-log] (local-1) [host] [2026-08-23 13:54:34.578] [pid:33160] [zcode-host] [rpc:call] off-peak-task.list OK (0.3ms)
[2026-08-23 13:55:34.583] [info] [pid:4468] [main] [host-log] (local-1) [host] [2026-08-23 13:55:34.577] [pid:33160] [zcode-host] [rpc:call] off-peak-task.list OK (0.2ms)
[2026-08-23 13:56:34.583] [info] [pid:4468] [main] [host-log] (local-1) [host] [2026-08-23 13:56:34.582] [pid:33160] [zcode-host] [rpc:call] off-peak-task.list OK (0.6ms)
[2026-08-23 13:57:34.581] [info] [pid:4468] [main] [host-log] (local-1) [host] [2026-08-23 13:57:34.577] [pid:33160] [zcode-host] [rpc:call] off-peak-task.list OK (0.5ms)
[2026-08-23 13:58:34.577] [info] [pid:4468] [main] [host-log] (local-1) [host] [2026-08-23 13:58:34.576] [pid:33160] [zcode-host] [rpc:call] off-peak-task.list OK (0.2ms)
[2026-08-23 13:58:52.190] [info] [pid:4468] [main] [resource] perf_resource window flushed
[2026-08-23 13:58:52.210] [info] [pid:4468] [main] [network] perf_network flushed interfaces=1
[2026-08-23 13:59:34.579] [info] [pid:4468] [main] [host-log] (local-1) [host] [2026-08-23 13:59:34.576] [pid:33160] [zcode-host] [rpc:call] off-peak-task.list OK (0.2ms)
[2026-08-23 14:00:34.581] [info] [pid:4468] [main] [host-log] (local-1) [host] [2026-08-23 14:00:34.575] [pid:33160] [zcode-host] [rpc:call] off-peak-task.list OK (0.3ms)
[2026-08-23 14:01:34.586] [info] [pid:4468] [main] [host-log] (local-1) [host] [2026-08-23 14:01:34.586] [pid:33160] [zcode-host] [rpc:call] off-peak-task.list OK (0.3ms)
[2026-08-23 14:02:34.586] [info] [pid:4468] [main] [host-log] (local-1) [host] [2026-08-23 14:02:34.586] [pid:33160] [zcode-host] [rpc:call] off-peak-task.list OK (0.3ms)
[2026-08-23 14:03:34.580] [info] [pid:4468] [main] [host-log] (local-1) [host] [2026-08-23 14:03:34.578] [pid:33160] [zcode-host] [rpc:call] off-peak-task.list OK (0.3ms)
[2026-08-23 14:03:52.198] [info] [pid:4468] [main] [resource] perf_resource window flushed
[2026-08-23 14:03:52.211] [info] [pid:4468] [main] [network] perf_network flushed interfaces=1
[2026-08-23 14:04:34.588] [info] [pid:4468] [main] [host-log] (local-1) [host] [2026-08-23 14:04:34.581] [pid:33160] [zcode-host] [rpc:call] off-peak-task.list OK (0.2ms)
[2026-08-23 14:05:34.587] [info] [pid:4468] [main] [host-log] (local-1) [host] [2026-08-23 14:05:34.587] [pid:33160] [zcode-host] [rpc:call] off-peak-task.list OK (0.2ms)
[2026-08-23 14:06:34.581] [info] [pid:4468] [main] [host-log] (local-1) [host] [2026-08-23 14:06:34.580] [pid:33160] [zcode-host] [rpc:call] off-peak-task.list OK (0.3ms)
[2026-08-23 14:07:34.580] [info] [pid:4468] [main] [host-log] (local-1) [host] [2026-08-23 14:07:34.577] [pid:33160] [zcode-host] [rpc:call] off-peak-task.list OK (0.2ms)
[2026-08-23 14:08:34.579] [info] [pid:4468] [main] [host-log] (local-1) [host] [2026-08-23 14:08:34.577] [pid:33160] [zcode-host] [rpc:call] off-peak-task.list OK (0.2ms)
[2026-08-23 14:08:52.198] [info] [pid:4468] [main] [resource] perf_resource window flushed
[2026-08-23 14:08:52.213] [info] [pid:4468] [main] [network] perf_network flushed interfaces=1
[2026-08-23 14:09:34.577] [info] [pid:4468] [main] [host-log] (local-1) [host] [2026-08-23 14:09:34.576] [pid:33160] [zcode-host] [rpc:call] off-peak-task.list OK (0.4ms)
[2026-08-23 14:10:34.576] [info] [pid:4468] [main] [host-log] (local-1) [host] [2026-08-23 14:10:34.574] [pid:33160] [zcode-host] [rpc:call] off-peak-task.list OK (0.2ms)
[2026-08-23 14:11:34.575] [info] [pid:4468] [main] [host-log] (local-1) [host] [2026-08-23 14:11:34.573] [pid:33160] [zcode-host] [rpc:call] off-peak-task.list OK (0.3ms)
[2026-08-23 14:12:34.584] [info] [pid:4468] [main] [host-log] (local-1) [host] [2026-08-23 14:12:34.580] [pid:33160] [zcode-host] [rpc:call] off-peak-task.list OK (0.4ms)
[2026-08-23 14:13:34.577] [info] [pid:4468] [main] [host-log] (local-1) [host] [2026-08-23 14:13:34.574] [pid:33160] [zcode-host] [rpc:call] off-peak-task.list OK (0.6ms)
[2026-08-23 14:13:52.207] [info] [pid:4468] [main] [resource] perf_resource window flushed
[2026-08-23 14:13:52.227] [info] [pid:4468] [main] [network] perf_network flushed interfaces=1
[2026-08-23 14:14:34.585] [info] [pid:4468] [main] [host-log] (local-1) [host] [2026-08-23 14:14:34.578] [pid:33160] [zcode-host] [rpc:call] off-peak-task.list OK (0.2ms)
[2026-08-23 14:15:34.577] [info] [pid:4468] [main] [host-log] (local-1) [host] [2026-08-23 14:15:34.575] [pid:33160] [zcode-host] [rpc:call] off-peak-task.list OK (0.2ms)
[2026-08-23 14:16:34.581] [info] [pid:4468] [main] [host-log] (local-1) [host] [2026-08-23 14:16:34.578] [pid:33160] [zcode-host] [rpc:call] off-peak-task.list OK (0.2ms)
[2026-08-23 14:17:34.586] [info] [pid:4468] [main] [host-log] (local-1) [host] [2026-08-23 14:17:34.581] [pid:33160] [zcode-host] [rpc:call] off-peak-task.list OK (0.2ms)
[2026-08-23 14:18:34.579] [info] [pid:4468] [main] [host-log] (local-1) [host] [2026-08-23 14:18:34.578] [pid:33160] [zcode-host] [rpc:call] off-peak-task.list OK (0.2ms)
[2026-08-23 14:18:52.212] [info] [pid:4468] [main] [resource] perf_resource window flushed
[2026-08-23 14:18:52.232] [info] [pid:4468] [main] [network] perf_network flushed interfaces=1
[2026-08-23 14:19:34.583] [info] [pid:4468] [main] [host-log] (local-1) [host] [2026-08-23 14:19:34.578] [pid:33160] [zcode-host] [rpc:call] off-peak-task.list OK (0.4ms)
[2026-08-23 14:20:34.584] [info] [pid:4468] [main] [host-log] (local-1) [host] [2026-08-23 14:20:34.582] [pid:33160] [zcode-host] [rpc:call] off-peak-task.list OK (0.2ms)
[2026-08-23 14:21:34.584] [info] [pid:4468] [main] [host-log] (local-1) [host] [2026-08-23 14:21:34.583] [pid:33160] [zcode-host] [rpc:call] off-peak-task.list OK (0.2ms)
[2026-08-23 14:22:34.577] [info] [pid:4468] [main] [host-log] (local-1) [host] [2026-08-23 14:22:34.575] [pid:33160] [zcode-host] [rpc:call] off-peak-task.list OK (0.2ms)
[2026-08-23 14:23:34.580] [info] [pid:4468] [main] [host-log] (local-1) [host] [2026-08-23 14:23:34.578] [pid:33160] [zcode-host] [rpc:call] off-peak-task.list OK (0.3ms)
[2026-08-23 14:23:52.227] [info] [pid:4468] [main] [resource] perf_resource window flushed
[2026-08-23 14:23:52.235] [info] [pid:4468] [main] [network] perf_network flushed interfaces=1
[2026-08-23 14:24:34.578] [info] [pid:4468] [main] [host-log] (local-1) [host] [2026-08-23 14:24:34.575] [pid:33160] [zcode-host] [rpc:call] off-peak-task.list OK (0.2ms)
[2026-08-23 14:25:34.584] [info] [pid:4468] [main] [host-log] (local-1) [host] [2026-08-23 14:25:34.581] [pid:33160] [zcode-host] [rpc:call] off-peak-task.list OK (0.2ms)
[2026-08-23 14:26:34.586] [info] [pid:4468] [main] [host-log] (local-1) [host] [2026-08-23 14:26:34.587] [pid:33160] [zcode-host] [rpc:call] off-peak-task.list OK (0.3ms)
[2026-08-23 14:27:34.581] [info] [pid:4468] [main] [host-log] (local-1) [host] [2026-08-23 14:27:34.581] [pid:33160] [zcode-host] [rpc:call] off-peak-task.list OK (0.2ms)
[2026-08-23 14:28:34.586] [info] [pid:4468] [main] [host-log] (local-1) [host] [2026-08-23 14:28:34.585] [pid:33160] [zcode-host] [rpc:call] off-peak-task.list OK (0.4ms)
[2026-08-23 14:28:52.224] [info] [pid:4468] [main] [resource] perf_resource window flushed
[2026-08-23 14:28:52.239] [info] [pid:4468] [main] [network] perf_network flushed interfaces=1
[2026-08-23 14:29:34.586] [info] [pid:4468] [main] [host-log] (local-1) [host] [2026-08-23 14:29:34.584] [pid:33160] [zcode-host] [rpc:call] off-peak-task.list OK (0.3ms)
[2026-08-23 14:30:34.581] [info] [pid:4468] [main] [host-log] (local-1) [host] [2026-08-23 14:30:34.579] [pid:33160] [zcode-host] [rpc:call] off-peak-task.list OK (0.3ms)
[2026-08-23 14:31:34.584] [info] [pid:4468] [main] [host-log] (local-1) [host] [2026-08-23 14:31:34.581] [pid:33160] [zcode-host] [rpc:call] off-peak-task.list OK (0.4ms)
[2026-08-23 14:32:34.587] [info] [pid:4468] [main] [host-log] (local-1) [host] [2026-08-23 14:32:34.584] [pid:33160] [zcode-host] [rpc:call] off-peak-task.list OK (0.3ms)
[2026-08-23 14:33:34.581] [info] [pid:4468] [main] [host-log] (local-1) [host] [2026-08-23 14:33:34.580] [pid:33160] [zcode-host] [rpc:call] off-peak-task.list OK (0.3ms)
[2026-08-23 14:33:52.234] [info] [pid:4468] [main] [resource] perf_resource window flushed
[2026-08-23 14:33:52.249] [info] [pid:4468] [main] [network] perf_network flushed interfaces=1
[2026-08-23 14:34:34.578] [info] [pid:4468] [main] [host-log] (local-1) [host] [2026-08-23 14:34:34.577] [pid:33160] [zcode-host] [rpc:call] off-peak-task.list OK (0.3ms)
[2026-08-23 14:35:34.579] [info] [pid:4468] [main] [host-log] (local-1) [host] [2026-08-23 14:35:34.578] [pid:33160] [zcode-host] [rpc:call] off-peak-task.list OK (0.2ms)
[2026-08-23 14:36:34.587] [info] [pid:4468] [main] [host-log] (local-1) [host] [2026-08-23 14:36:34.585] [pid:33160] [zcode-host] [rpc:call] off-peak-task.list OK (0.5ms)
[2026-08-23 14:37:34.579] [info] [pid:4468] [main] [host-log] (local-1) [host] [2026-08-23 14:37:34.578] [pid:33160] [zcode-host] [rpc:call] off-peak-task.list OK (0.5ms)
[2026-08-23 15:29:59.040] [info] [pid:4468] [main] [resource] perf_resource window flushed
[2026-08-23 15:29:59.041] [info] [pid:4468] [main] [network] perf_network flushed interfaces=1
[2026-08-23 15:29:59.044] [info] [pid:4468] [main] Checking for update
[2026-08-23 15:29:59.045] [info] [pid:4468] [main] [auto-update] checking for update...
[2026-08-23 15:30:00.160] [info] [pid:4468] [main] [host-log] (local-1) [host] [2026-08-23 15:29:59.404] [pid:33160] [zcode-host] [rpc:call] off-peak-task.list OK (0.2ms)
[2026-08-23 15:30:00.505] [info] [pid:4468] [main] Found version 3.9.1 (url: https://cdn-zcode.z.ai/zcode/electron/releases/3.9.1/windows-x64/ZCode-3.9.1-win-x64.exe)
[2026-08-23 15:30:00.506] [info] [pid:4468] [main] [auto-update] new version available: 3.9.1
[2026-08-23 15:30:00.507] [info] [pid:4468] [main] [auto-update] keep downloaded update version=3.9.1; remote=3.9.1
[2026-08-23 15:30:34.575] [info] [pid:4468] [main] [host-log] (local-1) [host] [2026-08-23 15:30:34.574] [pid:33160] [zcode-host] [rpc:call] off-peak-task.list OK (0.3ms)
[2026-08-23 15:31:34.581] [info] [pid:4468] [main] [host-log] (local-1) [host] [2026-08-23 15:31:34.578] [pid:33160] [zcode-host] [rpc:call] off-peak-task.list OK (0.2ms)
[2026-08-23 15:32:34.586] [info] [pid:4468] [main] [host-log] (local-1) [host] [2026-08-23 15:32:34.583] [pid:33160] [zcode-host] [rpc:call] off-peak-task.list OK (0.4ms)
[2026-08-23 15:33:34.587] [info] [pid:4468] [main] [host-log] (local-1) [host] [2026-08-23 15:33:34.585] [pid:33160] [zcode-host] [rpc:call] off-peak-task.list OK (0.2ms)
[2026-08-23 15:34:34.588] [info] [pid:4468] [main] [host-log] (local-1) [host] [2026-08-23 15:34:34.585] [pid:33160] [zcode-host] [rpc:call] off-peak-task.list OK (0.4ms)
[2026-08-23 15:34:59.032] [info] [pid:4468] [main] [resource] perf_resource window flushed
[2026-08-23 15:34:59.048] [info] [pid:4468] [main] [network] perf_network flushed interfaces=1
[2026-08-23 15:35:34.586] [info] [pid:4468] [main] [host-log] (local-1) [host] [2026-08-23 15:35:34.584] [pid:33160] [zcode-host] [rpc:call] off-peak-task.list OK (0.5ms)
[2026-08-23 15:36:34.587] [info] [pid:4468] [main] [host-log] (local-1) [host] [2026-08-23 15:36:34.584] [pid:33160] [zcode-host] [rpc:call] off-peak-task.list OK (0.3ms)
[2026-08-23 15:37:34.583] [info] [pid:4468] [main] [host-log] (local-1) [host] [2026-08-23 15:37:34.579] [pid:33160] [zcode-host] [rpc:call] off-peak-task.list OK (0.3ms)
[2026-08-23 15:38:34.576] [info] [pid:4468] [main] [host-log] (local-1) [host] [2026-08-23 15:38:34.573] [pid:33160] [zcode-host] [rpc:call] off-peak-task.list OK (0.3ms)
[2026-08-23 15:39:34.582] [info] [pid:4468] [main] [host-log] (local-1) [host] [2026-08-23 15:39:34.581] [pid:33160] [zcode-host] [rpc:call] off-peak-task.list OK (0.3ms)
[2026-08-23 15:39:59.036] [info] [pid:4468] [main] [resource] perf_resource window flushed
[2026-08-23 15:39:59.055] [info] [pid:4468] [main] [network] perf_network flushed interfaces=1
[2026-08-23 15:40:34.587] [info] [pid:4468] [main] [host-log] (local-1) [host] [2026-08-23 15:40:34.583] [pid:33160] [zcode-host] [rpc:call] off-peak-task.list OK (0.3ms)
[2026-08-23 15:41:34.584] [info] [pid:4468] [main] [host-log] (local-1) [host] [2026-08-23 15:41:34.581] [pid:33160] [zcode-host] [rpc:call] off-peak-task.list OK (0.3ms)
[2026-08-23 15:42:34.585] [info] [pid:4468] [main] [host-log] (local-1) [host] [2026-08-23 15:42:34.581] [pid:33160] [zcode-host] [rpc:call] off-peak-task.list OK (0.5ms)
[2026-08-23 15:43:34.584] [info] [pid:4468] [main] [host-log] (local-1) [host] [2026-08-23 15:43:34.580] [pid:33160] [zcode-host] [rpc:call] off-peak-task.list OK (0.4ms)
[2026-08-23 15:44:34.583] [info] [pid:4468] [main] [host-log] (local-1) [host] [2026-08-23 15:44:34.579] [pid:33160] [zcode-host] [rpc:call] off-peak-task.list OK (0.4ms)
[2026-08-23 15:44:59.045] [info] [pid:4468] [main] [resource] perf_resource window flushed
[2026-08-23 15:44:59.060] [info] [pid:4468] [main] [network] perf_network flushed interfaces=1
[2026-08-23 15:45:34.588] [info] [pid:4468] [main] [host-log] (local-1) [host] [2026-08-23 15:45:34.586] [pid:33160] [zcode-host] [rpc:call] off-peak-task.list OK (0.3ms)
[2026-08-23 15:46:34.577] [info] [pid:4468] [main] [host-log] (local-1) [host] [2026-08-23 15:46:34.575] [pid:33160] [zcode-host] [rpc:call] off-peak-task.list OK (0.3ms)
[2026-08-23 15:47:34.579] [info] [pid:4468] [main] [host-log] (local-1) [host] [2026-08-23 15:47:34.575] [pid:33160] [zcode-host] [rpc:call] off-peak-task.list OK (0.3ms)
[2026-08-23 15:48:34.588] [info] [pid:4468] [main] [host-log] (local-1) [host] [2026-08-23 15:48:34.584] [pid:33160] [zcode-host] [rpc:call] off-peak-task.list OK (0.3ms)
[2026-08-23 15:49:34.588] [info] [pid:4468] [main] [host-log] (local-1) [host] [2026-08-23 15:49:34.584] [pid:33160] [zcode-host] [rpc:call] off-peak-task.list OK (0.4ms)
[2026-08-23 15:49:59.053] [info] [pid:4468] [main] [resource] perf_resource window flushed
[2026-08-23 15:49:59.068] [info] [pid:4468] [main] [network] perf_network flushed interfaces=1
[2026-08-23 15:50:34.582] [info] [pid:4468] [main] [host-log] (local-1) [host] [2026-08-23 15:50:34.579] [pid:33160] [zcode-host] [rpc:call] off-peak-task.list OK (0.3ms)
[2026-08-23 15:51:34.580] [info] [pid:4468] [main] [host-log] (local-1) [host] [2026-08-23 15:51:34.576] [pid:33160] [zcode-host] [rpc:call] off-peak-task.list OK (0.3ms)
[2026-08-23 15:52:34.583] [info] [pid:4468] [main] [host-log] (local-1) [host] [2026-08-23 15:52:34.579] [pid:33160] [zcode-host] [rpc:call] off-peak-task.list OK (0.4ms)
[2026-08-23 15:53:34.581] [info] [pid:4468] [main] [host-log] (local-1) [host] [2026-08-23 15:53:34.578] [pid:33160] [zcode-host] [rpc:call] off-peak-task.list OK (0.3ms)
[2026-08-23 15:54:34.583] [info] [pid:4468] [main] [host-log] (local-1) [host] [2026-08-23 15:54:34.578] [pid:33160] [zcode-host] [rpc:call] off-peak-task.list OK (0.4ms)
[2026-08-23 15:54:59.058] [info] [pid:4468] [main] [resource] perf_resource window flushed
[2026-08-23 15:54:59.080] [info] [pid:4468] [main] [network] perf_network flushed interfaces=1
[2026-08-23 15:55:34.587] [info] [pid:4468] [main] [host-log] (local-1) [host] [2026-08-23 15:55:34.587] [pid:33160] [zcode-host] [rpc:call] off-peak-task.list OK (0.2ms)
[2026-08-23 15:56:34.583] [info] [pid:4468] [main] [host-log] (local-1) [host] [2026-08-23 15:56:34.581] [pid:33160] [zcode-host] [rpc:call] off-peak-task.list OK (0.3ms)
[2026-08-23 15:57:34.578] [info] [pid:4468] [main] [host-log] (local-1) [host] [2026-08-23 15:57:34.578] [pid:33160] [zcode-host] [rpc:call] off-peak-task.list OK (0.2ms)
[2026-08-23 15:58:34.584] [info] [pid:4468] [main] [host-log] (local-1) [host] [2026-08-23 15:58:34.580] [pid:33160] [zcode-host] [rpc:call] off-peak-task.list OK (0.3ms)
[2026-08-23 15:59:34.581] [info] [pid:4468] [main] [host-log] (local-1) [host] [2026-08-23 15:59:34.578] [pid:33160] [zcode-host] [rpc:call] off-peak-task.list OK (0.5ms)
[2026-08-23 15:59:59.070] [info] [pid:4468] [main] [resource] perf_resource window flushed
[2026-08-23 15:59:59.088] [info] [pid:4468] [main] [network] perf_network flushed interfaces=1
[2026-08-23 16:00:34.584] [info] [pid:4468] [main] [host-log] (local-1) [host] [2026-08-23 16:00:34.582] [pid:33160] [zcode-host] [rpc:call] off-peak-task.list OK (0.4ms)
[2026-08-23 16:01:34.577] [info] [pid:4468] [main] [host-log] (local-1) [host] [2026-08-23 16:01:34.576] [pid:33160] [zcode-host] [rpc:call] off-peak-task.list OK (0.4ms)
[2026-08-23 16:02:34.578] [info] [pid:4468] [main] [host-log] (local-1) [host] [2026-08-23 16:02:34.576] [pid:33160] [zcode-host] [rpc:call] off-peak-task.list OK (0.2ms)
[2026-08-23 16:03:34.586] [info] [pid:4468] [main] [host-log] (local-1) [host] [2026-08-23 16:03:34.583] [pid:33160] [zcode-host] [rpc:call] off-peak-task.list OK (0.5ms)
[2026-08-23 16:04:34.585] [info] [pid:4468] [main] [host-log] (local-1) [host] [2026-08-23 16:04:34.583] [pid:33160] [zcode-host] [rpc:call] off-peak-task.list OK (0.3ms)
[2026-08-23 16:04:59.084] [info] [pid:4468] [main] [resource] perf_resource window flushed
[2026-08-23 16:04:59.097] [info] [pid:4468] [main] [network] perf_network flushed interfaces=1
[2026-08-23 16:05:34.590] [info] [pid:4468] [main] [host-log] (local-1) [host] [2026-08-23 16:05:34.587] [pid:33160] [zcode-host] [rpc:call] off-peak-task.list OK (0.5ms)
[2026-08-23 16:06:34.587] [info] [pid:4468] [main] [host-log] (local-1) [host] [2026-08-23 16:06:34.585] [pid:33160] [zcode-host] [rpc:call] off-peak-task.list OK (0.4ms)
[2026-08-23 16:07:34.582] [info] [pid:4468] [main] [host-log] (local-1) [host] [2026-08-23 16:07:34.581] [pid:33160] [zcode-host] [rpc:call] off-peak-task.list OK (0.3ms)
[2026-08-23 16:08:34.584] [info] [pid:4468] [main] [host-log] (local-1) [host] [2026-08-23 16:08:34.583] [pid:33160] [zcode-host] [rpc:call] off-peak-task.list OK (0.3ms)
[2026-08-23 16:08:50.605] [info] [pid:4468] [main] [host-log] (local-1) [host] [2026-08-23 16:08:50.425] [pid:33160] [zcode-host] [rpc:call] zcode-task.getTaskSessionFilePath OK (0.6ms)
[2026-08-23 16:08:50.606] [info] [pid:4468] [main] [host-log] (local-1) [host] [2026-08-23 16:08:50.427] [pid:33160] [zcode-host] [rpc:call] zcode-task.getTaskNativeSessionLogFile OK (1.5ms)
[2026-08-23 16:08:50.606] [info] [pid:4468] [main] [host-log] (local-1) [host] [2026-08-23 16:08:50.427] [pid:33160] [zcode-host] [rpc:call] zcode-task.getWorkspaceProviderConfigFile OK (0.1ms)
[2026-08-23 16:08:50.607] [info] [pid:4468] [main] [host-log] (local-1) [host] [2026-08-23 16:08:50.427] [pid:33160] [zcode-host] [rpc:call] zcode-task.getTaskNativeSessionLogFile OK (0.1ms)
[2026-08-23 16:08:50.607] [info] [pid:4468] [main] [host-log] (local-1) [host] [2026-08-23 16:08:50.428] [pid:33160] [zcode-host] [rpc:call] zcode-task.getTaskSessionFilePath OK (0.0ms)
[2026-08-23 16:08:50.707] [info] [pid:4468] [main] [host-log] (local-1) [host] [2026-08-23 16:08:50.706] [pid:33160] [settingService] writing settings to: C:\Users\llh04\.zcode\v2\setting.json {"recentProjects":["C:\\Users\\llh04\\Desktop\\小说","D:\\公考","D:\\公考\\图形推理详解"],"locale":"zh-CN","localePreference":"zh-CN","terminalInheritSystemProfile":true,"embeddedBrowserAllowInsecureCertificates":false,"taskAutoArchiveEnabled":false,"taskAutoArchiveOlderThanDays":7,"closeToTrayOnWindows":true,"closeToTrayOnWindowsMigrationInitialized":true,"keepAwakeWhileRunning":false,"desktopWindowSize":{"width":1200,"height":800,"maximized":false},"desktopChromiumHardwareAccelerationEnabled":true,"messageStreamShowReasoning":false,"messageStreamShowTodos":false,"toolGroupingExploreEnabled":true,"toolGroupingTerminalEnabled":true,"toolGroupingChangesEnabled":false,"zcodeInteractionBehavior":"queue","askUserQuestionAutoResolutionEnabled":true,"modelIoFullRetentionEnabled":false,"optimizeAgentExperienceEnabled":false,"optimizeAgentExperienceMigrationInitialized":true,"enabledBuiltinAgentCliProviders":["glm"],"modelProviderFamilyModes":{"zai":"oauth"},"modelProviderFamilySelectedKeys":{"zai":"coding-plan:builtin:zai-start-plan"},"providerFamilyDomain":"zai","providerFamilyDomainUpdatedAt":1787116588334,"providerFamilyDomainMigrated":true,"repoSnapshotIndexingEnabled":false,"instantGrepIndexingEnabled":false,"nativeSearchEnhancementsEnabled":true,"memoryEnabled":false,"lastWorkspaceSession":[{"kind":"local","workspacePath":"C:\\Users\\llh04\\Desktop\\小说","workspacePurpose":"project"},{"kind":"local","workspacePath":"D:\\公考","workspacePurpose":"project"},{"kind":"local","workspacePath":"C:\\Users\\llh04\\.zcode\\workspace\\default","workspacePurpose":"conversation"}],"lastActiveTabIndex":0,"pendingPostUpdateReleaseNotes":{"version":"3.9.1","title":"Release v3.9.1","markdown":"## 新功能\n\n- 优化模型配置选项页面\n- 默认展示思考过程及实时耗时\n\n## 问题修复\n\n- 修复截图和网页工具图片在部分网关中无法显示的问题\n- 修复单冒号文件引用无法识别的问题","releaseDate":"2026-08-23T02:22:17.074Z","releaseNotesByLocale":{"zh-CN":{"title":"Release v3.9.1","markdown":"## 新功能\n\n- 优化模型配置选项页面\n- 默认展示思考过程及实时耗时\n\n## 问题修复\n\n- 修复截图和网页工具图片在部分网关中无法显示的问题\n- 修复单冒号文件引用无法识别的问题"},"en-US":{"title":"Release v3.9.1","markdown":"## New Features\n\n- Optimize the model configuration options page\n- By default, the thinking process and real-time time consumption are displayed\n\n## Issue Fix\n\n- Fixed the issue where screenshots and web tool images could not be displayed in some gateways\n- Fixed the issue where single-colon file references could not be recognized"}}},"receivePreviewUpdates":false,"autoDownloadAndInstallUpdates":true,"skippedElectronUpdateVersions":{},"settingsSyncFirstRunPromptHandled":true}
[2026-08-23 16:08:50.712] [info] [pid:4468] [main] [host-log] (local-1) [host] [2026-08-23 16:08:50.711] [pid:33160] [settingService] write done
[2026-08-23 16:08:50.712] [info] [pid:4468] [main] [host-log] (local-1) [host] [2026-08-23 16:08:50.711] [pid:33160] [zcode-host] [rpc:call] setting.update OK (6.9ms)
[2026-08-23 16:08:51.230] [info] [pid:4468] [main] [host-log] (local-1) [host] [2026-08-23 16:08:51.229] [pid:33160] [zcode-host] [rpc:call] zcode-agent.subscribeConversationV4 OK (794.2ms)
[2026-08-23 16:08:51.232] [info] [pid:4468] [main] [host-log] (local-1) [host] [2026-08-23 16:08:51.232] [pid:33160] [zcode-host] [rpc:call] zcode-agent.sendConversationCommandV4 OK (788.4ms)
[2026-08-23 16:08:51.378] [info] [pid:4468] [main] [host-log] (local-1) [host] [2026-08-23 16:08:51.376] [pid:33160] [zcode-host] [rpc:call] zcode-agent.conversationFileChangesV4 OK (2.2ms)
[2026-08-23 16:08:51.379] [info] [pid:4468] [main] [host-log] (local-1) [host] [2026-08-23 16:08:51.377] [pid:33160] [zcode-host] [rpc:call] zcode-agent.conversationPlansV4 OK (1.9ms)
[2026-08-23 16:08:51.688] [info] [pid:4468] [main] [host-log] (local-1) [host] [2026-08-23 16:08:51.686] [pid:33160] [settingService] writing settings to: C:\Users\llh04\.zcode\v2\setting.json {"recentProjects":["C:\\Users\\llh04\\Desktop\\小说","D:\\公考","D:\\公考\\图形推理详解"],"locale":"zh-CN","localePreference":"zh-CN","terminalInheritSystemProfile":true,"embeddedBrowserAllowInsecureCertificates":false,"taskAutoArchiveEnabled":false,"taskAutoArchiveOlderThanDays":7,"closeToTrayOnWindows":true,"closeToTrayOnWindowsMigrationInitialized":true,"keepAwakeWhileRunning":false,"desktopWindowSize":{"width":1200,"height":800,"maximized":false},"desktopChromiumHardwareAccelerationEnabled":true,"messageStreamShowReasoning":false,"messageStreamShowTodos":false,"toolGroupingExploreEnabled":true,"toolGroupingTerminalEnabled":true,"toolGroupingChangesEnabled":false,"zcodeInteractionBehavior":"queue","askUserQuestionAutoResolutionEnabled":true,"modelIoFullRetentionEnabled":false,"optimizeAgentExperienceEnabled":false,"optimizeAgentExperienceMigrationInitialized":true,"enabledBuiltinAgentCliProviders":["glm"],"modelProviderFamilyModes":{"zai":"oauth"},"modelProviderFamilySelectedKeys":{"zai":"coding-plan:builtin:zai-start-plan"},"providerFamilyDomain":"zai","providerFamilyDomainUpdatedAt":1787116588334,"providerFamilyDomainMigrated":true,"repoSnapshotIndexingEnabled":false,"instantGrepIndexingEnabled":false,"nativeSearchEnhancementsEnabled":true,"memoryEnabled":false,"lastWorkspaceSession":[{"kind":"local","workspacePath":"C:\\Users\\llh04\\Desktop\\小说","workspacePurpose":"project"},{"kind":"local","workspacePath":"D:\\公考","workspacePurpose":"project"},{"kind":"local","workspacePath":"C:\\Users\\llh04\\.zcode\\workspace\\default","workspacePurpose":"conversation"}],"lastActiveTabIndex":0,"pendingPostUpdateReleaseNotes":{"version":"3.9.1","title":"Release v3.9.1","markdown":"## 新功能\n\n- 优化模型配置选项页面\n- 默认展示思考过程及实时耗时\n\n## 问题修复\n\n- 修复截图和网页工具图片在部分网关中无法显示的问题\n- 修复单冒号文件引用无法识别的问题","releaseDate":"2026-08-23T02:22:17.074Z","releaseNotesByLocale":{"zh-CN":{"title":"Release v3.9.1","markdown":"## 新功能\n\n- 优化模型配置选项页面\n- 默认展示思考过程及实时耗时\n\n## 问题修复\n\n- 修复截图和网页工具图片在部分网关中无法显示的问题\n- 修复单冒号文件引用无法识别的问题"},"en-US":{"title":"Release v3.9.1","markdown":"## New Features\n\n- Optimize the model configuration options page\n- By default, the thinking process and real-time time consumption are displayed\n\n## Issue Fix\n\n- Fixed the issue where screenshots and web tool images could not be displayed in some gateways\n- Fixed the issue where single-colon file references could not be recognized"}}},"receivePreviewUpdates":false,"autoDownloadAndInstallUpdates":true,"skippedElectronUpdateVersions":{},"settingsSyncFirstRunPromptHandled":true}
[2026-08-23 16:08:51.691] [info] [pid:4468] [main] [host-log] (local-1) [host] [2026-08-23 16:08:51.690] [pid:33160] [settingService] write done
[2026-08-23 16:08:51.692] [info] [pid:4468] [main] [host-log] (local-1) [host] [2026-08-23 16:08:51.690] [pid:33160] [zcode-host] [rpc:call] setting.update OK (5.0ms)
[2026-08-23 16:08:54.075] [info] [pid:4468] [main] [host-log] (local-1) [host] [2026-08-23 16:08:54.075] [pid:33160] [settingService] writing settings to: C:\Users\llh04\.zcode\v2\setting.json {"recentProjects":["C:\\Users\\llh04\\Desktop\\小说","D:\\公考","D:\\公考\\图形推理详解"],"locale":"zh-CN","localePreference":"zh-CN","terminalInheritSystemProfile":true,"embeddedBrowserAllowInsecureCertificates":false,"taskAutoArchiveEnabled":false,"taskAutoArchiveOlderThanDays":7,"closeToTrayOnWindows":true,"closeToTrayOnWindowsMigrationInitialized":true,"keepAwakeWhileRunning":false,"desktopWindowSize":{"width":1200,"height":800,"maximized":false},"desktopChromiumHardwareAccelerationEnabled":true,"messageStreamShowReasoning":false,"messageStreamShowTodos":false,"toolGroupingExploreEnabled":true,"toolGroupingTerminalEnabled":true,"toolGroupingChangesEnabled":false,"zcodeInteractionBehavior":"queue","askUserQuestionAutoResolutionEnabled":true,"modelIoFullRetentionEnabled":false,"optimizeAgentExperienceEnabled":false,"optimizeAgentExperienceMigrationInitialized":true,"enabledBuiltinAgentCliProviders":["glm"],"modelProviderFamilyModes":{"zai":"oauth"},"modelProviderFamilySelectedKeys":{"zai":"coding-plan:builtin:zai-start-plan"},"providerFamilyDomain":"zai","providerFamilyDomainUpdatedAt":1787116588334,"providerFamilyDomainMigrated":true,"repoSnapshotIndexingEnabled":false,"instantGrepIndexingEnabled":false,"nativeSearchEnhancementsEnabled":true,"memoryEnabled":false,"lastWorkspaceSession":[{"kind":"local","workspacePath":"C:\\Users\\llh04\\Desktop\\小说","workspacePurpose":"project"},{"kind":"local","workspacePath":"D:\\公考","workspacePurpose":"project"},{"kind":"local","workspacePath":"C:\\Users\\llh04\\.zcode\\workspace\\default","workspacePurpose":"conversation"}],"lastActiveTabIndex":0,"pendingPostUpdateReleaseNotes":{"version":"3.9.1","title":"Release v3.9.1","markdown":"## 新功能\n\n- 优化模型配置选项页面\n- 默认展示思考过程及实时耗时\n\n## 问题修复\n\n- 修复截图和网页工具图片在部分网关中无法显示的问题\n- 修复单冒号文件引用无法识别的问题","releaseDate":"2026-08-23T02:22:17.074Z","releaseNotesByLocale":{"zh-CN":{"title":"Release v3.9.1","markdown":"## 新功能\n\n- 优化模型配置选项页面\n- 默认展示思考过程及实时耗时\n\n## 问题修复\n\n- 修复截图和网页工具图片在部分网关中无法显示的问题\n- 修复单冒号文件引用无法识别的问题"},"en-US":{"title":"Release v3.9.1","markdown":"## New Features\n\n- Optimize the model configuration options page\n- By default, the thinking process and real-time time consumption are displayed\n\n## Issue Fix\n\n- Fixed the issue where screenshots and web tool images could not be displayed in some gateways\n- Fixed the issue where single-colon file references could not be recognized"}}},"receivePreviewUpdates":false,"autoDownloadAndInstallUpdates":true,"skippedElectronUpdateVersions":{},"settingsSyncFirstRunPromptHandled":true}
[2026-08-23 16:08:54.079] [info] [pid:4468] [main] [host-log] (local-1) [host] [2026-08-23 16:08:54.078] [pid:33160] [settingService] write done
[2026-08-23 16:08:54.079] [info] [pid:4468] [main] [host-log] (local-1) [host] [2026-08-23 16:08:54.078] [pid:33160] [zcode-host] [rpc:call] setting.update OK (4.6ms)
[2026-08-23 16:08:54.468] [info] [pid:4468] [main] [host-log] (local-1) [host] [2026-08-23 16:08:54.467] [pid:33160] [zcode-host] [rpc:call] off-peak-task.list OK (0.2ms)
[2026-08-23 16:08:56.149] [debug] [pid:4468] [main] [browser-use] execute start browserId=iab:11931cb9-6b5c-4f3c-868f-c43796aaf40f sessionId=sess_9ac9f47e-224c-4ada-b806-e8c7d75367a5 method=list
[2026-08-23 16:08:56.150] [debug] [pid:4468] [main] [browser-use] execute requestId=f5ee620d-b647-442d-80c5-2e4b1e58695c browserId=iab:11931cb9-6b5c-4f3c-868f-c43796aaf40f generation=1787463534165 windowId=1 sessionId=sess_9ac9f47e-224c-4ada-b806-e8c7d75367a5 method=list
[2026-08-23 16:08:56.151] [debug] [pid:4468] [main] [browser-use] execute done sessionId=sess_9ac9f47e-224c-4ada-b806-e8c7d75367a5 method=list ok=true elapsedMs=0
[2026-08-23 16:08:56.152] [debug] [pid:4468] [main] [browser-use] execute start browserId=iab:11931cb9-6b5c-4f3c-868f-c43796aaf40f sessionId=sess_9ac9f47e-224c-4ada-b806-e8c7d75367a5 method=listUserTabs
[2026-08-23 16:08:56.152] [debug] [pid:4468] [main] [browser-use] execute requestId=7aa258b6-e2ec-4fcb-9ee5-89fb445dd6c3 browserId=iab:11931cb9-6b5c-4f3c-868f-c43796aaf40f generation=1787463534165 windowId=1 sessionId=sess_9ac9f47e-224c-4ada-b806-e8c7d75367a5 method=listUserTabs
[2026-08-23 16:08:56.152] [debug] [pid:4468] [main] [browser-use] execute done sessionId=sess_9ac9f47e-224c-4ada-b806-e8c7d75367a5 method=listUserTabs ok=true elapsedMs=0
[2026-08-23 16:08:56.200] [info] [pid:4468] [main] [host-log] (local-1) [host] [2026-08-23 16:08:56.199] [pid:33160] [zcode-host] [rpc:call] zcode-agent.sendConversationCommandV4 OK (52.4ms)
[2026-08-23 16:09:20.434] [info] [pid:4468] [main] [host-log] (local-1) [host] [2026-08-23 16:09:20.434] [pid:33160] [zcode-host] [rpc:call] zcode-agent.unsubscribeConversationV4 OK (1.1ms)
[2026-08-23 16:09:24.470] [info] [pid:4468] [main] [host-log] (local-1) [host] [2026-08-23 16:09:24.466] [pid:33160] [zcode-host] [rpc:call] off-peak-task.list OK (0.2ms)
[2026-08-23 16:09:54.471] [info] [pid:4468] [main] [host-log] (local-1) [host] [2026-08-23 16:09:54.470] [pid:33160] [zcode-host] [rpc:call] off-peak-task.list OK (0.2ms)
[2026-08-23 16:09:59.087] [info] [pid:4468] [main] [resource] perf_resource window flushed
[2026-08-23 16:09:59.110] [info] [pid:4468] [main] [network] perf_network flushed interfaces=10
[2026-08-23 16:10:24.467] [info] [pid:4468] [main] [host-log] (local-1) [host] [2026-08-23 16:10:24.468] [pid:33160] [zcode-host] [rpc:call] off-peak-task.list OK (0.1ms)
[2026-08-23 16:10:54.466] [info] [pid:4468] [main] [host-log] (local-1) [host] [2026-08-23 16:10:54.466] [pid:33160] [zcode-host] [rpc:call] off-peak-task.list OK (0.2ms)
[2026-08-23 16:11:24.583] [info] [pid:4468] [main] [host-log] (local-1) [host] [2026-08-23 16:11:24.583] [pid:33160] [zcode-host] [rpc:call] off-peak-task.list OK (0.1ms)
[2026-08-23 16:11:54.587] [info] [pid:4468] [main] [host-log] (local-1) [host] [2026-08-23 16:11:54.587] [pid:33160] [zcode-host] [rpc:call] off-peak-task.list OK (0.1ms)
[2026-08-23 16:12:34.591] [info] [pid:4468] [main] [host-log] (local-1) [host] [2026-08-23 16:12:34.591] [pid:33160] [zcode-host] [rpc:call] off-peak-task.list OK (0.2ms)
[2026-08-23 16:13:34.591] [info] [pid:4468] [main] [host-log] (local-1) [host] [2026-08-23 16:13:34.591] [pid:33160] [zcode-host] [rpc:call] off-peak-task.list OK (0.2ms)
[2026-08-23 16:14:34.582] [info] [pid:4468] [main] [host-log] (local-1) [host] [2026-08-23 16:14:34.582] [pid:33160] [zcode-host] [rpc:call] off-peak-task.list OK (0.1ms)
[2026-08-23 16:14:59.108] [info] [pid:4468] [main] [resource] perf_resource window flushed
[2026-08-23 16:14:59.109] [info] [pid:4468] [main] [network] perf_network flushed interfaces=1
[2026-08-23 16:15:34.589] [info] [pid:4468] [main] [host-log] (local-1) [host] [2026-08-23 16:15:34.588] [pid:33160] [zcode-host] [rpc:call] off-peak-task.list OK (0.2ms)
[2026-08-23 16:16:06.862] [info] [pid:4468] [main] [host-log] (local-1) [host] [2026-08-23 16:16:06.862] [pid:33160] [zcode-host] [rpc:call] off-peak-task.list OK (0.1ms)
[2026-08-23 16:16:07.169] [info] [pid:4468] [main] [host-log] (local-1) [host] [2026-08-23 16:16:07.167] [pid:33160] [settingService] writing settings to: C:\Users\llh04\.zcode\v2\setting.json {"recentProjects":["C:\\Users\\llh04\\Desktop\\小说","D:\\公考","D:\\公考\\图形推理详解"],"locale":"zh-CN","localePreference":"zh-CN","terminalInheritSystemProfile":true,"embeddedBrowserAllowInsecureCertificates":false,"taskAutoArchiveEnabled":false,"taskAutoArchiveOlderThanDays":7,"closeToTrayOnWindows":true,"closeToTrayOnWindowsMigrationInitialized":true,"keepAwakeWhileRunning":false,"desktopWindowSize":{"width":1200,"height":800,"maximized":false},"desktopChromiumHardwareAccelerationEnabled":true,"messageStreamShowReasoning":false,"messageStreamShowTodos":false,"toolGroupingExploreEnabled":true,"toolGroupingTerminalEnabled":true,"toolGroupingChangesEnabled":false,"zcodeInteractionBehavior":"queue","askUserQuestionAutoResolutionEnabled":true,"modelIoFullRetentionEnabled":false,"optimizeAgentExperienceEnabled":false,"optimizeAgentExperienceMigrationInitialized":true,"enabledBuiltinAgentCliProviders":["glm"],"modelProviderFamilyModes":{"zai":"oauth"},"modelProviderFamilySelectedKeys":{"zai":"coding-plan:builtin:zai-start-plan"},"providerFamilyDomain":"zai","providerFamilyDomainUpdatedAt":1787116588334,"providerFamilyDomainMigrated":true,"repoSnapshotIndexingEnabled":false,"instantGrepIndexingEnabled":false,"nativeSearchEnhancementsEnabled":true,"memoryEnabled":false,"lastWorkspaceSession":[{"kind":"local","workspacePath":"C:\\Users\\llh04\\Desktop\\小说","workspacePurpose":"project"},{"kind":"local","workspacePath":"D:\\公考","workspacePurpose":"project"},{"kind":"local","workspacePath":"C:\\Users\\llh04\\.zcode\\workspace\\default","workspacePurpose":"conversation"}],"lastActiveTabIndex":0,"pendingPostUpdateReleaseNotes":{"version":"3.9.1","title":"Release v3.9.1","markdown":"## 新功能\n\n- 优化模型配置选项页面\n- 默认展示思考过程及实时耗时\n\n## 问题修复\n\n- 修复截图和网页工具图片在部分网关中无法显示的问题\n- 修复单冒号文件引用无法识别的问题","releaseDate":"2026-08-23T02:22:17.074Z","releaseNotesByLocale":{"zh-CN":{"title":"Release v3.9.1","markdown":"## 新功能\n\n- 优化模型配置选项页面\n- 默认展示思考过程及实时耗时\n\n## 问题修复\n\n- 修复截图和网页工具图片在部分网关中无法显示的问题\n- 修复单冒号文件引用无法识别的问题"},"en-US":{"title":"Release v3.9.1","markdown":"## New Features\n\n- Optimize the model configuration options page\n- By default, the thinking process and real-time time consumption are displayed\n\n## Issue Fix\n\n- Fixed the issue where screenshots and web tool images could not be displayed in some gateways\n- Fixed the issue where single-colon file references could not be recognized"}}},"receivePreviewUpdates":false,"autoDownloadAndInstallUpdates":true,"skippedElectronUpdateVersions":{},"settingsSyncFirstRunPromptHandled":true}
[2026-08-23 16:16:07.171] [info] [pid:4468] [main] [host-log] (local-1) [host] [2026-08-23 16:16:07.170] [pid:33160] [settingService] write done
[2026-08-23 16:16:07.172] [info] [pid:4468] [main] [host-log] (local-1) [host] [2026-08-23 16:16:07.170] [pid:33160] [zcode-host] [rpc:call] setting.update OK (5.9ms)
[2026-08-23 16:16:17.592] [info] [pid:4468] [main] [host-log] (local-1) [host] [2026-08-23 16:16:17.592] [pid:33160] [zcode-host] [rpc:call] coding-plan-subscription.getBillingDiscount OK (0.1ms)
[2026-08-23 16:16:17.593] [info] [pid:4468] [main] [host-log] (local-1) [host] [2026-08-23 16:16:17.593] [pid:33160] [zcode-host] [rpc:call] setting.get OK (0.9ms)
[2026-08-23 16:16:17.611] [info] [pid:4468] [main] [host-log] (local-1) [host] [2026-08-23 16:16:17.611] [pid:33160] [zcode-host] [rpc:call] zcode-agent.subscribeConversationV4 OK (3.9ms)
[2026-08-23 16:16:17.684] [info] [pid:4468] [main] [host-log] (local-1) [host] [2026-08-23 16:16:17.684] [pid:33160] [zcode-host] [rpc:call] zcode-agent.conversationPlansV4 OK (0.9ms)
[2026-08-23 16:16:17.770] [info] [pid:4468] [main] [host-log] (local-1) [host] [2026-08-23 16:16:17.770] [pid:33160] [settingService] writing settings to: C:\Users\llh04\.zcode\v2\setting.json {"recentProjects":["C:\\Users\\llh04\\Desktop\\小说","D:\\公考","D:\\公考\\图形推理详解"],"locale":"zh-CN","localePreference":"zh-CN","terminalInheritSystemProfile":true,"embeddedBrowserAllowInsecureCertificates":false,"taskAutoArchiveEnabled":false,"taskAutoArchiveOlderThanDays":7,"closeToTrayOnWindows":true,"closeToTrayOnWindowsMigrationInitialized":true,"keepAwakeWhileRunning":false,"desktopWindowSize":{"width":1200,"height":800,"maximized":false},"desktopChromiumHardwareAccelerationEnabled":true,"messageStreamShowReasoning":false,"messageStreamShowTodos":false,"toolGroupingExploreEnabled":true,"toolGroupingTerminalEnabled":true,"toolGroupingChangesEnabled":false,"zcodeInteractionBehavior":"queue","askUserQuestionAutoResolutionEnabled":true,"modelIoFullRetentionEnabled":false,"optimizeAgentExperienceEnabled":false,"optimizeAgentExperienceMigrationInitialized":true,"enabledBuiltinAgentCliProviders":["glm"],"modelProviderFamilyModes":{"zai":"oauth"},"modelProviderFamilySelectedKeys":{"zai":"coding-plan:builtin:zai-start-plan"},"providerFamilyDomain":"zai","providerFamilyDomainUpdatedAt":1787116588334,"providerFamilyDomainMigrated":true,"repoSnapshotIndexingEnabled":false,"instantGrepIndexingEnabled":false,"nativeSearchEnhancementsEnabled":true,"memoryEnabled":false,"lastWorkspaceSession":[{"kind":"local","workspacePath":"C:\\Users\\llh04\\Desktop\\小说","workspacePurpose":"project"},{"kind":"local","workspacePath":"D:\\公考","workspacePurpose":"project"},{"kind":"local","workspacePath":"C:\\Users\\llh04\\.zcode\\workspace\\default","workspacePurpose":"conversation"}],"lastActiveTabIndex":0,"pendingPostUpdateReleaseNotes":{"version":"3.9.1","title":"Release v3.9.1","markdown":"## 新功能\n\n- 优化模型配置选项页面\n- 默认展示思考过程及实时耗时\n\n## 问题修复\n\n- 修复截图和网页工具图片在部分网关中无法显示的问题\n- 修复单冒号文件引用无法识别的问题","releaseDate":"2026-08-23T02:22:17.074Z","releaseNotesByLocale":{"zh-CN":{"title":"Release v3.9.1","markdown":"## 新功能\n\n- 优化模型配置选项页面\n- 默认展示思考过程及实时耗时\n\n## 问题修复\n\n- 修复截图和网页工具图片在部分网关中无法显示的问题\n- 修复单冒号文件引用无法识别的问题"},"en-US":{"title":"Release v3.9.1","markdown":"## New Features\n\n- Optimize the model configuration options page\n- By default, the thinking process and real-time time consumption are displayed\n\n## Issue Fix\n\n- Fixed the issue where screenshots and web tool images could not be displayed in some gateways\n- Fixed the issue where single-colon file references could not be recognized"}}},"receivePreviewUpdates":false,"autoDownloadAndInstallUpdates":true,"skippedElectronUpdateVersions":{},"settingsSyncFirstRunPromptHandled":true}
[2026-08-23 16:16:17.775] [info] [pid:4468] [main] [host-log] (local-1) [host] [2026-08-23 16:16:17.774] [pid:33160] [settingService] write done
[2026-08-23 16:16:17.776] [info] [pid:4468] [main] [host-log] (local-1) [host] [2026-08-23 16:16:17.775] [pid:33160] [zcode-host] [rpc:call] setting.update OK (5.5ms)
[2026-08-23 16:16:24.466] [info] [pid:4468] [main] [host-log] (local-1) [host] [2026-08-23 16:16:24.466] [pid:33160] [zcode-host] [rpc:call] off-peak-task.list OK (0.1ms)
[2026-08-23 16:16:46.538] [info] [pid:4468] [main] [host-log] (local-1) [host] [2026-08-23 16:16:46.538] [pid:33160] [zcode-host] [rpc:call] setting.get OK (0.7ms)
[2026-08-23 16:16:46.551] [info] [pid:4468] [main] [host-log] (local-1) [host] [2026-08-23 16:16:46.550] [pid:33160] [zcode-host] [rpc:call] zcode-agent.subscribeConversationV4 OK (2.3ms)
[2026-08-23 16:16:46.606] [info] [pid:4468] [main] [host-log] (local-1) [host] [2026-08-23 16:16:46.606] [pid:33160] [zcode-host] [rpc:call] zcode-agent.conversationPlansV4 OK (0.5ms)
[2026-08-23 16:16:46.708] [info] [pid:4468] [main] [host-log] (local-1) [host] [2026-08-23 16:16:46.709] [pid:33160] [settingService] writing settings to: C:\Users\llh04\.zcode\v2\setting.json {"recentProjects":["C:\\Users\\llh04\\Desktop\\小说","D:\\公考","D:\\公考\\图形推理详解"],"locale":"zh-CN","localePreference":"zh-CN","terminalInheritSystemProfile":true,"embeddedBrowserAllowInsecureCertificates":false,"taskAutoArchiveEnabled":false,"taskAutoArchiveOlderThanDays":7,"closeToTrayOnWindows":true,"closeToTrayOnWindowsMigrationInitialized":true,"keepAwakeWhileRunning":false,"desktopWindowSize":{"width":1200,"height":800,"maximized":false},"desktopChromiumHardwareAccelerationEnabled":true,"messageStreamShowReasoning":false,"messageStreamShowTodos":false,"toolGroupingExploreEnabled":true,"toolGroupingTerminalEnabled":true,"toolGroupingChangesEnabled":false,"zcodeInteractionBehavior":"queue","askUserQuestionAutoResolutionEnabled":true,"modelIoFullRetentionEnabled":false,"optimizeAgentExperienceEnabled":false,"optimizeAgentExperienceMigrationInitialized":true,"enabledBuiltinAgentCliProviders":["glm"],"modelProviderFamilyModes":{"zai":"oauth"},"modelProviderFamilySelectedKeys":{"zai":"coding-plan:builtin:zai-start-plan"},"providerFamilyDomain":"zai","providerFamilyDomainUpdatedAt":1787116588334,"providerFamilyDomainMigrated":true,"repoSnapshotIndexingEnabled":false,"instantGrepIndexingEnabled":false,"nativeSearchEnhancementsEnabled":true,"memoryEnabled":false,"lastWorkspaceSession":[{"kind":"local","workspacePath":"C:\\Users\\llh04\\Desktop\\小说","workspacePurpose":"project"},{"kind":"local","workspacePath":"D:\\公考","workspacePurpose":"project"},{"kind":"local","workspacePath":"C:\\Users\\llh04\\.zcode\\workspace\\default","workspacePurpose":"conversation"}],"lastActiveTabIndex":0,"pendingPostUpdateReleaseNotes":{"version":"3.9.1","title":"Release v3.9.1","markdown":"## 新功能\n\n- 优化模型配置选项页面\n- 默认展示思考过程及实时耗时\n\n## 问题修复\n\n- 修复截图和网页工具图片在部分网关中无法显示的问题\n- 修复单冒号文件引用无法识别的问题","releaseDate":"2026-08-23T02:22:17.074Z","releaseNotesByLocale":{"zh-CN":{"title":"Release v3.9.1","markdown":"## 新功能\n\n- 优化模型配置选项页面\n- 默认展示思考过程及实时耗时\n\n## 问题修复\n\n- 修复截图和网页工具图片在部分网关中无法显示的问题\n- 修复单冒号文件引用无法识别的问题"},"en-US":{"title":"Release v3.9.1","markdown":"## New Features\n\n- Optimize the model configuration options page\n- By default, the thinking process and real-time time consumption are displayed\n\n## Issue Fix\n\n- Fixed the issue where screenshots and web tool images could not be displayed in some gateways\n- Fixed the issue where single-colon file references could not be recognized"}}},"receivePreviewUpdates":false,"autoDownloadAndInstallUpdates":true,"skippedElectronUpdateVersions":{},"settingsSyncFirstRunPromptHandled":true}
[2026-08-23 16:16:46.711] [info] [pid:4468] [main] [host-log] (local-1) [host] [2026-08-23 16:16:46.712] [pid:33160] [settingService] write done
[2026-08-23 16:16:46.711] [info] [pid:4468] [main] [host-log] (local-1) [host] [2026-08-23 16:16:46.712] [pid:33160] [zcode-host] [rpc:call] setting.update OK (3.5ms)
[2026-08-23 16:16:54.474] [info] [pid:4468] [main] [host-log] (local-1) [host] [2026-08-23 16:16:54.472] [pid:33160] [zcode-host] [rpc:call] off-peak-task.list OK (0.2ms)
[2026-08-23 16:17:24.477] [info] [pid:4468] [main] [host-log] (local-1) [host] [2026-08-23 16:17:24.477] [pid:33160] [zcode-host] [rpc:call] off-peak-task.list OK (0.1ms)
[2026-08-23 16:17:54.474] [info] [pid:4468] [main] [host-log] (local-1) [host] [2026-08-23 16:17:54.471] [pid:33160] [zcode-host] [rpc:call] off-peak-task.list OK (0.2ms)
[2026-08-23 16:18:24.475] [info] [pid:4468] [main] [host-log] (local-1) [host] [2026-08-23 16:18:24.474] [pid:33160] [zcode-host] [rpc:call] off-peak-task.list OK (0.2ms)
[2026-08-23 16:18:54.578] [info] [pid:4468] [main] [host-log] (local-1) [host] [2026-08-23 16:18:54.579] [pid:33160] [zcode-host] [rpc:call] off-peak-task.list OK (0.2ms)
[2026-08-23 16:19:24.586] [info] [pid:4468] [main] [host-log] (local-1) [host] [2026-08-23 16:19:24.585] [pid:33160] [zcode-host] [rpc:call] off-peak-task.list OK (0.3ms)
[2026-08-23 16:19:59.132] [info] [pid:4468] [main] [resource] perf_resource window flushed
[2026-08-23 16:19:59.140] [info] [pid:4468] [main] [network] perf_network flushed interfaces=6
[2026-08-23 16:20:34.582] [info] [pid:4468] [main] [host-log] (local-1) [host] [2026-08-23 16:20:34.582] [pid:33160] [zcode-host] [rpc:call] off-peak-task.list OK (0.1ms)
[2026-08-23 16:21:34.590] [info] [pid:4468] [main] [host-log] (local-1) [host] [2026-08-23 16:21:34.589] [pid:33160] [zcode-host] [rpc:call] off-peak-task.list OK (0.2ms)
[2026-08-23 16:22:34.586] [info] [pid:4468] [main] [host-log] (local-1) [host] [2026-08-23 16:22:34.585] [pid:33160] [zcode-host] [rpc:call] off-peak-task.list OK (0.1ms)
[2026-08-23 16:23:34.581] [info] [pid:4468] [main] [host-log] (local-1) [host] [2026-08-23 16:23:34.580] [pid:33160] [zcode-host] [rpc:call] off-peak-task.list OK (0.2ms)
[2026-08-23 16:24:34.586] [info] [pid:4468] [main] [host-log] (local-1) [host] [2026-08-23 16:24:34.585] [pid:33160] [zcode-host] [rpc:call] off-peak-task.list OK (0.2ms)
[2026-08-23 16:24:59.133] [info] [pid:4468] [main] [resource] perf_resource window flushed
[2026-08-23 16:24:59.135] [info] [pid:4468] [main] [network] perf_network flushed interfaces=1
[2026-08-23 16:25:34.578] [info] [pid:4468] [main] [host-log] (local-1) [host] [2026-08-23 16:25:34.574] [pid:33160] [zcode-host] [rpc:call] off-peak-task.list OK (0.4ms)
[2026-08-23 16:26:34.587] [info] [pid:4468] [main] [host-log] (local-1) [host] [2026-08-23 16:26:34.586] [pid:33160] [zcode-host] [rpc:call] off-peak-task.list OK (0.1ms)
[2026-08-23 16:27:34.590] [info] [pid:4468] [main] [host-log] (local-1) [host] [2026-08-23 16:27:34.589] [pid:33160] [zcode-host] [rpc:call] off-peak-task.list OK (0.1ms)
[2026-08-23 16:28:34.587] [info] [pid:4468] [main] [host-log] (local-1) [host] [2026-08-23 16:28:34.586] [pid:33160] [zcode-host] [rpc:call] off-peak-task.list OK (0.2ms)
[2026-08-23 16:29:34.582] [info] [pid:4468] [main] [host-log] (local-1) [host] [2026-08-23 16:29:34.581] [pid:33160] [zcode-host] [rpc:call] off-peak-task.list OK (0.3ms)
[2026-08-23 16:29:59.023] [info] [pid:4468] [main] Checking for update
[2026-08-23 16:29:59.024] [info] [pid:4468] [main] [auto-update] checking for update...
[2026-08-23 16:29:59.146] [info] [pid:4468] [main] [resource] perf_resource window flushed
[2026-08-23 16:29:59.147] [info] [pid:4468] [main] [network] perf_network flushed interfaces=1
[2026-08-23 16:29:59.223] [info] [pid:4468] [main] Found version 3.9.1 (url: https://cdn-zcode.z.ai/zcode/electron/releases/3.9.1/windows-x64/ZCode-3.9.1-win-x64.exe)
[2026-08-23 16:29:59.224] [info] [pid:4468] [main] [auto-update] new version available: 3.9.1
[2026-08-23 16:29:59.225] [info] [pid:4468] [main] [auto-update] keep downloaded update version=3.9.1; remote=3.9.1
[2026-08-23 16:30:34.578] [info] [pid:4468] [main] [host-log] (local-1) [host] [2026-08-23 16:30:34.578] [pid:33160] [zcode-host] [rpc:call] off-peak-task.list OK (0.2ms)
[2026-08-23 16:31:34.585] [info] [pid:4468] [main] [host-log] (local-1) [host] [2026-08-23 16:31:34.585] [pid:33160] [zcode-host] [rpc:call] off-peak-task.list OK (0.1ms)
[2026-08-23 16:32:34.590] [info] [pid:4468] [main] [host-log] (local-1) [host] [2026-08-23 16:32:34.590] [pid:33160] [zcode-host] [rpc:call] off-peak-task.list OK (0.1ms)
[2026-08-23 16:33:34.577] [info] [pid:4468] [main] [host-log] (local-1) [host] [2026-08-23 16:33:34.577] [pid:33160] [zcode-host] [rpc:call] off-peak-task.list OK (0.2ms)
[2026-08-23 16:33:45.782] [info] [pid:4468] [main] [host-log] (local-1) [host] [2026-08-23 16:33:45.780] [pid:33160] [zcode-host] [rpc:call] setting.get OK (1.2ms)
[2026-08-23 16:33:45.801] [info] [pid:4468] [main] [host-log] (local-1) [host] [2026-08-23 16:33:45.798] [pid:33160] [zcode-host] [rpc:call] zcode-agent.subscribeConversationV4 OK (4.6ms)
[2026-08-23 16:33:45.862] [info] [pid:4468] [main] [host-log] (local-1) [host] [2026-08-23 16:33:45.859] [pid:33160] [zcode-host] [rpc:call] zcode-agent.conversationPlansV4 OK (0.6ms)
[2026-08-23 16:33:45.987] [info] [pid:4468] [main] [host-log] (local-1) [host] [2026-08-23 16:33:45.987] [pid:33160] [settingService] writing settings to: C:\Users\llh04\.zcode\v2\setting.json {"recentProjects":["C:\\Users\\llh04\\Desktop\\小说","D:\\公考","D:\\公考\\图形推理详解"],"locale":"zh-CN","localePreference":"zh-CN","terminalInheritSystemProfile":true,"embeddedBrowserAllowInsecureCertificates":false,"taskAutoArchiveEnabled":false,"taskAutoArchiveOlderThanDays":7,"closeToTrayOnWindows":true,"closeToTrayOnWindowsMigrationInitialized":true,"keepAwakeWhileRunning":false,"desktopWindowSize":{"width":1200,"height":800,"maximized":false},"desktopChromiumHardwareAccelerationEnabled":true,"messageStreamShowReasoning":false,"messageStreamShowTodos":false,"toolGroupingExploreEnabled":true,"toolGroupingTerminalEnabled":true,"toolGroupingChangesEnabled":false,"zcodeInteractionBehavior":"queue","askUserQuestionAutoResolutionEnabled":true,"modelIoFullRetentionEnabled":false,"optimizeAgentExperienceEnabled":false,"optimizeAgentExperienceMigrationInitialized":true,"enabledBuiltinAgentCliProviders":["glm"],"modelProviderFamilyModes":{"zai":"oauth"},"modelProviderFamilySelectedKeys":{"zai":"coding-plan:builtin:zai-start-plan"},"providerFamilyDomain":"zai","providerFamilyDomainUpdatedAt":1787116588334,"providerFamilyDomainMigrated":true,"repoSnapshotIndexingEnabled":false,"instantGrepIndexingEnabled":false,"nativeSearchEnhancementsEnabled":true,"memoryEnabled":false,"lastWorkspaceSession":[{"kind":"local","workspacePath":"C:\\Users\\llh04\\Desktop\\小说","workspacePurpose":"project"},{"kind":"local","workspacePath":"D:\\公考","workspacePurpose":"project"},{"kind":"local","workspacePath":"C:\\Users\\llh04\\.zcode\\workspace\\default","workspacePurpose":"conversation"}],"lastActiveTabIndex":0,"pendingPostUpdateReleaseNotes":{"version":"3.9.1","title":"Release v3.9.1","markdown":"## 新功能\n\n- 优化模型配置选项页面\n- 默认展示思考过程及实时耗时\n\n## 问题修复\n\n- 修复截图和网页工具图片在部分网关中无法显示的问题\n- 修复单冒号文件引用无法识别的问题","releaseDate":"2026-08-23T02:22:17.074Z","releaseNotesByLocale":{"zh-CN":{"title":"Release v3.9.1","markdown":"## 新功能\n\n- 优化模型配置选项页面\n- 默认展示思考过程及实时耗时\n\n## 问题修复\n\n- 修复截图和网页工具图片在部分网关中无法显示的问题\n- 修复单冒号文件引用无法识别的问题"},"en-US":{"title":"Release v3.9.1","markdown":"## New Features\n\n- Optimize the model configuration options page\n- By default, the thinking process and real-time time consumption are displayed\n\n## Issue Fix\n\n- Fixed the issue where screenshots and web tool images could not be displayed in some gateways\n- Fixed the issue where single-colon file references could not be recognized"}}},"receivePreviewUpdates":false,"autoDownloadAndInstallUpdates":true,"skippedElectronUpdateVersions":{},"settingsSyncFirstRunPromptHandled":true}
[2026-08-23 16:33:45.991] [info] [pid:4468] [main] [host-log] (local-1) [host] [2026-08-23 16:33:45.991] [pid:33160] [settingService] write done
[2026-08-23 16:33:45.991] [info] [pid:4468] [main] [host-log] (local-1) [host] [2026-08-23 16:33:45.991] [pid:33160] [zcode-host] [rpc:call] setting.update OK (6.5ms)
[2026-08-23 16:33:48.565] [info] [pid:4468] [main] [host-log] (local-1) [host] [2026-08-23 16:33:48.566] [pid:33160] [zcode-host] [rpc:call] zcode-agent.conversationFileChangesV4 OK (2.7ms)
[2026-08-23 16:33:54.466] [info] [pid:4468] [main] [host-log] (local-1) [host] [2026-08-23 16:33:54.466] [pid:33160] [zcode-host] [rpc:call] off-peak-task.list OK (0.1ms)
[2026-08-23 16:34:24.583] [info] [pid:4468] [main] [host-log] (local-1) [host] [2026-08-23 16:34:24.583] [pid:33160] [zcode-host] [rpc:call] off-peak-task.list OK (0.1ms)
[2026-08-23 16:34:54.583] [info] [pid:4468] [main] [host-log] (local-1) [host] [2026-08-23 16:34:54.583] [pid:33160] [zcode-host] [rpc:call] off-peak-task.list OK (0.3ms)
[2026-08-23 16:34:59.159] [info] [pid:4468] [main] [resource] perf_resource window flushed
[2026-08-23 16:34:59.171] [info] [pid:4468] [main] [network] perf_network flushed interfaces=6
[2026-08-23 16:35:34.585] [info] [pid:4468] [main] [host-log] (local-1) [host] [2026-08-23 16:35:34.585] [pid:33160] [zcode-host] [rpc:call] off-peak-task.list OK (0.3ms)
[2026-08-23 16:36:34.594] [info] [pid:4468] [main] [host-log] (local-1) [host] [2026-08-23 16:36:34.592] [pid:33160] [zcode-host] [rpc:call] off-peak-task.list OK (0.3ms)
[2026-08-23 16:37:34.584] [info] [pid:4468] [main] [host-log] (local-1) [host] [2026-08-23 16:37:34.581] [pid:33160] [zcode-host] [rpc:call] off-peak-task.list OK (0.1ms)
[2026-08-23 16:38:34.591] [info] [pid:4468] [main] [host-log] (local-1) [host] [2026-08-23 16:38:34.590] [pid:33160] [zcode-host] [rpc:call] off-peak-task.list OK (0.1ms)
[2026-08-23 16:39:34.586] [info] [pid:4468] [main] [host-log] (local-1) [host] [2026-08-23 16:39:34.585] [pid:33160] [zcode-host] [rpc:call] off-peak-task.list OK (0.2ms)
[2026-08-23 16:39:59.164] [info] [pid:4468] [main] [resource] perf_resource window flushed
[2026-08-23 16:39:59.166] [info] [pid:4468] [main] [network] perf_network flushed interfaces=1
[2026-08-23 16:40:34.591] [info] [pid:4468] [main] [host-log] (local-1) [host] [2026-08-23 16:40:34.588] [pid:33160] [zcode-host] [rpc:call] off-peak-task.list OK (0.2ms)
[2026-08-23 16:41:34.591] [info] [pid:4468] [main] [host-log] (local-1) [host] [2026-08-23 16:41:34.590] [pid:33160] [zcode-host] [rpc:call] off-peak-task.list OK (0.2ms)
[2026-08-23 16:42:34.579] [info] [pid:4468] [main] [host-log] (local-1) [host] [2026-08-23 16:42:34.579] [pid:33160] [zcode-host] [rpc:call] off-peak-task.list OK (0.2ms)
[2026-08-23 16:43:34.591] [info] [pid:4468] [main] [host-log] (local-1) [host] [2026-08-23 16:43:34.591] [pid:33160] [zcode-host] [rpc:call] off-peak-task.list OK (0.2ms)
[2026-08-23 16:44:34.582] [info] [pid:4468] [main] [host-log] (local-1) [host] [2026-08-23 16:44:34.581] [pid:33160] [zcode-host] [rpc:call] off-peak-task.list OK (0.4ms)
[2026-08-23 16:44:59.167] [info] [pid:4468] [main] [resource] perf_resource window flushed
[2026-08-23 16:44:59.169] [info] [pid:4468] [main] [network] perf_network flushed interfaces=1
[2026-08-23 16:45:34.583] [info] [pid:4468] [main] [host-log] (local-1) [host] [2026-08-23 16:45:34.583] [pid:33160] [zcode-host] [rpc:call] off-peak-task.list OK (0.2ms)
[2026-08-23 16:46:34.584] [info] [pid:4468] [main] [host-log] (local-1) [host] [2026-08-23 16:46:34.582] [pid:33160] [zcode-host] [rpc:call] off-peak-task.list OK (0.3ms)
[2026-08-23 16:47:34.589] [info] [pid:4468] [main] [host-log] (local-1) [host] [2026-08-23 16:47:34.589] [pid:33160] [zcode-host] [rpc:call] off-peak-task.list OK (0.3ms)
[2026-08-23 16:48:34.585] [info] [pid:4468] [main] [host-log] (local-1) [host] [2026-08-23 16:48:34.585] [pid:33160] [zcode-host] [rpc:call] off-peak-task.list OK (0.1ms)
[2026-08-23 16:49:34.588] [info] [pid:4468] [main] [host-log] (local-1) [host] [2026-08-23 16:49:34.588] [pid:33160] [zcode-host] [rpc:call] off-peak-task.list OK (0.2ms)
[2026-08-23 16:49:59.180] [info] [pid:4468] [main] [resource] perf_resource window flushed
[2026-08-23 16:49:59.187] [info] [pid:4468] [main] [network] perf_network flushed interfaces=1
[2026-08-23 16:50:34.584] [info] [pid:4468] [main] [host-log] (local-1) [host] [2026-08-23 16:50:34.584] [pid:33160] [zcode-host] [rpc:call] off-peak-task.list OK (0.2ms)
[2026-08-23 16:51:34.587] [info] [pid:4468] [main] [host-log] (local-1) [host] [2026-08-23 16:51:34.586] [pid:33160] [zcode-host] [rpc:call] off-peak-task.list OK (0.4ms)
[2026-08-23 16:52:34.583] [info] [pid:4468] [main] [host-log] (local-1) [host] [2026-08-23 16:52:34.582] [pid:33160] [zcode-host] [rpc:call] off-peak-task.list OK (0.2ms)
[2026-08-23 16:53:34.590] [info] [pid:4468] [main] [host-log] (local-1) [host] [2026-08-23 16:53:34.590] [pid:33160] [zcode-host] [rpc:call] off-peak-task.list OK (0.1ms)
[2026-08-23 16:54:34.593] [info] [pid:4468] [main] [host-log] (local-1) [host] [2026-08-23 16:54:34.591] [pid:33160] [zcode-host] [rpc:call] off-peak-task.list OK (0.2ms)
[2026-08-23 16:54:59.182] [info] [pid:4468] [main] [resource] perf_resource window flushed
[2026-08-23 16:54:59.182] [info] [pid:4468] [main] [network] perf_network flushed interfaces=1
[2026-08-23 16:55:34.583] [info] [pid:4468] [main] [host-log] (local-1) [host] [2026-08-23 16:55:34.580] [pid:33160] [zcode-host] [rpc:call] off-peak-task.list OK (0.3ms)
[2026-08-23 16:56:34.588] [info] [pid:4468] [main] [host-log] (local-1) [host] [2026-08-23 16:56:34.587] [pid:33160] [zcode-host] [rpc:call] off-peak-task.list OK (0.2ms)
[2026-08-23 16:57:34.589] [info] [pid:4468] [main] [host-log] (local-1) [host] [2026-08-23 16:57:34.589] [pid:33160] [zcode-host] [rpc:call] off-peak-task.list OK (0.3ms)
[2026-08-23 16:58:34.579] [info] [pid:4468] [main] [host-log] (local-1) [host] [2026-08-23 16:58:34.579] [pid:33160] [zcode-host] [rpc:call] off-peak-task.list OK (0.2ms)
[2026-08-23 16:59:34.586] [info] [pid:4468] [main] [host-log] (local-1) [host] [2026-08-23 16:59:34.586] [pid:33160] [zcode-host] [rpc:call] off-peak-task.list OK (0.1ms)
[2026-08-23 16:59:59.190] [info] [pid:4468] [main] [resource] perf_resource window flushed
[2026-08-23 16:59:59.196] [info] [pid:4468] [main] [network] perf_network flushed interfaces=1
[2026-08-23 17:00:34.585] [info] [pid:4468] [main] [host-log] (local-1) [host] [2026-08-23 17:00:34.584] [pid:33160] [zcode-host] [rpc:call] off-peak-task.list OK (0.3ms)
[2026-08-23 17:01:34.580] [info] [pid:4468] [main] [host-log] (local-1) [host] [2026-08-23 17:01:34.579] [pid:33160] [zcode-host] [rpc:call] off-peak-task.list OK (0.1ms)
[2026-08-23 17:02:34.596] [info] [pid:4468] [main] [host-log] (local-1) [host] [2026-08-23 17:02:34.595] [pid:33160] [zcode-host] [rpc:call] off-peak-task.list OK (0.2ms)
[2026-08-23 17:03:34.584] [info] [pid:4468] [main] [host-log] (local-1) [host] [2026-08-23 17:03:34.583] [pid:33160] [zcode-host] [rpc:call] off-peak-task.list OK (0.2ms)
[2026-08-23 17:04:34.584] [info] [pid:4468] [main] [host-log] (local-1) [host] [2026-08-23 17:04:34.583] [pid:33160] [zcode-host] [rpc:call] off-peak-task.list OK (0.3ms)
[2026-08-23 17:04:59.189] [info] [pid:4468] [main] [resource] perf_resource window flushed
[2026-08-23 17:04:59.196] [info] [pid:4468] [main] [network] perf_network flushed interfaces=1
[2026-08-23 17:05:34.585] [info] [pid:4468] [main] [host-log] (local-1) [host] [2026-08-23 17:05:34.585] [pid:33160] [zcode-host] [rpc:call] off-peak-task.list OK (0.2ms)
[2026-08-23 17:06:34.590] [info] [pid:4468] [main] [host-log] (local-1) [host] [2026-08-23 17:06:34.590] [pid:33160] [zcode-host] [rpc:call] off-peak-task.list OK (0.3ms)
[2026-08-23 17:07:34.581] [info] [pid:4468] [main] [host-log] (local-1) [host] [2026-08-23 17:07:34.580] [pid:33160] [zcode-host] [rpc:call] off-peak-task.list OK (0.2ms)
[2026-08-23 17:08:34.581] [info] [pid:4468] [main] [host-log] (local-1) [host] [2026-08-23 17:08:34.580] [pid:33160] [zcode-host] [rpc:call] off-peak-task.list OK (0.2ms)
[2026-08-23 17:09:34.588] [info] [pid:4468] [main] [host-log] (local-1) [host] [2026-08-23 17:09:34.588] [pid:33160] [zcode-host] [rpc:call] off-peak-task.list OK (0.1ms)
[2026-08-23 17:09:59.199] [info] [pid:4468] [main] [resource] perf_resource window flushed
[2026-08-23 17:09:59.200] [info] [pid:4468] [main] [network] perf_network flushed interfaces=1
[2026-08-23 17:10:34.590] [info] [pid:4468] [main] [host-log] (local-1) [host] [2026-08-23 17:10:34.587] [pid:33160] [zcode-host] [rpc:call] off-peak-task.list OK (0.2ms)
[2026-08-23 17:11:34.595] [info] [pid:4468] [main] [host-log] (local-1) [host] [2026-08-23 17:11:34.595] [pid:33160] [zcode-host] [rpc:call] off-peak-task.list OK (0.2ms)
[2026-08-23 17:12:34.605] [info] [pid:4468] [main] [host-log] (local-1) [host] [2026-08-23 17:12:34.606] [pid:33160] [zcode-host] [rpc:call] off-peak-task.list OK (0.1ms)
[2026-08-23 17:13:34.598] [info] [pid:4468] [main] [host-log] (local-1) [host] [2026-08-23 17:13:34.597] [pid:33160] [zcode-host] [rpc:call] off-peak-task.list OK (0.2ms)
[2026-08-23 17:14:34.579] [info] [pid:4468] [main] [host-log] (local-1) [host] [2026-08-23 17:14:34.579] [pid:33160] [zcode-host] [rpc:call] off-peak-task.list OK (0.1ms)
[2026-08-23 17:14:59.207] [info] [pid:4468] [main] [resource] perf_resource window flushed
[2026-08-23 17:14:59.208] [info] [pid:4468] [main] [network] perf_network flushed interfaces=1
[2026-08-23 17:15:34.589] [info] [pid:4468] [main] [host-log] (local-1) [host] [2026-08-23 17:15:34.588] [pid:33160] [zcode-host] [rpc:call] off-peak-task.list OK (0.1ms)
[2026-08-23 17:16:34.581] [info] [pid:4468] [main] [host-log] (local-1) [host] [2026-08-23 17:16:34.580] [pid:33160] [zcode-host] [rpc:call] off-peak-task.list OK (0.4ms)
[2026-08-23 17:17:34.591] [info] [pid:4468] [main] [host-log] (local-1) [host] [2026-08-23 17:17:34.591] [pid:33160] [zcode-host] [rpc:call] off-peak-task.list OK (0.1ms)
[2026-08-23 17:18:34.584] [info] [pid:4468] [main] [host-log] (local-1) [host] [2026-08-23 17:18:34.584] [pid:33160] [zcode-host] [rpc:call] off-peak-task.list OK (0.2ms)
[2026-08-23 17:19:34.591] [info] [pid:4468] [main] [host-log] (local-1) [host] [2026-08-23 17:19:34.591] [pid:33160] [zcode-host] [rpc:call] off-peak-task.list OK (0.2ms)
[2026-08-23 17:19:59.210] [info] [pid:4468] [main] [resource] perf_resource window flushed
[2026-08-23 17:19:59.218] [info] [pid:4468] [main] [network] perf_network flushed interfaces=1
[2026-08-23 17:20:34.585] [info] [pid:4468] [main] [host-log] (local-1) [host] [2026-08-23 17:20:34.585] [pid:33160] [zcode-host] [rpc:call] off-peak-task.list OK (0.2ms)
[2026-08-23 17:21:34.605] [info] [pid:4468] [main] [host-log] (local-1) [host] [2026-08-23 17:21:34.605] [pid:33160] [zcode-host] [rpc:call] off-peak-task.list OK (0.3ms)
[2026-08-23 17:22:34.590] [info] [pid:4468] [main] [host-log] (local-1) [host] [2026-08-23 17:22:34.590] [pid:33160] [zcode-host] [rpc:call] off-peak-task.list OK (0.1ms)
[2026-08-23 17:23:34.589] [info] [pid:4468] [main] [host-log] (local-1) [host] [2026-08-23 17:23:34.588] [pid:33160] [zcode-host] [rpc:call] off-peak-task.list OK (0.1ms)
[2026-08-23 17:24:34.585] [info] [pid:4468] [main] [host-log] (local-1) [host] [2026-08-23 17:24:34.585] [pid:33160] [zcode-host] [rpc:call] off-peak-task.list OK (0.2ms)
[2026-08-23 17:24:59.219] [info] [pid:4468] [main] [resource] perf_resource window flushed
[2026-08-23 17:24:59.219] [info] [pid:4468] [main] [network] perf_network flushed interfaces=1
[2026-08-23 17:25:34.593] [info] [pid:4468] [main] [host-log] (local-1) [host] [2026-08-23 17:25:34.592] [pid:33160] [zcode-host] [rpc:call] off-peak-task.list OK (0.2ms)
[2026-08-23 17:26:34.588] [info] [pid:4468] [main] [host-log] (local-1) [host] [2026-08-23 17:26:34.588] [pid:33160] [zcode-host] [rpc:call] off-peak-task.list OK (0.2ms)
[2026-08-23 17:27:34.592] [info] [pid:4468] [main] [host-log] (local-1) [host] [2026-08-23 17:27:34.592] [pid:33160] [zcode-host] [rpc:call] off-peak-task.list OK (0.1ms)
[2026-08-23 17:27:59.661] [info] [pid:4468] [main] [host-log] (local-1) [host] [2026-08-23 17:27:59.661] [pid:33160] [zcode-agent-service] 开始请求 ZCode Protocol session/resume {"hasRuntimeModel":false,"mcpServerCount":0,"mcpServerNames":[],"modelHint":null,"runtimeModel":null,"sessionId":"sess_9ac9f47e-224c-4ada-b806-e8c7d75367a5","workspaceKey":"C:\\Users\\llh04\\Desktop\\小说","workspacePath":"C:\\Users\\llh04\\Desktop\\小说"}
[2026-08-23 17:28:00.121] [info] [pid:4468] [main] [host-log] (local-1) [host] [2026-08-23 17:28:00.120] [pid:33160] [zcode-host] [rpc:call] off-peak-task.list OK (0.5ms)
[2026-08-23 17:28:00.351] [info] [pid:4468] [main] [host-log] (local-1) [host] [2026-08-23 17:28:00.351] [pid:33160] [zcode-agent-service][trace:bae79b6c-4719-4cb1-938d-b402e5641847] ZCode Protocol session/resume 完成 {"durationMs":701,"hasRuntimeModel":false,"messageCount":39,"modelCurrent":"3a57ef88-16c9-48c9-af35-067641626862/ox-alpha","mcpServerCount":0,"sessionId":"sess_9ac9f47e-224c-4ada-b806-e8c7d75367a5","snapshotTraceId":"bae79b6c-4719-4cb1-938d-b402e5641847","workspaceKey":"C:\\Users\\llh04\\Desktop\\小说","workspacePath":"C:\\Users\\llh04\\Desktop\\小说"}
[2026-08-23 17:28:03.049] [info] [pid:4468] [main] [show-task-notification] notification click handled {"taskId":"sess_9ac9f47e-224c-4ada-b806-e8c7d75367a5","windowId":1}
[2026-08-23 17:28:03.363] [info] [pid:4468] [main] [host-log] (local-1) [host] [2026-08-23 17:28:03.362] [pid:33160] [settingService] writing settings to: C:\Users\llh04\.zcode\v2\setting.json {"recentProjects":["C:\\Users\\llh04\\Desktop\\小说","D:\\公考","D:\\公考\\图形推理详解"],"locale":"zh-CN","localePreference":"zh-CN","terminalInheritSystemProfile":true,"embeddedBrowserAllowInsecureCertificates":false,"taskAutoArchiveEnabled":false,"taskAutoArchiveOlderThanDays":7,"closeToTrayOnWindows":true,"closeToTrayOnWindowsMigrationInitialized":true,"keepAwakeWhileRunning":false,"desktopWindowSize":{"width":1200,"height":800,"maximized":false},"desktopChromiumHardwareAccelerationEnabled":true,"messageStreamShowReasoning":false,"messageStreamShowTodos":false,"toolGroupingExploreEnabled":true,"toolGroupingTerminalEnabled":true,"toolGroupingChangesEnabled":false,"zcodeInteractionBehavior":"queue","askUserQuestionAutoResolutionEnabled":true,"modelIoFullRetentionEnabled":false,"optimizeAgentExperienceEnabled":false,"optimizeAgentExperienceMigrationInitialized":true,"enabledBuiltinAgentCliProviders":["glm"],"modelProviderFamilyModes":{"zai":"oauth"},"modelProviderFamilySelectedKeys":{"zai":"coding-plan:builtin:zai-start-plan"},"providerFamilyDomain":"zai","providerFamilyDomainUpdatedAt":1787116588334,"providerFamilyDomainMigrated":true,"repoSnapshotIndexingEnabled":false,"instantGrepIndexingEnabled":false,"nativeSearchEnhancementsEnabled":true,"memoryEnabled":false,"lastWorkspaceSession":[{"kind":"local","workspacePath":"C:\\Users\\llh04\\Desktop\\小说","workspacePurpose":"project"},{"kind":"local","workspacePath":"D:\\公考","workspacePurpose":"project"},{"kind":"local","workspacePath":"C:\\Users\\llh04\\.zcode\\workspace\\default","workspacePurpose":"conversation"}],"lastActiveTabIndex":0,"pendingPostUpdateReleaseNotes":{"version":"3.9.1","title":"Release v3.9.1","markdown":"## 新功能\n\n- 优化模型配置选项页面\n- 默认展示思考过程及实时耗时\n\n## 问题修复\n\n- 修复截图和网页工具图片在部分网关中无法显示的问题\n- 修复单冒号文件引用无法识别的问题","releaseDate":"2026-08-23T02:22:17.074Z","releaseNotesByLocale":{"zh-CN":{"title":"Release v3.9.1","markdown":"## 新功能\n\n- 优化模型配置选项页面\n- 默认展示思考过程及实时耗时\n\n## 问题修复\n\n- 修复截图和网页工具图片在部分网关中无法显示的问题\n- 修复单冒号文件引用无法识别的问题"},"en-US":{"title":"Release v3.9.1","markdown":"## New Features\n\n- Optimize the model configuration options page\n- By default, the thinking process and real-time time consumption are displayed\n\n## Issue Fix\n\n- Fixed the issue where screenshots and web tool images could not be displayed in some gateways\n- Fixed the issue where single-colon file references could not be recognized"}}},"receivePreviewUpdates":false,"autoDownloadAndInstallUpdates":true,"skippedElectronUpdateVersions":{},"settingsSyncFirstRunPromptHandled":true}
[2026-08-23 17:28:03.369] [info] [pid:4468] [main] [host-log] (local-1) [host] [2026-08-23 17:28:03.368] [pid:33160] [settingService] write done
[2026-08-23 17:28:03.369] [info] [pid:4468] [main] [host-log] (local-1) [host] [2026-08-23 17:28:03.368] [pid:33160] [zcode-host] [rpc:call] setting.update OK (10.8ms)
[2026-08-23 17:28:06.895] [info] [pid:4468] [main] [host-log] (local-1) [host] [2026-08-23 17:28:06.894] [pid:33160] [settingService] writing settings to: C:\Users\llh04\.zcode\v2\setting.json {"recentProjects":["C:\\Users\\llh04\\Desktop\\小说","D:\\公考","D:\\公考\\图形推理详解"],"locale":"zh-CN","localePreference":"zh-CN","terminalInheritSystemProfile":true,"embeddedBrowserAllowInsecureCertificates":false,"taskAutoArchiveEnabled":false,"taskAutoArchiveOlderThanDays":7,"closeToTrayOnWindows":true,"closeToTrayOnWindowsMigrationInitialized":true,"keepAwakeWhileRunning":false,"desktopWindowSize":{"width":1200,"height":800,"maximized":false},"desktopChromiumHardwareAccelerationEnabled":true,"messageStreamShowReasoning":false,"messageStreamShowTodos":false,"toolGroupingExploreEnabled":true,"toolGroupingTerminalEnabled":true,"toolGroupingChangesEnabled":false,"zcodeInteractionBehavior":"queue","askUserQuestionAutoResolutionEnabled":true,"modelIoFullRetentionEnabled":false,"optimizeAgentExperienceEnabled":false,"optimizeAgentExperienceMigrationInitialized":true,"enabledBuiltinAgentCliProviders":["glm"],"modelProviderFamilyModes":{"zai":"oauth"},"modelProviderFamilySelectedKeys":{"zai":"coding-plan:builtin:zai-start-plan"},"providerFamilyDomain":"zai","providerFamilyDomainUpdatedAt":1787116588334,"providerFamilyDomainMigrated":true,"repoSnapshotIndexingEnabled":false,"instantGrepIndexingEnabled":false,"nativeSearchEnhancementsEnabled":true,"memoryEnabled":false,"lastWorkspaceSession":[{"kind":"local","workspacePath":"C:\\Users\\llh04\\Desktop\\小说","workspacePurpose":"project"},{"kind":"local","workspacePath":"D:\\公考","workspacePurpose":"project"},{"kind":"local","workspacePath":"C:\\Users\\llh04\\.zcode\\workspace\\default","workspacePurpose":"conversation"}],"lastActiveTabIndex":0,"pendingPostUpdateReleaseNotes":{"version":"3.9.1","title":"Release v3.9.1","markdown":"## 新功能\n\n- 优化模型配置选项页面\n- 默认展示思考过程及实时耗时\n\n## 问题修复\n\n- 修复截图和网页工具图片在部分网关中无法显示的问题\n- 修复单冒号文件引用无法识别的问题","releaseDate":"2026-08-23T02:22:17.074Z","releaseNotesByLocale":{"zh-CN":{"title":"Release v3.9.1","markdown":"## 新功能\n\n- 优化模型配置选项页面\n- 默认展示思考过程及实时耗时\n\n## 问题修复\n\n- 修复截图和网页工具图片在部分网关中无法显示的问题\n- 修复单冒号文件引用无法识别的问题"},"en-US":{"title":"Release v3.9.1","markdown":"## New Features\n\n- Optimize the model configuration options page\n- By default, the thinking process and real-time time consumption are displayed\n\n## Issue Fix\n\n- Fixed the issue where screenshots and web tool images could not be displayed in some gateways\n- Fixed the issue where single-colon file references could not be recognized"}}},"receivePreviewUpdates":false,"autoDownloadAndInstallUpdates":true,"skippedElectronUpdateVersions":{},"settingsSyncFirstRunPromptHandled":true}
[2026-08-23 17:28:06.899] [info] [pid:4468] [main] [host-log] (local-1) [host] [2026-08-23 17:28:06.899] [pid:33160] [settingService] write done
[2026-08-23 17:28:06.900] [info] [pid:4468] [main] [host-log] (local-1) [host] [2026-08-23 17:28:06.899] [pid:33160] [zcode-host] [rpc:call] setting.update OK (5.8ms)
[2026-08-23 17:28:10.697] [info] [pid:4468] [main] [host-log] (local-1) [host] [2026-08-23 17:28:10.697] [pid:33160] [settingService] writing settings to: C:\Users\llh04\.zcode\v2\setting.json {"recentProjects":["C:\\Users\\llh04\\Desktop\\小说","D:\\公考","D:\\公考\\图形推理详解"],"locale":"zh-CN","localePreference":"zh-CN","terminalInheritSystemProfile":true,"embeddedBrowserAllowInsecureCertificates":false,"taskAutoArchiveEnabled":false,"taskAutoArchiveOlderThanDays":7,"closeToTrayOnWindows":true,"closeToTrayOnWindowsMigrationInitialized":true,"keepAwakeWhileRunning":false,"desktopWindowSize":{"width":1200,"height":800,"maximized":false},"desktopChromiumHardwareAccelerationEnabled":true,"messageStreamShowReasoning":false,"messageStreamShowTodos":false,"toolGroupingExploreEnabled":true,"toolGroupingTerminalEnabled":true,"toolGroupingChangesEnabled":false,"zcodeInteractionBehavior":"queue","askUserQuestionAutoResolutionEnabled":true,"modelIoFullRetentionEnabled":false,"optimizeAgentExperienceEnabled":false,"optimizeAgentExperienceMigrationInitialized":true,"enabledBuiltinAgentCliProviders":["glm"],"modelProviderFamilyModes":{"zai":"oauth"},"modelProviderFamilySelectedKeys":{"zai":"coding-plan:builtin:zai-start-plan"},"providerFamilyDomain":"zai","providerFamilyDomainUpdatedAt":1787116588334,"providerFamilyDomainMigrated":true,"repoSnapshotIndexingEnabled":false,"instantGrepIndexingEnabled":false,"nativeSearchEnhancementsEnabled":true,"memoryEnabled":false,"lastWorkspaceSession":[{"kind":"local","workspacePath":"C:\\Users\\llh04\\Desktop\\小说","workspacePurpose":"project"},{"kind":"local","workspacePath":"D:\\公考","workspacePurpose":"project"},{"kind":"local","workspacePath":"C:\\Users\\llh04\\.zcode\\workspace\\default","workspacePurpose":"conversation"}],"lastActiveTabIndex":0,"pendingPostUpdateReleaseNotes":{"version":"3.9.1","title":"Release v3.9.1","markdown":"## 新功能\n\n- 优化模型配置选项页面\n- 默认展示思考过程及实时耗时\n\n## 问题修复\n\n- 修复截图和网页工具图片在部分网关中无法显示的问题\n- 修复单冒号文件引用无法识别的问题","releaseDate":"2026-08-23T02:22:17.074Z","releaseNotesByLocale":{"zh-CN":{"title":"Release v3.9.1","markdown":"## 新功能\n\n- 优化模型配置选项页面\n- 默认展示思考过程及实时耗时\n\n## 问题修复\n\n- 修复截图和网页工具图片在部分网关中无法显示的问题\n- 修复单冒号文件引用无法识别的问题"},"en-US":{"title":"Release v3.9.1","markdown":"## New Features\n\n- Optimize the model configuration options page\n- By default, the thinking process and real-time time consumption are displayed\n\n## Issue Fix\n\n- Fixed the issue where screenshots and web tool images could not be displayed in some gateways\n- Fixed the issue where single-colon file references could not be recognized"}}},"receivePreviewUpdates":false,"autoDownloadAndInstallUpdates":true,"skippedElectronUpdateVersions":{},"settingsSyncFirstRunPromptHandled":true}
[2026-08-23 17:28:10.700] [info] [pid:4468] [main] [host-log] (local-1) [host] [2026-08-23 17:28:10.699] [pid:33160] [settingService] write done
[2026-08-23 17:28:10.701] [info] [pid:4468] [main] [host-log] (local-1) [host] [2026-08-23 17:28:10.699] [pid:33160] [zcode-host] [rpc:call] setting.update OK (3.5ms)
[2026-08-23 17:28:22.621] [info] [pid:4468] [main] [host-log] (local-1) [host] [2026-08-23 17:28:22.620] [pid:33160] [settingService] writing settings to: C:\Users\llh04\.zcode\v2\setting.json {"recentProjects":["C:\\Users\\llh04\\Desktop\\小说","D:\\公考","D:\\公考\\图形推理详解"],"locale":"zh-CN","localePreference":"zh-CN","terminalInheritSystemProfile":true,"embeddedBrowserAllowInsecureCertificates":false,"taskAutoArchiveEnabled":false,"taskAutoArchiveOlderThanDays":7,"closeToTrayOnWindows":true,"closeToTrayOnWindowsMigrationInitialized":true,"keepAwakeWhileRunning":false,"desktopWindowSize":{"width":1200,"height":800,"maximized":true},"desktopChromiumHardwareAccelerationEnabled":true,"messageStreamShowReasoning":false,"messageStreamShowTodos":false,"toolGroupingExploreEnabled":true,"toolGroupingTerminalEnabled":true,"toolGroupingChangesEnabled":false,"zcodeInteractionBehavior":"queue","askUserQuestionAutoResolutionEnabled":true,"modelIoFullRetentionEnabled":false,"optimizeAgentExperienceEnabled":false,"optimizeAgentExperienceMigrationInitialized":true,"enabledBuiltinAgentCliProviders":["glm"],"modelProviderFamilyModes":{"zai":"oauth"},"modelProviderFamilySelectedKeys":{"zai":"coding-plan:builtin:zai-start-plan"},"providerFamilyDomain":"zai","providerFamilyDomainUpdatedAt":1787116588334,"providerFamilyDomainMigrated":true,"repoSnapshotIndexingEnabled":false,"instantGrepIndexingEnabled":false,"nativeSearchEnhancementsEnabled":true,"memoryEnabled":false,"lastWorkspaceSession":[{"kind":"local","workspacePath":"C:\\Users\\llh04\\Desktop\\小说","workspacePurpose":"project"},{"kind":"local","workspacePath":"D:\\公考","workspacePurpose":"project"},{"kind":"local","workspacePath":"C:\\Users\\llh04\\.zcode\\workspace\\default","workspacePurpose":"conversation"}],"lastActiveTabIndex":0,"pendingPostUpdateReleaseNotes":{"version":"3.9.1","title":"Release v3.9.1","markdown":"## 新功能\n\n- 优化模型配置选项页面\n- 默认展示思考过程及实时耗时\n\n## 问题修复\n\n- 修复截图和网页工具图片在部分网关中无法显示的问题\n- 修复单冒号文件引用无法识别的问题","releaseDate":"2026-08-23T02:22:17.074Z","releaseNotesByLocale":{"zh-CN":{"title":"Release v3.9.1","markdown":"## 新功能\n\n- 优化模型配置选项页面\n- 默认展示思考过程及实时耗时\n\n## 问题修复\n\n- 修复截图和网页工具图片在部分网关中无法显示的问题\n- 修复单冒号文件引用无法识别的问题"},"en-US":{"title":"Release v3.9.1","markdown":"## New Features\n\n- Optimize the model configuration options page\n- By default, the thinking process and real-time time consumption are displayed\n\n## Issue Fix\n\n- Fixed the issue where screenshots and web tool images could not be displayed in some gateways\n- Fixed the issue where single-colon file references could not be recognized"}}},"receivePreviewUpdates":false,"autoDownloadAndInstallUpdates":true,"skippedElectronUpdateVersions":{},"settingsSyncFirstRunPromptHandled":true}
[2026-08-23 17:28:22.625] [info] [pid:4468] [main] [host-log] (local-1) [host] [2026-08-23 17:28:22.624] [pid:33160] [settingService] write done
[2026-08-23 17:28:22.626] [info] [pid:4468] [main] [host-log] (local-1) [host] [2026-08-23 17:28:22.624] [pid:33160] [zcode-host] [rpc:call] setting.update OK (6.5ms)
[2026-08-23 17:28:24.467] [info] [pid:4468] [main] [host-log] (local-1) [host] [2026-08-23 17:28:24.466] [pid:33160] [zcode-host] [rpc:call] off-peak-task.list OK (0.2ms)
[2026-08-23 17:28:33.228] [info] [pid:4468] [main] [host-log] (local-1) [host] [2026-08-23 17:28:33.227] [pid:33160] [settingService] writing settings to: C:\Users\llh04\.zcode\v2\setting.json {"recentProjects":["C:\\Users\\llh04\\Desktop\\小说","D:\\公考","D:\\公考\\图形推理详解"],"locale":"zh-CN","localePreference":"zh-CN","terminalInheritSystemProfile":true,"embeddedBrowserAllowInsecureCertificates":false,"taskAutoArchiveEnabled":false,"taskAutoArchiveOlderThanDays":7,"closeToTrayOnWindows":true,"closeToTrayOnWindowsMigrationInitialized":true,"keepAwakeWhileRunning":false,"desktopWindowSize":{"width":1200,"height":800,"maximized":true},"desktopChromiumHardwareAccelerationEnabled":true,"messageStreamShowReasoning":false,"messageStreamShowTodos":false,"toolGroupingExploreEnabled":true,"toolGroupingTerminalEnabled":true,"toolGroupingChangesEnabled":false,"zcodeInteractionBehavior":"queue","askUserQuestionAutoResolutionEnabled":true,"modelIoFullRetentionEnabled":false,"optimizeAgentExperienceEnabled":false,"optimizeAgentExperienceMigrationInitialized":true,"enabledBuiltinAgentCliProviders":["glm"],"modelProviderFamilyModes":{"zai":"oauth"},"modelProviderFamilySelectedKeys":{"zai":"coding-plan:builtin:zai-start-plan"},"providerFamilyDomain":"zai","providerFamilyDomainUpdatedAt":1787116588334,"providerFamilyDomainMigrated":true,"repoSnapshotIndexingEnabled":false,"instantGrepIndexingEnabled":false,"nativeSearchEnhancementsEnabled":true,"memoryEnabled":false,"lastWorkspaceSession":[{"kind":"local","workspacePath":"C:\\Users\\llh04\\Desktop\\小说","workspacePurpose":"project"},{"kind":"local","workspacePath":"D:\\公考","workspacePurpose":"project"},{"kind":"local","workspacePath":"C:\\Users\\llh04\\.zcode\\workspace\\default","workspacePurpose":"conversation"}],"lastActiveTabIndex":0,"pendingPostUpdateReleaseNotes":{"version":"3.9.1","title":"Release v3.9.1","markdown":"## 新功能\n\n- 优化模型配置选项页面\n- 默认展示思考过程及实时耗时\n\n## 问题修复\n\n- 修复截图和网页工具图片在部分网关中无法显示的问题\n- 修复单冒号文件引用无法识别的问题","releaseDate":"2026-08-23T02:22:17.074Z","releaseNotesByLocale":{"zh-CN":{"title":"Release v3.9.1","markdown":"## 新功能\n\n- 优化模型配置选项页面\n- 默认展示思考过程及实时耗时\n\n## 问题修复\n\n- 修复截图和网页工具图片在部分网关中无法显示的问题\n- 修复单冒号文件引用无法识别的问题"},"en-US":{"title":"Release v3.9.1","markdown":"## New Features\n\n- Optimize the model configuration options page\n- By default, the thinking process and real-time time consumption are displayed\n\n## Issue Fix\n\n- Fixed the issue where screenshots and web tool images could not be displayed in some gateways\n- Fixed the issue where single-colon file references could not be recognized"}}},"receivePreviewUpdates":false,"autoDownloadAndInstallUpdates":true,"skippedElectronUpdateVersions":{},"settingsSyncFirstRunPromptHandled":true}
[2026-08-23 17:28:33.232] [info] [pid:4468] [main] [host-log] (local-1) [host] [2026-08-23 17:28:33.231] [pid:33160] [settingService] write done
[2026-08-23 17:28:33.232] [info] [pid:4468] [main] [host-log] (local-1) [host] [2026-08-23 17:28:33.231] [pid:33160] [zcode-host] [rpc:call] setting.update OK (4.9ms)
[2026-08-23 17:28:36.230] [info] [pid:4468] [main] [host-log] (local-1) [host] [2026-08-23 17:28:36.229] [pid:33160] [settingService] writing settings to: C:\Users\llh04\.zcode\v2\setting.json {"recentProjects":["C:\\Users\\llh04\\Desktop\\小说","D:\\公考","D:\\公考\\图形推理详解"],"locale":"zh-CN","localePreference":"zh-CN","terminalInheritSystemProfile":true,"embeddedBrowserAllowInsecureCertificates":false,"taskAutoArchiveEnabled":false,"taskAutoArchiveOlderThanDays":7,"closeToTrayOnWindows":true,"closeToTrayOnWindowsMigrationInitialized":true,"keepAwakeWhileRunning":false,"desktopWindowSize":{"width":1200,"height":800,"maximized":true},"desktopChromiumHardwareAccelerationEnabled":true,"messageStreamShowReasoning":false,"messageStreamShowTodos":false,"toolGroupingExploreEnabled":true,"toolGroupingTerminalEnabled":true,"toolGroupingChangesEnabled":false,"zcodeInteractionBehavior":"queue","askUserQuestionAutoResolutionEnabled":true,"modelIoFullRetentionEnabled":false,"optimizeAgentExperienceEnabled":false,"optimizeAgentExperienceMigrationInitialized":true,"enabledBuiltinAgentCliProviders":["glm"],"modelProviderFamilyModes":{"zai":"oauth"},"modelProviderFamilySelectedKeys":{"zai":"coding-plan:builtin:zai-start-plan"},"providerFamilyDomain":"zai","providerFamilyDomainUpdatedAt":1787116588334,"providerFamilyDomainMigrated":true,"repoSnapshotIndexingEnabled":false,"instantGrepIndexingEnabled":false,"nativeSearchEnhancementsEnabled":true,"memoryEnabled":false,"lastWorkspaceSession":[{"kind":"local","workspacePath":"C:\\Users\\llh04\\Desktop\\小说","workspacePurpose":"project"},{"kind":"local","workspacePath":"D:\\公考","workspacePurpose":"project"},{"kind":"local","workspacePath":"C:\\Users\\llh04\\.zcode\\workspace\\default","workspacePurpose":"conversation"}],"lastActiveTabIndex":0,"pendingPostUpdateReleaseNotes":{"version":"3.9.1","title":"Release v3.9.1","markdown":"## 新功能\n\n- 优化模型配置选项页面\n- 默认展示思考过程及实时耗时\n\n## 问题修复\n\n- 修复截图和网页工具图片在部分网关中无法显示的问题\n- 修复单冒号文件引用无法识别的问题","releaseDate":"2026-08-23T02:22:17.074Z","releaseNotesByLocale":{"zh-CN":{"title":"Release v3.9.1","markdown":"## 新功能\n\n- 优化模型配置选项页面\n- 默认展示思考过程及实时耗时\n\n## 问题修复\n\n- 修复截图和网页工具图片在部分网关中无法显示的问题\n- 修复单冒号文件引用无法识别的问题"},"en-US":{"title":"Release v3.9.1","markdown":"## New Features\n\n- Optimize the model configuration options page\n- By default, the thinking process and real-time time consumption are displayed\n\n## Issue Fix\n\n- Fixed the issue where screenshots and web tool images could not be displayed in some gateways\n- Fixed the issue where single-colon file references could not be recognized"}}},"receivePreviewUpdates":false,"autoDownloadAndInstallUpdates":true,"skippedElectronUpdateVersions":{},"settingsSyncFirstRunPromptHandled":true}
[2026-08-23 17:28:36.232] [info] [pid:4468] [main] [host-log] (local-1) [host] [2026-08-23 17:28:36.232] [pid:33160] [settingService] write done
[2026-08-23 17:28:36.233] [info] [pid:4468] [main] [host-log] (local-1) [host] [2026-08-23 17:28:36.232] [pid:33160] [zcode-host] [rpc:call] setting.update OK (4.0ms)
[2026-08-23 17:28:44.133] [debug] [pid:4468] [main] [browser-use] execute start browserId=iab:11931cb9-6b5c-4f3c-868f-c43796aaf40f sessionId=sess_9ac9f47e-224c-4ada-b806-e8c7d75367a5 method=list
[2026-08-23 17:28:44.133] [debug] [pid:4468] [main] [browser-use] execute requestId=da7f9b66-7b9a-4e6f-a17a-1c6134ceca09 browserId=iab:11931cb9-6b5c-4f3c-868f-c43796aaf40f generation=1787463534165 windowId=1 sessionId=sess_9ac9f47e-224c-4ada-b806-e8c7d75367a5 method=list
[2026-08-23 17:28:44.133] [debug] [pid:4468] [main] [browser-use] execute done sessionId=sess_9ac9f47e-224c-4ada-b806-e8c7d75367a5 method=list ok=true elapsedMs=0
[2026-08-23 17:28:44.134] [debug] [pid:4468] [main] [browser-use] execute start browserId=iab:11931cb9-6b5c-4f3c-868f-c43796aaf40f sessionId=sess_9ac9f47e-224c-4ada-b806-e8c7d75367a5 method=listUserTabs
[2026-08-23 17:28:44.134] [debug] [pid:4468] [main] [browser-use] execute requestId=e5500d3c-6d0d-476f-a6bf-bf1b9e27316e browserId=iab:11931cb9-6b5c-4f3c-868f-c43796aaf40f generation=1787463534165 windowId=1 sessionId=sess_9ac9f47e-224c-4ada-b806-e8c7d75367a5 method=listUserTabs
[2026-08-23 17:28:44.134] [debug] [pid:4468] [main] [browser-use] execute done sessionId=sess_9ac9f47e-224c-4ada-b806-e8c7d75367a5 method=listUserTabs ok=true elapsedMs=0
[2026-08-23 17:28:44.178] [info] [pid:4468] [main] [host-log] (local-1) [host] [2026-08-23 17:28:44.177] [pid:33160] [zcode-host] [rpc:call] zcode-agent.sendConversationCommandV4 OK (48.5ms)
[2026-08-23 17:28:49.203] [info] [pid:4468] [main] [host-log] (local-1) [host] [2026-08-23 17:28:49.202] [pid:33160] [settingService] writing settings to: C:\Users\llh04\.zcode\v2\setting.json {"recentProjects":["C:\\Users\\llh04\\Desktop\\小说","D:\\公考","D:\\公考\\图形推理详解"],"locale":"zh-CN","localePreference":"zh-CN","terminalInheritSystemProfile":true,"embeddedBrowserAllowInsecureCertificates":false,"taskAutoArchiveEnabled":false,"taskAutoArchiveOlderThanDays":7,"closeToTrayOnWindows":true,"closeToTrayOnWindowsMigrationInitialized":true,"keepAwakeWhileRunning":false,"desktopWindowSize":{"width":1200,"height":800,"maximized":true},"desktopChromiumHardwareAccelerationEnabled":true,"messageStreamShowReasoning":false,"messageStreamShowTodos":false,"toolGroupingExploreEnabled":true,"toolGroupingTerminalEnabled":true,"toolGroupingChangesEnabled":false,"zcodeInteractionBehavior":"queue","askUserQuestionAutoResolutionEnabled":true,"modelIoFullRetentionEnabled":false,"optimizeAgentExperienceEnabled":false,"optimizeAgentExperienceMigrationInitialized":true,"enabledBuiltinAgentCliProviders":["glm"],"modelProviderFamilyModes":{"zai":"oauth"},"modelProviderFamilySelectedKeys":{"zai":"coding-plan:builtin:zai-start-plan"},"providerFamilyDomain":"zai","providerFamilyDomainUpdatedAt":1787116588334,"providerFamilyDomainMigrated":true,"repoSnapshotIndexingEnabled":false,"instantGrepIndexingEnabled":false,"nativeSearchEnhancementsEnabled":true,"memoryEnabled":false,"lastWorkspaceSession":[{"kind":"local","workspacePath":"C:\\Users\\llh04\\Desktop\\小说","workspacePurpose":"project"},{"kind":"local","workspacePath":"D:\\公考","workspacePurpose":"project"},{"kind":"local","workspacePath":"C:\\Users\\llh04\\.zcode\\workspace\\default","workspacePurpose":"conversation"}],"lastActiveTabIndex":0,"pendingPostUpdateReleaseNotes":{"version":"3.9.1","title":"Release v3.9.1","markdown":"## 新功能\n\n- 优化模型配置选项页面\n- 默认展示思考过程及实时耗时\n\n## 问题修复\n\n- 修复截图和网页工具图片在部分网关中无法显示的问题\n- 修复单冒号文件引用无法识别的问题","releaseDate":"2026-08-23T02:22:17.074Z","releaseNotesByLocale":{"zh-CN":{"title":"Release v3.9.1","markdown":"## 新功能\n\n- 优化模型配置选项页面\n- 默认展示思考过程及实时耗时\n\n## 问题修复\n\n- 修复截图和网页工具图片在部分网关中无法显示的问题\n- 修复单冒号文件引用无法识别的问题"},"en-US":{"title":"Release v3.9.1","markdown":"## New Features\n\n- Optimize the model configuration options page\n- By default, the thinking process and real-time time consumption are displayed\n\n## Issue Fix\n\n- Fixed the issue where screenshots and web tool images could not be displayed in some gateways\n- Fixed the issue where single-colon file references could not be recognized"}}},"receivePreviewUpdates":false,"autoDownloadAndInstallUpdates":true,"skippedElectronUpdateVersions":{},"settingsSyncFirstRunPromptHandled":true}
[2026-08-23 17:28:49.206] [info] [pid:4468] [main] [host-log] (local-1) [host] [2026-08-23 17:28:49.205] [pid:33160] [settingService] write done
[2026-08-23 17:28:49.207] [info] [pid:4468] [main] [host-log] (local-1) [host] [2026-08-23 17:28:49.205] [pid:33160] [zcode-host] [rpc:call] setting.update OK (4.4ms)
[2026-08-23 17:28:52.335] [info] [pid:4468] [main] [host-log] (local-1) [host] [2026-08-23 17:28:52.334] [pid:33160] [settingService] writing settings to: C:\Users\llh04\.zcode\v2\setting.json {"recentProjects":["C:\\Users\\llh04\\Desktop\\小说","D:\\公考","D:\\公考\\图形推理详解"],"locale":"zh-CN","localePreference":"zh-CN","terminalInheritSystemProfile":true,"embeddedBrowserAllowInsecureCertificates":false,"taskAutoArchiveEnabled":false,"taskAutoArchiveOlderThanDays":7,"closeToTrayOnWindows":true,"closeToTrayOnWindowsMigrationInitialized":true,"keepAwakeWhileRunning":false,"desktopWindowSize":{"width":1200,"height":800,"maximized":true},"desktopChromiumHardwareAccelerationEnabled":true,"messageStreamShowReasoning":false,"messageStreamShowTodos":false,"toolGroupingExploreEnabled":true,"toolGroupingTerminalEnabled":true,"toolGroupingChangesEnabled":false,"zcodeInteractionBehavior":"queue","askUserQuestionAutoResolutionEnabled":true,"modelIoFullRetentionEnabled":false,"optimizeAgentExperienceEnabled":false,"optimizeAgentExperienceMigrationInitialized":true,"enabledBuiltinAgentCliProviders":["glm"],"modelProviderFamilyModes":{"zai":"oauth"},"modelProviderFamilySelectedKeys":{"zai":"coding-plan:builtin:zai-start-plan"},"providerFamilyDomain":"zai","providerFamilyDomainUpdatedAt":1787116588334,"providerFamilyDomainMigrated":true,"repoSnapshotIndexingEnabled":false,"instantGrepIndexingEnabled":false,"nativeSearchEnhancementsEnabled":true,"memoryEnabled":false,"lastWorkspaceSession":[{"kind":"local","workspacePath":"C:\\Users\\llh04\\Desktop\\小说","workspacePurpose":"project"},{"kind":"local","workspacePath":"D:\\公考","workspacePurpose":"project"},{"kind":"local","workspacePath":"C:\\Users\\llh04\\.zcode\\workspace\\default","workspacePurpose":"conversation"}],"lastActiveTabIndex":0,"pendingPostUpdateReleaseNotes":{"version":"3.9.1","title":"Release v3.9.1","markdown":"## 新功能\n\n- 优化模型配置选项页面\n- 默认展示思考过程及实时耗时\n\n## 问题修复\n\n- 修复截图和网页工具图片在部分网关中无法显示的问题\n- 修复单冒号文件引用无法识别的问题","releaseDate":"2026-08-23T02:22:17.074Z","releaseNotesByLocale":{"zh-CN":{"title":"Release v3.9.1","markdown":"## 新功能\n\n- 优化模型配置选项页面\n- 默认展示思考过程及实时耗时\n\n## 问题修复\n\n- 修复截图和网页工具图片在部分网关中无法显示的问题\n- 修复单冒号文件引用无法识别的问题"},"en-US":{"title":"Release v3.9.1","markdown":"## New Features\n\n- Optimize the model configuration options page\n- By default, the thinking process and real-time time consumption are displayed\n\n## Issue Fix\n\n- Fixed the issue where screenshots and web tool images could not be displayed in some gateways\n- Fixed the issue where single-colon file references could not be recognized"}}},"receivePreviewUpdates":false,"autoDownloadAndInstallUpdates":true,"skippedElectronUpdateVersions":{},"settingsSyncFirstRunPromptHandled":true}
[2026-08-23 17:28:52.338] [info] [pid:4468] [main] [host-log] (local-1) [host] [2026-08-23 17:28:52.337] [pid:33160] [settingService] write done
[2026-08-23 17:28:52.338] [info] [pid:4468] [main] [host-log] (local-1) [host] [2026-08-23 17:28:52.337] [pid:33160] [zcode-host] [rpc:call] setting.update OK (4.1ms)
[2026-08-23 17:28:54.466] [info] [pid:4468] [main] [host-log] (local-1) [host] [2026-08-23 17:28:54.465] [pid:33160] [zcode-host] [rpc:call] off-peak-task.list OK (0.2ms)
[2026-08-23 17:29:03.727] [info] [pid:4468] [main] [host-log] (local-1) [host] [2026-08-23 17:29:03.726] [pid:33160] [settingService] writing settings to: C:\Users\llh04\.zcode\v2\setting.json {"recentProjects":["C:\\Users\\llh04\\Desktop\\小说","D:\\公考","D:\\公考\\图形推理详解"],"locale":"zh-CN","localePreference":"zh-CN","terminalInheritSystemProfile":true,"embeddedBrowserAllowInsecureCertificates":false,"taskAutoArchiveEnabled":false,"taskAutoArchiveOlderThanDays":7,"closeToTrayOnWindows":true,"closeToTrayOnWindowsMigrationInitialized":true,"keepAwakeWhileRunning":false,"desktopWindowSize":{"width":1200,"height":800,"maximized":true},"desktopChromiumHardwareAccelerationEnabled":true,"messageStreamShowReasoning":false,"messageStreamShowTodos":false,"toolGroupingExploreEnabled":true,"toolGroupingTerminalEnabled":true,"toolGroupingChangesEnabled":false,"zcodeInteractionBehavior":"queue","askUserQuestionAutoResolutionEnabled":true,"modelIoFullRetentionEnabled":false,"optimizeAgentExperienceEnabled":false,"optimizeAgentExperienceMigrationInitialized":true,"enabledBuiltinAgentCliProviders":["glm"],"modelProviderFamilyModes":{"zai":"oauth"},"modelProviderFamilySelectedKeys":{"zai":"coding-plan:builtin:zai-start-plan"},"providerFamilyDomain":"zai","providerFamilyDomainUpdatedAt":1787116588334,"providerFamilyDomainMigrated":true,"repoSnapshotIndexingEnabled":false,"instantGrepIndexingEnabled":false,"nativeSearchEnhancementsEnabled":true,"memoryEnabled":false,"lastWorkspaceSession":[{"kind":"local","workspacePath":"C:\\Users\\llh04\\Desktop\\小说","workspacePurpose":"project"},{"kind":"local","workspacePath":"D:\\公考","workspacePurpose":"project"},{"kind":"local","workspacePath":"C:\\Users\\llh04\\.zcode\\workspace\\default","workspacePurpose":"conversation"}],"lastActiveTabIndex":0,"pendingPostUpdateReleaseNotes":{"version":"3.9.1","title":"Release v3.9.1","markdown":"## 新功能\n\n- 优化模型配置选项页面\n- 默认展示思考过程及实时耗时\n\n## 问题修复\n\n- 修复截图和网页工具图片在部分网关中无法显示的问题\n- 修复单冒号文件引用无法识别的问题","releaseDate":"2026-08-23T02:22:17.074Z","releaseNotesByLocale":{"zh-CN":{"title":"Release v3.9.1","markdown":"## 新功能\n\n- 优化模型配置选项页面\n- 默认展示思考过程及实时耗时\n\n## 问题修复\n\n- 修复截图和网页工具图片在部分网关中无法显示的问题\n- 修复单冒号文件引用无法识别的问题"},"en-US":{"title":"Release v3.9.1","markdown":"## New Features\n\n- Optimize the model configuration options page\n- By default, the thinking process and real-time time consumption are displayed\n\n## Issue Fix\n\n- Fixed the issue where screenshots and web tool images could not be displayed in some gateways\n- Fixed the issue where single-colon file references could not be recognized"}}},"receivePreviewUpdates":false,"autoDownloadAndInstallUpdates":true,"skippedElectronUpdateVersions":{},"settingsSyncFirstRunPromptHandled":true}
[2026-08-23 17:29:03.731] [info] [pid:4468] [main] [host-log] (local-1) [host] [2026-08-23 17:29:03.729] [pid:33160] [settingService] write done
[2026-08-23 17:29:03.732] [info] [pid:4468] [main] [host-log] (local-1) [host] [2026-08-23 17:29:03.729] [pid:33160] [zcode-host] [rpc:call] setting.update OK (3.9ms)
[2026-08-23 17:29:10.423] [info] [pid:4468] [main] [host-log] (local-1) [host] [2026-08-23 17:29:10.422] [pid:33160] [settingService] writing settings to: C:\Users\llh04\.zcode\v2\setting.json {"recentProjects":["C:\\Users\\llh04\\Desktop\\小说","D:\\公考","D:\\公考\\图形推理详解"],"locale":"zh-CN","localePreference":"zh-CN","terminalInheritSystemProfile":true,"embeddedBrowserAllowInsecureCertificates":false,"taskAutoArchiveEnabled":false,"taskAutoArchiveOlderThanDays":7,"closeToTrayOnWindows":true,"closeToTrayOnWindowsMigrationInitialized":true,"keepAwakeWhileRunning":false,"desktopWindowSize":{"width":1200,"height":800,"maximized":true},"desktopChromiumHardwareAccelerationEnabled":true,"messageStreamShowReasoning":false,"messageStreamShowTodos":false,"toolGroupingExploreEnabled":true,"toolGroupingTerminalEnabled":true,"toolGroupingChangesEnabled":false,"zcodeInteractionBehavior":"queue","askUserQuestionAutoResolutionEnabled":true,"modelIoFullRetentionEnabled":false,"optimizeAgentExperienceEnabled":false,"optimizeAgentExperienceMigrationInitialized":true,"enabledBuiltinAgentCliProviders":["glm"],"modelProviderFamilyModes":{"zai":"oauth"},"modelProviderFamilySelectedKeys":{"zai":"coding-plan:builtin:zai-start-plan"},"providerFamilyDomain":"zai","providerFamilyDomainUpdatedAt":1787116588334,"providerFamilyDomainMigrated":true,"repoSnapshotIndexingEnabled":false,"instantGrepIndexingEnabled":false,"nativeSearchEnhancementsEnabled":true,"memoryEnabled":false,"lastWorkspaceSession":[{"kind":"local","workspacePath":"C:\\Users\\llh04\\Desktop\\小说","workspacePurpose":"project"},{"kind":"local","workspacePath":"D:\\公考","workspacePurpose":"project"},{"kind":"local","workspacePath":"C:\\Users\\llh04\\.zcode\\workspace\\default","workspacePurpose":"conversation"}],"lastActiveTabIndex":0,"pendingPostUpdateReleaseNotes":{"version":"3.9.1","title":"Release v3.9.1","markdown":"## 新功能\n\n- 优化模型配置选项页面\n- 默认展示思考过程及实时耗时\n\n## 问题修复\n\n- 修复截图和网页工具图片在部分网关中无法显示的问题\n- 修复单冒号文件引用无法识别的问题","releaseDate":"2026-08-23T02:22:17.074Z","releaseNotesByLocale":{"zh-CN":{"title":"Release v3.9.1","markdown":"## 新功能\n\n- 优化模型配置选项页面\n- 默认展示思考过程及实时耗时\n\n## 问题修复\n\n- 修复截图和网页工具图片在部分网关中无法显示的问题\n- 修复单冒号文件引用无法识别的问题"},"en-US":{"title":"Release v3.9.1","markdown":"## New Features\n\n- Optimize the model configuration options page\n- By default, the thinking process and real-time time consumption are displayed\n\n## Issue Fix\n\n- Fixed the issue where screenshots and web tool images could not be displayed in some gateways\n- Fixed the issue where single-colon file references could not be recognized"}}},"receivePreviewUpdates":false,"autoDownloadAndInstallUpdates":true,"skippedElectronUpdateVersions":{},"settingsSyncFirstRunPromptHandled":true}
[2026-08-23 17:29:10.426] [info] [pid:4468] [main] [host-log] (local-1) [host] [2026-08-23 17:29:10.425] [pid:33160] [settingService] write done
[2026-08-23 17:29:10.426] [info] [pid:4468] [main] [host-log] (local-1) [host] [2026-08-23 17:29:10.425] [pid:33160] [zcode-host] [rpc:call] setting.update OK (3.6ms)
[2026-08-23 17:29:13.222] [info] [pid:4468] [main] [host-log] (local-1) [host] [2026-08-23 17:29:13.221] [pid:33160] [settingService] writing settings to: C:\Users\llh04\.zcode\v2\setting.json {"recentProjects":["C:\\Users\\llh04\\Desktop\\小说","D:\\公考","D:\\公考\\图形推理详解"],"locale":"zh-CN","localePreference":"zh-CN","terminalInheritSystemProfile":true,"embeddedBrowserAllowInsecureCertificates":false,"taskAutoArchiveEnabled":false,"taskAutoArchiveOlderThanDays":7,"closeToTrayOnWindows":true,"closeToTrayOnWindowsMigrationInitialized":true,"keepAwakeWhileRunning":false,"desktopWindowSize":{"width":1200,"height":800,"maximized":true},"desktopChromiumHardwareAccelerationEnabled":true,"messageStreamShowReasoning":false,"messageStreamShowTodos":false,"toolGroupingExploreEnabled":true,"toolGroupingTerminalEnabled":true,"toolGroupingChangesEnabled":false,"zcodeInteractionBehavior":"queue","askUserQuestionAutoResolutionEnabled":true,"modelIoFullRetentionEnabled":false,"optimizeAgentExperienceEnabled":false,"optimizeAgentExperienceMigrationInitialized":true,"enabledBuiltinAgentCliProviders":["glm"],"modelProviderFamilyModes":{"zai":"oauth"},"modelProviderFamilySelectedKeys":{"zai":"coding-plan:builtin:zai-start-plan"},"providerFamilyDomain":"zai","providerFamilyDomainUpdatedAt":1787116588334,"providerFamilyDomainMigrated":true,"repoSnapshotIndexingEnabled":false,"instantGrepIndexingEnabled":false,"nativeSearchEnhancementsEnabled":true,"memoryEnabled":false,"lastWorkspaceSession":[{"kind":"local","workspacePath":"C:\\Users\\llh04\\Desktop\\小说","workspacePurpose":"project"},{"kind":"local","workspacePath":"D:\\公考","workspacePurpose":"project"},{"kind":"local","workspacePath":"C:\\Users\\llh04\\.zcode\\workspace\\default","workspacePurpose":"conversation"}],"lastActiveTabIndex":0,"pendingPostUpdateReleaseNotes":{"version":"3.9.1","title":"Release v3.9.1","markdown":"## 新功能\n\n- 优化模型配置选项页面\n- 默认展示思考过程及实时耗时\n\n## 问题修复\n\n- 修复截图和网页工具图片在部分网关中无法显示的问题\n- 修复单冒号文件引用无法识别的问题","releaseDate":"2026-08-23T02:22:17.074Z","releaseNotesByLocale":{"zh-CN":{"title":"Release v3.9.1","markdown":"## 新功能\n\n- 优化模型配置选项页面\n- 默认展示思考过程及实时耗时\n\n## 问题修复\n\n- 修复截图和网页工具图片在部分网关中无法显示的问题\n- 修复单冒号文件引用无法识别的问题"},"en-US":{"title":"Release v3.9.1","markdown":"## New Features\n\n- Optimize the model configuration options page\n- By default, the thinking process and real-time time consumption are displayed\n\n## Issue Fix\n\n- Fixed the issue where screenshots and web tool images could not be displayed in some gateways\n- Fixed the issue where single-colon file references could not be recognized"}}},"receivePreviewUpdates":false,"autoDownloadAndInstallUpdates":true,"skippedElectronUpdateVersions":{},"settingsSyncFirstRunPromptHandled":true}
[2026-08-23 17:29:13.226] [info] [pid:4468] [main] [host-log] (local-1) [host] [2026-08-23 17:29:13.225] [pid:33160] [settingService] write done
[2026-08-23 17:29:13.227] [info] [pid:4468] [main] [host-log] (local-1) [host] [2026-08-23 17:29:13.225] [pid:33160] [zcode-host] [rpc:call] setting.update OK (5.2ms)
[2026-08-23 17:29:14.055] [info] [pid:4468] [main] [host-log] (local-1) [host] [2026-08-23 17:29:14.053] [pid:33160] [settingService] writing settings to: C:\Users\llh04\.zcode\v2\setting.json {"recentProjects":["C:\\Users\\llh04\\Desktop\\小说","D:\\公考","D:\\公考\\图形推理详解"],"locale":"zh-CN","localePreference":"zh-CN","terminalInheritSystemProfile":true,"embeddedBrowserAllowInsecureCertificates":false,"taskAutoArchiveEnabled":false,"taskAutoArchiveOlderThanDays":7,"closeToTrayOnWindows":true,"closeToTrayOnWindowsMigrationInitialized":true,"keepAwakeWhileRunning":false,"desktopWindowSize":{"width":1200,"height":800,"maximized":true},"desktopChromiumHardwareAccelerationEnabled":true,"messageStreamShowReasoning":false,"messageStreamShowTodos":false,"toolGroupingExploreEnabled":true,"toolGroupingTerminalEnabled":true,"toolGroupingChangesEnabled":false,"zcodeInteractionBehavior":"queue","askUserQuestionAutoResolutionEnabled":true,"modelIoFullRetentionEnabled":false,"optimizeAgentExperienceEnabled":false,"optimizeAgentExperienceMigrationInitialized":true,"enabledBuiltinAgentCliProviders":["glm"],"modelProviderFamilyModes":{"zai":"oauth"},"modelProviderFamilySelectedKeys":{"zai":"coding-plan:builtin:zai-start-plan"},"providerFamilyDomain":"zai","providerFamilyDomainUpdatedAt":1787116588334,"providerFamilyDomainMigrated":true,"repoSnapshotIndexingEnabled":false,"instantGrepIndexingEnabled":false,"nativeSearchEnhancementsEnabled":true,"memoryEnabled":false,"lastWorkspaceSession":[{"kind":"local","workspacePath":"C:\\Users\\llh04\\Desktop\\小说","workspacePurpose":"project"},{"kind":"local","workspacePath":"D:\\公考","workspacePurpose":"project"},{"kind":"local","workspacePath":"C:\\Users\\llh04\\.zcode\\workspace\\default","workspacePurpose":"conversation"}],"lastActiveTabIndex":0,"pendingPostUpdateReleaseNotes":{"version":"3.9.1","title":"Release v3.9.1","markdown":"## 新功能\n\n- 优化模型配置选项页面\n- 默认展示思考过程及实时耗时\n\n## 问题修复\n\n- 修复截图和网页工具图片在部分网关中无法显示的问题\n- 修复单冒号文件引用无法识别的问题","releaseDate":"2026-08-23T02:22:17.074Z","releaseNotesByLocale":{"zh-CN":{"title":"Release v3.9.1","markdown":"## 新功能\n\n- 优化模型配置选项页面\n- 默认展示思考过程及实时耗时\n\n## 问题修复\n\n- 修复截图和网页工具图片在部分网关中无法显示的问题\n- 修复单冒号文件引用无法识别的问题"},"en-US":{"title":"Release v3.9.1","markdown":"## New Features\n\n- Optimize the model configuration options page\n- By default, the thinking process and real-time time consumption are displayed\n\n## Issue Fix\n\n- Fixed the issue where screenshots and web tool images could not be displayed in some gateways\n- Fixed the issue where single-colon file references could not be recognized"}}},"receivePreviewUpdates":false,"autoDownloadAndInstallUpdates":true,"skippedElectronUpdateVersions":{},"settingsSyncFirstRunPromptHandled":true}
[2026-08-23 17:29:14.058] [info] [pid:4468] [main] [host-log] (local-1) [host] [2026-08-23 17:29:14.057] [pid:33160] [settingService] write done
[2026-08-23 17:29:14.059] [info] [pid:4468] [main] [host-log] (local-1) [host] [2026-08-23 17:29:14.057] [pid:33160] [zcode-host] [rpc:call] setting.update OK (4.9ms)
[2026-08-23 17:29:14.477] [info] [pid:4468] [main] [host-log] (local-1) [host] [2026-08-23 17:29:14.472] [pid:33160] [settingService] writing settings to: C:\Users\llh04\.zcode\v2\setting.json {"recentProjects":["C:\\Users\\llh04\\Desktop\\小说","D:\\公考","D:\\公考\\图形推理详解"],"locale":"zh-CN","localePreference":"zh-CN","terminalInheritSystemProfile":true,"embeddedBrowserAllowInsecureCertificates":false,"taskAutoArchiveEnabled":false,"taskAutoArchiveOlderThanDays":7,"closeToTrayOnWindows":true,"closeToTrayOnWindowsMigrationInitialized":true,"keepAwakeWhileRunning":false,"desktopWindowSize":{"width":1200,"height":800,"maximized":true},"desktopChromiumHardwareAccelerationEnabled":true,"messageStreamShowReasoning":false,"messageStreamShowTodos":false,"toolGroupingExploreEnabled":true,"toolGroupingTerminalEnabled":true,"toolGroupingChangesEnabled":false,"zcodeInteractionBehavior":"queue","askUserQuestionAutoResolutionEnabled":true,"modelIoFullRetentionEnabled":false,"optimizeAgentExperienceEnabled":false,"optimizeAgentExperienceMigrationInitialized":true,"enabledBuiltinAgentCliProviders":["glm"],"modelProviderFamilyModes":{"zai":"oauth"},"modelProviderFamilySelectedKeys":{"zai":"coding-plan:builtin:zai-start-plan"},"providerFamilyDomain":"zai","providerFamilyDomainUpdatedAt":1787116588334,"providerFamilyDomainMigrated":true,"repoSnapshotIndexingEnabled":false,"instantGrepIndexingEnabled":false,"nativeSearchEnhancementsEnabled":true,"memoryEnabled":false,"lastWorkspaceSession":[{"kind":"local","workspacePath":"C:\\Users\\llh04\\Desktop\\小说","workspacePurpose":"project"},{"kind":"local","workspacePath":"D:\\公考","workspacePurpose":"project"},{"kind":"local","workspacePath":"C:\\Users\\llh04\\.zcode\\workspace\\default","workspacePurpose":"conversation"}],"lastActiveTabIndex":0,"pendingPostUpdateReleaseNotes":{"version":"3.9.1","title":"Release v3.9.1","markdown":"## 新功能\n\n- 优化模型配置选项页面\n- 默认展示思考过程及实时耗时\n\n## 问题修复\n\n- 修复截图和网页工具图片在部分网关中无法显示的问题\n- 修复单冒号文件引用无法识别的问题","releaseDate":"2026-08-23T02:22:17.074Z","releaseNotesByLocale":{"zh-CN":{"title":"Release v3.9.1","markdown":"## 新功能\n\n- 优化模型配置选项页面\n- 默认展示思考过程及实时耗时\n\n## 问题修复\n\n- 修复截图和网页工具图片在部分网关中无法显示的问题\n- 修复单冒号文件引用无法识别的问题"},"en-US":{"title":"Release v3.9.1","markdown":"## New Features\n\n- Optimize the model configuration options page\n- By default, the thinking process and real-time time consumption are displayed\n\n## Issue Fix\n\n- Fixed the issue where screenshots and web tool images could not be displayed in some gateways\n- Fixed the issue where single-colon file references could not be recognized"}}},"receivePreviewUpdates":false,"autoDownloadAndInstallUpdates":true,"skippedElectronUpdateVersions":{},"settingsSyncFirstRunPromptHandled":true}
[2026-08-23 17:29:14.477] [info] [pid:4468] [main] [host-log] (local-1) [host] [2026-08-23 17:29:14.476] [pid:33160] [settingService] write done
[2026-08-23 17:29:14.478] [info] [pid:4468] [main] [host-log] (local-1) [host] [2026-08-23 17:29:14.476] [pid:33160] [zcode-host] [rpc:call] setting.update OK (4.7ms)
[2026-08-23 17:29:21.321] [info] [pid:4468] [main] [host-log] (local-1) [host] [2026-08-23 17:29:21.320] [pid:33160] [settingService] writing settings to: C:\Users\llh04\.zcode\v2\setting.json {"recentProjects":["C:\\Users\\llh04\\Desktop\\小说","D:\\公考","D:\\公考\\图形推理详解"],"locale":"zh-CN","localePreference":"zh-CN","terminalInheritSystemProfile":true,"embeddedBrowserAllowInsecureCertificates":false,"taskAutoArchiveEnabled":false,"taskAutoArchiveOlderThanDays":7,"closeToTrayOnWindows":true,"closeToTrayOnWindowsMigrationInitialized":true,"keepAwakeWhileRunning":false,"desktopWindowSize":{"width":1200,"height":800,"maximized":true},"desktopChromiumHardwareAccelerationEnabled":true,"messageStreamShowReasoning":false,"messageStreamShowTodos":false,"toolGroupingExploreEnabled":true,"toolGroupingTerminalEnabled":true,"toolGroupingChangesEnabled":false,"zcodeInteractionBehavior":"queue","askUserQuestionAutoResolutionEnabled":true,"modelIoFullRetentionEnabled":false,"optimizeAgentExperienceEnabled":false,"optimizeAgentExperienceMigrationInitialized":true,"enabledBuiltinAgentCliProviders":["glm"],"modelProviderFamilyModes":{"zai":"oauth"},"modelProviderFamilySelectedKeys":{"zai":"coding-plan:builtin:zai-start-plan"},"providerFamilyDomain":"zai","providerFamilyDomainUpdatedAt":1787116588334,"providerFamilyDomainMigrated":true,"repoSnapshotIndexingEnabled":false,"instantGrepIndexingEnabled":false,"nativeSearchEnhancementsEnabled":true,"memoryEnabled":false,"lastWorkspaceSession":[{"kind":"local","workspacePath":"C:\\Users\\llh04\\Desktop\\小说","workspacePurpose":"project"},{"kind":"local","workspacePath":"D:\\公考","workspacePurpose":"project"},{"kind":"local","workspacePath":"C:\\Users\\llh04\\.zcode\\workspace\\default","workspacePurpose":"conversation"}],"lastActiveTabIndex":0,"pendingPostUpdateReleaseNotes":{"version":"3.9.1","title":"Release v3.9.1","markdown":"## 新功能\n\n- 优化模型配置选项页面\n- 默认展示思考过程及实时耗时\n\n## 问题修复\n\n- 修复截图和网页工具图片在部分网关中无法显示的问题\n- 修复单冒号文件引用无法识别的问题","releaseDate":"2026-08-23T02:22:17.074Z","releaseNotesByLocale":{"zh-CN":{"title":"Release v3.9.1","markdown":"## 新功能\n\n- 优化模型配置选项页面\n- 默认展示思考过程及实时耗时\n\n## 问题修复\n\n- 修复截图和网页工具图片在部分网关中无法显示的问题\n- 修复单冒号文件引用无法识别的问题"},"en-US":{"title":"Release v3.9.1","markdown":"## New Features\n\n- Optimize the model configuration options page\n- By default, the thinking process and real-time time consumption are displayed\n\n## Issue Fix\n\n- Fixed the issue where screenshots and web tool images could not be displayed in some gateways\n- Fixed the issue where single-colon file references could not be recognized"}}},"receivePreviewUpdates":false,"autoDownloadAndInstallUpdates":true,"skippedElectronUpdateVersions":{},"settingsSyncFirstRunPromptHandled":true}
[2026-08-23 17:29:21.325] [info] [pid:4468] [main] [host-log] (local-1) [host] [2026-08-23 17:29:21.324] [pid:33160] [settingService] write done
[2026-08-23 17:29:21.326] [info] [pid:4468] [main] [host-log] (local-1) [host] [2026-08-23 17:29:21.324] [pid:33160] [zcode-host] [rpc:call] setting.update OK (4.6ms)
[2026-08-23 17:29:22.587] [info] [pid:4468] [main] [host-log] (local-1) [host] [2026-08-23 17:29:22.586] [pid:33160] [settingService] writing settings to: C:\Users\llh04\.zcode\v2\setting.json {"recentProjects":["C:\\Users\\llh04\\Desktop\\小说","D:\\公考","D:\\公考\\图形推理详解"],"locale":"zh-CN","localePreference":"zh-CN","terminalInheritSystemProfile":true,"embeddedBrowserAllowInsecureCertificates":false,"taskAutoArchiveEnabled":false,"taskAutoArchiveOlderThanDays":7,"closeToTrayOnWindows":true,"closeToTrayOnWindowsMigrationInitialized":true,"keepAwakeWhileRunning":false,"desktopWindowSize":{"width":1200,"height":800,"maximized":true},"desktopChromiumHardwareAccelerationEnabled":true,"messageStreamShowReasoning":false,"messageStreamShowTodos":false,"toolGroupingExploreEnabled":true,"toolGroupingTerminalEnabled":true,"toolGroupingChangesEnabled":false,"zcodeInteractionBehavior":"queue","askUserQuestionAutoResolutionEnabled":true,"modelIoFullRetentionEnabled":false,"optimizeAgentExperienceEnabled":false,"optimizeAgentExperienceMigrationInitialized":true,"enabledBuiltinAgentCliProviders":["glm"],"modelProviderFamilyModes":{"zai":"oauth"},"modelProviderFamilySelectedKeys":{"zai":"coding-plan:builtin:zai-start-plan"},"providerFamilyDomain":"zai","providerFamilyDomainUpdatedAt":1787116588334,"providerFamilyDomainMigrated":true,"repoSnapshotIndexingEnabled":false,"instantGrepIndexingEnabled":false,"nativeSearchEnhancementsEnabled":true,"memoryEnabled":false,"lastWorkspaceSession":[{"kind":"local","workspacePath":"C:\\Users\\llh04\\Desktop\\小说","workspacePurpose":"project"},{"kind":"local","workspacePath":"D:\\公考","workspacePurpose":"project"},{"kind":"local","workspacePath":"C:\\Users\\llh04\\.zcode\\workspace\\default","workspacePurpose":"conversation"}],"lastActiveTabIndex":0,"pendingPostUpdateReleaseNotes":{"version":"3.9.1","title":"Release v3.9.1","markdown":"## 新功能\n\n- 优化模型配置选项页面\n- 默认展示思考过程及实时耗时\n\n## 问题修复\n\n- 修复截图和网页工具图片在部分网关中无法显示的问题\n- 修复单冒号文件引用无法识别的问题","releaseDate":"2026-08-23T02:22:17.074Z","releaseNotesByLocale":{"zh-CN":{"title":"Release v3.9.1","markdown":"## 新功能\n\n- 优化模型配置选项页面\n- 默认展示思考过程及实时耗时\n\n## 问题修复\n\n- 修复截图和网页工具图片在部分网关中无法显示的问题\n- 修复单冒号文件引用无法识别的问题"},"en-US":{"title":"Release v3.9.1","markdown":"## New Features\n\n- Optimize the model configuration options page\n- By default, the thinking process and real-time time consumption are displayed\n\n## Issue Fix\n\n- Fixed the issue where screenshots and web tool images could not be displayed in some gateways\n- Fixed the issue where single-colon file references could not be recognized"}}},"receivePreviewUpdates":false,"autoDownloadAndInstallUpdates":true,"skippedElectronUpdateVersions":{},"settingsSyncFirstRunPromptHandled":true}
[2026-08-23 17:29:22.590] [info] [pid:4468] [main] [host-log] (local-1) [host] [2026-08-23 17:29:22.589] [pid:33160] [settingService] write done
[2026-08-23 17:29:22.591] [info] [pid:4468] [main] [host-log] (local-1) [host] [2026-08-23 17:29:22.589] [pid:33160] [zcode-host] [rpc:call] setting.update OK (4.1ms)
[2026-08-23 17:29:24.469] [info] [pid:4468] [main] [host-log] (local-1) [host] [2026-08-23 17:29:24.466] [pid:33160] [zcode-host] [rpc:call] off-peak-task.list OK (0.1ms)
[2026-08-23 17:29:26.634] [info] [pid:4468] [main] [host-log] (local-1) [host] [2026-08-23 17:29:26.633] [pid:33160] [settingService] writing settings to: C:\Users\llh04\.zcode\v2\setting.json {"recentProjects":["C:\\Users\\llh04\\Desktop\\小说","D:\\公考","D:\\公考\\图形推理详解"],"locale":"zh-CN","localePreference":"zh-CN","terminalInheritSystemProfile":true,"embeddedBrowserAllowInsecureCertificates":false,"taskAutoArchiveEnabled":false,"taskAutoArchiveOlderThanDays":7,"closeToTrayOnWindows":true,"closeToTrayOnWindowsMigrationInitialized":true,"keepAwakeWhileRunning":false,"desktopWindowSize":{"width":1200,"height":800,"maximized":true},"desktopChromiumHardwareAccelerationEnabled":true,"messageStreamShowReasoning":false,"messageStreamShowTodos":false,"toolGroupingExploreEnabled":true,"toolGroupingTerminalEnabled":true,"toolGroupingChangesEnabled":false,"zcodeInteractionBehavior":"queue","askUserQuestionAutoResolutionEnabled":true,"modelIoFullRetentionEnabled":false,"optimizeAgentExperienceEnabled":false,"optimizeAgentExperienceMigrationInitialized":true,"enabledBuiltinAgentCliProviders":["glm"],"modelProviderFamilyModes":{"zai":"oauth"},"modelProviderFamilySelectedKeys":{"zai":"coding-plan:builtin:zai-start-plan"},"providerFamilyDomain":"zai","providerFamilyDomainUpdatedAt":1787116588334,"providerFamilyDomainMigrated":true,"repoSnapshotIndexingEnabled":false,"instantGrepIndexingEnabled":false,"nativeSearchEnhancementsEnabled":true,"memoryEnabled":false,"lastWorkspaceSession":[{"kind":"local","workspacePath":"C:\\Users\\llh04\\Desktop\\小说","workspacePurpose":"project"},{"kind":"local","workspacePath":"D:\\公考","workspacePurpose":"project"},{"kind":"local","workspacePath":"C:\\Users\\llh04\\.zcode\\workspace\\default","workspacePurpose":"conversation"}],"lastActiveTabIndex":0,"pendingPostUpdateReleaseNotes":{"version":"3.9.1","title":"Release v3.9.1","markdown":"## 新功能\n\n- 优化模型配置选项页面\n- 默认展示思考过程及实时耗时\n\n## 问题修复\n\n- 修复截图和网页工具图片在部分网关中无法显示的问题\n- 修复单冒号文件引用无法识别的问题","releaseDate":"2026-08-23T02:22:17.074Z","releaseNotesByLocale":{"zh-CN":{"title":"Release v3.9.1","markdown":"## 新功能\n\n- 优化模型配置选项页面\n- 默认展示思考过程及实时耗时\n\n## 问题修复\n\n- 修复截图和网页工具图片在部分网关中无法显示的问题\n- 修复单冒号文件引用无法识别的问题"},"en-US":{"title":"Release v3.9.1","markdown":"## New Features\n\n- Optimize the model configuration options page\n- By default, the thinking process and real-time time consumption are displayed\n\n## Issue Fix\n\n- Fixed the issue where screenshots and web tool images could not be displayed in some gateways\n- Fixed the issue where single-colon file references could not be recognized"}}},"receivePreviewUpdates":false,"autoDownloadAndInstallUpdates":true,"skippedElectronUpdateVersions":{},"settingsSyncFirstRunPromptHandled":true}
[2026-08-23 17:29:26.636] [info] [pid:4468] [main] [host-log] (local-1) [host] [2026-08-23 17:29:26.635] [pid:33160] [settingService] write done
[2026-08-23 17:29:26.636] [info] [pid:4468] [main] [host-log] (local-1) [host] [2026-08-23 17:29:26.635] [pid:33160] [zcode-host] [rpc:call] setting.update OK (3.3ms)
[2026-08-23 17:29:54.584] [info] [pid:4468] [main] [host-log] (local-1) [host] [2026-08-23 17:29:54.583] [pid:33160] [zcode-host] [rpc:call] off-peak-task.list OK (0.2ms)
[2026-08-23 17:29:59.035] [info] [pid:4468] [main] Checking for update
[2026-08-23 17:29:59.036] [info] [pid:4468] [main] [auto-update] checking for update...
[2026-08-23 17:29:59.243] [info] [pid:4468] [main] [resource] perf_resource window flushed
[2026-08-23 17:29:59.244] [info] [pid:4468] [main] [network] perf_network flushed interfaces=3
[2026-08-23 17:29:59.522] [info] [pid:4468] [main] Found version 3.9.1 (url: https://cdn-zcode.z.ai/zcode/electron/releases/3.9.1/windows-x64/ZCode-3.9.1-win-x64.exe)
[2026-08-23 17:29:59.523] [info] [pid:4468] [main] [auto-update] new version available: 3.9.1
[2026-08-23 17:29:59.524] [info] [pid:4468] [main] [auto-update] keep downloaded update version=3.9.1; remote=3.9.1
[2026-08-23 17:30:24.585] [info] [pid:4468] [main] [host-log] (local-1) [host] [2026-08-23 17:30:24.585] [pid:33160] [zcode-host] [rpc:call] off-peak-task.list OK (0.1ms)
[2026-08-23 17:31:34.587] [info] [pid:4468] [main] [host-log] (local-1) [host] [2026-08-23 17:31:34.587] [pid:33160] [zcode-host] [rpc:call] off-peak-task.list OK (0.2ms)
[2026-08-23 17:32:34.591] [info] [pid:4468] [main] [host-log] (local-1) [host] [2026-08-23 17:32:34.590] [pid:33160] [zcode-host] [rpc:call] off-peak-task.list OK (0.1ms)
[2026-08-23 17:32:45.322] [info] [pid:4468] [main] [host-log] (local-1) [host] [2026-08-23 17:32:45.321] [pid:33160] [settingService] writing settings to: C:\Users\llh04\.zcode\v2\setting.json {"recentProjects":["C:\\Users\\llh04\\Desktop\\小说","D:\\公考","D:\\公考\\图形推理详解"],"locale":"zh-CN","localePreference":"zh-CN","terminalInheritSystemProfile":true,"embeddedBrowserAllowInsecureCertificates":false,"taskAutoArchiveEnabled":false,"taskAutoArchiveOlderThanDays":7,"closeToTrayOnWindows":true,"closeToTrayOnWindowsMigrationInitialized":true,"keepAwakeWhileRunning":false,"desktopWindowSize":{"width":1200,"height":800,"maximized":true},"desktopChromiumHardwareAccelerationEnabled":true,"messageStreamShowReasoning":false,"messageStreamShowTodos":false,"toolGroupingExploreEnabled":true,"toolGroupingTerminalEnabled":true,"toolGroupingChangesEnabled":false,"zcodeInteractionBehavior":"queue","askUserQuestionAutoResolutionEnabled":true,"modelIoFullRetentionEnabled":false,"optimizeAgentExperienceEnabled":false,"optimizeAgentExperienceMigrationInitialized":true,"enabledBuiltinAgentCliProviders":["glm"],"modelProviderFamilyModes":{"zai":"oauth"},"modelProviderFamilySelectedKeys":{"zai":"coding-plan:builtin:zai-start-plan"},"providerFamilyDomain":"zai","providerFamilyDomainUpdatedAt":1787116588334,"providerFamilyDomainMigrated":true,"repoSnapshotIndexingEnabled":false,"instantGrepIndexingEnabled":false,"nativeSearchEnhancementsEnabled":true,"memoryEnabled":false,"lastWorkspaceSession":[{"kind":"local","workspacePath":"C:\\Users\\llh04\\Desktop\\小说","workspacePurpose":"project"},{"kind":"local","workspacePath":"D:\\公考","workspacePurpose":"project"},{"kind":"local","workspacePath":"C:\\Users\\llh04\\.zcode\\workspace\\default","workspacePurpose":"conversation"}],"lastActiveTabIndex":0,"pendingPostUpdateReleaseNotes":{"version":"3.9.1","title":"Release v3.9.1","markdown":"## 新功能\n\n- 优化模型配置选项页面\n- 默认展示思考过程及实时耗时\n\n## 问题修复\n\n- 修复截图和网页工具图片在部分网关中无法显示的问题\n- 修复单冒号文件引用无法识别的问题","releaseDate":"2026-08-23T02:22:17.074Z","releaseNotesByLocale":{"zh-CN":{"title":"Release v3.9.1","markdown":"## 新功能\n\n- 优化模型配置选项页面\n- 默认展示思考过程及实时耗时\n\n## 问题修复\n\n- 修复截图和网页工具图片在部分网关中无法显示的问题\n- 修复单冒号文件引用无法识别的问题"},"en-US":{"title":"Release v3.9.1","markdown":"## New Features\n\n- Optimize the model configuration options page\n- By default, the thinking process and real-time time consumption are displayed\n\n## Issue Fix\n\n- Fixed the issue where screenshots and web tool images could not be displayed in some gateways\n- Fixed the issue where single-colon file references could not be recognized"}}},"receivePreviewUpdates":false,"autoDownloadAndInstallUpdates":true,"skippedElectronUpdateVersions":{},"settingsSyncFirstRunPromptHandled":true}
[2026-08-23 17:32:45.327] [info] [pid:4468] [main] [host-log] (local-1) [host] [2026-08-23 17:32:45.326] [pid:33160] [settingService] write done
[2026-08-23 17:32:45.327] [info] [pid:4468] [main] [host-log] (local-1) [host] [2026-08-23 17:32:45.326] [pid:33160] [zcode-host] [rpc:call] setting.update OK (6.4ms)
[2026-08-23 17:32:50.359] [info] [pid:4468] [main] [host-log] (local-1) [host] [2026-08-23 17:32:50.358] [pid:33160] [settingService] writing settings to: C:\Users\llh04\.zcode\v2\setting.json {"recentProjects":["C:\\Users\\llh04\\Desktop\\小说","D:\\公考","D:\\公考\\图形推理详解"],"locale":"zh-CN","localePreference":"zh-CN","terminalInheritSystemProfile":true,"embeddedBrowserAllowInsecureCertificates":false,"taskAutoArchiveEnabled":false,"taskAutoArchiveOlderThanDays":7,"closeToTrayOnWindows":true,"closeToTrayOnWindowsMigrationInitialized":true,"keepAwakeWhileRunning":false,"desktopWindowSize":{"width":1200,"height":800,"maximized":true},"desktopChromiumHardwareAccelerationEnabled":true,"messageStreamShowReasoning":false,"messageStreamShowTodos":false,"toolGroupingExploreEnabled":true,"toolGroupingTerminalEnabled":true,"toolGroupingChangesEnabled":false,"zcodeInteractionBehavior":"queue","askUserQuestionAutoResolutionEnabled":true,"modelIoFullRetentionEnabled":false,"optimizeAgentExperienceEnabled":false,"optimizeAgentExperienceMigrationInitialized":true,"enabledBuiltinAgentCliProviders":["glm"],"modelProviderFamilyModes":{"zai":"oauth"},"modelProviderFamilySelectedKeys":{"zai":"coding-plan:builtin:zai-start-plan"},"providerFamilyDomain":"zai","providerFamilyDomainUpdatedAt":1787116588334,"providerFamilyDomainMigrated":true,"repoSnapshotIndexingEnabled":false,"instantGrepIndexingEnabled":false,"nativeSearchEnhancementsEnabled":true,"memoryEnabled":false,"lastWorkspaceSession":[{"kind":"local","workspacePath":"C:\\Users\\llh04\\Desktop\\小说","workspacePurpose":"project"},{"kind":"local","workspacePath":"D:\\公考","workspacePurpose":"project"},{"kind":"local","workspacePath":"C:\\Users\\llh04\\.zcode\\workspace\\default","workspacePurpose":"conversation"}],"lastActiveTabIndex":0,"pendingPostUpdateReleaseNotes":{"version":"3.9.1","title":"Release v3.9.1","markdown":"## 新功能\n\n- 优化模型配置选项页面\n- 默认展示思考过程及实时耗时\n\n## 问题修复\n\n- 修复截图和网页工具图片在部分网关中无法显示的问题\n- 修复单冒号文件引用无法识别的问题","releaseDate":"2026-08-23T02:22:17.074Z","releaseNotesByLocale":{"zh-CN":{"title":"Release v3.9.1","markdown":"## 新功能\n\n- 优化模型配置选项页面\n- 默认展示思考过程及实时耗时\n\n## 问题修复\n\n- 修复截图和网页工具图片在部分网关中无法显示的问题\n- 修复单冒号文件引用无法识别的问题"},"en-US":{"title":"Release v3.9.1","markdown":"## New Features\n\n- Optimize the model configuration options page\n- By default, the thinking process and real-time time consumption are displayed\n\n## Issue Fix\n\n- Fixed the issue where screenshots and web tool images could not be displayed in some gateways\n- Fixed the issue where single-colon file references could not be recognized"}}},"receivePreviewUpdates":false,"autoDownloadAndInstallUpdates":true,"skippedElectronUpdateVersions":{},"settingsSyncFirstRunPromptHandled":true}
[2026-08-23 17:32:50.363] [info] [pid:4468] [main] [host-log] (local-1) [host] [2026-08-23 17:32:50.362] [pid:33160] [settingService] write done
[2026-08-23 17:32:50.363] [info] [pid:4468] [main] [host-log] (local-1) [host] [2026-08-23 17:32:50.362] [pid:33160] [zcode-host] [rpc:call] setting.update OK (4.1ms)
[2026-08-23 17:32:54.470] [info] [pid:4468] [main] [host-log] (local-1) [host] [2026-08-23 17:32:54.469] [pid:33160] [zcode-host] [rpc:call] off-peak-task.list OK (0.2ms)
[2026-08-23 17:33:24.467] [info] [pid:4468] [main] [host-log] (local-1) [host] [2026-08-23 17:33:24.467] [pid:33160] [zcode-host] [rpc:call] off-peak-task.list OK (0.2ms)
[2026-08-23 17:33:54.466] [info] [pid:4468] [main] [host-log] (local-1) [host] [2026-08-23 17:33:54.466] [pid:33160] [zcode-host] [rpc:call] off-peak-task.list OK (0.2ms)
[2026-08-23 17:34:24.467] [info] [pid:4468] [main] [host-log] (local-1) [host] [2026-08-23 17:34:24.467] [pid:33160] [zcode-host] [rpc:call] off-peak-task.list OK (0.1ms)
[2026-08-23 17:34:54.474] [info] [pid:4468] [main] [host-log] (local-1) [host] [2026-08-23 17:34:54.470] [pid:33160] [zcode-host] [rpc:call] off-peak-task.list OK (0.2ms)
[2026-08-23 17:34:59.237] [info] [pid:4468] [main] [resource] perf_resource window flushed
[2026-08-23 17:34:59.252] [info] [pid:4468] [main] [network] perf_network flushed interfaces=2
[2026-08-23 17:35:24.477] [info] [pid:4468] [main] [host-log] (local-1) [host] [2026-08-23 17:35:24.470] [pid:33160] [zcode-host] [rpc:call] off-peak-task.list OK (0.3ms)
[2026-08-23 17:35:29.711] [info] [pid:4468] [main] [host-log] (local-1) [host] [2026-08-23 17:35:29.704] [pid:33160] [zcode-host] [rpc:call] setting.get OK (13.3ms)
[2026-08-23 17:35:29.714] [info] [pid:4468] [main] [host-log] (local-1) [host] [2026-08-23 17:35:29.713] [pid:33160] [zcode-host] [rpc:call] zcode-agent.subscribeConversationV4 OK (8.2ms)
[2026-08-23 17:35:29.771] [info] [pid:4468] [main] [host-log] (local-1) [host] [2026-08-23 17:35:29.766] [pid:33160] [zcode-host] [rpc:call] zcode-agent.conversationPlansV4 OK (1.2ms)
[2026-08-23 17:35:29.878] [info] [pid:4468] [main] [host-log] (local-1) [host] [2026-08-23 17:35:29.876] [pid:33160] [settingService] writing settings to: C:\Users\llh04\.zcode\v2\setting.json {"recentProjects":["C:\\Users\\llh04\\Desktop\\小说","D:\\公考","D:\\公考\\图形推理详解"],"locale":"zh-CN","localePreference":"zh-CN","terminalInheritSystemProfile":true,"embeddedBrowserAllowInsecureCertificates":false,"taskAutoArchiveEnabled":false,"taskAutoArchiveOlderThanDays":7,"closeToTrayOnWindows":true,"closeToTrayOnWindowsMigrationInitialized":true,"keepAwakeWhileRunning":false,"desktopWindowSize":{"width":1200,"height":800,"maximized":true},"desktopChromiumHardwareAccelerationEnabled":true,"messageStreamShowReasoning":false,"messageStreamShowTodos":false,"toolGroupingExploreEnabled":true,"toolGroupingTerminalEnabled":true,"toolGroupingChangesEnabled":false,"zcodeInteractionBehavior":"queue","askUserQuestionAutoResolutionEnabled":true,"modelIoFullRetentionEnabled":false,"optimizeAgentExperienceEnabled":false,"optimizeAgentExperienceMigrationInitialized":true,"enabledBuiltinAgentCliProviders":["glm"],"modelProviderFamilyModes":{"zai":"oauth"},"modelProviderFamilySelectedKeys":{"zai":"coding-plan:builtin:zai-start-plan"},"providerFamilyDomain":"zai","providerFamilyDomainUpdatedAt":1787116588334,"providerFamilyDomainMigrated":true,"repoSnapshotIndexingEnabled":false,"instantGrepIndexingEnabled":false,"nativeSearchEnhancementsEnabled":true,"memoryEnabled":false,"lastWorkspaceSession":[{"kind":"local","workspacePath":"C:\\Users\\llh04\\Desktop\\小说","workspacePurpose":"project"},{"kind":"local","workspacePath":"D:\\公考","workspacePurpose":"project"},{"kind":"local","workspacePath":"C:\\Users\\llh04\\.zcode\\workspace\\default","workspacePurpose":"conversation"}],"lastActiveTabIndex":0,"pendingPostUpdateReleaseNotes":{"version":"3.9.1","title":"Release v3.9.1","markdown":"## 新功能\n\n- 优化模型配置选项页面\n- 默认展示思考过程及实时耗时\n\n## 问题修复\n\n- 修复截图和网页工具图片在部分网关中无法显示的问题\n- 修复单冒号文件引用无法识别的问题","releaseDate":"2026-08-23T02:22:17.074Z","releaseNotesByLocale":{"zh-CN":{"title":"Release v3.9.1","markdown":"## 新功能\n\n- 优化模型配置选项页面\n- 默认展示思考过程及实时耗时\n\n## 问题修复\n\n- 修复截图和网页工具图片在部分网关中无法显示的问题\n- 修复单冒号文件引用无法识别的问题"},"en-US":{"title":"Release v3.9.1","markdown":"## New Features\n\n- Optimize the model configuration options page\n- By default, the thinking process and real-time time consumption are displayed\n\n## Issue Fix\n\n- Fixed the issue where screenshots and web tool images could not be displayed in some gateways\n- Fixed the issue where single-colon file references could not be recognized"}}},"receivePreviewUpdates":false,"autoDownloadAndInstallUpdates":true,"skippedElectronUpdateVersions":{},"settingsSyncFirstRunPromptHandled":true}
[2026-08-23 17:35:29.882] [info] [pid:4468] [main] [host-log] (local-1) [host] [2026-08-23 17:35:29.881] [pid:33160] [settingService] write done
[2026-08-23 17:35:29.883] [info] [pid:4468] [main] [host-log] (local-1) [host] [2026-08-23 17:35:29.881] [pid:33160] [zcode-host] [rpc:call] setting.update OK (6.2ms)
[2026-08-23 17:35:29.918] [info] [pid:4468] [main] [host-log] (local-1) [host] [2026-08-23 17:35:29.916] [pid:33160] [zcode-host] [rpc:call] coding-plan-subscription.getBillingDiscount OK (225.5ms)
[2026-08-23 17:35:54.469] [info] [pid:4468] [main] [host-log] (local-1) [host] [2026-08-23 17:35:54.465] [pid:33160] [zcode-host] [rpc:call] off-peak-task.list OK (0.1ms)
[2026-08-23 17:35:55.710] [info] [pid:4468] [main] [host-log] (local-1) [host] [2026-08-23 17:35:55.710] [pid:33160] [settingService] writing settings to: C:\Users\llh04\.zcode\v2\setting.json {"recentProjects":["C:\\Users\\llh04\\Desktop\\小说","D:\\公考","D:\\公考\\图形推理详解"],"locale":"zh-CN","localePreference":"zh-CN","terminalInheritSystemProfile":true,"embeddedBrowserAllowInsecureCertificates":false,"taskAutoArchiveEnabled":false,"taskAutoArchiveOlderThanDays":7,"closeToTrayOnWindows":true,"closeToTrayOnWindowsMigrationInitialized":true,"keepAwakeWhileRunning":false,"desktopWindowSize":{"width":1200,"height":800,"maximized":true},"desktopChromiumHardwareAccelerationEnabled":true,"messageStreamShowReasoning":false,"messageStreamShowTodos":false,"toolGroupingExploreEnabled":true,"toolGroupingTerminalEnabled":true,"toolGroupingChangesEnabled":false,"zcodeInteractionBehavior":"queue","askUserQuestionAutoResolutionEnabled":true,"modelIoFullRetentionEnabled":false,"optimizeAgentExperienceEnabled":false,"optimizeAgentExperienceMigrationInitialized":true,"enabledBuiltinAgentCliProviders":["glm"],"modelProviderFamilyModes":{"zai":"oauth"},"modelProviderFamilySelectedKeys":{"zai":"coding-plan:builtin:zai-start-plan"},"providerFamilyDomain":"zai","providerFamilyDomainUpdatedAt":1787116588334,"providerFamilyDomainMigrated":true,"repoSnapshotIndexingEnabled":false,"instantGrepIndexingEnabled":false,"nativeSearchEnhancementsEnabled":true,"memoryEnabled":false,"lastWorkspaceSession":[{"kind":"local","workspacePath":"C:\\Users\\llh04\\Desktop\\小说","workspacePurpose":"project"},{"kind":"local","workspacePath":"D:\\公考","workspacePurpose":"project"},{"kind":"local","workspacePath":"C:\\Users\\llh04\\.zcode\\workspace\\default","workspacePurpose":"conversation"}],"lastActiveTabIndex":0,"pendingPostUpdateReleaseNotes":{"version":"3.9.1","title":"Release v3.9.1","markdown":"## 新功能\n\n- 优化模型配置选项页面\n- 默认展示思考过程及实时耗时\n\n## 问题修复\n\n- 修复截图和网页工具图片在部分网关中无法显示的问题\n- 修复单冒号文件引用无法识别的问题","releaseDate":"2026-08-23T02:22:17.074Z","releaseNotesByLocale":{"zh-CN":{"title":"Release v3.9.1","markdown":"## 新功能\n\n- 优化模型配置选项页面\n- 默认展示思考过程及实时耗时\n\n## 问题修复\n\n- 修复截图和网页工具图片在部分网关中无法显示的问题\n- 修复单冒号文件引用无法识别的问题"},"en-US":{"title":"Release v3.9.1","markdown":"## New Features\n\n- Optimize the model configuration options page\n- By default, the thinking process and real-time time consumption are displayed\n\n## Issue Fix\n\n- Fixed the issue where screenshots and web tool images could not be displayed in some gateways\n- Fixed the issue where single-colon file references could not be recognized"}}},"receivePreviewUpdates":false,"autoDownloadAndInstallUpdates":true,"skippedElectronUpdateVersions":{},"settingsSyncFirstRunPromptHandled":true}
[2026-08-23 17:35:55.713] [info] [pid:4468] [main] [host-log] (local-1) [host] [2026-08-23 17:35:55.712] [pid:33160] [settingService] write done
[2026-08-23 17:35:55.713] [info] [pid:4468] [main] [host-log] (local-1) [host] [2026-08-23 17:35:55.712] [pid:33160] [zcode-host] [rpc:call] setting.update OK (3.5ms)
[2026-08-23 17:36:24.474] [info] [pid:4468] [main] [host-log] (local-1) [host] [2026-08-23 17:36:24.474] [pid:33160] [zcode-host] [rpc:call] off-peak-task.list OK (0.2ms)
[2026-08-23 17:36:37.334] [info] [pid:4468] [main] [host-log] (local-1) [host] [2026-08-23 17:36:37.334] [pid:33160] [zcode-agent-service][trace:bae79b6c-4719-4cb1-938d-b402e5641847] 开始请求 ZCode Protocol session/resume {"hasRuntimeModel":false,"mcpServerCount":0,"mcpServerNames":[],"modelHint":null,"runtimeModel":null,"sessionId":"sess_9ac9f47e-224c-4ada-b806-e8c7d75367a5","workspaceKey":"C:\\Users\\llh04\\Desktop\\小说","workspacePath":"C:\\Users\\llh04\\Desktop\\小说"}
[2026-08-23 17:36:37.648] [info] [pid:4468] [main] [host-log] (local-1) [host] [2026-08-23 17:36:37.647] [pid:33160] [zcode-agent-service][trace:bae79b6c-4719-4cb1-938d-b402e5641847] ZCode Protocol session/resume 完成 {"durationMs":316,"hasRuntimeModel":false,"messageCount":45,"modelCurrent":"3a57ef88-16c9-48c9-af35-067641626862/ox-alpha","mcpServerCount":0,"sessionId":"sess_9ac9f47e-224c-4ada-b806-e8c7d75367a5","snapshotTraceId":"bae79b6c-4719-4cb1-938d-b402e5641847","workspaceKey":"C:\\Users\\llh04\\Desktop\\小说","workspacePath":"C:\\Users\\llh04\\Desktop\\小说"}
[2026-08-23 17:36:54.473] [info] [pid:4468] [main] [host-log] (local-1) [host] [2026-08-23 17:36:54.472] [pid:33160] [zcode-host] [rpc:call] off-peak-task.list OK (0.3ms)
[2026-08-23 17:37:24.473] [info] [pid:4468] [main] [host-log] (local-1) [host] [2026-08-23 17:37:24.471] [pid:33160] [zcode-host] [rpc:call] off-peak-task.list OK (0.1ms)
[2026-08-23 17:37:26.237] [info] [pid:4468] [main] [host-log] (local-1) [host] [2026-08-23 17:37:26.237] [pid:33160] [settingService] writing settings to: C:\Users\llh04\.zcode\v2\setting.json {"recentProjects":["C:\\Users\\llh04\\Desktop\\小说","D:\\公考","D:\\公考\\图形推理详解"],"locale":"zh-CN","localePreference":"zh-CN","terminalInheritSystemProfile":true,"embeddedBrowserAllowInsecureCertificates":false,"taskAutoArchiveEnabled":false,"taskAutoArchiveOlderThanDays":7,"closeToTrayOnWindows":true,"closeToTrayOnWindowsMigrationInitialized":true,"keepAwakeWhileRunning":false,"desktopWindowSize":{"width":1200,"height":800,"maximized":true},"desktopChromiumHardwareAccelerationEnabled":true,"messageStreamShowReasoning":false,"messageStreamShowTodos":false,"toolGroupingExploreEnabled":true,"toolGroupingTerminalEnabled":true,"toolGroupingChangesEnabled":false,"zcodeInteractionBehavior":"queue","askUserQuestionAutoResolutionEnabled":true,"modelIoFullRetentionEnabled":false,"optimizeAgentExperienceEnabled":false,"optimizeAgentExperienceMigrationInitialized":true,"enabledBuiltinAgentCliProviders":["glm"],"modelProviderFamilyModes":{"zai":"oauth"},"modelProviderFamilySelectedKeys":{"zai":"coding-plan:builtin:zai-start-plan"},"providerFamilyDomain":"zai","providerFamilyDomainUpdatedAt":1787116588334,"providerFamilyDomainMigrated":true,"repoSnapshotIndexingEnabled":false,"instantGrepIndexingEnabled":false,"nativeSearchEnhancementsEnabled":true,"memoryEnabled":false,"lastWorkspaceSession":[{"kind":"local","workspacePath":"C:\\Users\\llh04\\Desktop\\小说","workspacePurpose":"project"},{"kind":"local","workspacePath":"D:\\公考","workspacePurpose":"project"},{"kind":"local","workspacePath":"C:\\Users\\llh04\\.zcode\\workspace\\default","workspacePurpose":"conversation"}],"lastActiveTabIndex":0,"pendingPostUpdateReleaseNotes":{"version":"3.9.1","title":"Release v3.9.1","markdown":"## 新功能\n\n- 优化模型配置选项页面\n- 默认展示思考过程及实时耗时\n\n## 问题修复\n\n- 修复截图和网页工具图片在部分网关中无法显示的问题\n- 修复单冒号文件引用无法识别的问题","releaseDate":"2026-08-23T02:22:17.074Z","releaseNotesByLocale":{"zh-CN":{"title":"Release v3.9.1","markdown":"## 新功能\n\n- 优化模型配置选项页面\n- 默认展示思考过程及实时耗时\n\n## 问题修复\n\n- 修复截图和网页工具图片在部分网关中无法显示的问题\n- 修复单冒号文件引用无法识别的问题"},"en-US":{"title":"Release v3.9.1","markdown":"## New Features\n\n- Optimize the model configuration options page\n- By default, the thinking process and real-time time consumption are displayed\n\n## Issue Fix\n\n- Fixed the issue where screenshots and web tool images could not be displayed in some gateways\n- Fixed the issue where single-colon file references could not be recognized"}}},"receivePreviewUpdates":false,"autoDownloadAndInstallUpdates":true,"skippedElectronUpdateVersions":{},"settingsSyncFirstRunPromptHandled":true}
[2026-08-23 17:37:26.240] [info] [pid:4468] [main] [host-log] (local-1) [host] [2026-08-23 17:37:26.240] [pid:33160] [settingService] write done
[2026-08-23 17:37:26.240] [info] [pid:4468] [main] [host-log] (local-1) [host] [2026-08-23 17:37:26.240] [pid:33160] [zcode-host] [rpc:call] setting.update OK (3.8ms)
[2026-08-23 17:37:28.535] [info] [pid:4468] [main] [host-log] (local-1) [host] [2026-08-23 17:37:28.534] [pid:33160] [settingService] writing settings to: C:\Users\llh04\.zcode\v2\setting.json {"recentProjects":["C:\\Users\\llh04\\Desktop\\小说","D:\\公考","D:\\公考\\图形推理详解"],"locale":"zh-CN","localePreference":"zh-CN","terminalInheritSystemProfile":true,"embeddedBrowserAllowInsecureCertificates":false,"taskAutoArchiveEnabled":false,"taskAutoArchiveOlderThanDays":7,"closeToTrayOnWindows":true,"closeToTrayOnWindowsMigrationInitialized":true,"keepAwakeWhileRunning":false,"desktopWindowSize":{"width":1200,"height":800,"maximized":true},"desktopChromiumHardwareAccelerationEnabled":true,"messageStreamShowReasoning":false,"messageStreamShowTodos":false,"toolGroupingExploreEnabled":true,"toolGroupingTerminalEnabled":true,"toolGroupingChangesEnabled":false,"zcodeInteractionBehavior":"queue","askUserQuestionAutoResolutionEnabled":true,"modelIoFullRetentionEnabled":false,"optimizeAgentExperienceEnabled":false,"optimizeAgentExperienceMigrationInitialized":true,"enabledBuiltinAgentCliProviders":["glm"],"modelProviderFamilyModes":{"zai":"oauth"},"modelProviderFamilySelectedKeys":{"zai":"coding-plan:builtin:zai-start-plan"},"providerFamilyDomain":"zai","providerFamilyDomainUpdatedAt":1787116588334,"providerFamilyDomainMigrated":true,"repoSnapshotIndexingEnabled":false,"instantGrepIndexingEnabled":false,"nativeSearchEnhancementsEnabled":true,"memoryEnabled":false,"lastWorkspaceSession":[{"kind":"local","workspacePath":"C:\\Users\\llh04\\Desktop\\小说","workspacePurpose":"project"},{"kind":"local","workspacePath":"D:\\公考","workspacePurpose":"project"},{"kind":"local","workspacePath":"C:\\Users\\llh04\\.zcode\\workspace\\default","workspacePurpose":"conversation"}],"lastActiveTabIndex":0,"pendingPostUpdateReleaseNotes":{"version":"3.9.1","title":"Release v3.9.1","markdown":"## 新功能\n\n- 优化模型配置选项页面\n- 默认展示思考过程及实时耗时\n\n## 问题修复\n\n- 修复截图和网页工具图片在部分网关中无法显示的问题\n- 修复单冒号文件引用无法识别的问题","releaseDate":"2026-08-23T02:22:17.074Z","releaseNotesByLocale":{"zh-CN":{"title":"Release v3.9.1","markdown":"## 新功能\n\n- 优化模型配置选项页面\n- 默认展示思考过程及实时耗时\n\n## 问题修复\n\n- 修复截图和网页工具图片在部分网关中无法显示的问题\n- 修复单冒号文件引用无法识别的问题"},"en-US":{"title":"Release v3.9.1","markdown":"## New Features\n\n- Optimize the model configuration options page\n- By default, the thinking process and real-time time consumption are displayed\n\n## Issue Fix\n\n- Fixed the issue where screenshots and web tool images could not be displayed in some gateways\n- Fixed the issue where single-colon file references could not be recognized"}}},"receivePreviewUpdates":false,"autoDownloadAndInstallUpdates":true,"skippedElectronUpdateVersions":{},"settingsSyncFirstRunPromptHandled":true}
[2026-08-23 17:37:28.537] [info] [pid:4468] [main] [host-log] (local-1) [host] [2026-08-23 17:37:28.537] [pid:33160] [settingService] write done
[2026-08-23 17:37:28.537] [info] [pid:4468] [main] [host-log] (local-1) [host] [2026-08-23 17:37:28.537] [pid:33160] [zcode-host] [rpc:call] setting.update OK (4.4ms)
[2026-08-23 17:37:30.404] [info] [pid:4468] [main] [host-log] (local-1) [host] [2026-08-23 17:37:30.404] [pid:33160] [settingService] writing settings to: C:\Users\llh04\.zcode\v2\setting.json {"recentProjects":["C:\\Users\\llh04\\Desktop\\小说","D:\\公考","D:\\公考\\图形推理详解"],"locale":"zh-CN","localePreference":"zh-CN","terminalInheritSystemProfile":true,"embeddedBrowserAllowInsecureCertificates":false,"taskAutoArchiveEnabled":false,"taskAutoArchiveOlderThanDays":7,"closeToTrayOnWindows":true,"closeToTrayOnWindowsMigrationInitialized":true,"keepAwakeWhileRunning":false,"desktopWindowSize":{"width":1200,"height":800,"maximized":true},"desktopChromiumHardwareAccelerationEnabled":true,"messageStreamShowReasoning":false,"messageStreamShowTodos":false,"toolGroupingExploreEnabled":true,"toolGroupingTerminalEnabled":true,"toolGroupingChangesEnabled":false,"zcodeInteractionBehavior":"queue","askUserQuestionAutoResolutionEnabled":true,"modelIoFullRetentionEnabled":false,"optimizeAgentExperienceEnabled":false,"optimizeAgentExperienceMigrationInitialized":true,"enabledBuiltinAgentCliProviders":["glm"],"modelProviderFamilyModes":{"zai":"oauth"},"modelProviderFamilySelectedKeys":{"zai":"coding-plan:builtin:zai-start-plan"},"providerFamilyDomain":"zai","providerFamilyDomainUpdatedAt":1787116588334,"providerFamilyDomainMigrated":true,"repoSnapshotIndexingEnabled":false,"instantGrepIndexingEnabled":false,"nativeSearchEnhancementsEnabled":true,"memoryEnabled":false,"lastWorkspaceSession":[{"kind":"local","workspacePath":"C:\\Users\\llh04\\Desktop\\小说","workspacePurpose":"project"},{"kind":"local","workspacePath":"D:\\公考","workspacePurpose":"project"},{"kind":"local","workspacePath":"C:\\Users\\llh04\\.zcode\\workspace\\default","workspacePurpose":"conversation"}],"lastActiveTabIndex":0,"pendingPostUpdateReleaseNotes":{"version":"3.9.1","title":"Release v3.9.1","markdown":"## 新功能\n\n- 优化模型配置选项页面\n- 默认展示思考过程及实时耗时\n\n## 问题修复\n\n- 修复截图和网页工具图片在部分网关中无法显示的问题\n- 修复单冒号文件引用无法识别的问题","releaseDate":"2026-08-23T02:22:17.074Z","releaseNotesByLocale":{"zh-CN":{"title":"Release v3.9.1","markdown":"## 新功能\n\n- 优化模型配置选项页面\n- 默认展示思考过程及实时耗时\n\n## 问题修复\n\n- 修复截图和网页工具图片在部分网关中无法显示的问题\n- 修复单冒号文件引用无法识别的问题"},"en-US":{"title":"Release v3.9.1","markdown":"## New Features\n\n- Optimize the model configuration options page\n- By default, the thinking process and real-time time consumption are displayed\n\n## Issue Fix\n\n- Fixed the issue where screenshots and web tool images could not be displayed in some gateways\n- Fixed the issue where single-colon file references could not be recognized"}}},"receivePreviewUpdates":false,"autoDownloadAndInstallUpdates":true,"skippedElectronUpdateVersions":{},"settingsSyncFirstRunPromptHandled":true}
[2026-08-23 17:37:30.408] [info] [pid:4468] [main] [host-log] (local-1) [host] [2026-08-23 17:37:30.407] [pid:33160] [settingService] write done
[2026-08-23 17:37:30.409] [info] [pid:4468] [main] [host-log] (local-1) [host] [2026-08-23 17:37:30.407] [pid:33160] [zcode-host] [rpc:call] setting.update OK (4.2ms)
[2026-08-23 17:37:32.320] [info] [pid:4468] [main] [host-log] (local-1) [host] [2026-08-23 17:37:32.320] [pid:33160] [settingService] writing settings to: C:\Users\llh04\.zcode\v2\setting.json {"recentProjects":["C:\\Users\\llh04\\Desktop\\小说","D:\\公考","D:\\公考\\图形推理详解"],"locale":"zh-CN","localePreference":"zh-CN","terminalInheritSystemProfile":true,"embeddedBrowserAllowInsecureCertificates":false,"taskAutoArchiveEnabled":false,"taskAutoArchiveOlderThanDays":7,"closeToTrayOnWindows":true,"closeToTrayOnWindowsMigrationInitialized":true,"keepAwakeWhileRunning":false,"desktopWindowSize":{"width":1200,"height":800,"maximized":true},"desktopChromiumHardwareAccelerationEnabled":true,"messageStreamShowReasoning":false,"messageStreamShowTodos":false,"toolGroupingExploreEnabled":true,"toolGroupingTerminalEnabled":true,"toolGroupingChangesEnabled":false,"zcodeInteractionBehavior":"queue","askUserQuestionAutoResolutionEnabled":true,"modelIoFullRetentionEnabled":false,"optimizeAgentExperienceEnabled":false,"optimizeAgentExperienceMigrationInitialized":true,"enabledBuiltinAgentCliProviders":["glm"],"modelProviderFamilyModes":{"zai":"oauth"},"modelProviderFamilySelectedKeys":{"zai":"coding-plan:builtin:zai-start-plan"},"providerFamilyDomain":"zai","providerFamilyDomainUpdatedAt":1787116588334,"providerFamilyDomainMigrated":true,"repoSnapshotIndexingEnabled":false,"instantGrepIndexingEnabled":false,"nativeSearchEnhancementsEnabled":true,"memoryEnabled":false,"lastWorkspaceSession":[{"kind":"local","workspacePath":"C:\\Users\\llh04\\Desktop\\小说","workspacePurpose":"project"},{"kind":"local","workspacePath":"D:\\公考","workspacePurpose":"project"},{"kind":"local","workspacePath":"C:\\Users\\llh04\\.zcode\\workspace\\default","workspacePurpose":"conversation"}],"lastActiveTabIndex":0,"pendingPostUpdateReleaseNotes":{"version":"3.9.1","title":"Release v3.9.1","markdown":"## 新功能\n\n- 优化模型配置选项页面\n- 默认展示思考过程及实时耗时\n\n## 问题修复\n\n- 修复截图和网页工具图片在部分网关中无法显示的问题\n- 修复单冒号文件引用无法识别的问题","releaseDate":"2026-08-23T02:22:17.074Z","releaseNotesByLocale":{"zh-CN":{"title":"Release v3.9.1","markdown":"## 新功能\n\n- 优化模型配置选项页面\n- 默认展示思考过程及实时耗时\n\n## 问题修复\n\n- 修复截图和网页工具图片在部分网关中无法显示的问题\n- 修复单冒号文件引用无法识别的问题"},"en-US":{"title":"Release v3.9.1","markdown":"## New Features\n\n- Optimize the model configuration options page\n- By default, the thinking process and real-time time consumption are displayed\n\n## Issue Fix\n\n- Fixed the issue where screenshots and web tool images could not be displayed in some gateways\n- Fixed the issue where single-colon file references could not be recognized"}}},"receivePreviewUpdates":false,"autoDownloadAndInstallUpdates":true,"skippedElectronUpdateVersions":{},"settingsSyncFirstRunPromptHandled":true}
[2026-08-23 17:37:32.323] [info] [pid:4468] [main] [host-log] (local-1) [host] [2026-08-23 17:37:32.323] [pid:33160] [settingService] write done
[2026-08-23 17:37:32.324] [info] [pid:4468] [main] [host-log] (local-1) [host] [2026-08-23 17:37:32.323] [pid:33160] [zcode-host] [rpc:call] setting.update OK (4.1ms)
[2026-08-23 17:37:54.471] [info] [pid:4468] [main] [host-log] (local-1) [host] [2026-08-23 17:37:54.469] [pid:33160] [zcode-host] [rpc:call] off-peak-task.list OK (0.4ms)
[2026-08-23 17:38:09.597] [info] [pid:4468] [main] [host-log] (local-1) [host] [2026-08-23 17:38:09.597] [pid:33160] [settingService] writing settings to: C:\Users\llh04\.zcode\v2\setting.json {"recentProjects":["C:\\Users\\llh04\\Desktop\\小说","D:\\公考","D:\\公考\\图形推理详解"],"locale":"zh-CN","localePreference":"zh-CN","terminalInheritSystemProfile":true,"embeddedBrowserAllowInsecureCertificates":false,"taskAutoArchiveEnabled":false,"taskAutoArchiveOlderThanDays":7,"closeToTrayOnWindows":true,"closeToTrayOnWindowsMigrationInitialized":true,"keepAwakeWhileRunning":false,"desktopWindowSize":{"width":1200,"height":800,"maximized":true},"desktopChromiumHardwareAccelerationEnabled":true,"messageStreamShowReasoning":false,"messageStreamShowTodos":false,"toolGroupingExploreEnabled":true,"toolGroupingTerminalEnabled":true,"toolGroupingChangesEnabled":false,"zcodeInteractionBehavior":"queue","askUserQuestionAutoResolutionEnabled":true,"modelIoFullRetentionEnabled":false,"optimizeAgentExperienceEnabled":false,"optimizeAgentExperienceMigrationInitialized":true,"enabledBuiltinAgentCliProviders":["glm"],"modelProviderFamilyModes":{"zai":"oauth"},"modelProviderFamilySelectedKeys":{"zai":"coding-plan:builtin:zai-start-plan"},"providerFamilyDomain":"zai","providerFamilyDomainUpdatedAt":1787116588334,"providerFamilyDomainMigrated":true,"repoSnapshotIndexingEnabled":false,"instantGrepIndexingEnabled":false,"nativeSearchEnhancementsEnabled":true,"memoryEnabled":false,"lastWorkspaceSession":[{"kind":"local","workspacePath":"C:\\Users\\llh04\\Desktop\\小说","workspacePurpose":"project"},{"kind":"local","workspacePath":"D:\\公考","workspacePurpose":"project"},{"kind":"local","workspacePath":"C:\\Users\\llh04\\.zcode\\workspace\\default","workspacePurpose":"conversation"}],"lastActiveTabIndex":0,"pendingPostUpdateReleaseNotes":{"version":"3.9.1","title":"Release v3.9.1","markdown":"## 新功能\n\n- 优化模型配置选项页面\n- 默认展示思考过程及实时耗时\n\n## 问题修复\n\n- 修复截图和网页工具图片在部分网关中无法显示的问题\n- 修复单冒号文件引用无法识别的问题","releaseDate":"2026-08-23T02:22:17.074Z","releaseNotesByLocale":{"zh-CN":{"title":"Release v3.9.1","markdown":"## 新功能\n\n- 优化模型配置选项页面\n- 默认展示思考过程及实时耗时\n\n## 问题修复\n\n- 修复截图和网页工具图片在部分网关中无法显示的问题\n- 修复单冒号文件引用无法识别的问题"},"en-US":{"title":"Release v3.9.1","markdown":"## New Features\n\n- Optimize the model configuration options page\n- By default, the thinking process and real-time time consumption are displayed\n\n## Issue Fix\n\n- Fixed the issue where screenshots and web tool images could not be displayed in some gateways\n- Fixed the issue where single-colon file references could not be recognized"}}},"receivePreviewUpdates":false,"autoDownloadAndInstallUpdates":true,"skippedElectronUpdateVersions":{},"settingsSyncFirstRunPromptHandled":true}
[2026-08-23 17:38:09.602] [info] [pid:4468] [main] [host-log] (local-1) [host] [2026-08-23 17:38:09.602] [pid:33160] [settingService] write done
[2026-08-23 17:38:09.603] [info] [pid:4468] [main] [host-log] (local-1) [host] [2026-08-23 17:38:09.602] [pid:33160] [zcode-host] [rpc:call] setting.update OK (6.5ms)
[2026-08-23 17:38:24.468] [info] [pid:4468] [main] [host-log] (local-1) [host] [2026-08-23 17:38:24.468] [pid:33160] [zcode-host] [rpc:call] off-peak-task.list OK (0.1ms)
[2026-08-23 17:38:54.596] [info] [pid:4468] [main] [host-log] (local-1) [host] [2026-08-23 17:38:54.596] [pid:33160] [zcode-host] [rpc:call] off-peak-task.list OK (0.2ms)
[2026-08-23 17:39:24.591] [info] [pid:4468] [main] [host-log] (local-1) [host] [2026-08-23 17:39:24.592] [pid:33160] [zcode-host] [rpc:call] off-peak-task.list OK (0.2ms)
[2026-08-23 17:39:59.266] [info] [pid:4468] [main] [resource] perf_resource window flushed
[2026-08-23 17:39:59.274] [info] [pid:4468] [main] [network] perf_network flushed interfaces=6
[2026-08-23 17:40:34.585] [info] [pid:4468] [main] [host-log] (local-1) [host] [2026-08-23 17:40:34.584] [pid:33160] [zcode-host] [rpc:call] off-peak-task.list OK (0.1ms)
[2026-08-23 17:41:34.590] [info] [pid:4468] [main] [host-log] (local-1) [host] [2026-08-23 17:41:34.590] [pid:33160] [zcode-host] [rpc:call] off-peak-task.list OK (0.2ms)
[2026-08-23 17:42:34.590] [info] [pid:4468] [main] [host-log] (local-1) [host] [2026-08-23 17:42:34.590] [pid:33160] [zcode-host] [rpc:call] off-peak-task.list OK (0.2ms)
[2026-08-23 17:43:34.701] [info] [pid:4468] [main] [host-log] (local-1) [host] [2026-08-23 17:43:34.700] [pid:33160] [zcode-host] [rpc:call] off-peak-task.list OK (0.1ms)
[2026-08-23 17:44:34.596] [info] [pid:4468] [main] [host-log] (local-1) [host] [2026-08-23 17:44:34.596] [pid:33160] [zcode-host] [rpc:call] off-peak-task.list OK (0.1ms)
[2026-08-23 17:44:59.267] [info] [pid:4468] [main] [resource] perf_resource window flushed
[2026-08-23 17:44:59.268] [info] [pid:4468] [main] [network] perf_network flushed interfaces=1
[2026-08-23 17:45:34.597] [info] [pid:4468] [main] [host-log] (local-1) [host] [2026-08-23 17:45:34.596] [pid:33160] [zcode-host] [rpc:call] off-peak-task.list OK (0.2ms)
[2026-08-23 17:46:24.960] [info] [pid:4468] [main] [host-log] (local-1) [host] [2026-08-23 17:46:24.957] [pid:33160] [zcode-agent-service][trace:bae79b6c-4719-4cb1-938d-b402e5641847] 开始请求 ZCode Protocol session/resume {"hasRuntimeModel":false,"mcpServerCount":0,"mcpServerNames":[],"modelHint":null,"runtimeModel":null,"sessionId":"sess_9ac9f47e-224c-4ada-b806-e8c7d75367a5","workspaceKey":"C:\\Users\\llh04\\Desktop\\小说","workspacePath":"C:\\Users\\llh04\\Desktop\\小说"}
[2026-08-23 17:46:25.285] [info] [pid:4468] [main] [host-log] (local-1) [host] [2026-08-23 17:46:25.284] [pid:33160] [zcode-agent-service][trace:bae79b6c-4719-4cb1-938d-b402e5641847] ZCode Protocol session/resume 完成 {"durationMs":330,"hasRuntimeModel":false,"messageCount":63,"modelCurrent":"3a57ef88-16c9-48c9-af35-067641626862/ox-alpha","mcpServerCount":0,"sessionId":"sess_9ac9f47e-224c-4ada-b806-e8c7d75367a5","snapshotTraceId":"bae79b6c-4719-4cb1-938d-b402e5641847","workspaceKey":"C:\\Users\\llh04\\Desktop\\小说","workspacePath":"C:\\Users\\llh04\\Desktop\\小说"}
[2026-08-23 17:46:25.299] [info] [pid:4468] [main] [host-log] (local-1) [host] [2026-08-23 17:46:25.298] [pid:33160] [zcode-host] [rpc:call] zcode-agent.conversationFileChangesV4 OK (107.5ms)
[2026-08-23 17:46:25.306] [info] [pid:4468] [main] [host-log] (local-1) [host] [2026-08-23 17:46:25.306] [pid:33160] [zcode-host] [rpc:call] file.checkFilesExist OK (3.4ms)
[2026-08-23 17:46:25.444] [info] [pid:4468] [main] [host-log] (local-1) [host] [2026-08-23 17:46:25.444] [pid:33160] [zcode-host] [rpc:call] off-peak-task.list OK (0.2ms)
[2026-08-23 17:46:54.466] [info] [pid:4468] [main] [host-log] (local-1) [host] [2026-08-23 17:46:54.466] [pid:33160] [zcode-host] [rpc:call] off-peak-task.list OK (0.2ms)
[2026-08-23 17:47:34.585] [info] [pid:4468] [main] [host-log] (local-1) [host] [2026-08-23 17:47:34.583] [pid:33160] [zcode-host] [rpc:call] off-peak-task.list OK (0.2ms)
[2026-08-23 17:48:34.584] [info] [pid:4468] [main] [host-log] (local-1) [host] [2026-08-23 17:48:34.576] [pid:33160] [zcode-host] [rpc:call] off-peak-task.list OK (0.2ms)
[2026-08-23 17:49:34.590] [info] [pid:4468] [main] [host-log] (local-1) [host] [2026-08-23 17:49:34.586] [pid:33160] [zcode-host] [rpc:call] off-peak-task.list OK (0.2ms)
[2026-08-23 17:49:59.273] [info] [pid:4468] [main] [resource] perf_resource window flushed
[2026-08-23 17:49:59.280] [info] [pid:4468] [main] [network] perf_network flushed interfaces=3
[2026-08-23 17:50:34.592] [info] [pid:4468] [main] [host-log] (local-1) [host] [2026-08-23 17:50:34.582] [pid:33160] [zcode-host] [rpc:call] off-peak-task.list OK (0.2ms)
[2026-08-23 17:51:34.590] [info] [pid:4468] [main] [host-log] (local-1) [host] [2026-08-23 17:51:34.584] [pid:33160] [zcode-host] [rpc:call] off-peak-task.list OK (0.2ms)
[2026-08-23 17:52:34.585] [info] [pid:4468] [main] [host-log] (local-1) [host] [2026-08-23 17:52:34.582] [pid:33160] [zcode-host] [rpc:call] off-peak-task.list OK (0.2ms)
[2026-08-23 17:53:34.586] [info] [pid:4468] [main] [host-log] (local-1) [host] [2026-08-23 17:53:34.581] [pid:33160] [zcode-host] [rpc:call] off-peak-task.list OK (0.2ms)
[2026-08-23 17:54:34.574] [info] [pid:4468] [main] [host-log] (local-1) [host] [2026-08-23 17:54:34.572] [pid:33160] [zcode-host] [rpc:call] off-peak-task.list OK (0.2ms)
[2026-08-23 17:54:59.279] [info] [pid:4468] [main] [resource] perf_resource window flushed
[2026-08-23 17:54:59.280] [info] [pid:4468] [main] [network] perf_network flushed interfaces=1
[2026-08-23 17:55:34.589] [info] [pid:4468] [main] [host-log] (local-1) [host] [2026-08-23 17:55:34.579] [pid:33160] [zcode-host] [rpc:call] off-peak-task.list OK (0.2ms)
[2026-08-23 17:56:34.587] [info] [pid:4468] [main] [host-log] (local-1) [host] [2026-08-23 17:56:34.583] [pid:33160] [zcode-host] [rpc:call] off-peak-task.list OK (0.3ms)
[2026-08-23 17:57:10.638] [info] [pid:4468] [main] [host-log] (local-1) [host] [2026-08-23 17:57:10.638] [pid:33160] [zcode-agent-service][trace:bae79b6c-4719-4cb1-938d-b402e5641847] 开始请求 ZCode Protocol session/resume {"hasRuntimeModel":false,"mcpServerCount":0,"mcpServerNames":[],"modelHint":null,"runtimeModel":null,"sessionId":"sess_9ac9f47e-224c-4ada-b806-e8c7d75367a5","workspaceKey":"C:\\Users\\llh04\\Desktop\\小说","workspacePath":"C:\\Users\\llh04\\Desktop\\小说"}
[2026-08-23 17:57:11.008] [info] [pid:4468] [main] [host-log] (local-1) [host] [2026-08-23 17:57:11.007] [pid:33160] [zcode-agent-service][trace:bae79b6c-4719-4cb1-938d-b402e5641847] ZCode Protocol session/resume 完成 {"durationMs":371,"hasRuntimeModel":false,"messageCount":98,"modelCurrent":"3a57ef88-16c9-48c9-af35-067641626862/ox-alpha","mcpServerCount":0,"sessionId":"sess_9ac9f47e-224c-4ada-b806-e8c7d75367a5","snapshotTraceId":"bae79b6c-4719-4cb1-938d-b402e5641847","workspaceKey":"C:\\Users\\llh04\\Desktop\\小说","workspacePath":"C:\\Users\\llh04\\Desktop\\小说"}
[2026-08-23 17:57:11.704] [info] [pid:4468] [main] [host-log] (local-1) [host] [2026-08-23 17:57:11.704] [pid:33160] [zcode-host] [rpc:call] off-peak-task.list OK (0.2ms)
[2026-08-23 17:57:24.476] [info] [pid:4468] [main] [host-log] (local-1) [host] [2026-08-23 17:57:24.476] [pid:33160] [zcode-host] [rpc:call] off-peak-task.list OK (0.2ms)
[2026-08-23 17:58:34.591] [info] [pid:4468] [main] [host-log] (local-1) [host] [2026-08-23 17:58:34.587] [pid:33160] [zcode-host] [rpc:call] off-peak-task.list OK (0.6ms)
[2026-08-23 17:59:06.219] [info] [pid:4468] [main] [host-log] (local-1) [host] [2026-08-23 17:59:06.219] [pid:33160] [zcode-agent-service][trace:bae79b6c-4719-4cb1-938d-b402e5641847] 开始请求 ZCode Protocol session/resume {"hasRuntimeModel":false,"mcpServerCount":0,"mcpServerNames":[],"modelHint":null,"runtimeModel":null,"sessionId":"sess_9ac9f47e-224c-4ada-b806-e8c7d75367a5","workspaceKey":"C:\\Users\\llh04\\Desktop\\小说","workspacePath":"C:\\Users\\llh04\\Desktop\\小说"}
[2026-08-23 17:59:06.550] [info] [pid:4468] [main] [host-log] (local-1) [host] [2026-08-23 17:59:06.549] [pid:33160] [zcode-agent-service][trace:bae79b6c-4719-4cb1-938d-b402e5641847] ZCode Protocol session/resume 完成 {"durationMs":332,"hasRuntimeModel":false,"messageCount":101,"modelCurrent":"3a57ef88-16c9-48c9-af35-067641626862/ox-alpha","mcpServerCount":0,"sessionId":"sess_9ac9f47e-224c-4ada-b806-e8c7d75367a5","snapshotTraceId":"bae79b6c-4719-4cb1-938d-b402e5641847","workspaceKey":"C:\\Users\\llh04\\Desktop\\小说","workspacePath":"C:\\Users\\llh04\\Desktop\\小说"}
[2026-08-23 17:59:07.131] [info] [pid:4468] [main] [host-log] (local-1) [host] [2026-08-23 17:59:07.130] [pid:33160] [zcode-host] [rpc:call] off-peak-task.list OK (0.2ms)
[2026-08-23 17:59:24.476] [info] [pid:4468] [main] [host-log] (local-1) [host] [2026-08-23 17:59:24.475] [pid:33160] [zcode-host] [rpc:call] off-peak-task.list OK (0.1ms)
[2026-08-23 17:59:59.301] [info] [pid:4468] [main] [resource] perf_resource window flushed
[2026-08-23 17:59:59.302] [info] [pid:4468] [main] [network] perf_network flushed interfaces=1
[2026-08-23 18:00:34.582] [info] [pid:4468] [main] [host-log] (local-1) [host] [2026-08-23 18:00:34.581] [pid:33160] [zcode-host] [rpc:call] off-peak-task.list OK (0.4ms)
[2026-08-23 18:01:34.575] [info] [pid:4468] [main] [host-log] (local-1) [host] [2026-08-23 18:01:34.573] [pid:33160] [zcode-host] [rpc:call] off-peak-task.list OK (0.2ms)
[2026-08-23 18:02:34.580] [info] [pid:4468] [main] [host-log] (local-1) [host] [2026-08-23 18:02:34.576] [pid:33160] [zcode-host] [rpc:call] off-peak-task.list OK (0.2ms)
[2026-08-23 18:03:34.581] [info] [pid:4468] [main] [host-log] (local-1) [host] [2026-08-23 18:03:34.578] [pid:33160] [zcode-host] [rpc:call] off-peak-task.list OK (0.2ms)
[2026-08-23 18:04:34.576] [info] [pid:4468] [main] [host-log] (local-1) [host] [2026-08-23 18:04:34.574] [pid:33160] [zcode-host] [rpc:call] off-peak-task.list OK (0.2ms)
[2026-08-23 18:04:59.309] [info] [pid:4468] [main] [resource] perf_resource window flushed
[2026-08-23 18:04:59.310] [info] [pid:4468] [main] [network] perf_network flushed interfaces=1
[2026-08-23 18:05:34.577] [info] [pid:4468] [main] [host-log] (local-1) [host] [2026-08-23 18:05:34.574] [pid:33160] [zcode-host] [rpc:call] off-peak-task.list OK (0.2ms)
[2026-08-23 18:06:34.588] [info] [pid:4468] [main] [host-log] (local-1) [host] [2026-08-23 18:06:34.580] [pid:33160] [zcode-host] [rpc:call] off-peak-task.list OK (0.3ms)
[2026-08-23 18:07:34.577] [info] [pid:4468] [main] [host-log] (local-1) [host] [2026-08-23 18:07:34.571] [pid:33160] [zcode-host] [rpc:call] off-peak-task.list OK (0.2ms)
[2026-08-23 18:08:34.587] [info] [pid:4468] [main] [host-log] (local-1) [host] [2026-08-23 18:08:34.578] [pid:33160] [zcode-host] [rpc:call] off-peak-task.list OK (0.3ms)
[2026-08-23 18:09:34.578] [info] [pid:4468] [main] [host-log] (local-1) [host] [2026-08-23 18:09:34.573] [pid:33160] [zcode-host] [rpc:call] off-peak-task.list OK (0.3ms)
[2026-08-23 18:09:59.310] [info] [pid:4468] [main] [resource] perf_resource window flushed
[2026-08-23 18:09:59.311] [info] [pid:4468] [main] [network] perf_network flushed interfaces=1
[2026-08-23 18:10:34.582] [info] [pid:4468] [main] [host-log] (local-1) [host] [2026-08-23 18:10:34.579] [pid:33160] [zcode-host] [rpc:call] off-peak-task.list OK (0.3ms)
[2026-08-23 18:11:34.580] [info] [pid:4468] [main] [host-log] (local-1) [host] [2026-08-23 18:11:34.578] [pid:33160] [zcode-host] [rpc:call] off-peak-task.list OK (0.3ms)
[2026-08-23 18:12:34.589] [info] [pid:4468] [main] [host-log] (local-1) [host] [2026-08-23 18:12:34.583] [pid:33160] [zcode-host] [rpc:call] off-peak-task.list OK (0.3ms)
[2026-08-23 18:13:34.582] [info] [pid:4468] [main] [host-log] (local-1) [host] [2026-08-23 18:13:34.581] [pid:33160] [zcode-host] [rpc:call] off-peak-task.list OK (0.2ms)
[2026-08-23 18:14:34.579] [info] [pid:4468] [main] [host-log] (local-1) [host] [2026-08-23 18:14:34.576] [pid:33160] [zcode-host] [rpc:call] off-peak-task.list OK (0.2ms)
[2026-08-23 18:14:59.332] [info] [pid:4468] [main] [resource] perf_resource window flushed
[2026-08-23 18:14:59.334] [info] [pid:4468] [main] [network] perf_network flushed interfaces=1
[2026-08-23 18:15:34.590] [info] [pid:4468] [main] [host-log] (local-1) [host] [2026-08-23 18:15:34.587] [pid:33160] [zcode-host] [rpc:call] off-peak-task.list OK (0.3ms)
[2026-08-23 18:16:34.584] [info] [pid:4468] [main] [host-log] (local-1) [host] [2026-08-23 18:16:34.583] [pid:33160] [zcode-host] [rpc:call] off-peak-task.list OK (0.3ms)
[2026-08-23 18:17:34.587] [info] [pid:4468] [main] [host-log] (local-1) [host] [2026-08-23 18:17:34.583] [pid:33160] [zcode-host] [rpc:call] off-peak-task.list OK (0.2ms)
[2026-08-23 18:18:34.575] [info] [pid:4468] [main] [host-log] (local-1) [host] [2026-08-23 18:18:34.571] [pid:33160] [zcode-host] [rpc:call] off-peak-task.list OK (0.3ms)
[2026-08-23 18:19:34.576] [info] [pid:4468] [main] [host-log] (local-1) [host] [2026-08-23 18:19:34.574] [pid:33160] [zcode-host] [rpc:call] off-peak-task.list OK (0.3ms)
[2026-08-23 18:19:59.334] [info] [pid:4468] [main] [resource] perf_resource window flushed
[2026-08-23 18:19:59.336] [info] [pid:4468] [main] [network] perf_network flushed interfaces=1
[2026-08-23 18:20:34.573] [info] [pid:4468] [main] [host-log] (local-1) [host] [2026-08-23 18:20:34.570] [pid:33160] [zcode-host] [rpc:call] off-peak-task.list OK (0.3ms)
[2026-08-23 18:21:34.572] [info] [pid:4468] [main] [host-log] (local-1) [host] [2026-08-23 18:21:34.573] [pid:33160] [zcode-host] [rpc:call] off-peak-task.list OK (0.2ms)
[2026-08-23 18:22:34.574] [info] [pid:4468] [main] [host-log] (local-1) [host] [2026-08-23 18:22:34.570] [pid:33160] [zcode-host] [rpc:call] off-peak-task.list OK (0.5ms)
[2026-08-23 18:23:34.575] [info] [pid:4468] [main] [host-log] (local-1) [host] [2026-08-23 18:23:34.572] [pid:33160] [zcode-host] [rpc:call] off-peak-task.list OK (0.4ms)
[2026-08-23 18:24:34.574] [info] [pid:4468] [main] [host-log] (local-1) [host] [2026-08-23 18:24:34.571] [pid:33160] [zcode-host] [rpc:call] off-peak-task.list OK (0.2ms)
[2026-08-23 18:24:59.327] [info] [pid:4468] [main] [resource] perf_resource window flushed
[2026-08-23 18:24:59.347] [info] [pid:4468] [main] [network] perf_network flushed interfaces=1
[2026-08-23 18:25:34.584] [info] [pid:4468] [main] [host-log] (local-1) [host] [2026-08-23 18:25:34.582] [pid:33160] [zcode-host] [rpc:call] off-peak-task.list OK (0.3ms)
[2026-08-23 18:26:34.589] [info] [pid:4468] [main] [host-log] (local-1) [host] [2026-08-23 18:26:34.589] [pid:33160] [zcode-host] [rpc:call] off-peak-task.list OK (0.2ms)
[2026-08-23 18:27:34.584] [info] [pid:4468] [main] [host-log] (local-1) [host] [2026-08-23 18:27:34.581] [pid:33160] [zcode-host] [rpc:call] off-peak-task.list OK (0.4ms)
[2026-08-23 18:28:34.572] [info] [pid:4468] [main] [host-log] (local-1) [host] [2026-08-23 18:28:34.570] [pid:33160] [zcode-host] [rpc:call] off-peak-task.list OK (0.2ms)
[2026-08-23 18:29:34.572] [info] [pid:4468] [main] [host-log] (local-1) [host] [2026-08-23 18:29:34.570] [pid:33160] [zcode-host] [rpc:call] off-peak-task.list OK (0.2ms)
[2026-08-23 18:29:59.075] [info] [pid:4468] [main] Checking for update
[2026-08-23 18:29:59.075] [info] [pid:4468] [main] [auto-update] checking for update...
[2026-08-23 18:29:59.347] [info] [pid:4468] [main] [resource] perf_resource window flushed
[2026-08-23 18:29:59.349] [info] [pid:4468] [main] [network] perf_network flushed interfaces=1
[2026-08-23 18:29:59.618] [info] [pid:4468] [main] Found version 3.9.1 (url: https://cdn-zcode.z.ai/zcode/electron/releases/3.9.1/windows-x64/ZCode-3.9.1-win-x64.exe)
[2026-08-23 18:29:59.619] [info] [pid:4468] [main] [auto-update] new version available: 3.9.1
[2026-08-23 18:29:59.619] [info] [pid:4468] [main] [auto-update] keep downloaded update version=3.9.1; remote=3.9.1
[2026-08-23 18:30:34.583] [info] [pid:4468] [main] [host-log] (local-1) [host] [2026-08-23 18:30:34.581] [pid:33160] [zcode-host] [rpc:call] off-peak-task.list OK (0.2ms)
[2026-08-23 18:31:34.580] [info] [pid:4468] [main] [host-log] (local-1) [host] [2026-08-23 18:31:34.578] [pid:33160] [zcode-host] [rpc:call] off-peak-task.list OK (0.2ms)
[2026-08-23 18:32:34.585] [info] [pid:4468] [main] [host-log] (local-1) [host] [2026-08-23 18:32:34.584] [pid:33160] [zcode-host] [rpc:call] off-peak-task.list OK (0.2ms)
[2026-08-23 18:33:34.590] [info] [pid:4468] [main] [host-log] (local-1) [host] [2026-08-23 18:33:34.582] [pid:33160] [zcode-host] [rpc:call] off-peak-task.list OK (0.2ms)
[2026-08-23 18:34:34.579] [info] [pid:4468] [main] [host-log] (local-1) [host] [2026-08-23 18:34:34.578] [pid:33160] [zcode-host] [rpc:call] off-peak-task.list OK (0.2ms)
[2026-08-23 18:34:59.364] [info] [pid:4468] [main] [resource] perf_resource window flushed
[2026-08-23 18:34:59.365] [info] [pid:4468] [main] [network] perf_network flushed interfaces=1
[2026-08-23 18:35:30.217] [info] [pid:4468] [main] [host-log] (local-1) [host] [2026-08-23 18:35:30.217] [pid:33160] [zcode-host] [rpc:call] off-peak-task.list OK (0.2ms)
[2026-08-23 18:35:37.642] [info] [pid:4468] [main] [host-log] (local-1) [host] [2026-08-23 18:35:37.642] [pid:33160] [settingService] writing settings to: C:\Users\llh04\.zcode\v2\setting.json {"recentProjects":["C:\\Users\\llh04\\Desktop\\小说","D:\\公考","D:\\公考\\图形推理详解"],"locale":"zh-CN","localePreference":"zh-CN","terminalInheritSystemProfile":true,"embeddedBrowserAllowInsecureCertificates":false,"taskAutoArchiveEnabled":false,"taskAutoArchiveOlderThanDays":7,"closeToTrayOnWindows":true,"closeToTrayOnWindowsMigrationInitialized":true,"keepAwakeWhileRunning":false,"desktopWindowSize":{"width":1200,"height":800,"maximized":true},"desktopChromiumHardwareAccelerationEnabled":true,"messageStreamShowReasoning":false,"messageStreamShowTodos":false,"toolGroupingExploreEnabled":true,"toolGroupingTerminalEnabled":true,"toolGroupingChangesEnabled":false,"zcodeInteractionBehavior":"queue","askUserQuestionAutoResolutionEnabled":true,"modelIoFullRetentionEnabled":false,"optimizeAgentExperienceEnabled":false,"optimizeAgentExperienceMigrationInitialized":true,"enabledBuiltinAgentCliProviders":["glm"],"modelProviderFamilyModes":{"zai":"oauth"},"modelProviderFamilySelectedKeys":{"zai":"coding-plan:builtin:zai-start-plan"},"providerFamilyDomain":"zai","providerFamilyDomainUpdatedAt":1787116588334,"providerFamilyDomainMigrated":true,"repoSnapshotIndexingEnabled":false,"instantGrepIndexingEnabled":false,"nativeSearchEnhancementsEnabled":true,"memoryEnabled":false,"lastWorkspaceSession":[{"kind":"local","workspacePath":"C:\\Users\\llh04\\Desktop\\小说","workspacePurpose":"project"},{"kind":"local","workspacePath":"D:\\公考","workspacePurpose":"project"},{"kind":"local","workspacePath":"C:\\Users\\llh04\\.zcode\\workspace\\default","workspacePurpose":"conversation"}],"lastActiveTabIndex":0,"pendingPostUpdateReleaseNotes":{"version":"3.9.1","title":"Release v3.9.1","markdown":"## 新功能\n\n- 优化模型配置选项页面\n- 默认展示思考过程及实时耗时\n\n## 问题修复\n\n- 修复截图和网页工具图片在部分网关中无法显示的问题\n- 修复单冒号文件引用无法识别的问题","releaseDate":"2026-08-23T02:22:17.074Z","releaseNotesByLocale":{"zh-CN":{"title":"Release v3.9.1","markdown":"## 新功能\n\n- 优化模型配置选项页面\n- 默认展示思考过程及实时耗时\n\n## 问题修复\n\n- 修复截图和网页工具图片在部分网关中无法显示的问题\n- 修复单冒号文件引用无法识别的问题"},"en-US":{"title":"Release v3.9.1","markdown":"## New Features\n\n- Optimize the model configuration options page\n- By default, the thinking process and real-time time consumption are displayed\n\n## Issue Fix\n\n- Fixed the issue where screenshots and web tool images could not be displayed in some gateways\n- Fixed the issue where single-colon file references could not be recognized"}}},"receivePreviewUpdates":false,"autoDownloadAndInstallUpdates":true,"skippedElectronUpdateVersions":{},"settingsSyncFirstRunPromptHandled":true}
[2026-08-23 18:35:37.648] [info] [pid:4468] [main] [host-log] (local-1) [host] [2026-08-23 18:35:37.648] [pid:33160] [settingService] write done
[2026-08-23 18:35:37.649] [info] [pid:4468] [main] [host-log] (local-1) [host] [2026-08-23 18:35:37.648] [pid:33160] [zcode-host] [rpc:call] setting.update OK (13.3ms)
[2026-08-23 18:35:40.086] [debug] [pid:4468] [main] [browser-use] execute start browserId=iab:11931cb9-6b5c-4f3c-868f-c43796aaf40f sessionId=sess_9ac9f47e-224c-4ada-b806-e8c7d75367a5 method=list
[2026-08-23 18:35:40.087] [debug] [pid:4468] [main] [browser-use] execute requestId=67384369-d2d5-4d48-8c8c-c68c5c9f766c browserId=iab:11931cb9-6b5c-4f3c-868f-c43796aaf40f generation=1787463534165 windowId=1 sessionId=sess_9ac9f47e-224c-4ada-b806-e8c7d75367a5 method=list
[2026-08-23 18:35:40.089] [debug] [pid:4468] [main] [browser-use] execute done sessionId=sess_9ac9f47e-224c-4ada-b806-e8c7d75367a5 method=list ok=true elapsedMs=0
[2026-08-23 18:35:40.089] [debug] [pid:4468] [main] [browser-use] execute start browserId=iab:11931cb9-6b5c-4f3c-868f-c43796aaf40f sessionId=sess_9ac9f47e-224c-4ada-b806-e8c7d75367a5 method=listUserTabs
[2026-08-23 18:35:40.090] [debug] [pid:4468] [main] [browser-use] execute requestId=d5637453-2905-4865-be8d-afd8a663fe30 browserId=iab:11931cb9-6b5c-4f3c-868f-c43796aaf40f generation=1787463534165 windowId=1 sessionId=sess_9ac9f47e-224c-4ada-b806-e8c7d75367a5 method=listUserTabs
[2026-08-23 18:35:40.090] [debug] [pid:4468] [main] [browser-use] execute done sessionId=sess_9ac9f47e-224c-4ada-b806-e8c7d75367a5 method=listUserTabs ok=true elapsedMs=0
[2026-08-23 18:35:40.202] [info] [pid:4468] [main] [host-log] (local-1) [host] [2026-08-23 18:35:40.202] [pid:33160] [zcode-host] [rpc:call] zcode-agent.sendConversationCommandV4 OK (121.4ms)
[2026-08-23 18:35:53.867] [info] [pid:4468] [main] [host-log] (local-1) [host] [2026-08-23 18:35:53.867] [pid:33160] [settingService] writing settings to: C:\Users\llh04\.zcode\v2\setting.json {"recentProjects":["C:\\Users\\llh04\\Desktop\\小说","D:\\公考","D:\\公考\\图形推理详解"],"locale":"zh-CN","localePreference":"zh-CN","terminalInheritSystemProfile":true,"embeddedBrowserAllowInsecureCertificates":false,"taskAutoArchiveEnabled":false,"taskAutoArchiveOlderThanDays":7,"closeToTrayOnWindows":true,"closeToTrayOnWindowsMigrationInitialized":true,"keepAwakeWhileRunning":false,"desktopWindowSize":{"width":1200,"height":800,"maximized":true},"desktopChromiumHardwareAccelerationEnabled":true,"messageStreamShowReasoning":false,"messageStreamShowTodos":false,"toolGroupingExploreEnabled":true,"toolGroupingTerminalEnabled":true,"toolGroupingChangesEnabled":false,"zcodeInteractionBehavior":"queue","askUserQuestionAutoResolutionEnabled":true,"modelIoFullRetentionEnabled":false,"optimizeAgentExperienceEnabled":false,"optimizeAgentExperienceMigrationInitialized":true,"enabledBuiltinAgentCliProviders":["glm"],"modelProviderFamilyModes":{"zai":"oauth"},"modelProviderFamilySelectedKeys":{"zai":"coding-plan:builtin:zai-start-plan"},"providerFamilyDomain":"zai","providerFamilyDomainUpdatedAt":1787116588334,"providerFamilyDomainMigrated":true,"repoSnapshotIndexingEnabled":false,"instantGrepIndexingEnabled":false,"nativeSearchEnhancementsEnabled":true,"memoryEnabled":false,"lastWorkspaceSession":[{"kind":"local","workspacePath":"C:\\Users\\llh04\\Desktop\\小说","workspacePurpose":"project"},{"kind":"local","workspacePath":"D:\\公考","workspacePurpose":"project"},{"kind":"local","workspacePath":"C:\\Users\\llh04\\.zcode\\workspace\\default","workspacePurpose":"conversation"}],"lastActiveTabIndex":0,"pendingPostUpdateReleaseNotes":{"version":"3.9.1","title":"Release v3.9.1","markdown":"## 新功能\n\n- 优化模型配置选项页面\n- 默认展示思考过程及实时耗时\n\n## 问题修复\n\n- 修复截图和网页工具图片在部分网关中无法显示的问题\n- 修复单冒号文件引用无法识别的问题","releaseDate":"2026-08-23T02:22:17.074Z","releaseNotesByLocale":{"zh-CN":{"title":"Release v3.9.1","markdown":"## 新功能\n\n- 优化模型配置选项页面\n- 默认展示思考过程及实时耗时\n\n## 问题修复\n\n- 修复截图和网页工具图片在部分网关中无法显示的问题\n- 修复单冒号文件引用无法识别的问题"},"en-US":{"title":"Release v3.9.1","markdown":"## New Features\n\n- Optimize the model configuration options page\n- By default, the thinking process and real-time time consumption are displayed\n\n## Issue Fix\n\n- Fixed the issue where screenshots and web tool images could not be displayed in some gateways\n- Fixed the issue where single-colon file references could not be recognized"}}},"receivePreviewUpdates":false,"autoDownloadAndInstallUpdates":true,"skippedElectronUpdateVersions":{},"settingsSyncFirstRunPromptHandled":true}
[2026-08-23 18:35:53.869] [info] [pid:4468] [main] [host-log] (local-1) [host] [2026-08-23 18:35:53.870] [pid:33160] [settingService] write done
[2026-08-23 18:35:53.870] [info] [pid:4468] [main] [host-log] (local-1) [host] [2026-08-23 18:35:53.870] [pid:33160] [zcode-host] [rpc:call] setting.update OK (4.9ms)
[2026-08-23 18:35:54.464] [info] [pid:4468] [main] [host-log] (local-1) [host] [2026-08-23 18:35:54.465] [pid:33160] [zcode-host] [rpc:call] off-peak-task.list OK (0.1ms)
[2026-08-23 18:35:55.564] [info] [pid:4468] [main] [host-log] (local-1) [host] [2026-08-23 18:35:55.565] [pid:33160] [zcode-host] [rpc:call] zcode-agent.conversationFileChangesV4 OK (42.4ms)
[2026-08-23 18:35:55.599] [info] [pid:4468] [main] [host-log] (local-1) [host] [2026-08-23 18:35:55.599] [pid:33160] [settingService] writing settings to: C:\Users\llh04\.zcode\v2\setting.json {"recentProjects":["C:\\Users\\llh04\\Desktop\\小说","D:\\公考","D:\\公考\\图形推理详解"],"locale":"zh-CN","localePreference":"zh-CN","terminalInheritSystemProfile":true,"embeddedBrowserAllowInsecureCertificates":false,"taskAutoArchiveEnabled":false,"taskAutoArchiveOlderThanDays":7,"closeToTrayOnWindows":true,"closeToTrayOnWindowsMigrationInitialized":true,"keepAwakeWhileRunning":false,"desktopWindowSize":{"width":1200,"height":800,"maximized":true},"desktopChromiumHardwareAccelerationEnabled":true,"messageStreamShowReasoning":false,"messageStreamShowTodos":false,"toolGroupingExploreEnabled":true,"toolGroupingTerminalEnabled":true,"toolGroupingChangesEnabled":false,"zcodeInteractionBehavior":"queue","askUserQuestionAutoResolutionEnabled":true,"modelIoFullRetentionEnabled":false,"optimizeAgentExperienceEnabled":false,"optimizeAgentExperienceMigrationInitialized":true,"enabledBuiltinAgentCliProviders":["glm"],"modelProviderFamilyModes":{"zai":"oauth"},"modelProviderFamilySelectedKeys":{"zai":"coding-plan:builtin:zai-start-plan"},"providerFamilyDomain":"zai","providerFamilyDomainUpdatedAt":1787116588334,"providerFamilyDomainMigrated":true,"repoSnapshotIndexingEnabled":false,"instantGrepIndexingEnabled":false,"nativeSearchEnhancementsEnabled":true,"memoryEnabled":false,"lastWorkspaceSession":[{"kind":"local","workspacePath":"C:\\Users\\llh04\\Desktop\\小说","workspacePurpose":"project"},{"kind":"local","workspacePath":"D:\\公考","workspacePurpose":"project"},{"kind":"local","workspacePath":"C:\\Users\\llh04\\.zcode\\workspace\\default","workspacePurpose":"conversation"}],"lastActiveTabIndex":0,"pendingPostUpdateReleaseNotes":{"version":"3.9.1","title":"Release v3.9.1","markdown":"## 新功能\n\n- 优化模型配置选项页面\n- 默认展示思考过程及实时耗时\n\n## 问题修复\n\n- 修复截图和网页工具图片在部分网关中无法显示的问题\n- 修复单冒号文件引用无法识别的问题","releaseDate":"2026-08-23T02:22:17.074Z","releaseNotesByLocale":{"zh-CN":{"title":"Release v3.9.1","markdown":"## 新功能\n\n- 优化模型配置选项页面\n- 默认展示思考过程及实时耗时\n\n## 问题修复\n\n- 修复截图和网页工具图片在部分网关中无法显示的问题\n- 修复单冒号文件引用无法识别的问题"},"en-US":{"title":"Release v3.9.1","markdown":"## New Features\n\n- Optimize the model configuration options page\n- By default, the thinking process and real-time time consumption are displayed\n\n## Issue Fix\n\n- Fixed the issue where screenshots and web tool images could not be displayed in some gateways\n- Fixed the issue where single-colon file references could not be recognized"}}},"receivePreviewUpdates":false,"autoDownloadAndInstallUpdates":true,"skippedElectronUpdateVersions":{},"settingsSyncFirstRunPromptHandled":true}
[2026-08-23 18:35:55.602] [info] [pid:4468] [main] [host-log] (local-1) [host] [2026-08-23 18:35:55.602] [pid:33160] [settingService] write done
[2026-08-23 18:35:55.602] [info] [pid:4468] [main] [host-log] (local-1) [host] [2026-08-23 18:35:55.602] [pid:33160] [zcode-host] [rpc:call] setting.update OK (3.8ms)
[2026-08-23 18:35:59.261] [info] [pid:4468] [main] [host-log] (local-1) [host] [2026-08-23 18:35:59.261] [pid:33160] [settingService] writing settings to: C:\Users\llh04\.zcode\v2\setting.json {"recentProjects":["C:\\Users\\llh04\\Desktop\\小说","D:\\公考","D:\\公考\\图形推理详解"],"locale":"zh-CN","localePreference":"zh-CN","terminalInheritSystemProfile":true,"embeddedBrowserAllowInsecureCertificates":false,"taskAutoArchiveEnabled":false,"taskAutoArchiveOlderThanDays":7,"closeToTrayOnWindows":true,"closeToTrayOnWindowsMigrationInitialized":true,"keepAwakeWhileRunning":false,"desktopWindowSize":{"width":1200,"height":800,"maximized":true},"desktopChromiumHardwareAccelerationEnabled":true,"messageStreamShowReasoning":false,"messageStreamShowTodos":false,"toolGroupingExploreEnabled":true,"toolGroupingTerminalEnabled":true,"toolGroupingChangesEnabled":false,"zcodeInteractionBehavior":"queue","askUserQuestionAutoResolutionEnabled":true,"modelIoFullRetentionEnabled":false,"optimizeAgentExperienceEnabled":false,"optimizeAgentExperienceMigrationInitialized":true,"enabledBuiltinAgentCliProviders":["glm"],"modelProviderFamilyModes":{"zai":"oauth"},"modelProviderFamilySelectedKeys":{"zai":"coding-plan:builtin:zai-start-plan"},"providerFamilyDomain":"zai","providerFamilyDomainUpdatedAt":1787116588334,"providerFamilyDomainMigrated":true,"repoSnapshotIndexingEnabled":false,"instantGrepIndexingEnabled":false,"nativeSearchEnhancementsEnabled":true,"memoryEnabled":false,"lastWorkspaceSession":[{"kind":"local","workspacePath":"C:\\Users\\llh04\\Desktop\\小说","workspacePurpose":"project"},{"kind":"local","workspacePath":"D:\\公考","workspacePurpose":"project"},{"kind":"local","workspacePath":"C:\\Users\\llh04\\.zcode\\workspace\\default","workspacePurpose":"conversation"}],"lastActiveTabIndex":0,"pendingPostUpdateReleaseNotes":{"version":"3.9.1","title":"Release v3.9.1","markdown":"## 新功能\n\n- 优化模型配置选项页面\n- 默认展示思考过程及实时耗时\n\n## 问题修复\n\n- 修复截图和网页工具图片在部分网关中无法显示的问题\n- 修复单冒号文件引用无法识别的问题","releaseDate":"2026-08-23T02:22:17.074Z","releaseNotesByLocale":{"zh-CN":{"title":"Release v3.9.1","markdown":"## 新功能\n\n- 优化模型配置选项页面\n- 默认展示思考过程及实时耗时\n\n## 问题修复\n\n- 修复截图和网页工具图片在部分网关中无法显示的问题\n- 修复单冒号文件引用无法识别的问题"},"en-US":{"title":"Release v3.9.1","markdown":"## New Features\n\n- Optimize the model configuration options page\n- By default, the thinking process and real-time time consumption are displayed\n\n## Issue Fix\n\n- Fixed the issue where screenshots and web tool images could not be displayed in some gateways\n- Fixed the issue where single-colon file references could not be recognized"}}},"receivePreviewUpdates":false,"autoDownloadAndInstallUpdates":true,"skippedElectronUpdateVersions":{},"settingsSyncFirstRunPromptHandled":true}
[2026-08-23 18:35:59.263] [info] [pid:4468] [main] [host-log] (local-1) [host] [2026-08-23 18:35:59.264] [pid:33160] [settingService] write done
[2026-08-23 18:35:59.264] [info] [pid:4468] [main] [host-log] (local-1) [host] [2026-08-23 18:35:59.264] [pid:33160] [zcode-host] [rpc:call] setting.update OK (3.6ms)
[2026-08-23 18:36:00.106] [info] [pid:4468] [main] [host-log] (local-1) [host] [2026-08-23 18:36:00.106] [pid:33160] [settingService] writing settings to: C:\Users\llh04\.zcode\v2\setting.json {"recentProjects":["C:\\Users\\llh04\\Desktop\\小说","D:\\公考","D:\\公考\\图形推理详解"],"locale":"zh-CN","localePreference":"zh-CN","terminalInheritSystemProfile":true,"embeddedBrowserAllowInsecureCertificates":false,"taskAutoArchiveEnabled":false,"taskAutoArchiveOlderThanDays":7,"closeToTrayOnWindows":true,"closeToTrayOnWindowsMigrationInitialized":true,"keepAwakeWhileRunning":false,"desktopWindowSize":{"width":1200,"height":800,"maximized":true},"desktopChromiumHardwareAccelerationEnabled":true,"messageStreamShowReasoning":false,"messageStreamShowTodos":false,"toolGroupingExploreEnabled":true,"toolGroupingTerminalEnabled":true,"toolGroupingChangesEnabled":false,"zcodeInteractionBehavior":"queue","askUserQuestionAutoResolutionEnabled":true,"modelIoFullRetentionEnabled":false,"optimizeAgentExperienceEnabled":false,"optimizeAgentExperienceMigrationInitialized":true,"enabledBuiltinAgentCliProviders":["glm"],"modelProviderFamilyModes":{"zai":"oauth"},"modelProviderFamilySelectedKeys":{"zai":"coding-plan:builtin:zai-start-plan"},"providerFamilyDomain":"zai","providerFamilyDomainUpdatedAt":1787116588334,"providerFamilyDomainMigrated":true,"repoSnapshotIndexingEnabled":false,"instantGrepIndexingEnabled":false,"nativeSearchEnhancementsEnabled":true,"memoryEnabled":false,"lastWorkspaceSession":[{"kind":"local","workspacePath":"C:\\Users\\llh04\\Desktop\\小说","workspacePurpose":"project"},{"kind":"local","workspacePath":"D:\\公考","workspacePurpose":"project"},{"kind":"local","workspacePath":"C:\\Users\\llh04\\.zcode\\workspace\\default","workspacePurpose":"conversation"}],"lastActiveTabIndex":0,"pendingPostUpdateReleaseNotes":{"version":"3.9.1","title":"Release v3.9.1","markdown":"## 新功能\n\n- 优化模型配置选项页面\n- 默认展示思考过程及实时耗时\n\n## 问题修复\n\n- 修复截图和网页工具图片在部分网关中无法显示的问题\n- 修复单冒号文件引用无法识别的问题","releaseDate":"2026-08-23T02:22:17.074Z","releaseNotesByLocale":{"zh-CN":{"title":"Release v3.9.1","markdown":"## 新功能\n\n- 优化模型配置选项页面\n- 默认展示思考过程及实时耗时\n\n## 问题修复\n\n- 修复截图和网页工具图片在部分网关中无法显示的问题\n- 修复单冒号文件引用无法识别的问题"},"en-US":{"title":"Release v3.9.1","markdown":"## New Features\n\n- Optimize the model configuration options page\n- By default, the thinking process and real-time time consumption are displayed\n\n## Issue Fix\n\n- Fixed the issue where screenshots and web tool images could not be displayed in some gateways\n- Fixed the issue where single-colon file references could not be recognized"}}},"receivePreviewUpdates":false,"autoDownloadAndInstallUpdates":true,"skippedElectronUpdateVersions":{},"settingsSyncFirstRunPromptHandled":true}
[2026-08-23 18:36:00.111] [info] [pid:4468] [main] [host-log] (local-1) [host] [2026-08-23 18:36:00.111] [pid:33160] [settingService] write done
[2026-08-23 18:36:00.111] [info] [pid:4468] [main] [host-log] (local-1) [host] [2026-08-23 18:36:00.111] [pid:33160] [zcode-host] [rpc:call] setting.update OK (6.4ms)
[2026-08-23 18:36:24.611] [info] [pid:4468] [main] [host-log] (local-1) [host] [2026-08-23 18:36:24.600] [pid:33160] [zcode-host] [rpc:call] off-peak-task.list OK (0.3ms)
[2026-08-23 18:36:38.190] [info] [pid:4468] [main] [host-log] (local-1) [host] [2026-08-23 18:36:38.190] [pid:33160] [zcode-agent-service][trace:bae79b6c-4719-4cb1-938d-b402e5641847] 开始请求 ZCode Protocol session/resume {"hasRuntimeModel":false,"mcpServerCount":0,"mcpServerNames":[],"modelHint":null,"runtimeModel":null,"sessionId":"sess_9ac9f47e-224c-4ada-b806-e8c7d75367a5","workspaceKey":"C:\\Users\\llh04\\Desktop\\小说","workspacePath":"C:\\Users\\llh04\\Desktop\\小说"}
[2026-08-23 18:36:38.809] [info] [pid:4468] [main] [host-log] (local-1) [host] [2026-08-23 18:36:38.809] [pid:33160] [zcode-agent-service][trace:bae79b6c-4719-4cb1-938d-b402e5641847] ZCode Protocol session/resume 完成 {"durationMs":621,"hasRuntimeModel":false,"messageCount":103,"modelCurrent":"3a57ef88-16c9-48c9-af35-067641626862/ox-alpha","mcpServerCount":0,"sessionId":"sess_9ac9f47e-224c-4ada-b806-e8c7d75367a5","snapshotTraceId":"bae79b6c-4719-4cb1-938d-b402e5641847","workspaceKey":"C:\\Users\\llh04\\Desktop\\小说","workspacePath":"C:\\Users\\llh04\\Desktop\\小说"}
[2026-08-23 18:36:42.918] [info] [pid:4468] [main] [show-task-notification] notification click handled {"taskId":"sess_9ac9f47e-224c-4ada-b806-e8c7d75367a5","windowId":1}
[2026-08-23 18:36:43.227] [info] [pid:4468] [main] [host-log] (local-1) [host] [2026-08-23 18:36:43.227] [pid:33160] [settingService] writing settings to: C:\Users\llh04\.zcode\v2\setting.json {"recentProjects":["C:\\Users\\llh04\\Desktop\\小说","D:\\公考","D:\\公考\\图形推理详解"],"locale":"zh-CN","localePreference":"zh-CN","terminalInheritSystemProfile":true,"embeddedBrowserAllowInsecureCertificates":false,"taskAutoArchiveEnabled":false,"taskAutoArchiveOlderThanDays":7,"closeToTrayOnWindows":true,"closeToTrayOnWindowsMigrationInitialized":true,"keepAwakeWhileRunning":false,"desktopWindowSize":{"width":1200,"height":800,"maximized":true},"desktopChromiumHardwareAccelerationEnabled":true,"messageStreamShowReasoning":false,"messageStreamShowTodos":false,"toolGroupingExploreEnabled":true,"toolGroupingTerminalEnabled":true,"toolGroupingChangesEnabled":false,"zcodeInteractionBehavior":"queue","askUserQuestionAutoResolutionEnabled":true,"modelIoFullRetentionEnabled":false,"optimizeAgentExperienceEnabled":false,"optimizeAgentExperienceMigrationInitialized":true,"enabledBuiltinAgentCliProviders":["glm"],"modelProviderFamilyModes":{"zai":"oauth"},"modelProviderFamilySelectedKeys":{"zai":"coding-plan:builtin:zai-start-plan"},"providerFamilyDomain":"zai","providerFamilyDomainUpdatedAt":1787116588334,"providerFamilyDomainMigrated":true,"repoSnapshotIndexingEnabled":false,"instantGrepIndexingEnabled":false,"nativeSearchEnhancementsEnabled":true,"memoryEnabled":false,"lastWorkspaceSession":[{"kind":"local","workspacePath":"C:\\Users\\llh04\\Desktop\\小说","workspacePurpose":"project"},{"kind":"local","workspacePath":"D:\\公考","workspacePurpose":"project"},{"kind":"local","workspacePath":"C:\\Users\\llh04\\.zcode\\workspace\\default","workspacePurpose":"conversation"}],"lastActiveTabIndex":0,"pendingPostUpdateReleaseNotes":{"version":"3.9.1","title":"Release v3.9.1","markdown":"## 新功能\n\n- 优化模型配置选项页面\n- 默认展示思考过程及实时耗时\n\n## 问题修复\n\n- 修复截图和网页工具图片在部分网关中无法显示的问题\n- 修复单冒号文件引用无法识别的问题","releaseDate":"2026-08-23T02:22:17.074Z","releaseNotesByLocale":{"zh-CN":{"title":"Release v3.9.1","markdown":"## 新功能\n\n- 优化模型配置选项页面\n- 默认展示思考过程及实时耗时\n\n## 问题修复\n\n- 修复截图和网页工具图片在部分网关中无法显示的问题\n- 修复单冒号文件引用无法识别的问题"},"en-US":{"title":"Release v3.9.1","markdown":"## New Features\n\n- Optimize the model configuration options page\n- By default, the thinking process and real-time time consumption are displayed\n\n## Issue Fix\n\n- Fixed the issue where screenshots and web tool images could not be displayed in some gateways\n- Fixed the issue where single-colon file references could not be recognized"}}},"receivePreviewUpdates":false,"autoDownloadAndInstallUpdates":true,"skippedElectronUpdateVersions":{},"settingsSyncFirstRunPromptHandled":true}
[2026-08-23 18:36:43.232] [info] [pid:4468] [main] [host-log] (local-1) [host] [2026-08-23 18:36:43.232] [pid:33160] [settingService] write done
[2026-08-23 18:36:43.233] [info] [pid:4468] [main] [host-log] (local-1) [host] [2026-08-23 18:36:43.232] [pid:33160] [zcode-host] [rpc:call] setting.update OK (5.8ms)
[2026-08-23 18:36:47.859] [info] [pid:4468] [main] [host-log] (local-1) [host] [2026-08-23 18:36:47.859] [pid:33160] [settingService] writing settings to: C:\Users\llh04\.zcode\v2\setting.json {"recentProjects":["C:\\Users\\llh04\\Desktop\\小说","D:\\公考","D:\\公考\\图形推理详解"],"locale":"zh-CN","localePreference":"zh-CN","terminalInheritSystemProfile":true,"embeddedBrowserAllowInsecureCertificates":false,"taskAutoArchiveEnabled":false,"taskAutoArchiveOlderThanDays":7,"closeToTrayOnWindows":true,"closeToTrayOnWindowsMigrationInitialized":true,"keepAwakeWhileRunning":false,"desktopWindowSize":{"width":1200,"height":800,"maximized":true},"desktopChromiumHardwareAccelerationEnabled":true,"messageStreamShowReasoning":false,"messageStreamShowTodos":false,"toolGroupingExploreEnabled":true,"toolGroupingTerminalEnabled":true,"toolGroupingChangesEnabled":false,"zcodeInteractionBehavior":"queue","askUserQuestionAutoResolutionEnabled":true,"modelIoFullRetentionEnabled":false,"optimizeAgentExperienceEnabled":false,"optimizeAgentExperienceMigrationInitialized":true,"enabledBuiltinAgentCliProviders":["glm"],"modelProviderFamilyModes":{"zai":"oauth"},"modelProviderFamilySelectedKeys":{"zai":"coding-plan:builtin:zai-start-plan"},"providerFamilyDomain":"zai","providerFamilyDomainUpdatedAt":1787116588334,"providerFamilyDomainMigrated":true,"repoSnapshotIndexingEnabled":false,"instantGrepIndexingEnabled":false,"nativeSearchEnhancementsEnabled":true,"memoryEnabled":false,"lastWorkspaceSession":[{"kind":"local","workspacePath":"C:\\Users\\llh04\\Desktop\\小说","workspacePurpose":"project"},{"kind":"local","workspacePath":"D:\\公考","workspacePurpose":"project"},{"kind":"local","workspacePath":"C:\\Users\\llh04\\.zcode\\workspace\\default","workspacePurpose":"conversation"}],"lastActiveTabIndex":0,"pendingPostUpdateReleaseNotes":{"version":"3.9.1","title":"Release v3.9.1","markdown":"## 新功能\n\n- 优化模型配置选项页面\n- 默认展示思考过程及实时耗时\n\n## 问题修复\n\n- 修复截图和网页工具图片在部分网关中无法显示的问题\n- 修复单冒号文件引用无法识别的问题","releaseDate":"2026-08-23T02:22:17.074Z","releaseNotesByLocale":{"zh-CN":{"title":"Release v3.9.1","markdown":"## 新功能\n\n- 优化模型配置选项页面\n- 默认展示思考过程及实时耗时\n\n## 问题修复\n\n- 修复截图和网页工具图片在部分网关中无法显示的问题\n- 修复单冒号文件引用无法识别的问题"},"en-US":{"title":"Release v3.9.1","markdown":"## New Features\n\n- Optimize the model configuration options page\n- By default, the thinking process and real-time time consumption are displayed\n\n## Issue Fix\n\n- Fixed the issue where screenshots and web tool images could not be displayed in some gateways\n- Fixed the issue where single-colon file references could not be recognized"}}},"receivePreviewUpdates":false,"autoDownloadAndInstallUpdates":true,"skippedElectronUpdateVersions":{},"settingsSyncFirstRunPromptHandled":true}
[2026-08-23 18:36:47.862] [info] [pid:4468] [main] [host-log] (local-1) [host] [2026-08-23 18:36:47.862] [pid:33160] [settingService] write done
[2026-08-23 18:36:47.863] [info] [pid:4468] [main] [host-log] (local-1) [host] [2026-08-23 18:36:47.862] [pid:33160] [zcode-host] [rpc:call] setting.update OK (4.5ms)
[2026-08-23 18:36:54.462] [info] [pid:4468] [main] [host-log] (local-1) [host] [2026-08-23 18:36:54.462] [pid:33160] [zcode-host] [rpc:call] off-peak-task.list OK (0.2ms)
[2026-08-23 18:37:09.173] [debug] [pid:4468] [main] [browser-use] execute start browserId=iab:11931cb9-6b5c-4f3c-868f-c43796aaf40f sessionId=sess_9ac9f47e-224c-4ada-b806-e8c7d75367a5 method=list
[2026-08-23 18:37:09.173] [debug] [pid:4468] [main] [browser-use] execute requestId=57456091-48d2-4adc-9a08-d990e592548f browserId=iab:11931cb9-6b5c-4f3c-868f-c43796aaf40f generation=1787463534165 windowId=1 sessionId=sess_9ac9f47e-224c-4ada-b806-e8c7d75367a5 method=list
[2026-08-23 18:37:09.174] [debug] [pid:4468] [main] [browser-use] execute done sessionId=sess_9ac9f47e-224c-4ada-b806-e8c7d75367a5 method=list ok=true elapsedMs=1
[2026-08-23 18:37:09.174] [debug] [pid:4468] [main] [browser-use] execute start browserId=iab:11931cb9-6b5c-4f3c-868f-c43796aaf40f sessionId=sess_9ac9f47e-224c-4ada-b806-e8c7d75367a5 method=listUserTabs
[2026-08-23 18:37:09.174] [debug] [pid:4468] [main] [browser-use] execute requestId=8a84c3bf-f1cc-4366-98b3-3d84f40c1a53 browserId=iab:11931cb9-6b5c-4f3c-868f-c43796aaf40f generation=1787463534165 windowId=1 sessionId=sess_9ac9f47e-224c-4ada-b806-e8c7d75367a5 method=listUserTabs
[2026-08-23 18:37:09.175] [debug] [pid:4468] [main] [browser-use] execute done sessionId=sess_9ac9f47e-224c-4ada-b806-e8c7d75367a5 method=listUserTabs ok=true elapsedMs=0
[2026-08-23 18:37:09.230] [info] [pid:4468] [main] [host-log] (local-1) [host] [2026-08-23 18:37:09.230] [pid:33160] [zcode-host] [rpc:call] zcode-agent.sendConversationCommandV4 OK (57.8ms)
[2026-08-23 18:37:14.084] [info] [pid:4468] [main] [host-log] (local-1) [host] [2026-08-23 18:37:14.083] [pid:33160] [settingService] writing settings to: C:\Users\llh04\.zcode\v2\setting.json {"recentProjects":["C:\\Users\\llh04\\Desktop\\小说","D:\\公考","D:\\公考\\图形推理详解"],"locale":"zh-CN","localePreference":"zh-CN","terminalInheritSystemProfile":true,"embeddedBrowserAllowInsecureCertificates":false,"taskAutoArchiveEnabled":false,"taskAutoArchiveOlderThanDays":7,"closeToTrayOnWindows":true,"closeToTrayOnWindowsMigrationInitialized":true,"keepAwakeWhileRunning":false,"desktopWindowSize":{"width":1200,"height":800,"maximized":true},"desktopChromiumHardwareAccelerationEnabled":true,"messageStreamShowReasoning":false,"messageStreamShowTodos":false,"toolGroupingExploreEnabled":true,"toolGroupingTerminalEnabled":true,"toolGroupingChangesEnabled":false,"zcodeInteractionBehavior":"queue","askUserQuestionAutoResolutionEnabled":true,"modelIoFullRetentionEnabled":false,"optimizeAgentExperienceEnabled":false,"optimizeAgentExperienceMigrationInitialized":true,"enabledBuiltinAgentCliProviders":["glm"],"modelProviderFamilyModes":{"zai":"oauth"},"modelProviderFamilySelectedKeys":{"zai":"coding-plan:builtin:zai-start-plan"},"providerFamilyDomain":"zai","providerFamilyDomainUpdatedAt":1787116588334,"providerFamilyDomainMigrated":true,"repoSnapshotIndexingEnabled":false,"instantGrepIndexingEnabled":false,"nativeSearchEnhancementsEnabled":true,"memoryEnabled":false,"lastWorkspaceSession":[{"kind":"local","workspacePath":"C:\\Users\\llh04\\Desktop\\小说","workspacePurpose":"project"},{"kind":"local","workspacePath":"D:\\公考","workspacePurpose":"project"},{"kind":"local","workspacePath":"C:\\Users\\llh04\\.zcode\\workspace\\default","workspacePurpose":"conversation"}],"lastActiveTabIndex":0,"pendingPostUpdateReleaseNotes":{"version":"3.9.1","title":"Release v3.9.1","markdown":"## 新功能\n\n- 优化模型配置选项页面\n- 默认展示思考过程及实时耗时\n\n## 问题修复\n\n- 修复截图和网页工具图片在部分网关中无法显示的问题\n- 修复单冒号文件引用无法识别的问题","releaseDate":"2026-08-23T02:22:17.074Z","releaseNotesByLocale":{"zh-CN":{"title":"Release v3.9.1","markdown":"## 新功能\n\n- 优化模型配置选项页面\n- 默认展示思考过程及实时耗时\n\n## 问题修复\n\n- 修复截图和网页工具图片在部分网关中无法显示的问题\n- 修复单冒号文件引用无法识别的问题"},"en-US":{"title":"Release v3.9.1","markdown":"## New Features\n\n- Optimize the model configuration options page\n- By default, the thinking process and real-time time consumption are displayed\n\n## Issue Fix\n\n- Fixed the issue where screenshots and web tool images could not be displayed in some gateways\n- Fixed the issue where single-colon file references could not be recognized"}}},"receivePreviewUpdates":false,"autoDownloadAndInstallUpdates":true,"skippedElectronUpdateVersions":{},"settingsSyncFirstRunPromptHandled":true}
[2026-08-23 18:37:14.087] [info] [pid:4468] [main] [host-log] (local-1) [host] [2026-08-23 18:37:14.086] [pid:33160] [settingService] write done
[2026-08-23 18:37:14.088] [info] [pid:4468] [main] [host-log] (local-1) [host] [2026-08-23 18:37:14.087] [pid:33160] [zcode-host] [rpc:call] setting.update OK (4.2ms)
[2026-08-23 18:37:14.883] [info] [pid:4468] [main] [host-log] (local-1) [host] [2026-08-23 18:37:14.882] [pid:33160] [settingService] writing settings to: C:\Users\llh04\.zcode\v2\setting.json {"recentProjects":["C:\\Users\\llh04\\Desktop\\小说","D:\\公考","D:\\公考\\图形推理详解"],"locale":"zh-CN","localePreference":"zh-CN","terminalInheritSystemProfile":true,"embeddedBrowserAllowInsecureCertificates":false,"taskAutoArchiveEnabled":false,"taskAutoArchiveOlderThanDays":7,"closeToTrayOnWindows":true,"closeToTrayOnWindowsMigrationInitialized":true,"keepAwakeWhileRunning":false,"desktopWindowSize":{"width":1200,"height":800,"maximized":true},"desktopChromiumHardwareAccelerationEnabled":true,"messageStreamShowReasoning":false,"messageStreamShowTodos":false,"toolGroupingExploreEnabled":true,"toolGroupingTerminalEnabled":true,"toolGroupingChangesEnabled":false,"zcodeInteractionBehavior":"queue","askUserQuestionAutoResolutionEnabled":true,"modelIoFullRetentionEnabled":false,"optimizeAgentExperienceEnabled":false,"optimizeAgentExperienceMigrationInitialized":true,"enabledBuiltinAgentCliProviders":["glm"],"modelProviderFamilyModes":{"zai":"oauth"},"modelProviderFamilySelectedKeys":{"zai":"coding-plan:builtin:zai-start-plan"},"providerFamilyDomain":"zai","providerFamilyDomainUpdatedAt":1787116588334,"providerFamilyDomainMigrated":true,"repoSnapshotIndexingEnabled":false,"instantGrepIndexingEnabled":false,"nativeSearchEnhancementsEnabled":true,"memoryEnabled":false,"lastWorkspaceSession":[{"kind":"local","workspacePath":"C:\\Users\\llh04\\Desktop\\小说","workspacePurpose":"project"},{"kind":"local","workspacePath":"D:\\公考","workspacePurpose":"project"},{"kind":"local","workspacePath":"C:\\Users\\llh04\\.zcode\\workspace\\default","workspacePurpose":"conversation"}],"lastActiveTabIndex":0,"pendingPostUpdateReleaseNotes":{"version":"3.9.1","title":"Release v3.9.1","markdown":"## 新功能\n\n- 优化模型配置选项页面\n- 默认展示思考过程及实时耗时\n\n## 问题修复\n\n- 修复截图和网页工具图片在部分网关中无法显示的问题\n- 修复单冒号文件引用无法识别的问题","releaseDate":"2026-08-23T02:22:17.074Z","releaseNotesByLocale":{"zh-CN":{"title":"Release v3.9.1","markdown":"## 新功能\n\n- 优化模型配置选项页面\n- 默认展示思考过程及实时耗时\n\n## 问题修复\n\n- 修复截图和网页工具图片在部分网关中无法显示的问题\n- 修复单冒号文件引用无法识别的问题"},"en-US":{"title":"Release v3.9.1","markdown":"## New Features\n\n- Optimize the model configuration options page\n- By default, the thinking process and real-time time consumption are displayed\n\n## Issue Fix\n\n- Fixed the issue where screenshots and web tool images could not be displayed in some gateways\n- Fixed the issue where single-colon file references could not be recognized"}}},"receivePreviewUpdates":false,"autoDownloadAndInstallUpdates":true,"skippedElectronUpdateVersions":{},"settingsSyncFirstRunPromptHandled":true}
[2026-08-23 18:37:14.887] [info] [pid:4468] [main] [host-log] (local-1) [host] [2026-08-23 18:37:14.885] [pid:33160] [settingService] write done
[2026-08-23 18:37:14.887] [info] [pid:4468] [main] [host-log] (local-1) [host] [2026-08-23 18:37:14.885] [pid:33160] [zcode-host] [rpc:call] setting.update OK (4.2ms)
[2026-08-23 18:37:15.898] [info] [pid:4468] [main] [host-log] (local-1) [host] [2026-08-23 18:37:15.897] [pid:33160] [settingService] writing settings to: C:\Users\llh04\.zcode\v2\setting.json {"recentProjects":["C:\\Users\\llh04\\Desktop\\小说","D:\\公考","D:\\公考\\图形推理详解"],"locale":"zh-CN","localePreference":"zh-CN","terminalInheritSystemProfile":true,"embeddedBrowserAllowInsecureCertificates":false,"taskAutoArchiveEnabled":false,"taskAutoArchiveOlderThanDays":7,"closeToTrayOnWindows":true,"closeToTrayOnWindowsMigrationInitialized":true,"keepAwakeWhileRunning":false,"desktopWindowSize":{"width":1200,"height":800,"maximized":true},"desktopChromiumHardwareAccelerationEnabled":true,"messageStreamShowReasoning":false,"messageStreamShowTodos":false,"toolGroupingExploreEnabled":true,"toolGroupingTerminalEnabled":true,"toolGroupingChangesEnabled":false,"zcodeInteractionBehavior":"queue","askUserQuestionAutoResolutionEnabled":true,"modelIoFullRetentionEnabled":false,"optimizeAgentExperienceEnabled":false,"optimizeAgentExperienceMigrationInitialized":true,"enabledBuiltinAgentCliProviders":["glm"],"modelProviderFamilyModes":{"zai":"oauth"},"modelProviderFamilySelectedKeys":{"zai":"coding-plan:builtin:zai-start-plan"},"providerFamilyDomain":"zai","providerFamilyDomainUpdatedAt":1787116588334,"providerFamilyDomainMigrated":true,"repoSnapshotIndexingEnabled":false,"instantGrepIndexingEnabled":false,"nativeSearchEnhancementsEnabled":true,"memoryEnabled":false,"lastWorkspaceSession":[{"kind":"local","workspacePath":"C:\\Users\\llh04\\Desktop\\小说","workspacePurpose":"project"},{"kind":"local","workspacePath":"D:\\公考","workspacePurpose":"project"},{"kind":"local","workspacePath":"C:\\Users\\llh04\\.zcode\\workspace\\default","workspacePurpose":"conversation"}],"lastActiveTabIndex":0,"pendingPostUpdateReleaseNotes":{"version":"3.9.1","title":"Release v3.9.1","markdown":"## 新功能\n\n- 优化模型配置选项页面\n- 默认展示思考过程及实时耗时\n\n## 问题修复\n\n- 修复截图和网页工具图片在部分网关中无法显示的问题\n- 修复单冒号文件引用无法识别的问题","releaseDate":"2026-08-23T02:22:17.074Z","releaseNotesByLocale":{"zh-CN":{"title":"Release v3.9.1","markdown":"## 新功能\n\n- 优化模型配置选项页面\n- 默认展示思考过程及实时耗时\n\n## 问题修复\n\n- 修复截图和网页工具图片在部分网关中无法显示的问题\n- 修复单冒号文件引用无法识别的问题"},"en-US":{"title":"Release v3.9.1","markdown":"## New Features\n\n- Optimize the model configuration options page\n- By default, the thinking process and real-time time consumption are displayed\n\n## Issue Fix\n\n- Fixed the issue where screenshots and web tool images could not be displayed in some gateways\n- Fixed the issue where single-colon file references could not be recognized"}}},"receivePreviewUpdates":false,"autoDownloadAndInstallUpdates":true,"skippedElectronUpdateVersions":{},"settingsSyncFirstRunPromptHandled":true}
[2026-08-23 18:37:15.901] [info] [pid:4468] [main] [host-log] (local-1) [host] [2026-08-23 18:37:15.900] [pid:33160] [settingService] write done
[2026-08-23 18:37:15.901] [info] [pid:4468] [main] [host-log] (local-1) [host] [2026-08-23 18:37:15.900] [pid:33160] [zcode-host] [rpc:call] setting.update OK (3.6ms)
[2026-08-23 18:37:16.483] [info] [pid:4468] [main] [host-log] (local-1) [host] [2026-08-23 18:37:16.482] [pid:33160] [settingService] writing settings to: C:\Users\llh04\.zcode\v2\setting.json {"recentProjects":["C:\\Users\\llh04\\Desktop\\小说","D:\\公考","D:\\公考\\图形推理详解"],"locale":"zh-CN","localePreference":"zh-CN","terminalInheritSystemProfile":true,"embeddedBrowserAllowInsecureCertificates":false,"taskAutoArchiveEnabled":false,"taskAutoArchiveOlderThanDays":7,"closeToTrayOnWindows":true,"closeToTrayOnWindowsMigrationInitialized":true,"keepAwakeWhileRunning":false,"desktopWindowSize":{"width":1200,"height":800,"maximized":true},"desktopChromiumHardwareAccelerationEnabled":true,"messageStreamShowReasoning":false,"messageStreamShowTodos":false,"toolGroupingExploreEnabled":true,"toolGroupingTerminalEnabled":true,"toolGroupingChangesEnabled":false,"zcodeInteractionBehavior":"queue","askUserQuestionAutoResolutionEnabled":true,"modelIoFullRetentionEnabled":false,"optimizeAgentExperienceEnabled":false,"optimizeAgentExperienceMigrationInitialized":true,"enabledBuiltinAgentCliProviders":["glm"],"modelProviderFamilyModes":{"zai":"oauth"},"modelProviderFamilySelectedKeys":{"zai":"coding-plan:builtin:zai-start-plan"},"providerFamilyDomain":"zai","providerFamilyDomainUpdatedAt":1787116588334,"providerFamilyDomainMigrated":true,"repoSnapshotIndexingEnabled":false,"instantGrepIndexingEnabled":false,"nativeSearchEnhancementsEnabled":true,"memoryEnabled":false,"lastWorkspaceSession":[{"kind":"local","workspacePath":"C:\\Users\\llh04\\Desktop\\小说","workspacePurpose":"project"},{"kind":"local","workspacePath":"D:\\公考","workspacePurpose":"project"},{"kind":"local","workspacePath":"C:\\Users\\llh04\\.zcode\\workspace\\default","workspacePurpose":"conversation"}],"lastActiveTabIndex":0,"pendingPostUpdateReleaseNotes":{"version":"3.9.1","title":"Release v3.9.1","markdown":"## 新功能\n\n- 优化模型配置选项页面\n- 默认展示思考过程及实时耗时\n\n## 问题修复\n\n- 修复截图和网页工具图片在部分网关中无法显示的问题\n- 修复单冒号文件引用无法识别的问题","releaseDate":"2026-08-23T02:22:17.074Z","releaseNotesByLocale":{"zh-CN":{"title":"Release v3.9.1","markdown":"## 新功能\n\n- 优化模型配置选项页面\n- 默认展示思考过程及实时耗时\n\n## 问题修复\n\n- 修复截图和网页工具图片在部分网关中无法显示的问题\n- 修复单冒号文件引用无法识别的问题"},"en-US":{"title":"Release v3.9.1","markdown":"## New Features\n\n- Optimize the model configuration options page\n- By default, the thinking process and real-time time consumption are displayed\n\n## Issue Fix\n\n- Fixed the issue where screenshots and web tool images could not be displayed in some gateways\n- Fixed the issue where single-colon file references could not be recognized"}}},"receivePreviewUpdates":false,"autoDownloadAndInstallUpdates":true,"skippedElectronUpdateVersions":{},"settingsSyncFirstRunPromptHandled":true}
[2026-08-23 18:37:16.486] [info] [pid:4468] [main] [host-log] (local-1) [host] [2026-08-23 18:37:16.485] [pid:33160] [settingService] write done
[2026-08-23 18:37:16.486] [info] [pid:4468] [main] [host-log] (local-1) [host] [2026-08-23 18:37:16.485] [pid:33160] [zcode-host] [rpc:call] setting.update OK (5.0ms)
[2026-08-23 18:37:24.604] [info] [pid:4468] [main] [host-log] (local-1) [host] [2026-08-23 18:37:24.603] [pid:33160] [zcode-host] [rpc:call] off-peak-task.list OK (0.1ms)
[2026-08-23 18:37:54.612] [info] [pid:4468] [main] [host-log] (local-1) [host] [2026-08-23 18:37:54.612] [pid:33160] [zcode-host] [rpc:call] off-peak-task.list OK (0.2ms)
[2026-08-23 18:38:34.807] [info] [pid:4468] [main] [host-log] (local-1) [host] [2026-08-23 18:38:34.807] [pid:33160] [zcode-host] [rpc:call] off-peak-task.list OK (0.1ms)
[2026-08-23 18:39:22.034] [info] [pid:4468] [main] [host-log] (local-1) [host] [2026-08-23 18:39:22.034] [pid:33160] [zcode-agent-service][trace:bae79b6c-4719-4cb1-938d-b402e5641847] 开始请求 ZCode Protocol session/resume {"hasRuntimeModel":false,"mcpServerCount":0,"mcpServerNames":[],"modelHint":null,"runtimeModel":null,"sessionId":"sess_9ac9f47e-224c-4ada-b806-e8c7d75367a5","workspaceKey":"C:\\Users\\llh04\\Desktop\\小说","workspacePath":"C:\\Users\\llh04\\Desktop\\小说"}
[2026-08-23 18:39:22.475] [info] [pid:4468] [main] [host-log] (local-1) [host] [2026-08-23 18:39:22.475] [pid:33160] [zcode-host] [rpc:call] off-peak-task.list OK (0.2ms)
[2026-08-23 18:39:22.809] [info] [pid:4468] [main] [host-log] (local-1) [host] [2026-08-23 18:39:22.808] [pid:33160] [zcode-agent-service][trace:bae79b6c-4719-4cb1-938d-b402e5641847] ZCode Protocol session/resume 完成 {"durationMs":776,"hasRuntimeModel":false,"messageCount":109,"modelCurrent":"3a57ef88-16c9-48c9-af35-067641626862/ox-alpha","mcpServerCount":0,"sessionId":"sess_9ac9f47e-224c-4ada-b806-e8c7d75367a5","snapshotTraceId":"bae79b6c-4719-4cb1-938d-b402e5641847","workspaceKey":"C:\\Users\\llh04\\Desktop\\小说","workspacePath":"C:\\Users\\llh04\\Desktop\\小说"}
[2026-08-23 18:39:24.472] [info] [pid:4468] [main] [host-log] (local-1) [host] [2026-08-23 18:39:24.466] [pid:33160] [zcode-host] [rpc:call] off-peak-task.list OK (0.2ms)
[2026-08-23 18:39:24.777] [info] [pid:4468] [main] [host-log] (local-1) [host] [2026-08-23 18:39:24.777] [pid:33160] [settingService] writing settings to: C:\Users\llh04\.zcode\v2\setting.json {"recentProjects":["C:\\Users\\llh04\\Desktop\\小说","D:\\公考","D:\\公考\\图形推理详解"],"locale":"zh-CN","localePreference":"zh-CN","terminalInheritSystemProfile":true,"embeddedBrowserAllowInsecureCertificates":false,"taskAutoArchiveEnabled":false,"taskAutoArchiveOlderThanDays":7,"closeToTrayOnWindows":true,"closeToTrayOnWindowsMigrationInitialized":true,"keepAwakeWhileRunning":false,"desktopWindowSize":{"width":1200,"height":800,"maximized":true},"desktopChromiumHardwareAccelerationEnabled":true,"messageStreamShowReasoning":false,"messageStreamShowTodos":false,"toolGroupingExploreEnabled":true,"toolGroupingTerminalEnabled":true,"toolGroupingChangesEnabled":false,"zcodeInteractionBehavior":"queue","askUserQuestionAutoResolutionEnabled":true,"modelIoFullRetentionEnabled":false,"optimizeAgentExperienceEnabled":false,"optimizeAgentExperienceMigrationInitialized":true,"enabledBuiltinAgentCliProviders":["glm"],"modelProviderFamilyModes":{"zai":"oauth"},"modelProviderFamilySelectedKeys":{"zai":"coding-plan:builtin:zai-start-plan"},"providerFamilyDomain":"zai","providerFamilyDomainUpdatedAt":1787116588334,"providerFamilyDomainMigrated":true,"repoSnapshotIndexingEnabled":false,"instantGrepIndexingEnabled":false,"nativeSearchEnhancementsEnabled":true,"memoryEnabled":false,"lastWorkspaceSession":[{"kind":"local","workspacePath":"C:\\Users\\llh04\\Desktop\\小说","workspacePurpose":"project"},{"kind":"local","workspacePath":"D:\\公考","workspacePurpose":"project"},{"kind":"local","workspacePath":"C:\\Users\\llh04\\.zcode\\workspace\\default","workspacePurpose":"conversation"}],"lastActiveTabIndex":0,"pendingPostUpdateReleaseNotes":{"version":"3.9.1","title":"Release v3.9.1","markdown":"## 新功能\n\n- 优化模型配置选项页面\n- 默认展示思考过程及实时耗时\n\n## 问题修复\n\n- 修复截图和网页工具图片在部分网关中无法显示的问题\n- 修复单冒号文件引用无法识别的问题","releaseDate":"2026-08-23T02:22:17.074Z","releaseNotesByLocale":{"zh-CN":{"title":"Release v3.9.1","markdown":"## 新功能\n\n- 优化模型配置选项页面\n- 默认展示思考过程及实时耗时\n\n## 问题修复\n\n- 修复截图和网页工具图片在部分网关中无法显示的问题\n- 修复单冒号文件引用无法识别的问题"},"en-US":{"title":"Release v3.9.1","markdown":"## New Features\n\n- Optimize the model configuration options page\n- By default, the thinking process and real-time time consumption are displayed\n\n## Issue Fix\n\n- Fixed the issue where screenshots and web tool images could not be displayed in some gateways\n- Fixed the issue where single-colon file references could not be recognized"}}},"receivePreviewUpdates":false,"autoDownloadAndInstallUpdates":true,"skippedElectronUpdateVersions":{},"settingsSyncFirstRunPromptHandled":true}
[2026-08-23 18:39:24.781] [info] [pid:4468] [main] [host-log] (local-1) [host] [2026-08-23 18:39:24.780] [pid:33160] [settingService] write done
[2026-08-23 18:39:24.781] [info] [pid:4468] [main] [host-log] (local-1) [host] [2026-08-23 18:39:24.780] [pid:33160] [zcode-host] [rpc:call] setting.update OK (4.8ms)
[2026-08-23 18:39:25.272] [info] [pid:4468] [main] [host-log] (local-1) [host] [2026-08-23 18:39:25.272] [pid:33160] [settingService] writing settings to: C:\Users\llh04\.zcode\v2\setting.json {"recentProjects":["C:\\Users\\llh04\\Desktop\\小说","D:\\公考","D:\\公考\\图形推理详解"],"locale":"zh-CN","localePreference":"zh-CN","terminalInheritSystemProfile":true,"embeddedBrowserAllowInsecureCertificates":false,"taskAutoArchiveEnabled":false,"taskAutoArchiveOlderThanDays":7,"closeToTrayOnWindows":true,"closeToTrayOnWindowsMigrationInitialized":true,"keepAwakeWhileRunning":false,"desktopWindowSize":{"width":1200,"height":800,"maximized":true},"desktopChromiumHardwareAccelerationEnabled":true,"messageStreamShowReasoning":false,"messageStreamShowTodos":false,"toolGroupingExploreEnabled":true,"toolGroupingTerminalEnabled":true,"toolGroupingChangesEnabled":false,"zcodeInteractionBehavior":"queue","askUserQuestionAutoResolutionEnabled":true,"modelIoFullRetentionEnabled":false,"optimizeAgentExperienceEnabled":false,"optimizeAgentExperienceMigrationInitialized":true,"enabledBuiltinAgentCliProviders":["glm"],"modelProviderFamilyModes":{"zai":"oauth"},"modelProviderFamilySelectedKeys":{"zai":"coding-plan:builtin:zai-start-plan"},"providerFamilyDomain":"zai","providerFamilyDomainUpdatedAt":1787116588334,"providerFamilyDomainMigrated":true,"repoSnapshotIndexingEnabled":false,"instantGrepIndexingEnabled":false,"nativeSearchEnhancementsEnabled":true,"memoryEnabled":false,"lastWorkspaceSession":[{"kind":"local","workspacePath":"C:\\Users\\llh04\\Desktop\\小说","workspacePurpose":"project"},{"kind":"local","workspacePath":"D:\\公考","workspacePurpose":"project"},{"kind":"local","workspacePath":"C:\\Users\\llh04\\.zcode\\workspace\\default","workspacePurpose":"conversation"}],"lastActiveTabIndex":0,"pendingPostUpdateReleaseNotes":{"version":"3.9.1","title":"Release v3.9.1","markdown":"## 新功能\n\n- 优化模型配置选项页面\n- 默认展示思考过程及实时耗时\n\n## 问题修复\n\n- 修复截图和网页工具图片在部分网关中无法显示的问题\n- 修复单冒号文件引用无法识别的问题","releaseDate":"2026-08-23T02:22:17.074Z","releaseNotesByLocale":{"zh-CN":{"title":"Release v3.9.1","markdown":"## 新功能\n\n- 优化模型配置选项页面\n- 默认展示思考过程及实时耗时\n\n## 问题修复\n\n- 修复截图和网页工具图片在部分网关中无法显示的问题\n- 修复单冒号文件引用无法识别的问题"},"en-US":{"title":"Release v3.9.1","markdown":"## New Features\n\n- Optimize the model configuration options page\n- By default, the thinking process and real-time time consumption are displayed\n\n## Issue Fix\n\n- Fixed the issue where screenshots and web tool images could not be displayed in some gateways\n- Fixed the issue where single-colon file references could not be recognized"}}},"receivePreviewUpdates":false,"autoDownloadAndInstallUpdates":true,"skippedElectronUpdateVersions":{},"settingsSyncFirstRunPromptHandled":true}
[2026-08-23 18:39:25.276] [info] [pid:4468] [main] [host-log] (local-1) [host] [2026-08-23 18:39:25.275] [pid:33160] [settingService] write done
[2026-08-23 18:39:25.277] [info] [pid:4468] [main] [host-log] (local-1) [host] [2026-08-23 18:39:25.276] [pid:33160] [zcode-host] [rpc:call] setting.update OK (4.7ms)
[2026-08-23 18:39:26.170] [info] [pid:4468] [main] [host-log] (local-1) [host] [2026-08-23 18:39:26.170] [pid:33160] [settingService] writing settings to: C:\Users\llh04\.zcode\v2\setting.json {"recentProjects":["C:\\Users\\llh04\\Desktop\\小说","D:\\公考","D:\\公考\\图形推理详解"],"locale":"zh-CN","localePreference":"zh-CN","terminalInheritSystemProfile":true,"embeddedBrowserAllowInsecureCertificates":false,"taskAutoArchiveEnabled":false,"taskAutoArchiveOlderThanDays":7,"closeToTrayOnWindows":true,"closeToTrayOnWindowsMigrationInitialized":true,"keepAwakeWhileRunning":false,"desktopWindowSize":{"width":1200,"height":800,"maximized":true},"desktopChromiumHardwareAccelerationEnabled":true,"messageStreamShowReasoning":false,"messageStreamShowTodos":false,"toolGroupingExploreEnabled":true,"toolGroupingTerminalEnabled":true,"toolGroupingChangesEnabled":false,"zcodeInteractionBehavior":"queue","askUserQuestionAutoResolutionEnabled":true,"modelIoFullRetentionEnabled":false,"optimizeAgentExperienceEnabled":false,"optimizeAgentExperienceMigrationInitialized":true,"enabledBuiltinAgentCliProviders":["glm"],"modelProviderFamilyModes":{"zai":"oauth"},"modelProviderFamilySelectedKeys":{"zai":"coding-plan:builtin:zai-start-plan"},"providerFamilyDomain":"zai","providerFamilyDomainUpdatedAt":1787116588334,"providerFamilyDomainMigrated":true,"repoSnapshotIndexingEnabled":false,"instantGrepIndexingEnabled":false,"nativeSearchEnhancementsEnabled":true,"memoryEnabled":false,"lastWorkspaceSession":[{"kind":"local","workspacePath":"C:\\Users\\llh04\\Desktop\\小说","workspacePurpose":"project"},{"kind":"local","workspacePath":"D:\\公考","workspacePurpose":"project"},{"kind":"local","workspacePath":"C:\\Users\\llh04\\.zcode\\workspace\\default","workspacePurpose":"conversation"}],"lastActiveTabIndex":0,"pendingPostUpdateReleaseNotes":{"version":"3.9.1","title":"Release v3.9.1","markdown":"## 新功能\n\n- 优化模型配置选项页面\n- 默认展示思考过程及实时耗时\n\n## 问题修复\n\n- 修复截图和网页工具图片在部分网关中无法显示的问题\n- 修复单冒号文件引用无法识别的问题","releaseDate":"2026-08-23T02:22:17.074Z","releaseNotesByLocale":{"zh-CN":{"title":"Release v3.9.1","markdown":"## 新功能\n\n- 优化模型配置选项页面\n- 默认展示思考过程及实时耗时\n\n## 问题修复\n\n- 修复截图和网页工具图片在部分网关中无法显示的问题\n- 修复单冒号文件引用无法识别的问题"},"en-US":{"title":"Release v3.9.1","markdown":"## New Features\n\n- Optimize the model configuration options page\n- By default, the thinking process and real-time time consumption are displayed\n\n## Issue Fix\n\n- Fixed the issue where screenshots and web tool images could not be displayed in some gateways\n- Fixed the issue where single-colon file references could not be recognized"}}},"receivePreviewUpdates":false,"autoDownloadAndInstallUpdates":true,"skippedElectronUpdateVersions":{},"settingsSyncFirstRunPromptHandled":true}
[2026-08-23 18:39:26.174] [info] [pid:4468] [main] [host-log] (local-1) [host] [2026-08-23 18:39:26.173] [pid:33160] [settingService] write done
[2026-08-23 18:39:26.174] [info] [pid:4468] [main] [host-log] (local-1) [host] [2026-08-23 18:39:26.173] [pid:33160] [zcode-host] [rpc:call] setting.update OK (4.5ms)
[2026-08-23 18:39:31.087] [info] [pid:4468] [main] [host-log] (local-1) [host] [2026-08-23 18:39:31.087] [pid:33160] [settingService] writing settings to: C:\Users\llh04\.zcode\v2\setting.json {"recentProjects":["C:\\Users\\llh04\\Desktop\\小说","D:\\公考","D:\\公考\\图形推理详解"],"locale":"zh-CN","localePreference":"zh-CN","terminalInheritSystemProfile":true,"embeddedBrowserAllowInsecureCertificates":false,"taskAutoArchiveEnabled":false,"taskAutoArchiveOlderThanDays":7,"closeToTrayOnWindows":true,"closeToTrayOnWindowsMigrationInitialized":true,"keepAwakeWhileRunning":false,"desktopWindowSize":{"width":1200,"height":800,"maximized":true},"desktopChromiumHardwareAccelerationEnabled":true,"messageStreamShowReasoning":false,"messageStreamShowTodos":false,"toolGroupingExploreEnabled":true,"toolGroupingTerminalEnabled":true,"toolGroupingChangesEnabled":false,"zcodeInteractionBehavior":"queue","askUserQuestionAutoResolutionEnabled":true,"modelIoFullRetentionEnabled":false,"optimizeAgentExperienceEnabled":false,"optimizeAgentExperienceMigrationInitialized":true,"enabledBuiltinAgentCliProviders":["glm"],"modelProviderFamilyModes":{"zai":"oauth"},"modelProviderFamilySelectedKeys":{"zai":"coding-plan:builtin:zai-start-plan"},"providerFamilyDomain":"zai","providerFamilyDomainUpdatedAt":1787116588334,"providerFamilyDomainMigrated":true,"repoSnapshotIndexingEnabled":false,"instantGrepIndexingEnabled":false,"nativeSearchEnhancementsEnabled":true,"memoryEnabled":false,"lastWorkspaceSession":[{"kind":"local","workspacePath":"C:\\Users\\llh04\\Desktop\\小说","workspacePurpose":"project"},{"kind":"local","workspacePath":"D:\\公考","workspacePurpose":"project"},{"kind":"local","workspacePath":"C:\\Users\\llh04\\.zcode\\workspace\\default","workspacePurpose":"conversation"}],"lastActiveTabIndex":0,"pendingPostUpdateReleaseNotes":{"version":"3.9.1","title":"Release v3.9.1","markdown":"## 新功能\n\n- 优化模型配置选项页面\n- 默认展示思考过程及实时耗时\n\n## 问题修复\n\n- 修复截图和网页工具图片在部分网关中无法显示的问题\n- 修复单冒号文件引用无法识别的问题","releaseDate":"2026-08-23T02:22:17.074Z","releaseNotesByLocale":{"zh-CN":{"title":"Release v3.9.1","markdown":"## 新功能\n\n- 优化模型配置选项页面\n- 默认展示思考过程及实时耗时\n\n## 问题修复\n\n- 修复截图和网页工具图片在部分网关中无法显示的问题\n- 修复单冒号文件引用无法识别的问题"},"en-US":{"title":"Release v3.9.1","markdown":"## New Features\n\n- Optimize the model configuration options page\n- By default, the thinking process and real-time time consumption are displayed\n\n## Issue Fix\n\n- Fixed the issue where screenshots and web tool images could not be displayed in some gateways\n- Fixed the issue where single-colon file references could not be recognized"}}},"receivePreviewUpdates":false,"autoDownloadAndInstallUpdates":true,"skippedElectronUpdateVersions":{},"settingsSyncFirstRunPromptHandled":true}
[2026-08-23 18:39:31.093] [info] [pid:4468] [main] [host-log] (local-1) [host] [2026-08-23 18:39:31.093] [pid:33160] [settingService] write done
[2026-08-23 18:39:31.094] [info] [pid:4468] [main] [host-log] (local-1) [host] [2026-08-23 18:39:31.093] [pid:33160] [zcode-host] [rpc:call] setting.update OK (7.6ms)
[2026-08-23 18:39:33.934] [info] [pid:4468] [main] [host-log] (local-1) [host] [2026-08-23 18:39:33.933] [pid:33160] [settingService] writing settings to: C:\Users\llh04\.zcode\v2\setting.json {"recentProjects":["C:\\Users\\llh04\\Desktop\\小说","D:\\公考","D:\\公考\\图形推理详解"],"locale":"zh-CN","localePreference":"zh-CN","terminalInheritSystemProfile":true,"embeddedBrowserAllowInsecureCertificates":false,"taskAutoArchiveEnabled":false,"taskAutoArchiveOlderThanDays":7,"closeToTrayOnWindows":true,"closeToTrayOnWindowsMigrationInitialized":true,"keepAwakeWhileRunning":false,"desktopWindowSize":{"width":1200,"height":800,"maximized":true},"desktopChromiumHardwareAccelerationEnabled":true,"messageStreamShowReasoning":false,"messageStreamShowTodos":false,"toolGroupingExploreEnabled":true,"toolGroupingTerminalEnabled":true,"toolGroupingChangesEnabled":false,"zcodeInteractionBehavior":"queue","askUserQuestionAutoResolutionEnabled":true,"modelIoFullRetentionEnabled":false,"optimizeAgentExperienceEnabled":false,"optimizeAgentExperienceMigrationInitialized":true,"enabledBuiltinAgentCliProviders":["glm"],"modelProviderFamilyModes":{"zai":"oauth"},"modelProviderFamilySelectedKeys":{"zai":"coding-plan:builtin:zai-start-plan"},"providerFamilyDomain":"zai","providerFamilyDomainUpdatedAt":1787116588334,"providerFamilyDomainMigrated":true,"repoSnapshotIndexingEnabled":false,"instantGrepIndexingEnabled":false,"nativeSearchEnhancementsEnabled":true,"memoryEnabled":false,"lastWorkspaceSession":[{"kind":"local","workspacePath":"C:\\Users\\llh04\\Desktop\\小说","workspacePurpose":"project"},{"kind":"local","workspacePath":"D:\\公考","workspacePurpose":"project"},{"kind":"local","workspacePath":"C:\\Users\\llh04\\.zcode\\workspace\\default","workspacePurpose":"conversation"}],"lastActiveTabIndex":0,"pendingPostUpdateReleaseNotes":{"version":"3.9.1","title":"Release v3.9.1","markdown":"## 新功能\n\n- 优化模型配置选项页面\n- 默认展示思考过程及实时耗时\n\n## 问题修复\n\n- 修复截图和网页工具图片在部分网关中无法显示的问题\n- 修复单冒号文件引用无法识别的问题","releaseDate":"2026-08-23T02:22:17.074Z","releaseNotesByLocale":{"zh-CN":{"title":"Release v3.9.1","markdown":"## 新功能\n\n- 优化模型配置选项页面\n- 默认展示思考过程及实时耗时\n\n## 问题修复\n\n- 修复截图和网页工具图片在部分网关中无法显示的问题\n- 修复单冒号文件引用无法识别的问题"},"en-US":{"title":"Release v3.9.1","markdown":"## New Features\n\n- Optimize the model configuration options page\n- By default, the thinking process and real-time time consumption are displayed\n\n## Issue Fix\n\n- Fixed the issue where screenshots and web tool images could not be displayed in some gateways\n- Fixed the issue where single-colon file references could not be recognized"}}},"receivePreviewUpdates":false,"autoDownloadAndInstallUpdates":true,"skippedElectronUpdateVersions":{},"settingsSyncFirstRunPromptHandled":true}
[2026-08-23 18:39:33.938] [info] [pid:4468] [main] [host-log] (local-1) [host] [2026-08-23 18:39:33.937] [pid:33160] [settingService] write done
[2026-08-23 18:39:33.938] [info] [pid:4468] [main] [host-log] (local-1) [host] [2026-08-23 18:39:33.937] [pid:33160] [zcode-host] [rpc:call] setting.update OK (5.3ms)
[2026-08-23 18:39:34.515] [info] [pid:4468] [main] [host-log] (local-1) [host] [2026-08-23 18:39:34.515] [pid:33160] [settingService] writing settings to: C:\Users\llh04\.zcode\v2\setting.json {"recentProjects":["C:\\Users\\llh04\\Desktop\\小说","D:\\公考","D:\\公考\\图形推理详解"],"locale":"zh-CN","localePreference":"zh-CN","terminalInheritSystemProfile":true,"embeddedBrowserAllowInsecureCertificates":false,"taskAutoArchiveEnabled":false,"taskAutoArchiveOlderThanDays":7,"closeToTrayOnWindows":true,"closeToTrayOnWindowsMigrationInitialized":true,"keepAwakeWhileRunning":false,"desktopWindowSize":{"width":1200,"height":800,"maximized":true},"desktopChromiumHardwareAccelerationEnabled":true,"messageStreamShowReasoning":false,"messageStreamShowTodos":false,"toolGroupingExploreEnabled":true,"toolGroupingTerminalEnabled":true,"toolGroupingChangesEnabled":false,"zcodeInteractionBehavior":"queue","askUserQuestionAutoResolutionEnabled":true,"modelIoFullRetentionEnabled":false,"optimizeAgentExperienceEnabled":false,"optimizeAgentExperienceMigrationInitialized":true,"enabledBuiltinAgentCliProviders":["glm"],"modelProviderFamilyModes":{"zai":"oauth"},"modelProviderFamilySelectedKeys":{"zai":"coding-plan:builtin:zai-start-plan"},"providerFamilyDomain":"zai","providerFamilyDomainUpdatedAt":1787116588334,"providerFamilyDomainMigrated":true,"repoSnapshotIndexingEnabled":false,"instantGrepIndexingEnabled":false,"nativeSearchEnhancementsEnabled":true,"memoryEnabled":false,"lastWorkspaceSession":[{"kind":"local","workspacePath":"C:\\Users\\llh04\\Desktop\\小说","workspacePurpose":"project"},{"kind":"local","workspacePath":"D:\\公考","workspacePurpose":"project"},{"kind":"local","workspacePath":"C:\\Users\\llh04\\.zcode\\workspace\\default","workspacePurpose":"conversation"}],"lastActiveTabIndex":0,"pendingPostUpdateReleaseNotes":{"version":"3.9.1","title":"Release v3.9.1","markdown":"## 新功能\n\n- 优化模型配置选项页面\n- 默认展示思考过程及实时耗时\n\n## 问题修复\n\n- 修复截图和网页工具图片在部分网关中无法显示的问题\n- 修复单冒号文件引用无法识别的问题","releaseDate":"2026-08-23T02:22:17.074Z","releaseNotesByLocale":{"zh-CN":{"title":"Release v3.9.1","markdown":"## 新功能\n\n- 优化模型配置选项页面\n- 默认展示思考过程及实时耗时\n\n## 问题修复\n\n- 修复截图和网页工具图片在部分网关中无法显示的问题\n- 修复单冒号文件引用无法识别的问题"},"en-US":{"title":"Release v3.9.1","markdown":"## New Features\n\n- Optimize the model configuration options page\n- By default, the thinking process and real-time time consumption are displayed\n\n## Issue Fix\n\n- Fixed the issue where screenshots and web tool images could not be displayed in some gateways\n- Fixed the issue where single-colon file references could not be recognized"}}},"receivePreviewUpdates":false,"autoDownloadAndInstallUpdates":true,"skippedElectronUpdateVersions":{},"settingsSyncFirstRunPromptHandled":true}
[2026-08-23 18:39:34.519] [info] [pid:4468] [main] [host-log] (local-1) [host] [2026-08-23 18:39:34.519] [pid:33160] [settingService] write done
[2026-08-23 18:39:34.519] [info] [pid:4468] [main] [host-log] (local-1) [host] [2026-08-23 18:39:34.519] [pid:33160] [zcode-host] [rpc:call] setting.update OK (5.3ms)
[2026-08-23 18:39:41.391] [debug] [pid:4468] [main] [browser-use] execute start browserId=iab:11931cb9-6b5c-4f3c-868f-c43796aaf40f sessionId=sess_9ac9f47e-224c-4ada-b806-e8c7d75367a5 method=list
[2026-08-23 18:39:41.392] [debug] [pid:4468] [main] [browser-use] execute requestId=16a8d0f7-132b-4162-a088-afb4409607fa browserId=iab:11931cb9-6b5c-4f3c-868f-c43796aaf40f generation=1787463534165 windowId=1 sessionId=sess_9ac9f47e-224c-4ada-b806-e8c7d75367a5 method=list
[2026-08-23 18:39:41.392] [debug] [pid:4468] [main] [browser-use] execute done sessionId=sess_9ac9f47e-224c-4ada-b806-e8c7d75367a5 method=list ok=true elapsedMs=0
[2026-08-23 18:39:41.393] [debug] [pid:4468] [main] [browser-use] execute start browserId=iab:11931cb9-6b5c-4f3c-868f-c43796aaf40f sessionId=sess_9ac9f47e-224c-4ada-b806-e8c7d75367a5 method=listUserTabs
[2026-08-23 18:39:41.393] [debug] [pid:4468] [main] [browser-use] execute requestId=26f594c6-a9cf-4bb0-b307-55eee08670b1 browserId=iab:11931cb9-6b5c-4f3c-868f-c43796aaf40f generation=1787463534165 windowId=1 sessionId=sess_9ac9f47e-224c-4ada-b806-e8c7d75367a5 method=listUserTabs
[2026-08-23 18:39:41.393] [debug] [pid:4468] [main] [browser-use] execute done sessionId=sess_9ac9f47e-224c-4ada-b806-e8c7d75367a5 method=listUserTabs ok=true elapsedMs=0
[2026-08-23 18:39:41.454] [info] [pid:4468] [main] [host-log] (local-1) [host] [2026-08-23 18:39:41.452] [pid:33160] [zcode-host] [rpc:call] zcode-agent.sendConversationCommandV4 OK (63.1ms)
[2026-08-23 18:39:45.539] [info] [pid:4468] [main] [host-log] (local-1) [host] [2026-08-23 18:39:45.539] [pid:33160] [settingService] writing settings to: C:\Users\llh04\.zcode\v2\setting.json {"recentProjects":["C:\\Users\\llh04\\Desktop\\小说","D:\\公考","D:\\公考\\图形推理详解"],"locale":"zh-CN","localePreference":"zh-CN","terminalInheritSystemProfile":true,"embeddedBrowserAllowInsecureCertificates":false,"taskAutoArchiveEnabled":false,"taskAutoArchiveOlderThanDays":7,"closeToTrayOnWindows":true,"closeToTrayOnWindowsMigrationInitialized":true,"keepAwakeWhileRunning":false,"desktopWindowSize":{"width":1200,"height":800,"maximized":true},"desktopChromiumHardwareAccelerationEnabled":true,"messageStreamShowReasoning":false,"messageStreamShowTodos":false,"toolGroupingExploreEnabled":true,"toolGroupingTerminalEnabled":true,"toolGroupingChangesEnabled":false,"zcodeInteractionBehavior":"queue","askUserQuestionAutoResolutionEnabled":true,"modelIoFullRetentionEnabled":false,"optimizeAgentExperienceEnabled":false,"optimizeAgentExperienceMigrationInitialized":true,"enabledBuiltinAgentCliProviders":["glm"],"modelProviderFamilyModes":{"zai":"oauth"},"modelProviderFamilySelectedKeys":{"zai":"coding-plan:builtin:zai-start-plan"},"providerFamilyDomain":"zai","providerFamilyDomainUpdatedAt":1787116588334,"providerFamilyDomainMigrated":true,"repoSnapshotIndexingEnabled":false,"instantGrepIndexingEnabled":false,"nativeSearchEnhancementsEnabled":true,"memoryEnabled":false,"lastWorkspaceSession":[{"kind":"local","workspacePath":"C:\\Users\\llh04\\Desktop\\小说","workspacePurpose":"project"},{"kind":"local","workspacePath":"D:\\公考","workspacePurpose":"project"},{"kind":"local","workspacePath":"C:\\Users\\llh04\\.zcode\\workspace\\default","workspacePurpose":"conversation"}],"lastActiveTabIndex":0,"pendingPostUpdateReleaseNotes":{"version":"3.9.1","title":"Release v3.9.1","markdown":"## 新功能\n\n- 优化模型配置选项页面\n- 默认展示思考过程及实时耗时\n\n## 问题修复\n\n- 修复截图和网页工具图片在部分网关中无法显示的问题\n- 修复单冒号文件引用无法识别的问题","releaseDate":"2026-08-23T02:22:17.074Z","releaseNotesByLocale":{"zh-CN":{"title":"Release v3.9.1","markdown":"## 新功能\n\n- 优化模型配置选项页面\n- 默认展示思考过程及实时耗时\n\n## 问题修复\n\n- 修复截图和网页工具图片在部分网关中无法显示的问题\n- 修复单冒号文件引用无法识别的问题"},"en-US":{"title":"Release v3.9.1","markdown":"## New Features\n\n- Optimize the model configuration options page\n- By default, the thinking process and real-time time consumption are displayed\n\n## Issue Fix\n\n- Fixed the issue where screenshots and web tool images could not be displayed in some gateways\n- Fixed the issue where single-colon file references could not be recognized"}}},"receivePreviewUpdates":false,"autoDownloadAndInstallUpdates":true,"skippedElectronUpdateVersions":{},"settingsSyncFirstRunPromptHandled":true}
[2026-08-23 18:39:45.542] [info] [pid:4468] [main] [host-log] (local-1) [host] [2026-08-23 18:39:45.542] [pid:33160] [settingService] write done
[2026-08-23 18:39:45.543] [info] [pid:4468] [main] [host-log] (local-1) [host] [2026-08-23 18:39:45.542] [pid:33160] [zcode-host] [rpc:call] setting.update OK (4.2ms)
[2026-08-23 18:39:54.476] [info] [pid:4468] [main] [host-log] (local-1) [host] [2026-08-23 18:39:54.474] [pid:33160] [zcode-host] [rpc:call] off-peak-task.list OK (5.5ms)
[2026-08-23 18:39:59.369] [info] [pid:4468] [main] [resource] perf_resource window flushed
[2026-08-23 18:39:59.377] [info] [pid:4468] [main] [network] perf_network flushed interfaces=4
[2026-08-23 18:40:24.573] [info] [pid:4468] [main] [host-log] (local-1) [host] [2026-08-23 18:40:24.571] [pid:33160] [zcode-host] [rpc:call] off-peak-task.list OK (0.2ms)
[2026-08-23 18:40:54.571] [info] [pid:4468] [main] [host-log] (local-1) [host] [2026-08-23 18:40:54.570] [pid:33160] [zcode-host] [rpc:call] off-peak-task.list OK (0.2ms)
[2026-08-23 18:41:34.576] [info] [pid:4468] [main] [host-log] (local-1) [host] [2026-08-23 18:41:34.575] [pid:33160] [zcode-host] [rpc:call] off-peak-task.list OK (0.1ms)
[2026-08-23 18:42:34.577] [info] [pid:4468] [main] [host-log] (local-1) [host] [2026-08-23 18:42:34.575] [pid:33160] [zcode-host] [rpc:call] off-peak-task.list OK (0.2ms)
[2026-08-23 18:43:34.572] [info] [pid:4468] [main] [host-log] (local-1) [host] [2026-08-23 18:43:34.568] [pid:33160] [zcode-host] [rpc:call] off-peak-task.list OK (0.1ms)
[2026-08-23 18:44:34.585] [info] [pid:4468] [main] [host-log] (local-1) [host] [2026-08-23 18:44:34.583] [pid:33160] [zcode-host] [rpc:call] off-peak-task.list OK (0.3ms)
[2026-08-23 18:44:59.378] [info] [pid:4468] [main] [resource] perf_resource window flushed
[2026-08-23 18:44:59.385] [info] [pid:4468] [main] [network] perf_network flushed interfaces=3
[2026-08-23 18:45:34.583] [info] [pid:4468] [main] [host-log] (local-1) [host] [2026-08-23 18:45:34.581] [pid:33160] [zcode-host] [rpc:call] off-peak-task.list OK (0.2ms)
[2026-08-23 18:46:34.581] [info] [pid:4468] [main] [host-log] (local-1) [host] [2026-08-23 18:46:34.581] [pid:33160] [zcode-host] [rpc:call] off-peak-task.list OK (0.2ms)
[2026-08-23 18:47:34.583] [info] [pid:4468] [main] [host-log] (local-1) [host] [2026-08-23 18:47:34.583] [pid:33160] [zcode-host] [rpc:call] off-peak-task.list OK (0.4ms)
[2026-08-23 18:48:34.576] [info] [pid:4468] [main] [host-log] (local-1) [host] [2026-08-23 18:48:34.575] [pid:33160] [zcode-host] [rpc:call] off-peak-task.list OK (0.2ms)
[2026-08-23 18:48:42.672] [info] [pid:4468] [main] [host-log] (local-1) [host] [2026-08-23 18:48:42.671] [pid:33160] [zcode-agent-service][trace:bae79b6c-4719-4cb1-938d-b402e5641847] 开始请求 ZCode Protocol session/resume {"hasRuntimeModel":false,"mcpServerCount":0,"mcpServerNames":[],"modelHint":null,"runtimeModel":null,"sessionId":"sess_9ac9f47e-224c-4ada-b806-e8c7d75367a5","workspaceKey":"C:\\Users\\llh04\\Desktop\\小说","workspacePath":"C:\\Users\\llh04\\Desktop\\小说"}
[2026-08-23 18:48:43.483] [info] [pid:4468] [main] [host-log] (local-1) [host] [2026-08-23 18:48:43.482] [pid:33160] [zcode-agent-service][trace:bae79b6c-4719-4cb1-938d-b402e5641847] ZCode Protocol session/resume 完成 {"durationMs":813,"hasRuntimeModel":false,"messageCount":131,"modelCurrent":"3a57ef88-16c9-48c9-af35-067641626862/ox-alpha","mcpServerCount":0,"sessionId":"sess_9ac9f47e-224c-4ada-b806-e8c7d75367a5","snapshotTraceId":"bae79b6c-4719-4cb1-938d-b402e5641847","workspaceKey":"C:\\Users\\llh04\\Desktop\\小说","workspacePath":"C:\\Users\\llh04\\Desktop\\小说"}
[2026-08-23 18:48:45.130] [info] [pid:4468] [main] [host-log] (local-1) [host] [2026-08-23 18:48:45.129] [pid:33160] [settingService] writing settings to: C:\Users\llh04\.zcode\v2\setting.json {"recentProjects":["C:\\Users\\llh04\\Desktop\\小说","D:\\公考","D:\\公考\\图形推理详解"],"locale":"zh-CN","localePreference":"zh-CN","terminalInheritSystemProfile":true,"embeddedBrowserAllowInsecureCertificates":false,"taskAutoArchiveEnabled":false,"taskAutoArchiveOlderThanDays":7,"closeToTrayOnWindows":true,"closeToTrayOnWindowsMigrationInitialized":true,"keepAwakeWhileRunning":false,"desktopWindowSize":{"width":1200,"height":800,"maximized":true},"desktopChromiumHardwareAccelerationEnabled":true,"messageStreamShowReasoning":false,"messageStreamShowTodos":false,"toolGroupingExploreEnabled":true,"toolGroupingTerminalEnabled":true,"toolGroupingChangesEnabled":false,"zcodeInteractionBehavior":"queue","askUserQuestionAutoResolutionEnabled":true,"modelIoFullRetentionEnabled":false,"optimizeAgentExperienceEnabled":false,"optimizeAgentExperienceMigrationInitialized":true,"enabledBuiltinAgentCliProviders":["glm"],"modelProviderFamilyModes":{"zai":"oauth"},"modelProviderFamilySelectedKeys":{"zai":"coding-plan:builtin:zai-start-plan"},"providerFamilyDomain":"zai","providerFamilyDomainUpdatedAt":1787116588334,"providerFamilyDomainMigrated":true,"repoSnapshotIndexingEnabled":false,"instantGrepIndexingEnabled":false,"nativeSearchEnhancementsEnabled":true,"memoryEnabled":false,"lastWorkspaceSession":[{"kind":"local","workspacePath":"C:\\Users\\llh04\\Desktop\\小说","workspacePurpose":"project"},{"kind":"local","workspacePath":"D:\\公考","workspacePurpose":"project"},{"kind":"local","workspacePath":"C:\\Users\\llh04\\.zcode\\workspace\\default","workspacePurpose":"conversation"}],"lastActiveTabIndex":0,"pendingPostUpdateReleaseNotes":{"version":"3.9.1","title":"Release v3.9.1","markdown":"## 新功能\n\n- 优化模型配置选项页面\n- 默认展示思考过程及实时耗时\n\n## 问题修复\n\n- 修复截图和网页工具图片在部分网关中无法显示的问题\n- 修复单冒号文件引用无法识别的问题","releaseDate":"2026-08-23T02:22:17.074Z","releaseNotesByLocale":{"zh-CN":{"title":"Release v3.9.1","markdown":"## 新功能\n\n- 优化模型配置选项页面\n- 默认展示思考过程及实时耗时\n\n## 问题修复\n\n- 修复截图和网页工具图片在部分网关中无法显示的问题\n- 修复单冒号文件引用无法识别的问题"},"en-US":{"title":"Release v3.9.1","markdown":"## New Features\n\n- Optimize the model configuration options page\n- By default, the thinking process and real-time time consumption are displayed\n\n## Issue Fix\n\n- Fixed the issue where screenshots and web tool images could not be displayed in some gateways\n- Fixed the issue where single-colon file references could not be recognized"}}},"receivePreviewUpdates":false,"autoDownloadAndInstallUpdates":true,"skippedElectronUpdateVersions":{},"settingsSyncFirstRunPromptHandled":true}
[2026-08-23 18:48:45.134] [info] [pid:4468] [main] [host-log] (local-1) [host] [2026-08-23 18:48:45.133] [pid:33160] [settingService] write done
[2026-08-23 18:48:45.134] [info] [pid:4468] [main] [host-log] (local-1) [host] [2026-08-23 18:48:45.133] [pid:33160] [zcode-host] [rpc:call] setting.update OK (4.9ms)
[2026-08-23 18:48:49.925] [info] [pid:4468] [main] [host-log] (local-1) [host] [2026-08-23 18:48:49.924] [pid:33160] [settingService] writing settings to: C:\Users\llh04\.zcode\v2\setting.json {"recentProjects":["C:\\Users\\llh04\\Desktop\\小说","D:\\公考","D:\\公考\\图形推理详解"],"locale":"zh-CN","localePreference":"zh-CN","terminalInheritSystemProfile":true,"embeddedBrowserAllowInsecureCertificates":false,"taskAutoArchiveEnabled":false,"taskAutoArchiveOlderThanDays":7,"closeToTrayOnWindows":true,"closeToTrayOnWindowsMigrationInitialized":true,"keepAwakeWhileRunning":false,"desktopWindowSize":{"width":1200,"height":800,"maximized":true},"desktopChromiumHardwareAccelerationEnabled":true,"messageStreamShowReasoning":false,"messageStreamShowTodos":false,"toolGroupingExploreEnabled":true,"toolGroupingTerminalEnabled":true,"toolGroupingChangesEnabled":false,"zcodeInteractionBehavior":"queue","askUserQuestionAutoResolutionEnabled":true,"modelIoFullRetentionEnabled":false,"optimizeAgentExperienceEnabled":false,"optimizeAgentExperienceMigrationInitialized":true,"enabledBuiltinAgentCliProviders":["glm"],"modelProviderFamilyModes":{"zai":"oauth"},"modelProviderFamilySelectedKeys":{"zai":"coding-plan:builtin:zai-start-plan"},"providerFamilyDomain":"zai","providerFamilyDomainUpdatedAt":1787116588334,"providerFamilyDomainMigrated":true,"repoSnapshotIndexingEnabled":false,"instantGrepIndexingEnabled":false,"nativeSearchEnhancementsEnabled":true,"memoryEnabled":false,"lastWorkspaceSession":[{"kind":"local","workspacePath":"C:\\Users\\llh04\\Desktop\\小说","workspacePurpose":"project"},{"kind":"local","workspacePath":"D:\\公考","workspacePurpose":"project"},{"kind":"local","workspacePath":"C:\\Users\\llh04\\.zcode\\workspace\\default","workspacePurpose":"conversation"}],"lastActiveTabIndex":0,"pendingPostUpdateReleaseNotes":{"version":"3.9.1","title":"Release v3.9.1","markdown":"## 新功能\n\n- 优化模型配置选项页面\n- 默认展示思考过程及实时耗时\n\n## 问题修复\n\n- 修复截图和网页工具图片在部分网关中无法显示的问题\n- 修复单冒号文件引用无法识别的问题","releaseDate":"2026-08-23T02:22:17.074Z","releaseNotesByLocale":{"zh-CN":{"title":"Release v3.9.1","markdown":"## 新功能\n\n- 优化模型配置选项页面\n- 默认展示思考过程及实时耗时\n\n## 问题修复\n\n- 修复截图和网页工具图片在部分网关中无法显示的问题\n- 修复单冒号文件引用无法识别的问题"},"en-US":{"title":"Release v3.9.1","markdown":"## New Features\n\n- Optimize the model configuration options page\n- By default, the thinking process and real-time time consumption are displayed\n\n## Issue Fix\n\n- Fixed the issue where screenshots and web tool images could not be displayed in some gateways\n- Fixed the issue where single-colon file references could not be recognized"}}},"receivePreviewUpdates":false,"autoDownloadAndInstallUpdates":true,"skippedElectronUpdateVersions":{},"settingsSyncFirstRunPromptHandled":true}
[2026-08-23 18:48:49.927] [info] [pid:4468] [main] [host-log] (local-1) [host] [2026-08-23 18:48:49.927] [pid:33160] [settingService] write done
[2026-08-23 18:48:49.928] [info] [pid:4468] [main] [host-log] (local-1) [host] [2026-08-23 18:48:49.927] [pid:33160] [zcode-host] [rpc:call] setting.update OK (3.4ms)
[2026-08-23 18:48:52.391] [debug] [pid:4468] [main] [browser-use] execute start browserId=iab:11931cb9-6b5c-4f3c-868f-c43796aaf40f sessionId=sess_9ac9f47e-224c-4ada-b806-e8c7d75367a5 method=list
[2026-08-23 18:48:52.392] [debug] [pid:4468] [main] [browser-use] execute requestId=4228b2ce-5227-4c21-ad62-d4160e3fdf49 browserId=iab:11931cb9-6b5c-4f3c-868f-c43796aaf40f generation=1787463534165 windowId=1 sessionId=sess_9ac9f47e-224c-4ada-b806-e8c7d75367a5 method=list
[2026-08-23 18:48:52.392] [debug] [pid:4468] [main] [browser-use] execute done sessionId=sess_9ac9f47e-224c-4ada-b806-e8c7d75367a5 method=list ok=true elapsedMs=0
[2026-08-23 18:48:52.393] [debug] [pid:4468] [main] [browser-use] execute start browserId=iab:11931cb9-6b5c-4f3c-868f-c43796aaf40f sessionId=sess_9ac9f47e-224c-4ada-b806-e8c7d75367a5 method=listUserTabs
[2026-08-23 18:48:52.407] [debug] [pid:4468] [main] [browser-use] execute requestId=6cac751e-4122-4b0e-956e-f1dc9695873c browserId=iab:11931cb9-6b5c-4f3c-868f-c43796aaf40f generation=1787463534165 windowId=1 sessionId=sess_9ac9f47e-224c-4ada-b806-e8c7d75367a5 method=listUserTabs
[2026-08-23 18:48:52.408] [debug] [pid:4468] [main] [browser-use] execute done sessionId=sess_9ac9f47e-224c-4ada-b806-e8c7d75367a5 method=listUserTabs ok=true elapsedMs=0
[2026-08-23 18:48:52.476] [info] [pid:4468] [main] [host-log] (local-1) [host] [2026-08-23 18:48:52.476] [pid:33160] [zcode-host] [rpc:call] zcode-agent.sendConversationCommandV4 OK (84.8ms)
[2026-08-23 18:48:54.472] [info] [pid:4468] [main] [host-log] (local-1) [host] [2026-08-23 18:48:54.472] [pid:33160] [zcode-host] [rpc:call] off-peak-task.list OK (0.1ms)
[2026-08-23 18:49:24.465] [info] [pid:4468] [main] [host-log] (local-1) [host] [2026-08-23 18:49:24.463] [pid:33160] [zcode-host] [rpc:call] off-peak-task.list OK (0.1ms)
[2026-08-23 18:49:54.597] [info] [pid:4468] [main] [host-log] (local-1) [host] [2026-08-23 18:49:54.596] [pid:33160] [zcode-host] [rpc:call] off-peak-task.list OK (0.2ms)
[2026-08-23 18:49:59.407] [info] [pid:4468] [main] [resource] perf_resource window flushed
[2026-08-23 18:49:59.408] [info] [pid:4468] [main] [network] perf_network flushed interfaces=3
[2026-08-23 18:50:24.607] [info] [pid:4468] [main] [host-log] (local-1) [host] [2026-08-23 18:50:24.607] [pid:33160] [zcode-host] [rpc:call] off-peak-task.list OK (0.2ms)
[2026-08-23 18:51:34.571] [info] [pid:4468] [main] [host-log] (local-1) [host] [2026-08-23 18:51:34.570] [pid:33160] [zcode-host] [rpc:call] off-peak-task.list OK (0.3ms)
[2026-08-23 18:52:34.587] [info] [pid:4468] [main] [host-log] (local-1) [host] [2026-08-23 18:52:34.581] [pid:33160] [zcode-host] [rpc:call] off-peak-task.list OK (0.2ms)
[2026-08-23 18:53:34.571] [info] [pid:4468] [main] [host-log] (local-1) [host] [2026-08-23 18:53:34.570] [pid:33160] [zcode-host] [rpc:call] off-peak-task.list OK (0.2ms)
[2026-08-23 18:54:34.575] [info] [pid:4468] [main] [host-log] (local-1) [host] [2026-08-23 18:54:34.573] [pid:33160] [zcode-host] [rpc:call] off-peak-task.list OK (0.2ms)
[2026-08-23 18:54:59.418] [info] [pid:4468] [main] [resource] perf_resource window flushed
[2026-08-23 18:54:59.419] [info] [pid:4468] [main] [network] perf_network flushed interfaces=1
[2026-08-23 18:55:34.574] [info] [pid:4468] [main] [host-log] (local-1) [host] [2026-08-23 18:55:34.573] [pid:33160] [zcode-host] [rpc:call] off-peak-task.list OK (0.2ms)
[2026-08-23 18:56:34.588] [info] [pid:4468] [main] [host-log] (local-1) [host] [2026-08-23 18:56:34.583] [pid:33160] [zcode-host] [rpc:call] off-peak-task.list OK (0.2ms)
[2026-08-23 18:57:34.573] [info] [pid:4468] [main] [host-log] (local-1) [host] [2026-08-23 18:57:34.571] [pid:33160] [zcode-host] [rpc:call] off-peak-task.list OK (0.2ms)
[2026-08-23 18:58:34.574] [info] [pid:4468] [main] [host-log] (local-1) [host] [2026-08-23 18:58:34.572] [pid:33160] [zcode-host] [rpc:call] off-peak-task.list OK (0.3ms)
[2026-08-23 18:59:34.574] [info] [pid:4468] [main] [host-log] (local-1) [host] [2026-08-23 18:59:34.572] [pid:33160] [zcode-host] [rpc:call] off-peak-task.list OK (0.2ms)
[2026-08-23 18:59:59.432] [info] [pid:4468] [main] [resource] perf_resource window flushed
[2026-08-23 18:59:59.446] [info] [pid:4468] [main] [network] perf_network flushed interfaces=1
[2026-08-23 19:00:34.576] [info] [pid:4468] [main] [host-log] (local-1) [host] [2026-08-23 19:00:34.574] [pid:33160] [zcode-host] [rpc:call] off-peak-task.list OK (0.2ms)
[2026-08-23 19:01:34.587] [info] [pid:4468] [main] [host-log] (local-1) [host] [2026-08-23 19:01:34.584] [pid:33160] [zcode-host] [rpc:call] off-peak-task.list OK (0.3ms)
[2026-08-23 19:02:34.580] [info] [pid:4468] [main] [host-log] (local-1) [host] [2026-08-23 19:02:34.577] [pid:33160] [zcode-host] [rpc:call] off-peak-task.list OK (0.2ms)
[2026-08-23 19:03:34.662] [info] [pid:4468] [main] [host-log] (local-1) [host] [2026-08-23 19:03:34.662] [pid:33160] [zcode-host] [rpc:call] off-peak-task.list OK (0.3ms)
[2026-08-23 19:04:34.580] [info] [pid:4468] [main] [host-log] (local-1) [host] [2026-08-23 19:04:34.575] [pid:33160] [zcode-host] [rpc:call] off-peak-task.list OK (0.4ms)
[2026-08-23 19:04:59.433] [info] [pid:4468] [main] [resource] perf_resource window flushed
[2026-08-23 19:04:59.451] [info] [pid:4468] [main] [network] perf_network flushed interfaces=1
[2026-08-23 19:05:34.575] [info] [pid:4468] [main] [host-log] (local-1) [host] [2026-08-23 19:05:34.573] [pid:33160] [zcode-host] [rpc:call] off-peak-task.list OK (0.2ms)
[2026-08-23 19:06:34.587] [info] [pid:4468] [main] [host-log] (local-1) [host] [2026-08-23 19:06:34.586] [pid:33160] [zcode-host] [rpc:call] off-peak-task.list OK (0.1ms)
[2026-08-23 19:07:34.586] [info] [pid:4468] [main] [host-log] (local-1) [host] [2026-08-23 19:07:34.584] [pid:33160] [zcode-host] [rpc:call] off-peak-task.list OK (0.2ms)
[2026-08-23 19:08:34.585] [info] [pid:4468] [main] [host-log] (local-1) [host] [2026-08-23 19:08:34.584] [pid:33160] [zcode-host] [rpc:call] off-peak-task.list OK (0.1ms)
[2026-08-23 19:09:34.582] [info] [pid:4468] [main] [host-log] (local-1) [host] [2026-08-23 19:09:34.579] [pid:33160] [zcode-host] [rpc:call] off-peak-task.list OK (0.3ms)
[2026-08-23 19:09:59.448] [info] [pid:4468] [main] [resource] perf_resource window flushed
[2026-08-23 19:09:59.454] [info] [pid:4468] [main] [network] perf_network flushed interfaces=1
[2026-08-23 19:10:34.576] [info] [pid:4468] [main] [host-log] (local-1) [host] [2026-08-23 19:10:34.575] [pid:33160] [zcode-host] [rpc:call] off-peak-task.list OK (0.2ms)
[2026-08-23 19:11:34.585] [info] [pid:4468] [main] [host-log] (local-1) [host] [2026-08-23 19:11:34.582] [pid:33160] [zcode-host] [rpc:call] off-peak-task.list OK (0.2ms)
[2026-08-23 19:12:34.574] [info] [pid:4468] [main] [host-log] (local-1) [host] [2026-08-23 19:12:34.572] [pid:33160] [zcode-host] [rpc:call] off-peak-task.list OK (0.2ms)
[2026-08-23 19:13:34.590] [info] [pid:4468] [main] [host-log] (local-1) [host] [2026-08-23 19:13:34.586] [pid:33160] [zcode-host] [rpc:call] off-peak-task.list OK (0.2ms)
[2026-08-23 19:14:34.585] [info] [pid:4468] [main] [host-log] (local-1) [host] [2026-08-23 19:14:34.582] [pid:33160] [zcode-host] [rpc:call] off-peak-task.list OK (0.4ms)
[2026-08-23 19:14:52.337] [info] [pid:4468] [main] [host-log] (local-1) [host] [2026-08-23 19:14:52.337] [pid:33160] [zcode-agent-service][trace:bae79b6c-4719-4cb1-938d-b402e5641847] 开始请求 ZCode Protocol session/resume {"hasRuntimeModel":false,"mcpServerCount":0,"mcpServerNames":[],"modelHint":null,"runtimeModel":null,"sessionId":"sess_9ac9f47e-224c-4ada-b806-e8c7d75367a5","workspaceKey":"C:\\Users\\llh04\\Desktop\\小说","workspacePath":"C:\\Users\\llh04\\Desktop\\小说"}
[2026-08-23 19:14:53.299] [info] [pid:4468] [main] [host-log] (local-1) [host] [2026-08-23 19:14:53.299] [pid:33160] [zcode-agent-service][trace:bae79b6c-4719-4cb1-938d-b402e5641847] ZCode Protocol session/resume 完成 {"durationMs":965,"hasRuntimeModel":false,"messageCount":190,"modelCurrent":"3a57ef88-16c9-48c9-af35-067641626862/ox-alpha","mcpServerCount":0,"sessionId":"sess_9ac9f47e-224c-4ada-b806-e8c7d75367a5","snapshotTraceId":"bae79b6c-4719-4cb1-938d-b402e5641847","workspaceKey":"C:\\Users\\llh04\\Desktop\\小说","workspacePath":"C:\\Users\\llh04\\Desktop\\小说"}
[2026-08-23 19:14:53.302] [info] [pid:4468] [main] [host-log] (local-1) [host] [2026-08-23 19:14:53.302] [pid:33160] [zcode-host] [rpc:call] zcode-agent.conversationFileChangesV4 OK (484.4ms)
[2026-08-23 19:14:53.306] [info] [pid:4468] [main] [host-log] (local-1) [host] [2026-08-23 19:14:53.307] [pid:33160] [zcode-host] [rpc:call] file.checkFilesExist OK (0.3ms)
[2026-08-23 19:14:54.475] [info] [pid:4468] [main] [host-log] (local-1) [host] [2026-08-23 19:14:54.475] [pid:33160] [zcode-host] [rpc:call] off-peak-task.list OK (0.2ms)
[2026-08-23 19:14:59.443] [info] [pid:4468] [main] [resource] perf_resource window flushed
[2026-08-23 19:14:59.464] [info] [pid:4468] [main] [network] perf_network flushed interfaces=1
[2026-08-23 19:15:34.578] [info] [pid:4468] [main] [host-log] (local-1) [host] [2026-08-23 19:15:34.574] [pid:33160] [zcode-host] [rpc:call] off-peak-task.list OK (0.6ms)
[2026-08-23 19:16:34.588] [info] [pid:4468] [main] [host-log] (local-1) [host] [2026-08-23 19:16:34.583] [pid:33160] [zcode-host] [rpc:call] off-peak-task.list OK (0.2ms)
[2026-08-23 19:16:41.564] [info] [pid:4468] [main] [host-log] (local-1) [host] [2026-08-23 19:16:41.563] [pid:33160] [settingService] writing settings to: C:\Users\llh04\.zcode\v2\setting.json {"recentProjects":["C:\\Users\\llh04\\Desktop\\小说","D:\\公考","D:\\公考\\图形推理详解"],"locale":"zh-CN","localePreference":"zh-CN","terminalInheritSystemProfile":true,"embeddedBrowserAllowInsecureCertificates":false,"taskAutoArchiveEnabled":false,"taskAutoArchiveOlderThanDays":7,"closeToTrayOnWindows":true,"closeToTrayOnWindowsMigrationInitialized":true,"keepAwakeWhileRunning":false,"desktopWindowSize":{"width":1200,"height":800,"maximized":true},"desktopChromiumHardwareAccelerationEnabled":true,"messageStreamShowReasoning":false,"messageStreamShowTodos":false,"toolGroupingExploreEnabled":true,"toolGroupingTerminalEnabled":true,"toolGroupingChangesEnabled":false,"zcodeInteractionBehavior":"queue","askUserQuestionAutoResolutionEnabled":true,"modelIoFullRetentionEnabled":false,"optimizeAgentExperienceEnabled":false,"optimizeAgentExperienceMigrationInitialized":true,"enabledBuiltinAgentCliProviders":["glm"],"modelProviderFamilyModes":{"zai":"oauth"},"modelProviderFamilySelectedKeys":{"zai":"coding-plan:builtin:zai-start-plan"},"providerFamilyDomain":"zai","providerFamilyDomainUpdatedAt":1787116588334,"providerFamilyDomainMigrated":true,"repoSnapshotIndexingEnabled":false,"instantGrepIndexingEnabled":false,"nativeSearchEnhancementsEnabled":true,"memoryEnabled":false,"lastWorkspaceSession":[{"kind":"local","workspacePath":"C:\\Users\\llh04\\Desktop\\小说","workspacePurpose":"project"},{"kind":"local","workspacePath":"D:\\公考","workspacePurpose":"project"},{"kind":"local","workspacePath":"C:\\Users\\llh04\\.zcode\\workspace\\default","workspacePurpose":"conversation"}],"lastActiveTabIndex":0,"pendingPostUpdateReleaseNotes":{"version":"3.9.1","title":"Release v3.9.1","markdown":"## 新功能\n\n- 优化模型配置选项页面\n- 默认展示思考过程及实时耗时\n\n## 问题修复\n\n- 修复截图和网页工具图片在部分网关中无法显示的问题\n- 修复单冒号文件引用无法识别的问题","releaseDate":"2026-08-23T02:22:17.074Z","releaseNotesByLocale":{"zh-CN":{"title":"Release v3.9.1","markdown":"## 新功能\n\n- 优化模型配置选项页面\n- 默认展示思考过程及实时耗时\n\n## 问题修复\n\n- 修复截图和网页工具图片在部分网关中无法显示的问题\n- 修复单冒号文件引用无法识别的问题"},"en-US":{"title":"Release v3.9.1","markdown":"## New Features\n\n- Optimize the model configuration options page\n- By default, the thinking process and real-time time consumption are displayed\n\n## Issue Fix\n\n- Fixed the issue where screenshots and web tool images could not be displayed in some gateways\n- Fixed the issue where single-colon file references could not be recognized"}}},"receivePreviewUpdates":false,"autoDownloadAndInstallUpdates":true,"skippedElectronUpdateVersions":{},"settingsSyncFirstRunPromptHandled":true}
[2026-08-23 19:16:41.568] [info] [pid:4468] [main] [host-log] (local-1) [host] [2026-08-23 19:16:41.567] [pid:33160] [settingService] write done
[2026-08-23 19:16:41.569] [info] [pid:4468] [main] [host-log] (local-1) [host] [2026-08-23 19:16:41.567] [pid:33160] [zcode-host] [rpc:call] setting.update OK (5.9ms)
[2026-08-23 19:16:47.590] [info] [pid:4468] [main] [host-log] (local-1) [host] [2026-08-23 19:16:47.589] [pid:33160] [settingService] writing settings to: C:\Users\llh04\.zcode\v2\setting.json {"recentProjects":["C:\\Users\\llh04\\Desktop\\小说","D:\\公考","D:\\公考\\图形推理详解"],"locale":"zh-CN","localePreference":"zh-CN","terminalInheritSystemProfile":true,"embeddedBrowserAllowInsecureCertificates":false,"taskAutoArchiveEnabled":false,"taskAutoArchiveOlderThanDays":7,"closeToTrayOnWindows":true,"closeToTrayOnWindowsMigrationInitialized":true,"keepAwakeWhileRunning":false,"desktopWindowSize":{"width":1200,"height":800,"maximized":true},"desktopChromiumHardwareAccelerationEnabled":true,"messageStreamShowReasoning":false,"messageStreamShowTodos":false,"toolGroupingExploreEnabled":true,"toolGroupingTerminalEnabled":true,"toolGroupingChangesEnabled":false,"zcodeInteractionBehavior":"queue","askUserQuestionAutoResolutionEnabled":true,"modelIoFullRetentionEnabled":false,"optimizeAgentExperienceEnabled":false,"optimizeAgentExperienceMigrationInitialized":true,"enabledBuiltinAgentCliProviders":["glm"],"modelProviderFamilyModes":{"zai":"oauth"},"modelProviderFamilySelectedKeys":{"zai":"coding-plan:builtin:zai-start-plan"},"providerFamilyDomain":"zai","providerFamilyDomainUpdatedAt":1787116588334,"providerFamilyDomainMigrated":true,"repoSnapshotIndexingEnabled":false,"instantGrepIndexingEnabled":false,"nativeSearchEnhancementsEnabled":true,"memoryEnabled":false,"lastWorkspaceSession":[{"kind":"local","workspacePath":"C:\\Users\\llh04\\Desktop\\小说","workspacePurpose":"project"},{"kind":"local","workspacePath":"D:\\公考","workspacePurpose":"project"},{"kind":"local","workspacePath":"C:\\Users\\llh04\\.zcode\\workspace\\default","workspacePurpose":"conversation"}],"lastActiveTabIndex":0,"pendingPostUpdateReleaseNotes":{"version":"3.9.1","title":"Release v3.9.1","markdown":"## 新功能\n\n- 优化模型配置选项页面\n- 默认展示思考过程及实时耗时\n\n## 问题修复\n\n- 修复截图和网页工具图片在部分网关中无法显示的问题\n- 修复单冒号文件引用无法识别的问题","releaseDate":"2026-08-23T02:22:17.074Z","releaseNotesByLocale":{"zh-CN":{"title":"Release v3.9.1","markdown":"## 新功能\n\n- 优化模型配置选项页面\n- 默认展示思考过程及实时耗时\n\n## 问题修复\n\n- 修复截图和网页工具图片在部分网关中无法显示的问题\n- 修复单冒号文件引用无法识别的问题"},"en-US":{"title":"Release v3.9.1","markdown":"## New Features\n\n- Optimize the model configuration options page\n- By default, the thinking process and real-time time consumption are displayed\n\n## Issue Fix\n\n- Fixed the issue where screenshots and web tool images could not be displayed in some gateways\n- Fixed the issue where single-colon file references could not be recognized"}}},"receivePreviewUpdates":false,"autoDownloadAndInstallUpdates":true,"skippedElectronUpdateVersions":{},"settingsSyncFirstRunPromptHandled":true}
[2026-08-23 19:16:47.594] [info] [pid:4468] [main] [host-log] (local-1) [host] [2026-08-23 19:16:47.592] [pid:33160] [settingService] write done
[2026-08-23 19:16:47.594] [info] [pid:4468] [main] [host-log] (local-1) [host] [2026-08-23 19:16:47.592] [pid:33160] [zcode-host] [rpc:call] setting.update OK (4.0ms)
[2026-08-23 19:16:48.496] [info] [pid:4468] [main] [host-log] (local-1) [host] [2026-08-23 19:16:48.494] [pid:33160] [settingService] writing settings to: C:\Users\llh04\.zcode\v2\setting.json {"recentProjects":["C:\\Users\\llh04\\Desktop\\小说","D:\\公考","D:\\公考\\图形推理详解"],"locale":"zh-CN","localePreference":"zh-CN","terminalInheritSystemProfile":true,"embeddedBrowserAllowInsecureCertificates":false,"taskAutoArchiveEnabled":false,"taskAutoArchiveOlderThanDays":7,"closeToTrayOnWindows":true,"closeToTrayOnWindowsMigrationInitialized":true,"keepAwakeWhileRunning":false,"desktopWindowSize":{"width":1200,"height":800,"maximized":true},"desktopChromiumHardwareAccelerationEnabled":true,"messageStreamShowReasoning":false,"messageStreamShowTodos":false,"toolGroupingExploreEnabled":true,"toolGroupingTerminalEnabled":true,"toolGroupingChangesEnabled":false,"zcodeInteractionBehavior":"queue","askUserQuestionAutoResolutionEnabled":true,"modelIoFullRetentionEnabled":false,"optimizeAgentExperienceEnabled":false,"optimizeAgentExperienceMigrationInitialized":true,"enabledBuiltinAgentCliProviders":["glm"],"modelProviderFamilyModes":{"zai":"oauth"},"modelProviderFamilySelectedKeys":{"zai":"coding-plan:builtin:zai-start-plan"},"providerFamilyDomain":"zai","providerFamilyDomainUpdatedAt":1787116588334,"providerFamilyDomainMigrated":true,"repoSnapshotIndexingEnabled":false,"instantGrepIndexingEnabled":false,"nativeSearchEnhancementsEnabled":true,"memoryEnabled":false,"lastWorkspaceSession":[{"kind":"local","workspacePath":"C:\\Users\\llh04\\Desktop\\小说","workspacePurpose":"project"},{"kind":"local","workspacePath":"D:\\公考","workspacePurpose":"project"},{"kind":"local","workspacePath":"C:\\Users\\llh04\\.zcode\\workspace\\default","workspacePurpose":"conversation"}],"lastActiveTabIndex":0,"pendingPostUpdateReleaseNotes":{"version":"3.9.1","title":"Release v3.9.1","markdown":"## 新功能\n\n- 优化模型配置选项页面\n- 默认展示思考过程及实时耗时\n\n## 问题修复\n\n- 修复截图和网页工具图片在部分网关中无法显示的问题\n- 修复单冒号文件引用无法识别的问题","releaseDate":"2026-08-23T02:22:17.074Z","releaseNotesByLocale":{"zh-CN":{"title":"Release v3.9.1","markdown":"## 新功能\n\n- 优化模型配置选项页面\n- 默认展示思考过程及实时耗时\n\n## 问题修复\n\n- 修复截图和网页工具图片在部分网关中无法显示的问题\n- 修复单冒号文件引用无法识别的问题"},"en-US":{"title":"Release v3.9.1","markdown":"## New Features\n\n- Optimize the model configuration options page\n- By default, the thinking process and real-time time consumption are displayed\n\n## Issue Fix\n\n- Fixed the issue where screenshots and web tool images could not be displayed in some gateways\n- Fixed the issue where single-colon file references could not be recognized"}}},"receivePreviewUpdates":false,"autoDownloadAndInstallUpdates":true,"skippedElectronUpdateVersions":{},"settingsSyncFirstRunPromptHandled":true}
[2026-08-23 19:16:48.499] [info] [pid:4468] [main] [host-log] (local-1) [host] [2026-08-23 19:16:48.498] [pid:33160] [settingService] write done
[2026-08-23 19:16:48.499] [info] [pid:4468] [main] [host-log] (local-1) [host] [2026-08-23 19:16:48.498] [pid:33160] [zcode-host] [rpc:call] setting.update OK (4.9ms)
[2026-08-23 19:16:50.180] [info] [pid:4468] [main] [host-log] (local-1) [host] [2026-08-23 19:16:50.178] [pid:33160] [settingService] writing settings to: C:\Users\llh04\.zcode\v2\setting.json {"recentProjects":["C:\\Users\\llh04\\Desktop\\小说","D:\\公考","D:\\公考\\图形推理详解"],"locale":"zh-CN","localePreference":"zh-CN","terminalInheritSystemProfile":true,"embeddedBrowserAllowInsecureCertificates":false,"taskAutoArchiveEnabled":false,"taskAutoArchiveOlderThanDays":7,"closeToTrayOnWindows":true,"closeToTrayOnWindowsMigrationInitialized":true,"keepAwakeWhileRunning":false,"desktopWindowSize":{"width":1200,"height":800,"maximized":true},"desktopChromiumHardwareAccelerationEnabled":true,"messageStreamShowReasoning":false,"messageStreamShowTodos":false,"toolGroupingExploreEnabled":true,"toolGroupingTerminalEnabled":true,"toolGroupingChangesEnabled":false,"zcodeInteractionBehavior":"queue","askUserQuestionAutoResolutionEnabled":true,"modelIoFullRetentionEnabled":false,"optimizeAgentExperienceEnabled":false,"optimizeAgentExperienceMigrationInitialized":true,"enabledBuiltinAgentCliProviders":["glm"],"modelProviderFamilyModes":{"zai":"oauth"},"modelProviderFamilySelectedKeys":{"zai":"coding-plan:builtin:zai-start-plan"},"providerFamilyDomain":"zai","providerFamilyDomainUpdatedAt":1787116588334,"providerFamilyDomainMigrated":true,"repoSnapshotIndexingEnabled":false,"instantGrepIndexingEnabled":false,"nativeSearchEnhancementsEnabled":true,"memoryEnabled":false,"lastWorkspaceSession":[{"kind":"local","workspacePath":"C:\\Users\\llh04\\Desktop\\小说","workspacePurpose":"project"},{"kind":"local","workspacePath":"D:\\公考","workspacePurpose":"project"},{"kind":"local","workspacePath":"C:\\Users\\llh04\\.zcode\\workspace\\default","workspacePurpose":"conversation"}],"lastActiveTabIndex":0,"pendingPostUpdateReleaseNotes":{"version":"3.9.1","title":"Release v3.9.1","markdown":"## 新功能\n\n- 优化模型配置选项页面\n- 默认展示思考过程及实时耗时\n\n## 问题修复\n\n- 修复截图和网页工具图片在部分网关中无法显示的问题\n- 修复单冒号文件引用无法识别的问题","releaseDate":"2026-08-23T02:22:17.074Z","releaseNotesByLocale":{"zh-CN":{"title":"Release v3.9.1","markdown":"## 新功能\n\n- 优化模型配置选项页面\n- 默认展示思考过程及实时耗时\n\n## 问题修复\n\n- 修复截图和网页工具图片在部分网关中无法显示的问题\n- 修复单冒号文件引用无法识别的问题"},"en-US":{"title":"Release v3.9.1","markdown":"## New Features\n\n- Optimize the model configuration options page\n- By default, the thinking process and real-time time consumption are displayed\n\n## Issue Fix\n\n- Fixed the issue where screenshots and web tool images could not be displayed in some gateways\n- Fixed the issue where single-colon file references could not be recognized"}}},"receivePreviewUpdates":false,"autoDownloadAndInstallUpdates":true,"skippedElectronUpdateVersions":{},"settingsSyncFirstRunPromptHandled":true}
[2026-08-23 19:16:50.184] [info] [pid:4468] [main] [host-log] (local-1) [host] [2026-08-23 19:16:50.183] [pid:33160] [settingService] write done
[2026-08-23 19:16:50.184] [info] [pid:4468] [main] [host-log] (local-1) [host] [2026-08-23 19:16:50.183] [pid:33160] [zcode-host] [rpc:call] setting.update OK (7.4ms)
[2026-08-23 19:16:50.804] [info] [pid:4468] [main] [host-log] (local-1) [host] [2026-08-23 19:16:50.803] [pid:33160] [settingService] writing settings to: C:\Users\llh04\.zcode\v2\setting.json {"recentProjects":["C:\\Users\\llh04\\Desktop\\小说","D:\\公考","D:\\公考\\图形推理详解"],"locale":"zh-CN","localePreference":"zh-CN","terminalInheritSystemProfile":true,"embeddedBrowserAllowInsecureCertificates":false,"taskAutoArchiveEnabled":false,"taskAutoArchiveOlderThanDays":7,"closeToTrayOnWindows":true,"closeToTrayOnWindowsMigrationInitialized":true,"keepAwakeWhileRunning":false,"desktopWindowSize":{"width":1200,"height":800,"maximized":true},"desktopChromiumHardwareAccelerationEnabled":true,"messageStreamShowReasoning":false,"messageStreamShowTodos":false,"toolGroupingExploreEnabled":true,"toolGroupingTerminalEnabled":true,"toolGroupingChangesEnabled":false,"zcodeInteractionBehavior":"queue","askUserQuestionAutoResolutionEnabled":true,"modelIoFullRetentionEnabled":false,"optimizeAgentExperienceEnabled":false,"optimizeAgentExperienceMigrationInitialized":true,"enabledBuiltinAgentCliProviders":["glm"],"modelProviderFamilyModes":{"zai":"oauth"},"modelProviderFamilySelectedKeys":{"zai":"coding-plan:builtin:zai-start-plan"},"providerFamilyDomain":"zai","providerFamilyDomainUpdatedAt":1787116588334,"providerFamilyDomainMigrated":true,"repoSnapshotIndexingEnabled":false,"instantGrepIndexingEnabled":false,"nativeSearchEnhancementsEnabled":true,"memoryEnabled":false,"lastWorkspaceSession":[{"kind":"local","workspacePath":"C:\\Users\\llh04\\Desktop\\小说","workspacePurpose":"project"},{"kind":"local","workspacePath":"D:\\公考","workspacePurpose":"project"},{"kind":"local","workspacePath":"C:\\Users\\llh04\\.zcode\\workspace\\default","workspacePurpose":"conversation"}],"lastActiveTabIndex":0,"pendingPostUpdateReleaseNotes":{"version":"3.9.1","title":"Release v3.9.1","markdown":"## 新功能\n\n- 优化模型配置选项页面\n- 默认展示思考过程及实时耗时\n\n## 问题修复\n\n- 修复截图和网页工具图片在部分网关中无法显示的问题\n- 修复单冒号文件引用无法识别的问题","releaseDate":"2026-08-23T02:22:17.074Z","releaseNotesByLocale":{"zh-CN":{"title":"Release v3.9.1","markdown":"## 新功能\n\n- 优化模型配置选项页面\n- 默认展示思考过程及实时耗时\n\n## 问题修复\n\n- 修复截图和网页工具图片在部分网关中无法显示的问题\n- 修复单冒号文件引用无法识别的问题"},"en-US":{"title":"Release v3.9.1","markdown":"## New Features\n\n- Optimize the model configuration options page\n- By default, the thinking process and real-time time consumption are displayed\n\n## Issue Fix\n\n- Fixed the issue where screenshots and web tool images could not be displayed in some gateways\n- Fixed the issue where single-colon file references could not be recognized"}}},"receivePreviewUpdates":false,"autoDownloadAndInstallUpdates":true,"skippedElectronUpdateVersions":{},"settingsSyncFirstRunPromptHandled":true}
[2026-08-23 19:16:50.808] [info] [pid:4468] [main] [host-log] (local-1) [host] [2026-08-23 19:16:50.807] [pid:33160] [settingService] write done
[2026-08-23 19:16:50.808] [info] [pid:4468] [main] [host-log] (local-1) [host] [2026-08-23 19:16:50.807] [pid:33160] [zcode-host] [rpc:call] setting.update OK (5.3ms)
[2026-08-23 19:16:54.470] [info] [pid:4468] [main] [host-log] (local-1) [host] [2026-08-23 19:16:54.469] [pid:33160] [zcode-host] [rpc:call] off-peak-task.list OK (0.1ms)
[2026-08-23 19:16:56.992] [debug] [pid:4468] [main] [browser-use] execute start browserId=iab:11931cb9-6b5c-4f3c-868f-c43796aaf40f sessionId=sess_9ac9f47e-224c-4ada-b806-e8c7d75367a5 method=list
[2026-08-23 19:16:56.993] [debug] [pid:4468] [main] [browser-use] execute requestId=27a6a8ba-e396-453a-b4fd-7ee7d1a39937 browserId=iab:11931cb9-6b5c-4f3c-868f-c43796aaf40f generation=1787463534165 windowId=1 sessionId=sess_9ac9f47e-224c-4ada-b806-e8c7d75367a5 method=list
[2026-08-23 19:16:56.993] [debug] [pid:4468] [main] [browser-use] execute done sessionId=sess_9ac9f47e-224c-4ada-b806-e8c7d75367a5 method=list ok=true elapsedMs=0
[2026-08-23 19:16:56.993] [debug] [pid:4468] [main] [browser-use] execute start browserId=iab:11931cb9-6b5c-4f3c-868f-c43796aaf40f sessionId=sess_9ac9f47e-224c-4ada-b806-e8c7d75367a5 method=listUserTabs
[2026-08-23 19:16:56.994] [debug] [pid:4468] [main] [browser-use] execute requestId=111b4d56-82ee-4058-bfa5-033f354e316c browserId=iab:11931cb9-6b5c-4f3c-868f-c43796aaf40f generation=1787463534165 windowId=1 sessionId=sess_9ac9f47e-224c-4ada-b806-e8c7d75367a5 method=listUserTabs
[2026-08-23 19:16:56.994] [debug] [pid:4468] [main] [browser-use] execute done sessionId=sess_9ac9f47e-224c-4ada-b806-e8c7d75367a5 method=listUserTabs ok=true elapsedMs=0
[2026-08-23 19:16:57.115] [info] [pid:4468] [main] [host-log] (local-1) [host] [2026-08-23 19:16:57.114] [pid:33160] [zcode-host] [rpc:call] zcode-agent.sendConversationCommandV4 OK (122.9ms)
[2026-08-23 19:17:13.058] [info] [pid:4468] [main] [host-log] (local-1) [host] [2026-08-23 19:17:13.055] [pid:33160] [settingService] writing settings to: C:\Users\llh04\.zcode\v2\setting.json {"recentProjects":["C:\\Users\\llh04\\Desktop\\小说","D:\\公考","D:\\公考\\图形推理详解"],"locale":"zh-CN","localePreference":"zh-CN","terminalInheritSystemProfile":true,"embeddedBrowserAllowInsecureCertificates":false,"taskAutoArchiveEnabled":false,"taskAutoArchiveOlderThanDays":7,"closeToTrayOnWindows":true,"closeToTrayOnWindowsMigrationInitialized":true,"keepAwakeWhileRunning":false,"desktopWindowSize":{"width":1200,"height":800,"maximized":true},"desktopChromiumHardwareAccelerationEnabled":true,"messageStreamShowReasoning":false,"messageStreamShowTodos":false,"toolGroupingExploreEnabled":true,"toolGroupingTerminalEnabled":true,"toolGroupingChangesEnabled":false,"zcodeInteractionBehavior":"queue","askUserQuestionAutoResolutionEnabled":true,"modelIoFullRetentionEnabled":false,"optimizeAgentExperienceEnabled":false,"optimizeAgentExperienceMigrationInitialized":true,"enabledBuiltinAgentCliProviders":["glm"],"modelProviderFamilyModes":{"zai":"oauth"},"modelProviderFamilySelectedKeys":{"zai":"coding-plan:builtin:zai-start-plan"},"providerFamilyDomain":"zai","providerFamilyDomainUpdatedAt":1787116588334,"providerFamilyDomainMigrated":true,"repoSnapshotIndexingEnabled":false,"instantGrepIndexingEnabled":false,"nativeSearchEnhancementsEnabled":true,"memoryEnabled":false,"lastWorkspaceSession":[{"kind":"local","workspacePath":"C:\\Users\\llh04\\Desktop\\小说","workspacePurpose":"project"},{"kind":"local","workspacePath":"D:\\公考","workspacePurpose":"project"},{"kind":"local","workspacePath":"C:\\Users\\llh04\\.zcode\\workspace\\default","workspacePurpose":"conversation"}],"lastActiveTabIndex":0,"pendingPostUpdateReleaseNotes":{"version":"3.9.1","title":"Release v3.9.1","markdown":"## 新功能\n\n- 优化模型配置选项页面\n- 默认展示思考过程及实时耗时\n\n## 问题修复\n\n- 修复截图和网页工具图片在部分网关中无法显示的问题\n- 修复单冒号文件引用无法识别的问题","releaseDate":"2026-08-23T02:22:17.074Z","releaseNotesByLocale":{"zh-CN":{"title":"Release v3.9.1","markdown":"## 新功能\n\n- 优化模型配置选项页面\n- 默认展示思考过程及实时耗时\n\n## 问题修复\n\n- 修复截图和网页工具图片在部分网关中无法显示的问题\n- 修复单冒号文件引用无法识别的问题"},"en-US":{"title":"Release v3.9.1","markdown":"## New Features\n\n- Optimize the model configuration options page\n- By default, the thinking process and real-time time consumption are displayed\n\n## Issue Fix\n\n- Fixed the issue where screenshots and web tool images could not be displayed in some gateways\n- Fixed the issue where single-colon file references could not be recognized"}}},"receivePreviewUpdates":false,"autoDownloadAndInstallUpdates":true,"skippedElectronUpdateVersions":{},"settingsSyncFirstRunPromptHandled":true}
[2026-08-23 19:17:13.060] [info] [pid:4468] [main] [host-log] (local-1) [host] [2026-08-23 19:17:13.059] [pid:33160] [settingService] write done
[2026-08-23 19:17:13.060] [info] [pid:4468] [main] [host-log] (local-1) [host] [2026-08-23 19:17:13.059] [pid:33160] [zcode-host] [rpc:call] setting.update OK (5.1ms)
[2026-08-23 19:17:23.724] [info] [pid:4468] [main] [host-log] (local-1) [host] [2026-08-23 19:17:23.723] [pid:33160] [settingService] writing settings to: C:\Users\llh04\.zcode\v2\setting.json {"recentProjects":["C:\\Users\\llh04\\Desktop\\小说","D:\\公考","D:\\公考\\图形推理详解"],"locale":"zh-CN","localePreference":"zh-CN","terminalInheritSystemProfile":true,"embeddedBrowserAllowInsecureCertificates":false,"taskAutoArchiveEnabled":false,"taskAutoArchiveOlderThanDays":7,"closeToTrayOnWindows":true,"closeToTrayOnWindowsMigrationInitialized":true,"keepAwakeWhileRunning":false,"desktopWindowSize":{"width":1200,"height":800,"maximized":true},"desktopChromiumHardwareAccelerationEnabled":true,"messageStreamShowReasoning":false,"messageStreamShowTodos":false,"toolGroupingExploreEnabled":true,"toolGroupingTerminalEnabled":true,"toolGroupingChangesEnabled":false,"zcodeInteractionBehavior":"queue","askUserQuestionAutoResolutionEnabled":true,"modelIoFullRetentionEnabled":false,"optimizeAgentExperienceEnabled":false,"optimizeAgentExperienceMigrationInitialized":true,"enabledBuiltinAgentCliProviders":["glm"],"modelProviderFamilyModes":{"zai":"oauth"},"modelProviderFamilySelectedKeys":{"zai":"coding-plan:builtin:zai-start-plan"},"providerFamilyDomain":"zai","providerFamilyDomainUpdatedAt":1787116588334,"providerFamilyDomainMigrated":true,"repoSnapshotIndexingEnabled":false,"instantGrepIndexingEnabled":false,"nativeSearchEnhancementsEnabled":true,"memoryEnabled":false,"lastWorkspaceSession":[{"kind":"local","workspacePath":"C:\\Users\\llh04\\Desktop\\小说","workspacePurpose":"project"},{"kind":"local","workspacePath":"D:\\公考","workspacePurpose":"project"},{"kind":"local","workspacePath":"C:\\Users\\llh04\\.zcode\\workspace\\default","workspacePurpose":"conversation"}],"lastActiveTabIndex":0,"pendingPostUpdateReleaseNotes":{"version":"3.9.1","title":"Release v3.9.1","markdown":"## 新功能\n\n- 优化模型配置选项页面\n- 默认展示思考过程及实时耗时\n\n## 问题修复\n\n- 修复截图和网页工具图片在部分网关中无法显示的问题\n- 修复单冒号文件引用无法识别的问题","releaseDate":"2026-08-23T02:22:17.074Z","releaseNotesByLocale":{"zh-CN":{"title":"Release v3.9.1","markdown":"## 新功能\n\n- 优化模型配置选项页面\n- 默认展示思考过程及实时耗时\n\n## 问题修复\n\n- 修复截图和网页工具图片在部分网关中无法显示的问题\n- 修复单冒号文件引用无法识别的问题"},"en-US":{"title":"Release v3.9.1","markdown":"## New Features\n\n- Optimize the model configuration options page\n- By default, the thinking process and real-time time consumption are displayed\n\n## Issue Fix\n\n- Fixed the issue where screenshots and web tool images could not be displayed in some gateways\n- Fixed the issue where single-colon file references could not be recognized"}}},"receivePreviewUpdates":false,"autoDownloadAndInstallUpdates":true,"skippedElectronUpdateVersions":{},"settingsSyncFirstRunPromptHandled":true}
[2026-08-23 19:17:23.729] [info] [pid:4468] [main] [host-log] (local-1) [host] [2026-08-23 19:17:23.728] [pid:33160] [settingService] write done
[2026-08-23 19:17:23.729] [info] [pid:4468] [main] [host-log] (local-1) [host] [2026-08-23 19:17:23.728] [pid:33160] [zcode-host] [rpc:call] setting.update OK (6.8ms)
[2026-08-23 19:17:24.467] [info] [pid:4468] [main] [host-log] (local-1) [host] [2026-08-23 19:17:24.466] [pid:33160] [zcode-host] [rpc:call] off-peak-task.list OK (0.1ms)
[2026-08-23 19:17:26.050] [info] [pid:4468] [main] [host-log] (local-1) [host] [2026-08-23 19:17:26.049] [pid:33160] [settingService] writing settings to: C:\Users\llh04\.zcode\v2\setting.json {"recentProjects":["C:\\Users\\llh04\\Desktop\\小说","D:\\公考","D:\\公考\\图形推理详解"],"locale":"zh-CN","localePreference":"zh-CN","terminalInheritSystemProfile":true,"embeddedBrowserAllowInsecureCertificates":false,"taskAutoArchiveEnabled":false,"taskAutoArchiveOlderThanDays":7,"closeToTrayOnWindows":true,"closeToTrayOnWindowsMigrationInitialized":true,"keepAwakeWhileRunning":false,"desktopWindowSize":{"width":1200,"height":800,"maximized":true},"desktopChromiumHardwareAccelerationEnabled":true,"messageStreamShowReasoning":false,"messageStreamShowTodos":false,"toolGroupingExploreEnabled":true,"toolGroupingTerminalEnabled":true,"toolGroupingChangesEnabled":false,"zcodeInteractionBehavior":"queue","askUserQuestionAutoResolutionEnabled":true,"modelIoFullRetentionEnabled":false,"optimizeAgentExperienceEnabled":false,"optimizeAgentExperienceMigrationInitialized":true,"enabledBuiltinAgentCliProviders":["glm"],"modelProviderFamilyModes":{"zai":"oauth"},"modelProviderFamilySelectedKeys":{"zai":"coding-plan:builtin:zai-start-plan"},"providerFamilyDomain":"zai","providerFamilyDomainUpdatedAt":1787116588334,"providerFamilyDomainMigrated":true,"repoSnapshotIndexingEnabled":false,"instantGrepIndexingEnabled":false,"nativeSearchEnhancementsEnabled":true,"memoryEnabled":false,"lastWorkspaceSession":[{"kind":"local","workspacePath":"C:\\Users\\llh04\\Desktop\\小说","workspacePurpose":"project"},{"kind":"local","workspacePath":"D:\\公考","workspacePurpose":"project"},{"kind":"local","workspacePath":"C:\\Users\\llh04\\.zcode\\workspace\\default","workspacePurpose":"conversation"}],"lastActiveTabIndex":0,"pendingPostUpdateReleaseNotes":{"version":"3.9.1","title":"Release v3.9.1","markdown":"## 新功能\n\n- 优化模型配置选项页面\n- 默认展示思考过程及实时耗时\n\n## 问题修复\n\n- 修复截图和网页工具图片在部分网关中无法显示的问题\n- 修复单冒号文件引用无法识别的问题","releaseDate":"2026-08-23T02:22:17.074Z","releaseNotesByLocale":{"zh-CN":{"title":"Release v3.9.1","markdown":"## 新功能\n\n- 优化模型配置选项页面\n- 默认展示思考过程及实时耗时\n\n## 问题修复\n\n- 修复截图和网页工具图片在部分网关中无法显示的问题\n- 修复单冒号文件引用无法识别的问题"},"en-US":{"title":"Release v3.9.1","markdown":"## New Features\n\n- Optimize the model configuration options page\n- By default, the thinking process and real-time time consumption are displayed\n\n## Issue Fix\n\n- Fixed the issue where screenshots and web tool images could not be displayed in some gateways\n- Fixed the issue where single-colon file references could not be recognized"}}},"receivePreviewUpdates":false,"autoDownloadAndInstallUpdates":true,"skippedElectronUpdateVersions":{},"settingsSyncFirstRunPromptHandled":true}
[2026-08-23 19:17:26.053] [info] [pid:4468] [main] [host-log] (local-1) [host] [2026-08-23 19:17:26.052] [pid:33160] [settingService] write done
[2026-08-23 19:17:26.053] [info] [pid:4468] [main] [host-log] (local-1) [host] [2026-08-23 19:17:26.052] [pid:33160] [zcode-host] [rpc:call] setting.update OK (3.7ms)
[2026-08-23 19:17:29.658] [info] [pid:4468] [main] [host-log] (local-1) [host] [2026-08-23 19:17:29.655] [pid:33160] [settingService] writing settings to: C:\Users\llh04\.zcode\v2\setting.json {"recentProjects":["C:\\Users\\llh04\\Desktop\\小说","D:\\公考","D:\\公考\\图形推理详解"],"locale":"zh-CN","localePreference":"zh-CN","terminalInheritSystemProfile":true,"embeddedBrowserAllowInsecureCertificates":false,"taskAutoArchiveEnabled":false,"taskAutoArchiveOlderThanDays":7,"closeToTrayOnWindows":true,"closeToTrayOnWindowsMigrationInitialized":true,"keepAwakeWhileRunning":false,"desktopWindowSize":{"width":1200,"height":800,"maximized":true},"desktopChromiumHardwareAccelerationEnabled":true,"messageStreamShowReasoning":false,"messageStreamShowTodos":false,"toolGroupingExploreEnabled":true,"toolGroupingTerminalEnabled":true,"toolGroupingChangesEnabled":false,"zcodeInteractionBehavior":"queue","askUserQuestionAutoResolutionEnabled":true,"modelIoFullRetentionEnabled":false,"optimizeAgentExperienceEnabled":false,"optimizeAgentExperienceMigrationInitialized":true,"enabledBuiltinAgentCliProviders":["glm"],"modelProviderFamilyModes":{"zai":"oauth"},"modelProviderFamilySelectedKeys":{"zai":"coding-plan:builtin:zai-start-plan"},"providerFamilyDomain":"zai","providerFamilyDomainUpdatedAt":1787116588334,"providerFamilyDomainMigrated":true,"repoSnapshotIndexingEnabled":false,"instantGrepIndexingEnabled":false,"nativeSearchEnhancementsEnabled":true,"memoryEnabled":false,"lastWorkspaceSession":[{"kind":"local","workspacePath":"C:\\Users\\llh04\\Desktop\\小说","workspacePurpose":"project"},{"kind":"local","workspacePath":"D:\\公考","workspacePurpose":"project"},{"kind":"local","workspacePath":"C:\\Users\\llh04\\.zcode\\workspace\\default","workspacePurpose":"conversation"}],"lastActiveTabIndex":0,"pendingPostUpdateReleaseNotes":{"version":"3.9.1","title":"Release v3.9.1","markdown":"## 新功能\n\n- 优化模型配置选项页面\n- 默认展示思考过程及实时耗时\n\n## 问题修复\n\n- 修复截图和网页工具图片在部分网关中无法显示的问题\n- 修复单冒号文件引用无法识别的问题","releaseDate":"2026-08-23T02:22:17.074Z","releaseNotesByLocale":{"zh-CN":{"title":"Release v3.9.1","markdown":"## 新功能\n\n- 优化模型配置选项页面\n- 默认展示思考过程及实时耗时\n\n## 问题修复\n\n- 修复截图和网页工具图片在部分网关中无法显示的问题\n- 修复单冒号文件引用无法识别的问题"},"en-US":{"title":"Release v3.9.1","markdown":"## New Features\n\n- Optimize the model configuration options page\n- By default, the thinking process and real-time time consumption are displayed\n\n## Issue Fix\n\n- Fixed the issue where screenshots and web tool images could not be displayed in some gateways\n- Fixed the issue where single-colon file references could not be recognized"}}},"receivePreviewUpdates":false,"autoDownloadAndInstallUpdates":true,"skippedElectronUpdateVersions":{},"settingsSyncFirstRunPromptHandled":true}
[2026-08-23 19:17:29.660] [info] [pid:4468] [main] [host-log] (local-1) [host] [2026-08-23 19:17:29.659] [pid:33160] [settingService] write done
[2026-08-23 19:17:29.660] [info] [pid:4468] [main] [host-log] (local-1) [host] [2026-08-23 19:17:29.659] [pid:33160] [zcode-host] [rpc:call] setting.update OK (5.2ms)
[2026-08-23 19:17:35.311] [info] [pid:4468] [main] [host-log] (local-1) [host] [2026-08-23 19:17:35.311] [pid:33160] [settingService] writing settings to: C:\Users\llh04\.zcode\v2\setting.json {"recentProjects":["C:\\Users\\llh04\\Desktop\\小说","D:\\公考","D:\\公考\\图形推理详解"],"locale":"zh-CN","localePreference":"zh-CN","terminalInheritSystemProfile":true,"embeddedBrowserAllowInsecureCertificates":false,"taskAutoArchiveEnabled":false,"taskAutoArchiveOlderThanDays":7,"closeToTrayOnWindows":true,"closeToTrayOnWindowsMigrationInitialized":true,"keepAwakeWhileRunning":false,"desktopWindowSize":{"width":1200,"height":800,"maximized":true},"desktopChromiumHardwareAccelerationEnabled":true,"messageStreamShowReasoning":false,"messageStreamShowTodos":false,"toolGroupingExploreEnabled":true,"toolGroupingTerminalEnabled":true,"toolGroupingChangesEnabled":false,"zcodeInteractionBehavior":"queue","askUserQuestionAutoResolutionEnabled":true,"modelIoFullRetentionEnabled":false,"optimizeAgentExperienceEnabled":false,"optimizeAgentExperienceMigrationInitialized":true,"enabledBuiltinAgentCliProviders":["glm"],"modelProviderFamilyModes":{"zai":"oauth"},"modelProviderFamilySelectedKeys":{"zai":"coding-plan:builtin:zai-start-plan"},"providerFamilyDomain":"zai","providerFamilyDomainUpdatedAt":1787116588334,"providerFamilyDomainMigrated":true,"repoSnapshotIndexingEnabled":false,"instantGrepIndexingEnabled":false,"nativeSearchEnhancementsEnabled":true,"memoryEnabled":false,"lastWorkspaceSession":[{"kind":"local","workspacePath":"C:\\Users\\llh04\\Desktop\\小说","workspacePurpose":"project"},{"kind":"local","workspacePath":"D:\\公考","workspacePurpose":"project"},{"kind":"local","workspacePath":"C:\\Users\\llh04\\.zcode\\workspace\\default","workspacePurpose":"conversation"}],"lastActiveTabIndex":0,"pendingPostUpdateReleaseNotes":{"version":"3.9.1","title":"Release v3.9.1","markdown":"## 新功能\n\n- 优化模型配置选项页面\n- 默认展示思考过程及实时耗时\n\n## 问题修复\n\n- 修复截图和网页工具图片在部分网关中无法显示的问题\n- 修复单冒号文件引用无法识别的问题","releaseDate":"2026-08-23T02:22:17.074Z","releaseNotesByLocale":{"zh-CN":{"title":"Release v3.9.1","markdown":"## 新功能\n\n- 优化模型配置选项页面\n- 默认展示思考过程及实时耗时\n\n## 问题修复\n\n- 修复截图和网页工具图片在部分网关中无法显示的问题\n- 修复单冒号文件引用无法识别的问题"},"en-US":{"title":"Release v3.9.1","markdown":"## New Features\n\n- Optimize the model configuration options page\n- By default, the thinking process and real-time time consumption are displayed\n\n## Issue Fix\n\n- Fixed the issue where screenshots and web tool images could not be displayed in some gateways\n- Fixed the issue where single-colon file references could not be recognized"}}},"receivePreviewUpdates":false,"autoDownloadAndInstallUpdates":true,"skippedElectronUpdateVersions":{},"settingsSyncFirstRunPromptHandled":true}
[2026-08-23 19:17:35.323] [info] [pid:4468] [main] [host-log] (local-1) [host] [2026-08-23 19:17:35.314] [pid:33160] [settingService] write done
[2026-08-23 19:17:35.323] [info] [pid:4468] [main] [host-log] (local-1) [host] [2026-08-23 19:17:35.314] [pid:33160] [zcode-host] [rpc:call] setting.update OK (3.9ms)
[2026-08-23 19:17:36.227] [info] [pid:4468] [main] [host-log] (local-1) [host] [2026-08-23 19:17:36.227] [pid:33160] [zcode-host] [rpc:call] zcode-agent.unsubscribeConversationV4 OK (1.0ms)
[2026-08-23 19:17:38.241] [info] [pid:4468] [main] [host-log] (local-1) [host] [2026-08-23 19:17:38.241] [pid:33160] [zcode-host] [rpc:call] zcode-agent.unsubscribeConversationV4 OK (0.5ms)
[2026-08-23 19:17:40.256] [info] [pid:4468] [main] [host-log] (local-1) [host] [2026-08-23 19:17:40.256] [pid:33160] [zcode-host] [rpc:call] zcode-agent.unsubscribeConversationV4 OK (0.7ms)
[2026-08-23 19:17:43.422] [info] [pid:4468] [main] [host-log] (local-1) [host] [2026-08-23 19:17:43.422] [pid:33160] [settingService] writing settings to: C:\Users\llh04\.zcode\v2\setting.json {"recentProjects":["C:\\Users\\llh04\\Desktop\\小说","D:\\公考","D:\\公考\\图形推理详解"],"locale":"zh-CN","localePreference":"zh-CN","terminalInheritSystemProfile":true,"embeddedBrowserAllowInsecureCertificates":false,"taskAutoArchiveEnabled":false,"taskAutoArchiveOlderThanDays":7,"closeToTrayOnWindows":true,"closeToTrayOnWindowsMigrationInitialized":true,"keepAwakeWhileRunning":false,"desktopWindowSize":{"width":1200,"height":800,"maximized":true},"desktopChromiumHardwareAccelerationEnabled":true,"messageStreamShowReasoning":false,"messageStreamShowTodos":false,"toolGroupingExploreEnabled":true,"toolGroupingTerminalEnabled":true,"toolGroupingChangesEnabled":false,"zcodeInteractionBehavior":"queue","askUserQuestionAutoResolutionEnabled":true,"modelIoFullRetentionEnabled":false,"optimizeAgentExperienceEnabled":false,"optimizeAgentExperienceMigrationInitialized":true,"enabledBuiltinAgentCliProviders":["glm"],"modelProviderFamilyModes":{"zai":"oauth"},"modelProviderFamilySelectedKeys":{"zai":"coding-plan:builtin:zai-start-plan"},"providerFamilyDomain":"zai","providerFamilyDomainUpdatedAt":1787116588334,"providerFamilyDomainMigrated":true,"repoSnapshotIndexingEnabled":false,"instantGrepIndexingEnabled":false,"nativeSearchEnhancementsEnabled":true,"memoryEnabled":false,"lastWorkspaceSession":[{"kind":"local","workspacePath":"C:\\Users\\llh04\\Desktop\\小说","workspacePurpose":"project"},{"kind":"local","workspacePath":"D:\\公考","workspacePurpose":"project"},{"kind":"local","workspacePath":"C:\\Users\\llh04\\.zcode\\workspace\\default","workspacePurpose":"conversation"}],"lastActiveTabIndex":0,"pendingPostUpdateReleaseNotes":{"version":"3.9.1","title":"Release v3.9.1","markdown":"## 新功能\n\n- 优化模型配置选项页面\n- 默认展示思考过程及实时耗时\n\n## 问题修复\n\n- 修复截图和网页工具图片在部分网关中无法显示的问题\n- 修复单冒号文件引用无法识别的问题","releaseDate":"2026-08-23T02:22:17.074Z","releaseNotesByLocale":{"zh-CN":{"title":"Release v3.9.1","markdown":"## 新功能\n\n- 优化模型配置选项页面\n- 默认展示思考过程及实时耗时\n\n## 问题修复\n\n- 修复截图和网页工具图片在部分网关中无法显示的问题\n- 修复单冒号文件引用无法识别的问题"},"en-US":{"title":"Release v3.9.1","markdown":"## New Features\n\n- Optimize the model configuration options page\n- By default, the thinking process and real-time time consumption are displayed\n\n## Issue Fix\n\n- Fixed the issue where screenshots and web tool images could not be displayed in some gateways\n- Fixed the issue where single-colon file references could not be recognized"}}},"receivePreviewUpdates":false,"autoDownloadAndInstallUpdates":true,"skippedElectronUpdateVersions":{},"settingsSyncFirstRunPromptHandled":true}
[2026-08-23 19:17:43.425] [info] [pid:4468] [main] [host-log] (local-1) [host] [2026-08-23 19:17:43.425] [pid:33160] [settingService] write done
[2026-08-23 19:17:43.425] [info] [pid:4468] [main] [host-log] (local-1) [host] [2026-08-23 19:17:43.425] [pid:33160] [zcode-host] [rpc:call] setting.update OK (3.9ms)
[2026-08-23 19:17:44.538] [info] [pid:4468] [main] [host-log] (local-1) [host] [2026-08-23 19:17:44.538] [pid:33160] [settingService] writing settings to: C:\Users\llh04\.zcode\v2\setting.json {"recentProjects":["C:\\Users\\llh04\\Desktop\\小说","D:\\公考","D:\\公考\\图形推理详解"],"locale":"zh-CN","localePreference":"zh-CN","terminalInheritSystemProfile":true,"embeddedBrowserAllowInsecureCertificates":false,"taskAutoArchiveEnabled":false,"taskAutoArchiveOlderThanDays":7,"closeToTrayOnWindows":true,"closeToTrayOnWindowsMigrationInitialized":true,"keepAwakeWhileRunning":false,"desktopWindowSize":{"width":1200,"height":800,"maximized":true},"desktopChromiumHardwareAccelerationEnabled":true,"messageStreamShowReasoning":false,"messageStreamShowTodos":false,"toolGroupingExploreEnabled":true,"toolGroupingTerminalEnabled":true,"toolGroupingChangesEnabled":false,"zcodeInteractionBehavior":"queue","askUserQuestionAutoResolutionEnabled":true,"modelIoFullRetentionEnabled":false,"optimizeAgentExperienceEnabled":false,"optimizeAgentExperienceMigrationInitialized":true,"enabledBuiltinAgentCliProviders":["glm"],"modelProviderFamilyModes":{"zai":"oauth"},"modelProviderFamilySelectedKeys":{"zai":"coding-plan:builtin:zai-start-plan"},"providerFamilyDomain":"zai","providerFamilyDomainUpdatedAt":1787116588334,"providerFamilyDomainMigrated":true,"repoSnapshotIndexingEnabled":false,"instantGrepIndexingEnabled":false,"nativeSearchEnhancementsEnabled":true,"memoryEnabled":false,"lastWorkspaceSession":[{"kind":"local","workspacePath":"C:\\Users\\llh04\\Desktop\\小说","workspacePurpose":"project"},{"kind":"local","workspacePath":"D:\\公考","workspacePurpose":"project"},{"kind":"local","workspacePath":"C:\\Users\\llh04\\.zcode\\workspace\\default","workspacePurpose":"conversation"}],"lastActiveTabIndex":0,"pendingPostUpdateReleaseNotes":{"version":"3.9.1","title":"Release v3.9.1","markdown":"## 新功能\n\n- 优化模型配置选项页面\n- 默认展示思考过程及实时耗时\n\n## 问题修复\n\n- 修复截图和网页工具图片在部分网关中无法显示的问题\n- 修复单冒号文件引用无法识别的问题","releaseDate":"2026-08-23T02:22:17.074Z","releaseNotesByLocale":{"zh-CN":{"title":"Release v3.9.1","markdown":"## 新功能\n\n- 优化模型配置选项页面\n- 默认展示思考过程及实时耗时\n\n## 问题修复\n\n- 修复截图和网页工具图片在部分网关中无法显示的问题\n- 修复单冒号文件引用无法识别的问题"},"en-US":{"title":"Release v3.9.1","markdown":"## New Features\n\n- Optimize the model configuration options page\n- By default, the thinking process and real-time time consumption are displayed\n\n## Issue Fix\n\n- Fixed the issue where screenshots and web tool images could not be displayed in some gateways\n- Fixed the issue where single-colon file references could not be recognized"}}},"receivePreviewUpdates":false,"autoDownloadAndInstallUpdates":true,"skippedElectronUpdateVersions":{},"settingsSyncFirstRunPromptHandled":true}
[2026-08-23 19:17:44.542] [info] [pid:4468] [main] [host-log] (local-1) [host] [2026-08-23 19:17:44.542] [pid:33160] [settingService] write done
[2026-08-23 19:17:44.542] [info] [pid:4468] [main] [host-log] (local-1) [host] [2026-08-23 19:17:44.542] [pid:33160] [zcode-host] [rpc:call] setting.update OK (5.3ms)
[2026-08-23 19:17:54.464] [info] [pid:4468] [main] [host-log] (local-1) [host] [2026-08-23 19:17:54.464] [pid:33160] [zcode-host] [rpc:call] off-peak-task.list OK (0.1ms)
[2026-08-23 19:18:18.309] [info] [pid:4468] [main] [host-log] (local-1) [host] [2026-08-23 19:18:18.308] [pid:33160] [settingService] writing settings to: C:\Users\llh04\.zcode\v2\setting.json {"recentProjects":["C:\\Users\\llh04\\Desktop\\小说","D:\\公考","D:\\公考\\图形推理详解"],"locale":"zh-CN","localePreference":"zh-CN","terminalInheritSystemProfile":true,"embeddedBrowserAllowInsecureCertificates":false,"taskAutoArchiveEnabled":false,"taskAutoArchiveOlderThanDays":7,"closeToTrayOnWindows":true,"closeToTrayOnWindowsMigrationInitialized":true,"keepAwakeWhileRunning":false,"desktopWindowSize":{"width":1200,"height":800,"maximized":true},"desktopChromiumHardwareAccelerationEnabled":true,"messageStreamShowReasoning":false,"messageStreamShowTodos":false,"toolGroupingExploreEnabled":true,"toolGroupingTerminalEnabled":true,"toolGroupingChangesEnabled":false,"zcodeInteractionBehavior":"queue","askUserQuestionAutoResolutionEnabled":true,"modelIoFullRetentionEnabled":false,"optimizeAgentExperienceEnabled":false,"optimizeAgentExperienceMigrationInitialized":true,"enabledBuiltinAgentCliProviders":["glm"],"modelProviderFamilyModes":{"zai":"oauth"},"modelProviderFamilySelectedKeys":{"zai":"coding-plan:builtin:zai-start-plan"},"providerFamilyDomain":"zai","providerFamilyDomainUpdatedAt":1787116588334,"providerFamilyDomainMigrated":true,"repoSnapshotIndexingEnabled":false,"instantGrepIndexingEnabled":false,"nativeSearchEnhancementsEnabled":true,"memoryEnabled":false,"lastWorkspaceSession":[{"kind":"local","workspacePath":"C:\\Users\\llh04\\Desktop\\小说","workspacePurpose":"project"},{"kind":"local","workspacePath":"D:\\公考","workspacePurpose":"project"},{"kind":"local","workspacePath":"C:\\Users\\llh04\\.zcode\\workspace\\default","workspacePurpose":"conversation"}],"lastActiveTabIndex":0,"pendingPostUpdateReleaseNotes":{"version":"3.9.1","title":"Release v3.9.1","markdown":"## 新功能\n\n- 优化模型配置选项页面\n- 默认展示思考过程及实时耗时\n\n## 问题修复\n\n- 修复截图和网页工具图片在部分网关中无法显示的问题\n- 修复单冒号文件引用无法识别的问题","releaseDate":"2026-08-23T02:22:17.074Z","releaseNotesByLocale":{"zh-CN":{"title":"Release v3.9.1","markdown":"## 新功能\n\n- 优化模型配置选项页面\n- 默认展示思考过程及实时耗时\n\n## 问题修复\n\n- 修复截图和网页工具图片在部分网关中无法显示的问题\n- 修复单冒号文件引用无法识别的问题"},"en-US":{"title":"Release v3.9.1","markdown":"## New Features\n\n- Optimize the model configuration options page\n- By default, the thinking process and real-time time consumption are displayed\n\n## Issue Fix\n\n- Fixed the issue where screenshots and web tool images could not be displayed in some gateways\n- Fixed the issue where single-colon file references could not be recognized"}}},"receivePreviewUpdates":false,"autoDownloadAndInstallUpdates":true,"skippedElectronUpdateVersions":{},"settingsSyncFirstRunPromptHandled":true}
[2026-08-23 19:18:18.313] [info] [pid:4468] [main] [host-log] (local-1) [host] [2026-08-23 19:18:18.313] [pid:33160] [settingService] write done
[2026-08-23 19:18:18.316] [info] [pid:4468] [main] [host-log] (local-1) [host] [2026-08-23 19:18:18.313] [pid:33160] [zcode-host] [rpc:call] setting.update OK (5.2ms)
[2026-08-23 19:18:21.149] [info] [pid:4468] [main] [host-log] (local-1) [host] [2026-08-23 19:18:21.149] [pid:33160] [settingService] writing settings to: C:\Users\llh04\.zcode\v2\setting.json {"recentProjects":["C:\\Users\\llh04\\Desktop\\小说","D:\\公考","D:\\公考\\图形推理详解"],"locale":"zh-CN","localePreference":"zh-CN","terminalInheritSystemProfile":true,"embeddedBrowserAllowInsecureCertificates":false,"taskAutoArchiveEnabled":false,"taskAutoArchiveOlderThanDays":7,"closeToTrayOnWindows":true,"closeToTrayOnWindowsMigrationInitialized":true,"keepAwakeWhileRunning":false,"desktopWindowSize":{"width":1200,"height":800,"maximized":true},"desktopChromiumHardwareAccelerationEnabled":true,"messageStreamShowReasoning":false,"messageStreamShowTodos":false,"toolGroupingExploreEnabled":true,"toolGroupingTerminalEnabled":true,"toolGroupingChangesEnabled":false,"zcodeInteractionBehavior":"queue","askUserQuestionAutoResolutionEnabled":true,"modelIoFullRetentionEnabled":false,"optimizeAgentExperienceEnabled":false,"optimizeAgentExperienceMigrationInitialized":true,"enabledBuiltinAgentCliProviders":["glm"],"modelProviderFamilyModes":{"zai":"oauth"},"modelProviderFamilySelectedKeys":{"zai":"coding-plan:builtin:zai-start-plan"},"providerFamilyDomain":"zai","providerFamilyDomainUpdatedAt":1787116588334,"providerFamilyDomainMigrated":true,"repoSnapshotIndexingEnabled":false,"instantGrepIndexingEnabled":false,"nativeSearchEnhancementsEnabled":true,"memoryEnabled":false,"lastWorkspaceSession":[{"kind":"local","workspacePath":"C:\\Users\\llh04\\Desktop\\小说","workspacePurpose":"project"},{"kind":"local","workspacePath":"D:\\公考","workspacePurpose":"project"},{"kind":"local","workspacePath":"C:\\Users\\llh04\\.zcode\\workspace\\default","workspacePurpose":"conversation"}],"lastActiveTabIndex":0,"pendingPostUpdateReleaseNotes":{"version":"3.9.1","title":"Release v3.9.1","markdown":"## 新功能\n\n- 优化模型配置选项页面\n- 默认展示思考过程及实时耗时\n\n## 问题修复\n\n- 修复截图和网页工具图片在部分网关中无法显示的问题\n- 修复单冒号文件引用无法识别的问题","releaseDate":"2026-08-23T02:22:17.074Z","releaseNotesByLocale":{"zh-CN":{"title":"Release v3.9.1","markdown":"## 新功能\n\n- 优化模型配置选项页面\n- 默认展示思考过程及实时耗时\n\n## 问题修复\n\n- 修复截图和网页工具图片在部分网关中无法显示的问题\n- 修复单冒号文件引用无法识别的问题"},"en-US":{"title":"Release v3.9.1","markdown":"## New Features\n\n- Optimize the model configuration options page\n- By default, the thinking process and real-time time consumption are displayed\n\n## Issue Fix\n\n- Fixed the issue where screenshots and web tool images could not be displayed in some gateways\n- Fixed the issue where single-colon file references could not be recognized"}}},"receivePreviewUpdates":false,"autoDownloadAndInstallUpdates":true,"skippedElectronUpdateVersions":{},"settingsSyncFirstRunPromptHandled":true}
[2026-08-23 19:18:21.152] [info] [pid:4468] [main] [host-log] (local-1) [host] [2026-08-23 19:18:21.152] [pid:33160] [settingService] write done
[2026-08-23 19:18:21.153] [info] [pid:4468] [main] [host-log] (local-1) [host] [2026-08-23 19:18:21.152] [pid:33160] [zcode-host] [rpc:call] setting.update OK (4.1ms)
[2026-08-23 19:18:22.483] [info] [pid:4468] [main] [host-log] (local-1) [host] [2026-08-23 19:18:22.483] [pid:33160] [settingService] writing settings to: C:\Users\llh04\.zcode\v2\setting.json {"recentProjects":["C:\\Users\\llh04\\Desktop\\小说","D:\\公考","D:\\公考\\图形推理详解"],"locale":"zh-CN","localePreference":"zh-CN","terminalInheritSystemProfile":true,"embeddedBrowserAllowInsecureCertificates":false,"taskAutoArchiveEnabled":false,"taskAutoArchiveOlderThanDays":7,"closeToTrayOnWindows":true,"closeToTrayOnWindowsMigrationInitialized":true,"keepAwakeWhileRunning":false,"desktopWindowSize":{"width":1200,"height":800,"maximized":true},"desktopChromiumHardwareAccelerationEnabled":true,"messageStreamShowReasoning":false,"messageStreamShowTodos":false,"toolGroupingExploreEnabled":true,"toolGroupingTerminalEnabled":true,"toolGroupingChangesEnabled":false,"zcodeInteractionBehavior":"queue","askUserQuestionAutoResolutionEnabled":true,"modelIoFullRetentionEnabled":false,"optimizeAgentExperienceEnabled":false,"optimizeAgentExperienceMigrationInitialized":true,"enabledBuiltinAgentCliProviders":["glm"],"modelProviderFamilyModes":{"zai":"oauth"},"modelProviderFamilySelectedKeys":{"zai":"coding-plan:builtin:zai-start-plan"},"providerFamilyDomain":"zai","providerFamilyDomainUpdatedAt":1787116588334,"providerFamilyDomainMigrated":true,"repoSnapshotIndexingEnabled":false,"instantGrepIndexingEnabled":false,"nativeSearchEnhancementsEnabled":true,"memoryEnabled":false,"lastWorkspaceSession":[{"kind":"local","workspacePath":"C:\\Users\\llh04\\Desktop\\小说","workspacePurpose":"project"},{"kind":"local","workspacePath":"D:\\公考","workspacePurpose":"project"},{"kind":"local","workspacePath":"C:\\Users\\llh04\\.zcode\\workspace\\default","workspacePurpose":"conversation"}],"lastActiveTabIndex":0,"pendingPostUpdateReleaseNotes":{"version":"3.9.1","title":"Release v3.9.1","markdown":"## 新功能\n\n- 优化模型配置选项页面\n- 默认展示思考过程及实时耗时\n\n## 问题修复\n\n- 修复截图和网页工具图片在部分网关中无法显示的问题\n- 修复单冒号文件引用无法识别的问题","releaseDate":"2026-08-23T02:22:17.074Z","releaseNotesByLocale":{"zh-CN":{"title":"Release v3.9.1","markdown":"## 新功能\n\n- 优化模型配置选项页面\n- 默认展示思考过程及实时耗时\n\n## 问题修复\n\n- 修复截图和网页工具图片在部分网关中无法显示的问题\n- 修复单冒号文件引用无法识别的问题"},"en-US":{"title":"Release v3.9.1","markdown":"## New Features\n\n- Optimize the model configuration options page\n- By default, the thinking process and real-time time consumption are displayed\n\n## Issue Fix\n\n- Fixed the issue where screenshots and web tool images could not be displayed in some gateways\n- Fixed the issue where single-colon file references could not be recognized"}}},"receivePreviewUpdates":false,"autoDownloadAndInstallUpdates":true,"skippedElectronUpdateVersions":{},"settingsSyncFirstRunPromptHandled":true}
[2026-08-23 19:18:22.486] [info] [pid:4468] [main] [host-log] (local-1) [host] [2026-08-23 19:18:22.486] [pid:33160] [settingService] write done
[2026-08-23 19:18:22.487] [info] [pid:4468] [main] [host-log] (local-1) [host] [2026-08-23 19:18:22.486] [pid:33160] [zcode-host] [rpc:call] setting.update OK (3.4ms)
[2026-08-23 19:18:24.463] [info] [pid:4468] [main] [host-log] (local-1) [host] [2026-08-23 19:18:24.462] [pid:33160] [zcode-host] [rpc:call] off-peak-task.list OK (0.1ms)
[2026-08-23 19:18:26.124] [info] [pid:4468] [main] [host-log] (local-1) [host] [2026-08-23 19:18:26.123] [pid:33160] [settingService] writing settings to: C:\Users\llh04\.zcode\v2\setting.json {"recentProjects":["C:\\Users\\llh04\\Desktop\\小说","D:\\公考","D:\\公考\\图形推理详解"],"locale":"zh-CN","localePreference":"zh-CN","terminalInheritSystemProfile":true,"embeddedBrowserAllowInsecureCertificates":false,"taskAutoArchiveEnabled":false,"taskAutoArchiveOlderThanDays":7,"closeToTrayOnWindows":true,"closeToTrayOnWindowsMigrationInitialized":true,"keepAwakeWhileRunning":false,"desktopWindowSize":{"width":1200,"height":800,"maximized":true},"desktopChromiumHardwareAccelerationEnabled":true,"messageStreamShowReasoning":false,"messageStreamShowTodos":false,"toolGroupingExploreEnabled":true,"toolGroupingTerminalEnabled":true,"toolGroupingChangesEnabled":false,"zcodeInteractionBehavior":"queue","askUserQuestionAutoResolutionEnabled":true,"modelIoFullRetentionEnabled":false,"optimizeAgentExperienceEnabled":false,"optimizeAgentExperienceMigrationInitialized":true,"enabledBuiltinAgentCliProviders":["glm"],"modelProviderFamilyModes":{"zai":"oauth"},"modelProviderFamilySelectedKeys":{"zai":"coding-plan:builtin:zai-start-plan"},"providerFamilyDomain":"zai","providerFamilyDomainUpdatedAt":1787116588334,"providerFamilyDomainMigrated":true,"repoSnapshotIndexingEnabled":false,"instantGrepIndexingEnabled":false,"nativeSearchEnhancementsEnabled":true,"memoryEnabled":false,"lastWorkspaceSession":[{"kind":"local","workspacePath":"C:\\Users\\llh04\\Desktop\\小说","workspacePurpose":"project"},{"kind":"local","workspacePath":"D:\\公考","workspacePurpose":"project"},{"kind":"local","workspacePath":"C:\\Users\\llh04\\.zcode\\workspace\\default","workspacePurpose":"conversation"}],"lastActiveTabIndex":0,"pendingPostUpdateReleaseNotes":{"version":"3.9.1","title":"Release v3.9.1","markdown":"## 新功能\n\n- 优化模型配置选项页面\n- 默认展示思考过程及实时耗时\n\n## 问题修复\n\n- 修复截图和网页工具图片在部分网关中无法显示的问题\n- 修复单冒号文件引用无法识别的问题","releaseDate":"2026-08-23T02:22:17.074Z","releaseNotesByLocale":{"zh-CN":{"title":"Release v3.9.1","markdown":"## 新功能\n\n- 优化模型配置选项页面\n- 默认展示思考过程及实时耗时\n\n## 问题修复\n\n- 修复截图和网页工具图片在部分网关中无法显示的问题\n- 修复单冒号文件引用无法识别的问题"},"en-US":{"title":"Release v3.9.1","markdown":"## New Features\n\n- Optimize the model configuration options page\n- By default, the thinking process and real-time time consumption are displayed\n\n## Issue Fix\n\n- Fixed the issue where screenshots and web tool images could not be displayed in some gateways\n- Fixed the issue where single-colon file references could not be recognized"}}},"receivePreviewUpdates":false,"autoDownloadAndInstallUpdates":true,"skippedElectronUpdateVersions":{},"settingsSyncFirstRunPromptHandled":true}
[2026-08-23 19:18:26.133] [info] [pid:4468] [main] [host-log] (local-1) [host] [2026-08-23 19:18:26.132] [pid:33160] [settingService] write done
[2026-08-23 19:18:26.133] [info] [pid:4468] [main] [host-log] (local-1) [host] [2026-08-23 19:18:26.132] [pid:33160] [zcode-host] [rpc:call] setting.update OK (11.0ms)
[2026-08-23 19:18:30.111] [info] [pid:4468] [main] [host-log] (local-1) [host] [2026-08-23 19:18:30.110] [pid:33160] [zcode-host] [rpc:call] file.readTextFile OK (5.1ms)
[2026-08-23 19:18:30.262] [info] [pid:4468] [main] [host-log] (local-1) [host] [2026-08-23 19:18:30.262] [pid:33160] [settingService] writing settings to: C:\Users\llh04\.zcode\v2\setting.json {"recentProjects":["C:\\Users\\llh04\\Desktop\\小说","D:\\公考","D:\\公考\\图形推理详解"],"locale":"zh-CN","localePreference":"zh-CN","terminalInheritSystemProfile":true,"embeddedBrowserAllowInsecureCertificates":false,"taskAutoArchiveEnabled":false,"taskAutoArchiveOlderThanDays":7,"closeToTrayOnWindows":true,"closeToTrayOnWindowsMigrationInitialized":true,"keepAwakeWhileRunning":false,"desktopWindowSize":{"width":1200,"height":800,"maximized":true},"desktopChromiumHardwareAccelerationEnabled":true,"messageStreamShowReasoning":false,"messageStreamShowTodos":false,"toolGroupingExploreEnabled":true,"toolGroupingTerminalEnabled":true,"toolGroupingChangesEnabled":false,"zcodeInteractionBehavior":"queue","askUserQuestionAutoResolutionEnabled":true,"modelIoFullRetentionEnabled":false,"optimizeAgentExperienceEnabled":false,"optimizeAgentExperienceMigrationInitialized":true,"enabledBuiltinAgentCliProviders":["glm"],"modelProviderFamilyModes":{"zai":"oauth"},"modelProviderFamilySelectedKeys":{"zai":"coding-plan:builtin:zai-start-plan"},"providerFamilyDomain":"zai","providerFamilyDomainUpdatedAt":1787116588334,"providerFamilyDomainMigrated":true,"repoSnapshotIndexingEnabled":false,"instantGrepIndexingEnabled":false,"nativeSearchEnhancementsEnabled":true,"memoryEnabled":false,"lastWorkspaceSession":[{"kind":"local","workspacePath":"C:\\Users\\llh04\\Desktop\\小说","workspacePurpose":"project"},{"kind":"local","workspacePath":"D:\\公考","workspacePurpose":"project"},{"kind":"local","workspacePath":"C:\\Users\\llh04\\.zcode\\workspace\\default","workspacePurpose":"conversation"}],"lastActiveTabIndex":0,"pendingPostUpdateReleaseNotes":{"version":"3.9.1","title":"Release v3.9.1","markdown":"## 新功能\n\n- 优化模型配置选项页面\n- 默认展示思考过程及实时耗时\n\n## 问题修复\n\n- 修复截图和网页工具图片在部分网关中无法显示的问题\n- 修复单冒号文件引用无法识别的问题","releaseDate":"2026-08-23T02:22:17.074Z","releaseNotesByLocale":{"zh-CN":{"title":"Release v3.9.1","markdown":"## 新功能\n\n- 优化模型配置选项页面\n- 默认展示思考过程及实时耗时\n\n## 问题修复\n\n- 修复截图和网页工具图片在部分网关中无法显示的问题\n- 修复单冒号文件引用无法识别的问题"},"en-US":{"title":"Release v3.9.1","markdown":"## New Features\n\n- Optimize the model configuration options page\n- By default, the thinking process and real-time time consumption are displayed\n\n## Issue Fix\n\n- Fixed the issue where screenshots and web tool images could not be displayed in some gateways\n- Fixed the issue where single-colon file references could not be recognized"}}},"receivePreviewUpdates":false,"autoDownloadAndInstallUpdates":true,"skippedElectronUpdateVersions":{},"settingsSyncFirstRunPromptHandled":true}
[2026-08-23 19:18:30.265] [info] [pid:4468] [main] [host-log] (local-1) [host] [2026-08-23 19:18:30.264] [pid:33160] [settingService] write done
[2026-08-23 19:18:30.265] [info] [pid:4468] [main] [host-log] (local-1) [host] [2026-08-23 19:18:30.264] [pid:33160] [zcode-host] [rpc:call] setting.update OK (3.5ms)
[2026-08-23 19:18:54.472] [info] [pid:4468] [main] [host-log] (local-1) [host] [2026-08-23 19:18:54.470] [pid:33160] [zcode-host] [rpc:call] off-peak-task.list OK (0.2ms)
[2026-08-23 19:19:24.477] [info] [pid:4468] [main] [host-log] (local-1) [host] [2026-08-23 19:19:24.476] [pid:33160] [zcode-host] [rpc:call] off-peak-task.list OK (0.1ms)
[2026-08-23 19:19:44.721] [info] [pid:4468] [main] [host-log] (local-1) [host] [2026-08-23 19:19:44.720] [pid:33160] [zcode-agent-service][trace:bae79b6c-4719-4cb1-938d-b402e5641847] 开始请求 ZCode Protocol session/resume {"hasRuntimeModel":false,"mcpServerCount":0,"mcpServerNames":[],"modelHint":null,"runtimeModel":null,"sessionId":"sess_9ac9f47e-224c-4ada-b806-e8c7d75367a5","workspaceKey":"C:\\Users\\llh04\\Desktop\\小说","workspacePath":"C:\\Users\\llh04\\Desktop\\小说"}
[2026-08-23 19:19:45.340] [info] [pid:4468] [main] [host-log] (local-1) [host] [2026-08-23 19:19:45.339] [pid:33160] [zcode-agent-service][trace:bae79b6c-4719-4cb1-938d-b402e5641847] ZCode Protocol session/resume 完成 {"durationMs":621,"hasRuntimeModel":false,"messageCount":198,"modelCurrent":"3a57ef88-16c9-48c9-af35-067641626862/ox-alpha","mcpServerCount":0,"sessionId":"sess_9ac9f47e-224c-4ada-b806-e8c7d75367a5","snapshotTraceId":"bae79b6c-4719-4cb1-938d-b402e5641847","workspaceKey":"C:\\Users\\llh04\\Desktop\\小说","workspacePath":"C:\\Users\\llh04\\Desktop\\小说"}
[2026-08-23 19:19:45.353] [info] [pid:4468] [main] [host-log] (local-1) [host] [2026-08-23 19:19:45.352] [pid:33160] [zcode-host] [rpc:call] zcode-agent.conversationFileChangesV4 OK (363.5ms)
[2026-08-23 19:19:45.354] [info] [pid:4468] [main] [host-log] (local-1) [host] [2026-08-23 19:19:45.353] [pid:33160] [zcode-host] [rpc:call] file.checkFilesExist OK (0.3ms)
[2026-08-23 19:19:54.465] [info] [pid:4468] [main] [host-log] (local-1) [host] [2026-08-23 19:19:54.464] [pid:33160] [zcode-host] [rpc:call] off-peak-task.list OK (0.3ms)
[2026-08-23 19:19:59.462] [info] [pid:4468] [main] [resource] perf_resource window flushed
[2026-08-23 19:19:59.475] [info] [pid:4468] [main] [network] perf_network flushed interfaces=7
[2026-08-23 19:20:24.466] [info] [pid:4468] [main] [host-log] (local-1) [host] [2026-08-23 19:20:24.463] [pid:33160] [zcode-host] [rpc:call] off-peak-task.list OK (0.3ms)
[2026-08-23 19:20:54.472] [info] [pid:4468] [main] [host-log] (local-1) [host] [2026-08-23 19:20:54.470] [pid:33160] [zcode-host] [rpc:call] off-peak-task.list OK (0.4ms)
[2026-08-23 19:21:24.467] [info] [pid:4468] [main] [host-log] (local-1) [host] [2026-08-23 19:21:24.467] [pid:33160] [zcode-host] [rpc:call] off-peak-task.list OK (0.3ms)
[2026-08-23 19:21:54.469] [info] [pid:4468] [main] [host-log] (local-1) [host] [2026-08-23 19:21:54.467] [pid:33160] [zcode-host] [rpc:call] off-peak-task.list OK (0.6ms)
[2026-08-23 19:22:24.472] [info] [pid:4468] [main] [host-log] (local-1) [host] [2026-08-23 19:22:24.469] [pid:33160] [zcode-host] [rpc:call] off-peak-task.list OK (0.4ms)
[2026-08-23 19:22:54.469] [info] [pid:4468] [main] [host-log] (local-1) [host] [2026-08-23 19:22:54.464] [pid:33160] [zcode-host] [rpc:call] off-peak-task.list OK (0.4ms)
[2026-08-23 19:23:24.472] [info] [pid:4468] [main] [host-log] (local-1) [host] [2026-08-23 19:23:24.468] [pid:33160] [zcode-host] [rpc:call] off-peak-task.list OK (0.2ms)
[2026-08-23 19:23:54.466] [info] [pid:4468] [main] [host-log] (local-1) [host] [2026-08-23 19:23:54.465] [pid:33160] [zcode-host] [rpc:call] off-peak-task.list OK (0.2ms)
[2026-08-23 19:24:24.472] [info] [pid:4468] [main] [host-log] (local-1) [host] [2026-08-23 19:24:24.470] [pid:33160] [zcode-host] [rpc:call] off-peak-task.list OK (0.7ms)
[2026-08-23 19:24:54.465] [info] [pid:4468] [main] [host-log] (local-1) [host] [2026-08-23 19:24:54.464] [pid:33160] [zcode-host] [rpc:call] off-peak-task.list OK (0.2ms)
[2026-08-23 19:24:59.477] [info] [pid:4468] [main] [resource] perf_resource window flushed
[2026-08-23 19:24:59.482] [info] [pid:4468] [main] [network] perf_network flushed interfaces=3
[2026-08-23 19:25:24.465] [info] [pid:4468] [main] [host-log] (local-1) [host] [2026-08-23 19:25:24.463] [pid:33160] [zcode-host] [rpc:call] off-peak-task.list OK (0.3ms)
[2026-08-23 19:25:54.470] [info] [pid:4468] [main] [host-log] (local-1) [host] [2026-08-23 19:25:54.470] [pid:33160] [zcode-host] [rpc:call] off-peak-task.list OK (0.2ms)
[2026-08-23 19:26:24.472] [info] [pid:4468] [main] [host-log] (local-1) [host] [2026-08-23 19:26:24.469] [pid:33160] [zcode-host] [rpc:call] off-peak-task.list OK (0.5ms)
[2026-08-23 19:26:54.464] [info] [pid:4468] [main] [host-log] (local-1) [host] [2026-08-23 19:26:54.463] [pid:33160] [zcode-host] [rpc:call] off-peak-task.list OK (0.2ms)
[2026-08-23 19:27:24.470] [info] [pid:4468] [main] [host-log] (local-1) [host] [2026-08-23 19:27:24.468] [pid:33160] [zcode-host] [rpc:call] off-peak-task.list OK (0.4ms)
[2026-08-23 19:27:54.467] [info] [pid:4468] [main] [host-log] (local-1) [host] [2026-08-23 19:27:54.465] [pid:33160] [zcode-host] [rpc:call] off-peak-task.list OK (0.1ms)
[2026-08-23 19:28:24.472] [info] [pid:4468] [main] [host-log] (local-1) [host] [2026-08-23 19:28:24.471] [pid:33160] [zcode-host] [rpc:call] off-peak-task.list OK (0.2ms)
[2026-08-23 19:28:54.462] [info] [pid:4468] [main] [host-log] (local-1) [host] [2026-08-23 19:28:54.462] [pid:33160] [zcode-host] [rpc:call] off-peak-task.list OK (0.1ms)
[2026-08-23 19:29:24.476] [info] [pid:4468] [main] [host-log] (local-1) [host] [2026-08-23 19:29:24.474] [pid:33160] [zcode-host] [rpc:call] off-peak-task.list OK (0.4ms)
[2026-08-23 19:29:54.464] [info] [pid:4468] [main] [host-log] (local-1) [host] [2026-08-23 19:29:54.463] [pid:33160] [zcode-host] [rpc:call] off-peak-task.list OK (0.2ms)
[2026-08-23 19:29:59.046] [info] [pid:4468] [main] Checking for update
[2026-08-23 19:29:59.046] [info] [pid:4468] [main] [auto-update] checking for update...
[2026-08-23 19:29:59.483] [info] [pid:4468] [main] [resource] perf_resource window flushed
[2026-08-23 19:29:59.491] [info] [pid:4468] [main] [network] perf_network flushed interfaces=1
[2026-08-23 19:29:59.502] [info] [pid:4468] [main] Found version 3.9.1 (url: https://cdn-zcode.z.ai/zcode/electron/releases/3.9.1/windows-x64/ZCode-3.9.1-win-x64.exe)
[2026-08-23 19:29:59.502] [info] [pid:4468] [main] [auto-update] new version available: 3.9.1
[2026-08-23 19:29:59.502] [info] [pid:4468] [main] [auto-update] keep downloaded update version=3.9.1; remote=3.9.1
[2026-08-23 19:30:24.469] [info] [pid:4468] [main] [host-log] (local-1) [host] [2026-08-23 19:30:24.467] [pid:33160] [zcode-host] [rpc:call] off-peak-task.list OK (0.3ms)
[2026-08-23 19:30:54.471] [info] [pid:4468] [main] [host-log] (local-1) [host] [2026-08-23 19:30:54.470] [pid:33160] [zcode-host] [rpc:call] off-peak-task.list OK (0.4ms)
[2026-08-23 19:31:24.466] [info] [pid:4468] [main] [host-log] (local-1) [host] [2026-08-23 19:31:24.466] [pid:33160] [zcode-host] [rpc:call] off-peak-task.list OK (0.3ms)
[2026-08-23 19:31:54.471] [info] [pid:4468] [main] [host-log] (local-1) [host] [2026-08-23 19:31:54.470] [pid:33160] [zcode-host] [rpc:call] off-peak-task.list OK (0.3ms)
[2026-08-23 19:32:24.474] [info] [pid:4468] [main] [host-log] (local-1) [host] [2026-08-23 19:32:24.471] [pid:33160] [zcode-host] [rpc:call] off-peak-task.list OK (0.4ms)
[2026-08-23 19:32:54.478] [info] [pid:4468] [main] [host-log] (local-1) [host] [2026-08-23 19:32:54.475] [pid:33160] [zcode-host] [rpc:call] off-peak-task.list OK (0.5ms)
[2026-08-23 19:33:24.463] [info] [pid:4468] [main] [host-log] (local-1) [host] [2026-08-23 19:33:24.463] [pid:33160] [zcode-host] [rpc:call] off-peak-task.list OK (0.2ms)
[2026-08-23 19:33:54.471] [info] [pid:4468] [main] [host-log] (local-1) [host] [2026-08-23 19:33:54.470] [pid:33160] [zcode-host] [rpc:call] off-peak-task.list OK (0.3ms)
[2026-08-23 19:34:24.467] [info] [pid:4468] [main] [host-log] (local-1) [host] [2026-08-23 19:34:24.466] [pid:33160] [zcode-host] [rpc:call] off-peak-task.list OK (0.2ms)
[2026-08-23 19:34:54.473] [info] [pid:4468] [main] [host-log] (local-1) [host] [2026-08-23 19:34:54.467] [pid:33160] [zcode-host] [rpc:call] off-peak-task.list OK (0.4ms)
[2026-08-23 19:34:59.492] [info] [pid:4468] [main] [resource] perf_resource window flushed
[2026-08-23 19:34:59.497] [info] [pid:4468] [main] [network] perf_network flushed interfaces=1
[2026-08-23 19:35:24.474] [info] [pid:4468] [main] [host-log] (local-1) [host] [2026-08-23 19:35:24.471] [pid:33160] [zcode-host] [rpc:call] off-peak-task.list OK (0.5ms)
[2026-08-23 19:35:54.470] [info] [pid:4468] [main] [host-log] (local-1) [host] [2026-08-23 19:35:54.468] [pid:33160] [zcode-host] [rpc:call] off-peak-task.list OK (0.3ms)
[2026-08-23 19:36:24.471] [info] [pid:4468] [main] [host-log] (local-1) [host] [2026-08-23 19:36:24.469] [pid:33160] [zcode-host] [rpc:call] off-peak-task.list OK (0.3ms)
[2026-08-23 19:36:54.471] [info] [pid:4468] [main] [host-log] (local-1) [host] [2026-08-23 19:36:54.469] [pid:33160] [zcode-host] [rpc:call] off-peak-task.list OK (0.6ms)
[2026-08-23 19:37:24.473] [info] [pid:4468] [main] [host-log] (local-1) [host] [2026-08-23 19:37:24.472] [pid:33160] [zcode-host] [rpc:call] off-peak-task.list OK (0.4ms)
[2026-08-23 19:37:54.474] [info] [pid:4468] [main] [host-log] (local-1) [host] [2026-08-23 19:37:54.471] [pid:33160] [zcode-host] [rpc:call] off-peak-task.list OK (0.2ms)
[2026-08-23 19:38:24.468] [info] [pid:4468] [main] [host-log] (local-1) [host] [2026-08-23 19:38:24.465] [pid:33160] [zcode-host] [rpc:call] off-peak-task.list OK (0.4ms)
[2026-08-23 19:38:54.464] [info] [pid:4468] [main] [host-log] (local-1) [host] [2026-08-23 19:38:54.463] [pid:33160] [zcode-host] [rpc:call] off-peak-task.list OK (0.3ms)
[2026-08-23 19:39:17.329] [info] [pid:4468] [main] [host-log] (local-1) [host] [2026-08-23 19:39:17.328] [pid:33160] [settingService] writing settings to: C:\Users\llh04\.zcode\v2\setting.json {"recentProjects":["C:\\Users\\llh04\\Desktop\\小说","D:\\公考","D:\\公考\\图形推理详解"],"locale":"zh-CN","localePreference":"zh-CN","terminalInheritSystemProfile":true,"embeddedBrowserAllowInsecureCertificates":false,"taskAutoArchiveEnabled":false,"taskAutoArchiveOlderThanDays":7,"closeToTrayOnWindows":true,"closeToTrayOnWindowsMigrationInitialized":true,"keepAwakeWhileRunning":false,"desktopWindowSize":{"width":1200,"height":800,"maximized":true},"desktopChromiumHardwareAccelerationEnabled":true,"messageStreamShowReasoning":false,"messageStreamShowTodos":false,"toolGroupingExploreEnabled":true,"toolGroupingTerminalEnabled":true,"toolGroupingChangesEnabled":false,"zcodeInteractionBehavior":"queue","askUserQuestionAutoResolutionEnabled":true,"modelIoFullRetentionEnabled":false,"optimizeAgentExperienceEnabled":false,"optimizeAgentExperienceMigrationInitialized":true,"enabledBuiltinAgentCliProviders":["glm"],"modelProviderFamilyModes":{"zai":"oauth"},"modelProviderFamilySelectedKeys":{"zai":"coding-plan:builtin:zai-start-plan"},"providerFamilyDomain":"zai","providerFamilyDomainUpdatedAt":1787116588334,"providerFamilyDomainMigrated":true,"repoSnapshotIndexingEnabled":false,"instantGrepIndexingEnabled":false,"nativeSearchEnhancementsEnabled":true,"memoryEnabled":false,"lastWorkspaceSession":[{"kind":"local","workspacePath":"C:\\Users\\llh04\\Desktop\\小说","workspacePurpose":"project"},{"kind":"local","workspacePath":"D:\\公考","workspacePurpose":"project"},{"kind":"local","workspacePath":"C:\\Users\\llh04\\.zcode\\workspace\\default","workspacePurpose":"conversation"}],"lastActiveTabIndex":0,"pendingPostUpdateReleaseNotes":{"version":"3.9.1","title":"Release v3.9.1","markdown":"## 新功能\n\n- 优化模型配置选项页面\n- 默认展示思考过程及实时耗时\n\n## 问题修复\n\n- 修复截图和网页工具图片在部分网关中无法显示的问题\n- 修复单冒号文件引用无法识别的问题","releaseDate":"2026-08-23T02:22:17.074Z","releaseNotesByLocale":{"zh-CN":{"title":"Release v3.9.1","markdown":"## 新功能\n\n- 优化模型配置选项页面\n- 默认展示思考过程及实时耗时\n\n## 问题修复\n\n- 修复截图和网页工具图片在部分网关中无法显示的问题\n- 修复单冒号文件引用无法识别的问题"},"en-US":{"title":"Release v3.9.1","markdown":"## New Features\n\n- Optimize the model configuration options page\n- By default, the thinking process and real-time time consumption are displayed\n\n## Issue Fix\n\n- Fixed the issue where screenshots and web tool images could not be displayed in some gateways\n- Fixed the issue where single-colon file references could not be recognized"}}},"receivePreviewUpdates":false,"autoDownloadAndInstallUpdates":true,"skippedElectronUpdateVersions":{},"settingsSyncFirstRunPromptHandled":true}
[2026-08-23 19:39:17.332] [info] [pid:4468] [main] [host-log] (local-1) [host] [2026-08-23 19:39:17.332] [pid:33160] [settingService] write done
[2026-08-23 19:39:17.333] [info] [pid:4468] [main] [host-log] (local-1) [host] [2026-08-23 19:39:17.332] [pid:33160] [zcode-host] [rpc:call] setting.update OK (6.0ms)
[2026-08-23 19:39:18.246] [info] [pid:4468] [main] [host-log] (local-1) [host] [2026-08-23 19:39:18.245] [pid:33160] [settingService] writing settings to: C:\Users\llh04\.zcode\v2\setting.json {"recentProjects":["C:\\Users\\llh04\\Desktop\\小说","D:\\公考","D:\\公考\\图形推理详解"],"locale":"zh-CN","localePreference":"zh-CN","terminalInheritSystemProfile":true,"embeddedBrowserAllowInsecureCertificates":false,"taskAutoArchiveEnabled":false,"taskAutoArchiveOlderThanDays":7,"closeToTrayOnWindows":true,"closeToTrayOnWindowsMigrationInitialized":true,"keepAwakeWhileRunning":false,"desktopWindowSize":{"width":1200,"height":800,"maximized":true},"desktopChromiumHardwareAccelerationEnabled":true,"messageStreamShowReasoning":false,"messageStreamShowTodos":false,"toolGroupingExploreEnabled":true,"toolGroupingTerminalEnabled":true,"toolGroupingChangesEnabled":false,"zcodeInteractionBehavior":"queue","askUserQuestionAutoResolutionEnabled":true,"modelIoFullRetentionEnabled":false,"optimizeAgentExperienceEnabled":false,"optimizeAgentExperienceMigrationInitialized":true,"enabledBuiltinAgentCliProviders":["glm"],"modelProviderFamilyModes":{"zai":"oauth"},"modelProviderFamilySelectedKeys":{"zai":"coding-plan:builtin:zai-start-plan"},"providerFamilyDomain":"zai","providerFamilyDomainUpdatedAt":1787116588334,"providerFamilyDomainMigrated":true,"repoSnapshotIndexingEnabled":false,"instantGrepIndexingEnabled":false,"nativeSearchEnhancementsEnabled":true,"memoryEnabled":false,"lastWorkspaceSession":[{"kind":"local","workspacePath":"C:\\Users\\llh04\\Desktop\\小说","workspacePurpose":"project"},{"kind":"local","workspacePath":"D:\\公考","workspacePurpose":"project"},{"kind":"local","workspacePath":"C:\\Users\\llh04\\.zcode\\workspace\\default","workspacePurpose":"conversation"}],"lastActiveTabIndex":0,"pendingPostUpdateReleaseNotes":{"version":"3.9.1","title":"Release v3.9.1","markdown":"## 新功能\n\n- 优化模型配置选项页面\n- 默认展示思考过程及实时耗时\n\n## 问题修复\n\n- 修复截图和网页工具图片在部分网关中无法显示的问题\n- 修复单冒号文件引用无法识别的问题","releaseDate":"2026-08-23T02:22:17.074Z","releaseNotesByLocale":{"zh-CN":{"title":"Release v3.9.1","markdown":"## 新功能\n\n- 优化模型配置选项页面\n- 默认展示思考过程及实时耗时\n\n## 问题修复\n\n- 修复截图和网页工具图片在部分网关中无法显示的问题\n- 修复单冒号文件引用无法识别的问题"},"en-US":{"title":"Release v3.9.1","markdown":"## New Features\n\n- Optimize the model configuration options page\n- By default, the thinking process and real-time time consumption are displayed\n\n## Issue Fix\n\n- Fixed the issue where screenshots and web tool images could not be displayed in some gateways\n- Fixed the issue where single-colon file references could not be recognized"}}},"receivePreviewUpdates":false,"autoDownloadAndInstallUpdates":true,"skippedElectronUpdateVersions":{},"settingsSyncFirstRunPromptHandled":true}
[2026-08-23 19:39:18.249] [info] [pid:4468] [main] [host-log] (local-1) [host] [2026-08-23 19:39:18.248] [pid:33160] [settingService] write done
[2026-08-23 19:39:18.249] [info] [pid:4468] [main] [host-log] (local-1) [host] [2026-08-23 19:39:18.248] [pid:33160] [zcode-host] [rpc:call] setting.update OK (4.1ms)
[2026-08-23 19:39:20.869] [debug] [pid:4468] [main] [browser-use] execute start browserId=iab:11931cb9-6b5c-4f3c-868f-c43796aaf40f sessionId=sess_9ac9f47e-224c-4ada-b806-e8c7d75367a5 method=list
[2026-08-23 19:39:20.869] [debug] [pid:4468] [main] [browser-use] execute requestId=8652d741-4b54-4fab-a958-05831b84e27e browserId=iab:11931cb9-6b5c-4f3c-868f-c43796aaf40f generation=1787463534165 windowId=1 sessionId=sess_9ac9f47e-224c-4ada-b806-e8c7d75367a5 method=list
[2026-08-23 19:39:20.870] [debug] [pid:4468] [main] [browser-use] execute done sessionId=sess_9ac9f47e-224c-4ada-b806-e8c7d75367a5 method=list ok=true elapsedMs=0
[2026-08-23 19:39:20.870] [debug] [pid:4468] [main] [browser-use] execute start browserId=iab:11931cb9-6b5c-4f3c-868f-c43796aaf40f sessionId=sess_9ac9f47e-224c-4ada-b806-e8c7d75367a5 method=listUserTabs
[2026-08-23 19:39:20.870] [debug] [pid:4468] [main] [browser-use] execute requestId=c1b0b241-55a3-4573-9bfc-ed843f952bbf browserId=iab:11931cb9-6b5c-4f3c-868f-c43796aaf40f generation=1787463534165 windowId=1 sessionId=sess_9ac9f47e-224c-4ada-b806-e8c7d75367a5 method=listUserTabs
[2026-08-23 19:39:20.871] [debug] [pid:4468] [main] [browser-use] execute done sessionId=sess_9ac9f47e-224c-4ada-b806-e8c7d75367a5 method=listUserTabs ok=true elapsedMs=0
[2026-08-23 19:39:20.989] [info] [pid:4468] [main] [host-log] (local-1) [host] [2026-08-23 19:39:20.989] [pid:33160] [zcode-host] [rpc:call] zcode-agent.sendConversationCommandV4 OK (120.0ms)
[2026-08-23 19:39:24.463] [info] [pid:4468] [main] [host-log] (local-1) [host] [2026-08-23 19:39:24.463] [pid:33160] [zcode-host] [rpc:call] off-peak-task.list OK (0.1ms)
[2026-08-23 19:39:54.605] [info] [pid:4468] [main] [host-log] (local-1) [host] [2026-08-23 19:39:54.604] [pid:33160] [zcode-host] [rpc:call] off-peak-task.list OK (0.1ms)
[2026-08-23 19:39:59.508] [info] [pid:4468] [main] [resource] perf_resource window flushed
[2026-08-23 19:39:59.509] [info] [pid:4468] [main] [network] perf_network flushed interfaces=3
[2026-08-23 19:40:24.604] [info] [pid:4468] [main] [host-log] (local-1) [host] [2026-08-23 19:40:24.605] [pid:33160] [zcode-host] [rpc:call] off-peak-task.list OK (0.2ms)
[2026-08-23 19:41:34.613] [info] [pid:4468] [main] [host-log] (local-1) [host] [2026-08-23 19:41:34.612] [pid:33160] [zcode-host] [rpc:call] off-peak-task.list OK (0.2ms)
[2026-08-23 19:41:44.312] [info] [pid:4468] [main] [host-log] (local-1) [host] [2026-08-23 19:41:44.311] [pid:33160] [settingService] writing settings to: C:\Users\llh04\.zcode\v2\setting.json {"recentProjects":["C:\\Users\\llh04\\Desktop\\小说","D:\\公考","D:\\公考\\图形推理详解"],"locale":"zh-CN","localePreference":"zh-CN","terminalInheritSystemProfile":true,"embeddedBrowserAllowInsecureCertificates":false,"taskAutoArchiveEnabled":false,"taskAutoArchiveOlderThanDays":7,"closeToTrayOnWindows":true,"closeToTrayOnWindowsMigrationInitialized":true,"keepAwakeWhileRunning":false,"desktopWindowSize":{"width":1200,"height":800,"maximized":true},"desktopChromiumHardwareAccelerationEnabled":true,"messageStreamShowReasoning":false,"messageStreamShowTodos":false,"toolGroupingExploreEnabled":true,"toolGroupingTerminalEnabled":true,"toolGroupingChangesEnabled":false,"zcodeInteractionBehavior":"queue","askUserQuestionAutoResolutionEnabled":true,"modelIoFullRetentionEnabled":false,"optimizeAgentExperienceEnabled":false,"optimizeAgentExperienceMigrationInitialized":true,"enabledBuiltinAgentCliProviders":["glm"],"modelProviderFamilyModes":{"zai":"oauth"},"modelProviderFamilySelectedKeys":{"zai":"coding-plan:builtin:zai-start-plan"},"providerFamilyDomain":"zai","providerFamilyDomainUpdatedAt":1787116588334,"providerFamilyDomainMigrated":true,"repoSnapshotIndexingEnabled":false,"instantGrepIndexingEnabled":false,"nativeSearchEnhancementsEnabled":true,"memoryEnabled":false,"lastWorkspaceSession":[{"kind":"local","workspacePath":"C:\\Users\\llh04\\Desktop\\小说","workspacePurpose":"project"},{"kind":"local","workspacePath":"D:\\公考","workspacePurpose":"project"},{"kind":"local","workspacePath":"C:\\Users\\llh04\\.zcode\\workspace\\default","workspacePurpose":"conversation"}],"lastActiveTabIndex":0,"pendingPostUpdateReleaseNotes":{"version":"3.9.1","title":"Release v3.9.1","markdown":"## 新功能\n\n- 优化模型配置选项页面\n- 默认展示思考过程及实时耗时\n\n## 问题修复\n\n- 修复截图和网页工具图片在部分网关中无法显示的问题\n- 修复单冒号文件引用无法识别的问题","releaseDate":"2026-08-23T02:22:17.074Z","releaseNotesByLocale":{"zh-CN":{"title":"Release v3.9.1","markdown":"## 新功能\n\n- 优化模型配置选项页面\n- 默认展示思考过程及实时耗时\n\n## 问题修复\n\n- 修复截图和网页工具图片在部分网关中无法显示的问题\n- 修复单冒号文件引用无法识别的问题"},"en-US":{"title":"Release v3.9.1","markdown":"## New Features\n\n- Optimize the model configuration options page\n- By default, the thinking process and real-time time consumption are displayed\n\n## Issue Fix\n\n- Fixed the issue where screenshots and web tool images could not be displayed in some gateways\n- Fixed the issue where single-colon file references could not be recognized"}}},"receivePreviewUpdates":false,"autoDownloadAndInstallUpdates":true,"skippedElectronUpdateVersions":{},"settingsSyncFirstRunPromptHandled":true}
[2026-08-23 19:41:44.316] [info] [pid:4468] [main] [host-log] (local-1) [host] [2026-08-23 19:41:44.315] [pid:33160] [settingService] write done
[2026-08-23 19:41:44.316] [info] [pid:4468] [main] [host-log] (local-1) [host] [2026-08-23 19:41:44.315] [pid:33160] [zcode-host] [rpc:call] setting.update OK (5.0ms)
[2026-08-23 19:41:51.078] [info] [pid:4468] [main] [host-log] (local-1) [host] [2026-08-23 19:41:51.078] [pid:33160] [settingService] writing settings to: C:\Users\llh04\.zcode\v2\setting.json {"recentProjects":["C:\\Users\\llh04\\Desktop\\小说","D:\\公考","D:\\公考\\图形推理详解"],"locale":"zh-CN","localePreference":"zh-CN","terminalInheritSystemProfile":true,"embeddedBrowserAllowInsecureCertificates":false,"taskAutoArchiveEnabled":false,"taskAutoArchiveOlderThanDays":7,"closeToTrayOnWindows":true,"closeToTrayOnWindowsMigrationInitialized":true,"keepAwakeWhileRunning":false,"desktopWindowSize":{"width":1200,"height":800,"maximized":true},"desktopChromiumHardwareAccelerationEnabled":true,"messageStreamShowReasoning":false,"messageStreamShowTodos":false,"toolGroupingExploreEnabled":true,"toolGroupingTerminalEnabled":true,"toolGroupingChangesEnabled":false,"zcodeInteractionBehavior":"queue","askUserQuestionAutoResolutionEnabled":true,"modelIoFullRetentionEnabled":false,"optimizeAgentExperienceEnabled":false,"optimizeAgentExperienceMigrationInitialized":true,"enabledBuiltinAgentCliProviders":["glm"],"modelProviderFamilyModes":{"zai":"oauth"},"modelProviderFamilySelectedKeys":{"zai":"coding-plan:builtin:zai-start-plan"},"providerFamilyDomain":"zai","providerFamilyDomainUpdatedAt":1787116588334,"providerFamilyDomainMigrated":true,"repoSnapshotIndexingEnabled":false,"instantGrepIndexingEnabled":false,"nativeSearchEnhancementsEnabled":true,"memoryEnabled":false,"lastWorkspaceSession":[{"kind":"local","workspacePath":"C:\\Users\\llh04\\Desktop\\小说","workspacePurpose":"project"},{"kind":"local","workspacePath":"D:\\公考","workspacePurpose":"project"},{"kind":"local","workspacePath":"C:\\Users\\llh04\\.zcode\\workspace\\default","workspacePurpose":"conversation"}],"lastActiveTabIndex":0,"pendingPostUpdateReleaseNotes":{"version":"3.9.1","title":"Release v3.9.1","markdown":"## 新功能\n\n- 优化模型配置选项页面\n- 默认展示思考过程及实时耗时\n\n## 问题修复\n\n- 修复截图和网页工具图片在部分网关中无法显示的问题\n- 修复单冒号文件引用无法识别的问题","releaseDate":"2026-08-23T02:22:17.074Z","releaseNotesByLocale":{"zh-CN":{"title":"Release v3.9.1","markdown":"## 新功能\n\n- 优化模型配置选项页面\n- 默认展示思考过程及实时耗时\n\n## 问题修复\n\n- 修复截图和网页工具图片在部分网关中无法显示的问题\n- 修复单冒号文件引用无法识别的问题"},"en-US":{"title":"Release v3.9.1","markdown":"## New Features\n\n- Optimize the model configuration options page\n- By default, the thinking process and real-time time consumption are displayed\n\n## Issue Fix\n\n- Fixed the issue where screenshots and web tool images could not be displayed in some gateways\n- Fixed the issue where single-colon file references could not be recognized"}}},"receivePreviewUpdates":false,"autoDownloadAndInstallUpdates":true,"skippedElectronUpdateVersions":{},"settingsSyncFirstRunPromptHandled":true}
[2026-08-23 19:41:51.086] [info] [pid:4468] [main] [host-log] (local-1) [host] [2026-08-23 19:41:51.085] [pid:33160] [settingService] write done
[2026-08-23 19:41:51.087] [info] [pid:4468] [main] [host-log] (local-1) [host] [2026-08-23 19:41:51.085] [pid:33160] [zcode-host] [rpc:call] setting.update OK (9.1ms)
[2026-08-23 19:41:54.473] [info] [pid:4468] [main] [host-log] (local-1) [host] [2026-08-23 19:41:54.472] [pid:33160] [zcode-host] [rpc:call] off-peak-task.list OK (0.1ms)
[2026-08-23 19:42:24.628] [info] [pid:4468] [main] [host-log] (local-1) [host] [2026-08-23 19:42:24.627] [pid:33160] [zcode-host] [rpc:call] off-peak-task.list OK (0.2ms)
[2026-08-23 19:42:54.596] [info] [pid:4468] [main] [host-log] (local-1) [host] [2026-08-23 19:42:54.595] [pid:33160] [zcode-host] [rpc:call] off-peak-task.list OK (0.2ms)
[2026-08-23 19:43:34.619] [info] [pid:4468] [main] [host-log] (local-1) [host] [2026-08-23 19:43:34.618] [pid:33160] [zcode-host] [rpc:call] off-peak-task.list OK (0.2ms)
[2026-08-23 19:44:34.599] [info] [pid:4468] [main] [host-log] (local-1) [host] [2026-08-23 19:44:34.598] [pid:33160] [zcode-host] [rpc:call] off-peak-task.list OK (0.2ms)
[2026-08-23 19:44:59.519] [info] [pid:4468] [main] [resource] perf_resource window flushed
[2026-08-23 19:44:59.520] [info] [pid:4468] [main] [network] perf_network flushed interfaces=2
[2026-08-23 19:45:34.609] [info] [pid:4468] [main] [host-log] (local-1) [host] [2026-08-23 19:45:34.607] [pid:33160] [zcode-host] [rpc:call] off-peak-task.list OK (0.2ms)
[2026-08-23 19:46:34.609] [info] [pid:4468] [main] [host-log] (local-1) [host] [2026-08-23 19:46:34.609] [pid:33160] [zcode-host] [rpc:call] off-peak-task.list OK (0.2ms)
[2026-08-23 19:47:34.597] [info] [pid:4468] [main] [host-log] (local-1) [host] [2026-08-23 19:47:34.597] [pid:33160] [zcode-host] [rpc:call] off-peak-task.list OK (0.2ms)
[2026-08-23 19:48:34.607] [info] [pid:4468] [main] [host-log] (local-1) [host] [2026-08-23 19:48:34.607] [pid:33160] [zcode-host] [rpc:call] off-peak-task.list OK (0.2ms)
[2026-08-23 19:49:16.805] [info] [pid:4468] [main] [host-log] (local-1) [host] [2026-08-23 19:49:16.804] [pid:33160] [zcode-host] [rpc:call] off-peak-task.list OK (0.3ms)
[2026-08-23 19:49:17.039] [info] [pid:4468] [main] [host-log] (local-1) [host] [2026-08-23 19:49:17.038] [pid:33160] [settingService] writing settings to: C:\Users\llh04\.zcode\v2\setting.json {"recentProjects":["C:\\Users\\llh04\\Desktop\\小说","D:\\公考","D:\\公考\\图形推理详解"],"locale":"zh-CN","localePreference":"zh-CN","terminalInheritSystemProfile":true,"embeddedBrowserAllowInsecureCertificates":false,"taskAutoArchiveEnabled":false,"taskAutoArchiveOlderThanDays":7,"closeToTrayOnWindows":true,"closeToTrayOnWindowsMigrationInitialized":true,"keepAwakeWhileRunning":false,"desktopWindowSize":{"width":1200,"height":800,"maximized":true},"desktopChromiumHardwareAccelerationEnabled":true,"messageStreamShowReasoning":false,"messageStreamShowTodos":false,"toolGroupingExploreEnabled":true,"toolGroupingTerminalEnabled":true,"toolGroupingChangesEnabled":false,"zcodeInteractionBehavior":"queue","askUserQuestionAutoResolutionEnabled":true,"modelIoFullRetentionEnabled":false,"optimizeAgentExperienceEnabled":false,"optimizeAgentExperienceMigrationInitialized":true,"enabledBuiltinAgentCliProviders":["glm"],"modelProviderFamilyModes":{"zai":"oauth"},"modelProviderFamilySelectedKeys":{"zai":"coding-plan:builtin:zai-start-plan"},"providerFamilyDomain":"zai","providerFamilyDomainUpdatedAt":1787116588334,"providerFamilyDomainMigrated":true,"repoSnapshotIndexingEnabled":false,"instantGrepIndexingEnabled":false,"nativeSearchEnhancementsEnabled":true,"memoryEnabled":false,"lastWorkspaceSession":[{"kind":"local","workspacePath":"C:\\Users\\llh04\\Desktop\\小说","workspacePurpose":"project"},{"kind":"local","workspacePath":"D:\\公考","workspacePurpose":"project"},{"kind":"local","workspacePath":"C:\\Users\\llh04\\.zcode\\workspace\\default","workspacePurpose":"conversation"}],"lastActiveTabIndex":0,"pendingPostUpdateReleaseNotes":{"version":"3.9.1","title":"Release v3.9.1","markdown":"## 新功能\n\n- 优化模型配置选项页面\n- 默认展示思考过程及实时耗时\n\n## 问题修复\n\n- 修复截图和网页工具图片在部分网关中无法显示的问题\n- 修复单冒号文件引用无法识别的问题","releaseDate":"2026-08-23T02:22:17.074Z","releaseNotesByLocale":{"zh-CN":{"title":"Release v3.9.1","markdown":"## 新功能\n\n- 优化模型配置选项页面\n- 默认展示思考过程及实时耗时\n\n## 问题修复\n\n- 修复截图和网页工具图片在部分网关中无法显示的问题\n- 修复单冒号文件引用无法识别的问题"},"en-US":{"title":"Release v3.9.1","markdown":"## New Features\n\n- Optimize the model configuration options page\n- By default, the thinking process and real-time time consumption are displayed\n\n## Issue Fix\n\n- Fixed the issue where screenshots and web tool images could not be displayed in some gateways\n- Fixed the issue where single-colon file references could not be recognized"}}},"receivePreviewUpdates":false,"autoDownloadAndInstallUpdates":true,"skippedElectronUpdateVersions":{},"settingsSyncFirstRunPromptHandled":true}
[2026-08-23 19:49:17.043] [info] [pid:4468] [main] [host-log] (local-1) [host] [2026-08-23 19:49:17.042] [pid:33160] [settingService] write done
[2026-08-23 19:49:17.043] [info] [pid:4468] [main] [host-log] (local-1) [host] [2026-08-23 19:49:17.042] [pid:33160] [zcode-host] [rpc:call] setting.update OK (4.7ms)
[2026-08-23 19:49:24.593] [info] [pid:4468] [main] [host-log] (local-1) [host] [2026-08-23 19:49:24.592] [pid:33160] [zcode-host] [rpc:call] off-peak-task.list OK (0.2ms)
[2026-08-23 19:49:54.601] [info] [pid:4468] [main] [host-log] (local-1) [host] [2026-08-23 19:49:54.600] [pid:33160] [zcode-host] [rpc:call] off-peak-task.list OK (0.1ms)
[2026-08-23 19:49:59.525] [info] [pid:4468] [main] [resource] perf_resource window flushed
[2026-08-23 19:49:59.533] [info] [pid:4468] [main] [network] perf_network flushed interfaces=2
[2026-08-23 19:50:34.596] [info] [pid:4468] [main] [host-log] (local-1) [host] [2026-08-23 19:50:34.595] [pid:33160] [zcode-host] [rpc:call] off-peak-task.list OK (0.2ms)
[2026-08-23 19:51:34.609] [info] [pid:4468] [main] [host-log] (local-1) [host] [2026-08-23 19:51:34.608] [pid:33160] [zcode-host] [rpc:call] off-peak-task.list OK (0.2ms)
[2026-08-23 19:52:34.613] [info] [pid:4468] [main] [host-log] (local-1) [host] [2026-08-23 19:52:34.612] [pid:33160] [zcode-host] [rpc:call] off-peak-task.list OK (0.2ms)
[2026-08-23 19:53:34.612] [info] [pid:4468] [main] [host-log] (local-1) [host] [2026-08-23 19:53:34.611] [pid:33160] [zcode-host] [rpc:call] off-peak-task.list OK (0.3ms)
[2026-08-23 19:54:34.595] [info] [pid:4468] [main] [host-log] (local-1) [host] [2026-08-23 19:54:34.595] [pid:33160] [zcode-host] [rpc:call] off-peak-task.list OK (0.2ms)
[2026-08-23 19:54:59.544] [info] [pid:4468] [main] [resource] perf_resource window flushed
[2026-08-23 19:54:59.545] [info] [pid:4468] [main] [network] perf_network flushed interfaces=1
[2026-08-23 19:55:34.616] [info] [pid:4468] [main] [host-log] (local-1) [host] [2026-08-23 19:55:34.615] [pid:33160] [zcode-host] [rpc:call] off-peak-task.list OK (0.2ms)
[2026-08-23 19:56:34.617] [info] [pid:4468] [main] [host-log] (local-1) [host] [2026-08-23 19:56:34.617] [pid:33160] [zcode-host] [rpc:call] off-peak-task.list OK (0.2ms)
[2026-08-23 19:57:34.609] [info] [pid:4468] [main] [host-log] (local-1) [host] [2026-08-23 19:57:34.609] [pid:33160] [zcode-host] [rpc:call] off-peak-task.list OK (0.2ms)
[2026-08-23 19:58:34.612] [info] [pid:4468] [main] [host-log] (local-1) [host] [2026-08-23 19:58:34.611] [pid:33160] [zcode-host] [rpc:call] off-peak-task.list OK (0.1ms)
[2026-08-23 19:59:34.610] [info] [pid:4468] [main] [host-log] (local-1) [host] [2026-08-23 19:59:34.610] [pid:33160] [zcode-host] [rpc:call] off-peak-task.list OK (0.2ms)
[2026-08-23 19:59:59.545] [info] [pid:4468] [main] [resource] perf_resource window flushed
[2026-08-23 19:59:59.561] [info] [pid:4468] [main] [network] perf_network flushed interfaces=1
[2026-08-23 20:00:34.619] [info] [pid:4468] [main] [host-log] (local-1) [host] [2026-08-23 20:00:34.618] [pid:33160] [zcode-host] [rpc:call] off-peak-task.list OK (0.2ms)
[2026-08-23 20:01:34.605] [info] [pid:4468] [main] [host-log] (local-1) [host] [2026-08-23 20:01:34.601] [pid:33160] [zcode-host] [rpc:call] off-peak-task.list OK (0.2ms)
[2026-08-23 20:02:34.604] [info] [pid:4468] [main] [host-log] (local-1) [host] [2026-08-23 20:02:34.604] [pid:33160] [zcode-host] [rpc:call] off-peak-task.list OK (0.2ms)
[2026-08-23 20:03:02.250] [info] [pid:4468] [main] [host-log] (local-1) [host] [2026-08-23 20:03:02.248] [pid:33160] [zcode-host] [rpc:call] off-peak-task.list OK (0.2ms)
[2026-08-23 20:03:02.538] [info] [pid:4468] [main] [host-log] (local-1) [host] [2026-08-23 20:03:02.538] [pid:33160] [settingService] writing settings to: C:\Users\llh04\.zcode\v2\setting.json {"recentProjects":["C:\\Users\\llh04\\Desktop\\小说","D:\\公考","D:\\公考\\图形推理详解"],"locale":"zh-CN","localePreference":"zh-CN","terminalInheritSystemProfile":true,"embeddedBrowserAllowInsecureCertificates":false,"taskAutoArchiveEnabled":false,"taskAutoArchiveOlderThanDays":7,"closeToTrayOnWindows":true,"closeToTrayOnWindowsMigrationInitialized":true,"keepAwakeWhileRunning":false,"desktopWindowSize":{"width":1200,"height":800,"maximized":true},"desktopChromiumHardwareAccelerationEnabled":true,"messageStreamShowReasoning":false,"messageStreamShowTodos":false,"toolGroupingExploreEnabled":true,"toolGroupingTerminalEnabled":true,"toolGroupingChangesEnabled":false,"zcodeInteractionBehavior":"queue","askUserQuestionAutoResolutionEnabled":true,"modelIoFullRetentionEnabled":false,"optimizeAgentExperienceEnabled":false,"optimizeAgentExperienceMigrationInitialized":true,"enabledBuiltinAgentCliProviders":["glm"],"modelProviderFamilyModes":{"zai":"oauth"},"modelProviderFamilySelectedKeys":{"zai":"coding-plan:builtin:zai-start-plan"},"providerFamilyDomain":"zai","providerFamilyDomainUpdatedAt":1787116588334,"providerFamilyDomainMigrated":true,"repoSnapshotIndexingEnabled":false,"instantGrepIndexingEnabled":false,"nativeSearchEnhancementsEnabled":true,"memoryEnabled":false,"lastWorkspaceSession":[{"kind":"local","workspacePath":"C:\\Users\\llh04\\Desktop\\小说","workspacePurpose":"project"},{"kind":"local","workspacePath":"D:\\公考","workspacePurpose":"project"},{"kind":"local","workspacePath":"C:\\Users\\llh04\\.zcode\\workspace\\default","workspacePurpose":"conversation"}],"lastActiveTabIndex":0,"pendingPostUpdateReleaseNotes":{"version":"3.9.1","title":"Release v3.9.1","markdown":"## 新功能\n\n- 优化模型配置选项页面\n- 默认展示思考过程及实时耗时\n\n## 问题修复\n\n- 修复截图和网页工具图片在部分网关中无法显示的问题\n- 修复单冒号文件引用无法识别的问题","releaseDate":"2026-08-23T02:22:17.074Z","releaseNotesByLocale":{"zh-CN":{"title":"Release v3.9.1","markdown":"## 新功能\n\n- 优化模型配置选项页面\n- 默认展示思考过程及实时耗时\n\n## 问题修复\n\n- 修复截图和网页工具图片在部分网关中无法显示的问题\n- 修复单冒号文件引用无法识别的问题"},"en-US":{"title":"Release v3.9.1","markdown":"## New Features\n\n- Optimize the model configuration options page\n- By default, the thinking process and real-time time consumption are displayed\n\n## Issue Fix\n\n- Fixed the issue where screenshots and web tool images could not be displayed in some gateways\n- Fixed the issue where single-colon file references could not be recognized"}}},"receivePreviewUpdates":false,"autoDownloadAndInstallUpdates":true,"skippedElectronUpdateVersions":{},"settingsSyncFirstRunPromptHandled":true}
[2026-08-23 20:03:02.543] [info] [pid:4468] [main] [host-log] (local-1) [host] [2026-08-23 20:03:02.542] [pid:33160] [settingService] write done
[2026-08-23 20:03:02.544] [info] [pid:4468] [main] [host-log] (local-1) [host] [2026-08-23 20:03:02.542] [pid:33160] [zcode-host] [rpc:call] setting.update OK (5.7ms)
[2026-08-23 20:03:09.702] [info] [pid:4468] [main] [host-log] (local-1) [host] [2026-08-23 20:03:09.702] [pid:33160] [settingService] writing settings to: C:\Users\llh04\.zcode\v2\setting.json {"recentProjects":["C:\\Users\\llh04\\Desktop\\小说","D:\\公考","D:\\公考\\图形推理详解"],"locale":"zh-CN","localePreference":"zh-CN","terminalInheritSystemProfile":true,"embeddedBrowserAllowInsecureCertificates":false,"taskAutoArchiveEnabled":false,"taskAutoArchiveOlderThanDays":7,"closeToTrayOnWindows":true,"closeToTrayOnWindowsMigrationInitialized":true,"keepAwakeWhileRunning":false,"desktopWindowSize":{"width":1200,"height":800,"maximized":true},"desktopChromiumHardwareAccelerationEnabled":true,"messageStreamShowReasoning":false,"messageStreamShowTodos":false,"toolGroupingExploreEnabled":true,"toolGroupingTerminalEnabled":true,"toolGroupingChangesEnabled":false,"zcodeInteractionBehavior":"queue","askUserQuestionAutoResolutionEnabled":true,"modelIoFullRetentionEnabled":false,"optimizeAgentExperienceEnabled":false,"optimizeAgentExperienceMigrationInitialized":true,"enabledBuiltinAgentCliProviders":["glm"],"modelProviderFamilyModes":{"zai":"oauth"},"modelProviderFamilySelectedKeys":{"zai":"coding-plan:builtin:zai-start-plan"},"providerFamilyDomain":"zai","providerFamilyDomainUpdatedAt":1787116588334,"providerFamilyDomainMigrated":true,"repoSnapshotIndexingEnabled":false,"instantGrepIndexingEnabled":false,"nativeSearchEnhancementsEnabled":true,"memoryEnabled":false,"lastWorkspaceSession":[{"kind":"local","workspacePath":"C:\\Users\\llh04\\Desktop\\小说","workspacePurpose":"project"},{"kind":"local","workspacePath":"D:\\公考","workspacePurpose":"project"},{"kind":"local","workspacePath":"C:\\Users\\llh04\\.zcode\\workspace\\default","workspacePurpose":"conversation"}],"lastActiveTabIndex":0,"pendingPostUpdateReleaseNotes":{"version":"3.9.1","title":"Release v3.9.1","markdown":"## 新功能\n\n- 优化模型配置选项页面\n- 默认展示思考过程及实时耗时\n\n## 问题修复\n\n- 修复截图和网页工具图片在部分网关中无法显示的问题\n- 修复单冒号文件引用无法识别的问题","releaseDate":"2026-08-23T02:22:17.074Z","releaseNotesByLocale":{"zh-CN":{"title":"Release v3.9.1","markdown":"## 新功能\n\n- 优化模型配置选项页面\n- 默认展示思考过程及实时耗时\n\n## 问题修复\n\n- 修复截图和网页工具图片在部分网关中无法显示的问题\n- 修复单冒号文件引用无法识别的问题"},"en-US":{"title":"Release v3.9.1","markdown":"## New Features\n\n- Optimize the model configuration options page\n- By default, the thinking process and real-time time consumption are displayed\n\n## Issue Fix\n\n- Fixed the issue where screenshots and web tool images could not be displayed in some gateways\n- Fixed the issue where single-colon file references could not be recognized"}}},"receivePreviewUpdates":false,"autoDownloadAndInstallUpdates":true,"skippedElectronUpdateVersions":{},"settingsSyncFirstRunPromptHandled":true}
[2026-08-23 20:03:09.707] [info] [pid:4468] [main] [host-log] (local-1) [host] [2026-08-23 20:03:09.706] [pid:33160] [settingService] write done
[2026-08-23 20:03:09.708] [info] [pid:4468] [main] [host-log] (local-1) [host] [2026-08-23 20:03:09.706] [pid:33160] [zcode-host] [rpc:call] setting.update OK (5.5ms)
[2026-08-23 20:03:22.479] [info] [pid:4468] [main] [host-log] (local-1) [host] [2026-08-23 20:03:22.478] [pid:33160] [settingService] writing settings to: C:\Users\llh04\.zcode\v2\setting.json {"recentProjects":["C:\\Users\\llh04\\Desktop\\小说","D:\\公考","D:\\公考\\图形推理详解"],"locale":"zh-CN","localePreference":"zh-CN","terminalInheritSystemProfile":true,"embeddedBrowserAllowInsecureCertificates":false,"taskAutoArchiveEnabled":false,"taskAutoArchiveOlderThanDays":7,"closeToTrayOnWindows":true,"closeToTrayOnWindowsMigrationInitialized":true,"keepAwakeWhileRunning":false,"desktopWindowSize":{"width":1200,"height":800,"maximized":true},"desktopChromiumHardwareAccelerationEnabled":true,"messageStreamShowReasoning":false,"messageStreamShowTodos":false,"toolGroupingExploreEnabled":true,"toolGroupingTerminalEnabled":true,"toolGroupingChangesEnabled":false,"zcodeInteractionBehavior":"queue","askUserQuestionAutoResolutionEnabled":true,"modelIoFullRetentionEnabled":false,"optimizeAgentExperienceEnabled":false,"optimizeAgentExperienceMigrationInitialized":true,"enabledBuiltinAgentCliProviders":["glm"],"modelProviderFamilyModes":{"zai":"oauth"},"modelProviderFamilySelectedKeys":{"zai":"coding-plan:builtin:zai-start-plan"},"providerFamilyDomain":"zai","providerFamilyDomainUpdatedAt":1787116588334,"providerFamilyDomainMigrated":true,"repoSnapshotIndexingEnabled":false,"instantGrepIndexingEnabled":false,"nativeSearchEnhancementsEnabled":true,"memoryEnabled":false,"lastWorkspaceSession":[{"kind":"local","workspacePath":"C:\\Users\\llh04\\Desktop\\小说","workspacePurpose":"project"},{"kind":"local","workspacePath":"D:\\公考","workspacePurpose":"project"},{"kind":"local","workspacePath":"C:\\Users\\llh04\\.zcode\\workspace\\default","workspacePurpose":"conversation"}],"lastActiveTabIndex":0,"pendingPostUpdateReleaseNotes":{"version":"3.9.1","title":"Release v3.9.1","markdown":"## 新功能\n\n- 优化模型配置选项页面\n- 默认展示思考过程及实时耗时\n\n## 问题修复\n\n- 修复截图和网页工具图片在部分网关中无法显示的问题\n- 修复单冒号文件引用无法识别的问题","releaseDate":"2026-08-23T02:22:17.074Z","releaseNotesByLocale":{"zh-CN":{"title":"Release v3.9.1","markdown":"## 新功能\n\n- 优化模型配置选项页面\n- 默认展示思考过程及实时耗时\n\n## 问题修复\n\n- 修复截图和网页工具图片在部分网关中无法显示的问题\n- 修复单冒号文件引用无法识别的问题"},"en-US":{"title":"Release v3.9.1","markdown":"## New Features\n\n- Optimize the model configuration options page\n- By default, the thinking process and real-time time consumption are displayed\n\n## Issue Fix\n\n- Fixed the issue where screenshots and web tool images could not be displayed in some gateways\n- Fixed the issue where single-colon file references could not be recognized"}}},"receivePreviewUpdates":false,"autoDownloadAndInstallUpdates":true,"skippedElectronUpdateVersions":{},"settingsSyncFirstRunPromptHandled":true}
[2026-08-23 20:03:22.482] [info] [pid:4468] [main] [host-log] (local-1) [host] [2026-08-23 20:03:22.481] [pid:33160] [settingService] write done
[2026-08-23 20:03:22.482] [info] [pid:4468] [main] [host-log] (local-1) [host] [2026-08-23 20:03:22.481] [pid:33160] [zcode-host] [rpc:call] setting.update OK (4.4ms)
[2026-08-23 20:03:24.463] [info] [pid:4468] [main] [host-log] (local-1) [host] [2026-08-23 20:03:24.463] [pid:33160] [zcode-host] [rpc:call] off-peak-task.list OK (0.2ms)
[2026-08-23 20:03:54.607] [info] [pid:4468] [main] [host-log] (local-1) [host] [2026-08-23 20:03:54.606] [pid:33160] [zcode-host] [rpc:call] off-peak-task.list OK (0.1ms)
[2026-08-23 20:04:24.985] [info] [pid:4468] [main] [host-log] (local-1) [host] [2026-08-23 20:04:24.985] [pid:33160] [zcode-host] [rpc:call] off-peak-task.list OK (0.1ms)
[2026-08-23 20:04:55.207] [info] [pid:4468] [main] [host-log] (local-1) [host] [2026-08-23 20:04:55.206] [pid:33160] [zcode-host] [rpc:call] off-peak-task.list OK (0.2ms)
[2026-08-23 20:04:55.482] [info] [pid:4468] [main] [host-log] (local-1) [host] [2026-08-23 20:04:55.483] [pid:33160] [settingService] writing settings to: C:\Users\llh04\.zcode\v2\setting.json {"recentProjects":["C:\\Users\\llh04\\Desktop\\小说","D:\\公考","D:\\公考\\图形推理详解"],"locale":"zh-CN","localePreference":"zh-CN","terminalInheritSystemProfile":true,"embeddedBrowserAllowInsecureCertificates":false,"taskAutoArchiveEnabled":false,"taskAutoArchiveOlderThanDays":7,"closeToTrayOnWindows":true,"closeToTrayOnWindowsMigrationInitialized":true,"keepAwakeWhileRunning":false,"desktopWindowSize":{"width":1200,"height":800,"maximized":true},"desktopChromiumHardwareAccelerationEnabled":true,"messageStreamShowReasoning":false,"messageStreamShowTodos":false,"toolGroupingExploreEnabled":true,"toolGroupingTerminalEnabled":true,"toolGroupingChangesEnabled":false,"zcodeInteractionBehavior":"queue","askUserQuestionAutoResolutionEnabled":true,"modelIoFullRetentionEnabled":false,"optimizeAgentExperienceEnabled":false,"optimizeAgentExperienceMigrationInitialized":true,"enabledBuiltinAgentCliProviders":["glm"],"modelProviderFamilyModes":{"zai":"oauth"},"modelProviderFamilySelectedKeys":{"zai":"coding-plan:builtin:zai-start-plan"},"providerFamilyDomain":"zai","providerFamilyDomainUpdatedAt":1787116588334,"providerFamilyDomainMigrated":true,"repoSnapshotIndexingEnabled":false,"instantGrepIndexingEnabled":false,"nativeSearchEnhancementsEnabled":true,"memoryEnabled":false,"lastWorkspaceSession":[{"kind":"local","workspacePath":"C:\\Users\\llh04\\Desktop\\小说","workspacePurpose":"project"},{"kind":"local","workspacePath":"D:\\公考","workspacePurpose":"project"},{"kind":"local","workspacePath":"C:\\Users\\llh04\\.zcode\\workspace\\default","workspacePurpose":"conversation"}],"lastActiveTabIndex":0,"pendingPostUpdateReleaseNotes":{"version":"3.9.1","title":"Release v3.9.1","markdown":"## 新功能\n\n- 优化模型配置选项页面\n- 默认展示思考过程及实时耗时\n\n## 问题修复\n\n- 修复截图和网页工具图片在部分网关中无法显示的问题\n- 修复单冒号文件引用无法识别的问题","releaseDate":"2026-08-23T02:22:17.074Z","releaseNotesByLocale":{"zh-CN":{"title":"Release v3.9.1","markdown":"## 新功能\n\n- 优化模型配置选项页面\n- 默认展示思考过程及实时耗时\n\n## 问题修复\n\n- 修复截图和网页工具图片在部分网关中无法显示的问题\n- 修复单冒号文件引用无法识别的问题"},"en-US":{"title":"Release v3.9.1","markdown":"## New Features\n\n- Optimize the model configuration options page\n- By default, the thinking process and real-time time consumption are displayed\n\n## Issue Fix\n\n- Fixed the issue where screenshots and web tool images could not be displayed in some gateways\n- Fixed the issue where single-colon file references could not be recognized"}}},"receivePreviewUpdates":false,"autoDownloadAndInstallUpdates":true,"skippedElectronUpdateVersions":{},"settingsSyncFirstRunPromptHandled":true}
[2026-08-23 20:04:55.486] [info] [pid:4468] [main] [host-log] (local-1) [host] [2026-08-23 20:04:55.487] [pid:33160] [settingService] write done
[2026-08-23 20:04:55.487] [info] [pid:4468] [main] [host-log] (local-1) [host] [2026-08-23 20:04:55.487] [pid:33160] [zcode-host] [rpc:call] setting.update OK (4.6ms)
[2026-08-23 20:04:59.553] [info] [pid:4468] [main] [resource] perf_resource window flushed
[2026-08-23 20:04:59.575] [info] [pid:4468] [main] [network] perf_network flushed interfaces=2
[2026-08-23 20:05:01.934] [info] [pid:4468] [main] [host-log] (local-1) [host] [2026-08-23 20:05:01.931] [pid:33160] [settingService] writing settings to: C:\Users\llh04\.zcode\v2\setting.json {"recentProjects":["C:\\Users\\llh04\\Desktop\\小说","D:\\公考","D:\\公考\\图形推理详解"],"locale":"zh-CN","localePreference":"zh-CN","terminalInheritSystemProfile":true,"embeddedBrowserAllowInsecureCertificates":false,"taskAutoArchiveEnabled":false,"taskAutoArchiveOlderThanDays":7,"closeToTrayOnWindows":true,"closeToTrayOnWindowsMigrationInitialized":true,"keepAwakeWhileRunning":false,"desktopWindowSize":{"width":1200,"height":800,"maximized":true},"desktopChromiumHardwareAccelerationEnabled":true,"messageStreamShowReasoning":false,"messageStreamShowTodos":false,"toolGroupingExploreEnabled":true,"toolGroupingTerminalEnabled":true,"toolGroupingChangesEnabled":false,"zcodeInteractionBehavior":"queue","askUserQuestionAutoResolutionEnabled":true,"modelIoFullRetentionEnabled":false,"optimizeAgentExperienceEnabled":false,"optimizeAgentExperienceMigrationInitialized":true,"enabledBuiltinAgentCliProviders":["glm"],"modelProviderFamilyModes":{"zai":"oauth"},"modelProviderFamilySelectedKeys":{"zai":"coding-plan:builtin:zai-start-plan"},"providerFamilyDomain":"zai","providerFamilyDomainUpdatedAt":1787116588334,"providerFamilyDomainMigrated":true,"repoSnapshotIndexingEnabled":false,"instantGrepIndexingEnabled":false,"nativeSearchEnhancementsEnabled":true,"memoryEnabled":false,"lastWorkspaceSession":[{"kind":"local","workspacePath":"C:\\Users\\llh04\\Desktop\\小说","workspacePurpose":"project"},{"kind":"local","workspacePath":"D:\\公考","workspacePurpose":"project"},{"kind":"local","workspacePath":"C:\\Users\\llh04\\.zcode\\workspace\\default","workspacePurpose":"conversation"}],"lastActiveTabIndex":0,"pendingPostUpdateReleaseNotes":{"version":"3.9.1","title":"Release v3.9.1","markdown":"## 新功能\n\n- 优化模型配置选项页面\n- 默认展示思考过程及实时耗时\n\n## 问题修复\n\n- 修复截图和网页工具图片在部分网关中无法显示的问题\n- 修复单冒号文件引用无法识别的问题","releaseDate":"2026-08-23T02:22:17.074Z","releaseNotesByLocale":{"zh-CN":{"title":"Release v3.9.1","markdown":"## 新功能\n\n- 优化模型配置选项页面\n- 默认展示思考过程及实时耗时\n\n## 问题修复\n\n- 修复截图和网页工具图片在部分网关中无法显示的问题\n- 修复单冒号文件引用无法识别的问题"},"en-US":{"title":"Release v3.9.1","markdown":"## New Features\n\n- Optimize the model configuration options page\n- By default, the thinking process and real-time time consumption are displayed\n\n## Issue Fix\n\n- Fixed the issue where screenshots and web tool images could not be displayed in some gateways\n- Fixed the issue where single-colon file references could not be recognized"}}},"receivePreviewUpdates":false,"autoDownloadAndInstallUpdates":true,"skippedElectronUpdateVersions":{},"settingsSyncFirstRunPromptHandled":true}
[2026-08-23 20:05:01.937] [info] [pid:4468] [main] [host-log] (local-1) [host] [2026-08-23 20:05:01.936] [pid:33160] [settingService] write done
[2026-08-23 20:05:01.938] [info] [pid:4468] [main] [host-log] (local-1) [host] [2026-08-23 20:05:01.936] [pid:33160] [zcode-host] [rpc:call] setting.update OK (5.8ms)
[2026-08-23 20:05:05.162] [info] [pid:4468] [main] [host-log] (local-1) [host] [2026-08-23 20:05:05.161] [pid:33160] [settingService] writing settings to: C:\Users\llh04\.zcode\v2\setting.json {"recentProjects":["C:\\Users\\llh04\\Desktop\\小说","D:\\公考","D:\\公考\\图形推理详解"],"locale":"zh-CN","localePreference":"zh-CN","terminalInheritSystemProfile":true,"embeddedBrowserAllowInsecureCertificates":false,"taskAutoArchiveEnabled":false,"taskAutoArchiveOlderThanDays":7,"closeToTrayOnWindows":true,"closeToTrayOnWindowsMigrationInitialized":true,"keepAwakeWhileRunning":false,"desktopWindowSize":{"width":1200,"height":800,"maximized":true},"desktopChromiumHardwareAccelerationEnabled":true,"messageStreamShowReasoning":false,"messageStreamShowTodos":false,"toolGroupingExploreEnabled":true,"toolGroupingTerminalEnabled":true,"toolGroupingChangesEnabled":false,"zcodeInteractionBehavior":"queue","askUserQuestionAutoResolutionEnabled":true,"modelIoFullRetentionEnabled":false,"optimizeAgentExperienceEnabled":false,"optimizeAgentExperienceMigrationInitialized":true,"enabledBuiltinAgentCliProviders":["glm"],"modelProviderFamilyModes":{"zai":"oauth"},"modelProviderFamilySelectedKeys":{"zai":"coding-plan:builtin:zai-start-plan"},"providerFamilyDomain":"zai","providerFamilyDomainUpdatedAt":1787116588334,"providerFamilyDomainMigrated":true,"repoSnapshotIndexingEnabled":false,"instantGrepIndexingEnabled":false,"nativeSearchEnhancementsEnabled":true,"memoryEnabled":false,"lastWorkspaceSession":[{"kind":"local","workspacePath":"C:\\Users\\llh04\\Desktop\\小说","workspacePurpose":"project"},{"kind":"local","workspacePath":"D:\\公考","workspacePurpose":"project"},{"kind":"local","workspacePath":"C:\\Users\\llh04\\.zcode\\workspace\\default","workspacePurpose":"conversation"}],"lastActiveTabIndex":0,"pendingPostUpdateReleaseNotes":{"version":"3.9.1","title":"Release v3.9.1","markdown":"## 新功能\n\n- 优化模型配置选项页面\n- 默认展示思考过程及实时耗时\n\n## 问题修复\n\n- 修复截图和网页工具图片在部分网关中无法显示的问题\n- 修复单冒号文件引用无法识别的问题","releaseDate":"2026-08-23T02:22:17.074Z","releaseNotesByLocale":{"zh-CN":{"title":"Release v3.9.1","markdown":"## 新功能\n\n- 优化模型配置选项页面\n- 默认展示思考过程及实时耗时\n\n## 问题修复\n\n- 修复截图和网页工具图片在部分网关中无法显示的问题\n- 修复单冒号文件引用无法识别的问题"},"en-US":{"title":"Release v3.9.1","markdown":"## New Features\n\n- Optimize the model configuration options page\n- By default, the thinking process and real-time time consumption are displayed\n\n## Issue Fix\n\n- Fixed the issue where screenshots and web tool images could not be displayed in some gateways\n- Fixed the issue where single-colon file references could not be recognized"}}},"receivePreviewUpdates":false,"autoDownloadAndInstallUpdates":true,"skippedElectronUpdateVersions":{},"settingsSyncFirstRunPromptHandled":true}
[2026-08-23 20:05:05.165] [info] [pid:4468] [main] [host-log] (local-1) [host] [2026-08-23 20:05:05.164] [pid:33160] [settingService] write done
[2026-08-23 20:05:05.165] [info] [pid:4468] [main] [host-log] (local-1) [host] [2026-08-23 20:05:05.164] [pid:33160] [zcode-host] [rpc:call] setting.update OK (3.5ms)
[2026-08-23 20:05:06.622] [info] [pid:4468] [main] [host-log] (local-1) [host] [2026-08-23 20:05:06.614] [pid:33160] [settingService] writing settings to: C:\Users\llh04\.zcode\v2\setting.json {"recentProjects":["C:\\Users\\llh04\\Desktop\\小说","D:\\公考","D:\\公考\\图形推理详解"],"locale":"zh-CN","localePreference":"zh-CN","terminalInheritSystemProfile":true,"embeddedBrowserAllowInsecureCertificates":false,"taskAutoArchiveEnabled":false,"taskAutoArchiveOlderThanDays":7,"closeToTrayOnWindows":true,"closeToTrayOnWindowsMigrationInitialized":true,"keepAwakeWhileRunning":false,"desktopWindowSize":{"width":1200,"height":800,"maximized":true},"desktopChromiumHardwareAccelerationEnabled":true,"messageStreamShowReasoning":false,"messageStreamShowTodos":false,"toolGroupingExploreEnabled":true,"toolGroupingTerminalEnabled":true,"toolGroupingChangesEnabled":false,"zcodeInteractionBehavior":"queue","askUserQuestionAutoResolutionEnabled":true,"modelIoFullRetentionEnabled":false,"optimizeAgentExperienceEnabled":false,"optimizeAgentExperienceMigrationInitialized":true,"enabledBuiltinAgentCliProviders":["glm"],"modelProviderFamilyModes":{"zai":"oauth"},"modelProviderFamilySelectedKeys":{"zai":"coding-plan:builtin:zai-start-plan"},"providerFamilyDomain":"zai","providerFamilyDomainUpdatedAt":1787116588334,"providerFamilyDomainMigrated":true,"repoSnapshotIndexingEnabled":false,"instantGrepIndexingEnabled":false,"nativeSearchEnhancementsEnabled":true,"memoryEnabled":false,"lastWorkspaceSession":[{"kind":"local","workspacePath":"C:\\Users\\llh04\\Desktop\\小说","workspacePurpose":"project"},{"kind":"local","workspacePath":"D:\\公考","workspacePurpose":"project"},{"kind":"local","workspacePath":"C:\\Users\\llh04\\.zcode\\workspace\\default","workspacePurpose":"conversation"}],"lastActiveTabIndex":0,"pendingPostUpdateReleaseNotes":{"version":"3.9.1","title":"Release v3.9.1","markdown":"## 新功能\n\n- 优化模型配置选项页面\n- 默认展示思考过程及实时耗时\n\n## 问题修复\n\n- 修复截图和网页工具图片在部分网关中无法显示的问题\n- 修复单冒号文件引用无法识别的问题","releaseDate":"2026-08-23T02:22:17.074Z","releaseNotesByLocale":{"zh-CN":{"title":"Release v3.9.1","markdown":"## 新功能\n\n- 优化模型配置选项页面\n- 默认展示思考过程及实时耗时\n\n## 问题修复\n\n- 修复截图和网页工具图片在部分网关中无法显示的问题\n- 修复单冒号文件引用无法识别的问题"},"en-US":{"title":"Release v3.9.1","markdown":"## New Features\n\n- Optimize the model configuration options page\n- By default, the thinking process and real-time time consumption are displayed\n\n## Issue Fix\n\n- Fixed the issue where screenshots and web tool images could not be displayed in some gateways\n- Fixed the issue where single-colon file references could not be recognized"}}},"receivePreviewUpdates":false,"autoDownloadAndInstallUpdates":true,"skippedElectronUpdateVersions":{},"settingsSyncFirstRunPromptHandled":true}
[2026-08-23 20:05:06.623] [info] [pid:4468] [main] [host-log] (local-1) [host] [2026-08-23 20:05:06.618] [pid:33160] [settingService] write done
[2026-08-23 20:05:06.623] [info] [pid:4468] [main] [host-log] (local-1) [host] [2026-08-23 20:05:06.618] [pid:33160] [zcode-host] [rpc:call] setting.update OK (5.4ms)
[2026-08-23 20:05:10.808] [info] [pid:4468] [main] [host-log] (local-1) [host] [2026-08-23 20:05:10.807] [pid:33160] [settingService] writing settings to: C:\Users\llh04\.zcode\v2\setting.json {"recentProjects":["C:\\Users\\llh04\\Desktop\\小说","D:\\公考","D:\\公考\\图形推理详解"],"locale":"zh-CN","localePreference":"zh-CN","terminalInheritSystemProfile":true,"embeddedBrowserAllowInsecureCertificates":false,"taskAutoArchiveEnabled":false,"taskAutoArchiveOlderThanDays":7,"closeToTrayOnWindows":true,"closeToTrayOnWindowsMigrationInitialized":true,"keepAwakeWhileRunning":false,"desktopWindowSize":{"width":1200,"height":800,"maximized":true},"desktopChromiumHardwareAccelerationEnabled":true,"messageStreamShowReasoning":false,"messageStreamShowTodos":false,"toolGroupingExploreEnabled":true,"toolGroupingTerminalEnabled":true,"toolGroupingChangesEnabled":false,"zcodeInteractionBehavior":"queue","askUserQuestionAutoResolutionEnabled":true,"modelIoFullRetentionEnabled":false,"optimizeAgentExperienceEnabled":false,"optimizeAgentExperienceMigrationInitialized":true,"enabledBuiltinAgentCliProviders":["glm"],"modelProviderFamilyModes":{"zai":"oauth"},"modelProviderFamilySelectedKeys":{"zai":"coding-plan:builtin:zai-start-plan"},"providerFamilyDomain":"zai","providerFamilyDomainUpdatedAt":1787116588334,"providerFamilyDomainMigrated":true,"repoSnapshotIndexingEnabled":false,"instantGrepIndexingEnabled":false,"nativeSearchEnhancementsEnabled":true,"memoryEnabled":false,"lastWorkspaceSession":[{"kind":"local","workspacePath":"C:\\Users\\llh04\\Desktop\\小说","workspacePurpose":"project"},{"kind":"local","workspacePath":"D:\\公考","workspacePurpose":"project"},{"kind":"local","workspacePath":"C:\\Users\\llh04\\.zcode\\workspace\\default","workspacePurpose":"conversation"}],"lastActiveTabIndex":0,"pendingPostUpdateReleaseNotes":{"version":"3.9.1","title":"Release v3.9.1","markdown":"## 新功能\n\n- 优化模型配置选项页面\n- 默认展示思考过程及实时耗时\n\n## 问题修复\n\n- 修复截图和网页工具图片在部分网关中无法显示的问题\n- 修复单冒号文件引用无法识别的问题","releaseDate":"2026-08-23T02:22:17.074Z","releaseNotesByLocale":{"zh-CN":{"title":"Release v3.9.1","markdown":"## 新功能\n\n- 优化模型配置选项页面\n- 默认展示思考过程及实时耗时\n\n## 问题修复\n\n- 修复截图和网页工具图片在部分网关中无法显示的问题\n- 修复单冒号文件引用无法识别的问题"},"en-US":{"title":"Release v3.9.1","markdown":"## New Features\n\n- Optimize the model configuration options page\n- By default, the thinking process and real-time time consumption are displayed\n\n## Issue Fix\n\n- Fixed the issue where screenshots and web tool images could not be displayed in some gateways\n- Fixed the issue where single-colon file references could not be recognized"}}},"receivePreviewUpdates":false,"autoDownloadAndInstallUpdates":true,"skippedElectronUpdateVersions":{},"settingsSyncFirstRunPromptHandled":true}
[2026-08-23 20:05:10.811] [info] [pid:4468] [main] [host-log] (local-1) [host] [2026-08-23 20:05:10.810] [pid:33160] [settingService] write done
[2026-08-23 20:05:10.812] [info] [pid:4468] [main] [host-log] (local-1) [host] [2026-08-23 20:05:10.810] [pid:33160] [zcode-host] [rpc:call] setting.update OK (4.4ms)
[2026-08-23 20:05:24.466] [info] [pid:4468] [main] [host-log] (local-1) [host] [2026-08-23 20:05:24.465] [pid:33160] [zcode-host] [rpc:call] off-peak-task.list OK (0.1ms)
[2026-08-23 20:05:54.465] [info] [pid:4468] [main] [host-log] (local-1) [host] [2026-08-23 20:05:54.463] [pid:33160] [zcode-host] [rpc:call] off-peak-task.list OK (0.2ms)
[2026-08-23 20:06:24.468] [info] [pid:4468] [main] [host-log] (local-1) [host] [2026-08-23 20:06:24.465] [pid:33160] [zcode-host] [rpc:call] off-peak-task.list OK (0.2ms)
[2026-08-23 20:06:54.478] [info] [pid:4468] [main] [host-log] (local-1) [host] [2026-08-23 20:06:54.476] [pid:33160] [zcode-host] [rpc:call] off-peak-task.list OK (0.2ms)
[2026-08-23 20:07:24.477] [info] [pid:4468] [main] [host-log] (local-1) [host] [2026-08-23 20:07:24.476] [pid:33160] [zcode-host] [rpc:call] off-peak-task.list OK (0.2ms)
[2026-08-23 20:07:40.557] [info] [pid:4468] [main] [host-log] (local-1) [host] [2026-08-23 20:07:40.556] [pid:33160] [zcode-agent-service][trace:bae79b6c-4719-4cb1-938d-b402e5641847] 开始请求 ZCode Protocol session/resume {"hasRuntimeModel":false,"mcpServerCount":0,"mcpServerNames":[],"modelHint":null,"runtimeModel":null,"sessionId":"sess_9ac9f47e-224c-4ada-b806-e8c7d75367a5","workspaceKey":"C:\\Users\\llh04\\Desktop\\小说","workspacePath":"C:\\Users\\llh04\\Desktop\\小说"}
[2026-08-23 20:07:41.015] [info] [pid:4468] [main] [host-log] (local-1) [host] [2026-08-23 20:07:41.014] [pid:33160] [zcode-host] [rpc:call] file.checkFilesExist OK (0.2ms)
[2026-08-23 20:07:41.502] [info] [pid:4468] [main] [host-log] (local-1) [host] [2026-08-23 20:07:41.501] [pid:33160] [zcode-agent-service][trace:bae79b6c-4719-4cb1-938d-b402e5641847] ZCode Protocol session/resume 完成 {"durationMs":946,"hasRuntimeModel":false,"messageCount":242,"modelCurrent":"3a57ef88-16c9-48c9-af35-067641626862/ox-alpha","mcpServerCount":0,"sessionId":"sess_9ac9f47e-224c-4ada-b806-e8c7d75367a5","snapshotTraceId":"bae79b6c-4719-4cb1-938d-b402e5641847","workspaceKey":"C:\\Users\\llh04\\Desktop\\小说","workspacePath":"C:\\Users\\llh04\\Desktop\\小说"}
[2026-08-23 20:07:54.467] [info] [pid:4468] [main] [host-log] (local-1) [host] [2026-08-23 20:07:54.464] [pid:33160] [zcode-host] [rpc:call] off-peak-task.list OK (0.4ms)
[2026-08-23 20:08:24.474] [info] [pid:4468] [main] [host-log] (local-1) [host] [2026-08-23 20:08:24.473] [pid:33160] [zcode-host] [rpc:call] off-peak-task.list OK (0.3ms)
[2026-08-23 20:08:54.470] [info] [pid:4468] [main] [host-log] (local-1) [host] [2026-08-23 20:08:54.466] [pid:33160] [zcode-host] [rpc:call] off-peak-task.list OK (0.3ms)
[2026-08-23 20:09:24.471] [info] [pid:4468] [main] [host-log] (local-1) [host] [2026-08-23 20:09:24.465] [pid:33160] [zcode-host] [rpc:call] off-peak-task.list OK (0.5ms)
[2026-08-23 20:09:54.463] [info] [pid:4468] [main] [host-log] (local-1) [host] [2026-08-23 20:09:54.463] [pid:33160] [zcode-host] [rpc:call] off-peak-task.list OK (0.1ms)
[2026-08-23 20:09:59.566] [info] [pid:4468] [main] [resource] perf_resource window flushed
[2026-08-23 20:09:59.590] [info] [pid:4468] [main] [network] perf_network flushed interfaces=3
[2026-08-23 20:10:24.468] [info] [pid:4468] [main] [host-log] (local-1) [host] [2026-08-23 20:10:24.463] [pid:33160] [zcode-host] [rpc:call] off-peak-task.list OK (0.3ms)
[2026-08-23 20:10:54.465] [info] [pid:4468] [main] [host-log] (local-1) [host] [2026-08-23 20:10:54.464] [pid:33160] [zcode-host] [rpc:call] off-peak-task.list OK (0.2ms)
[2026-08-23 20:11:20.997] [info] [pid:4468] [main] [host-log] (local-1) [host] [2026-08-23 20:11:20.996] [pid:33160] [settingService] writing settings to: C:\Users\llh04\.zcode\v2\setting.json {"recentProjects":["C:\\Users\\llh04\\Desktop\\小说","D:\\公考","D:\\公考\\图形推理详解"],"locale":"zh-CN","localePreference":"zh-CN","terminalInheritSystemProfile":true,"embeddedBrowserAllowInsecureCertificates":false,"taskAutoArchiveEnabled":false,"taskAutoArchiveOlderThanDays":7,"closeToTrayOnWindows":true,"closeToTrayOnWindowsMigrationInitialized":true,"keepAwakeWhileRunning":false,"desktopWindowSize":{"width":1200,"height":800,"maximized":true},"desktopChromiumHardwareAccelerationEnabled":true,"messageStreamShowReasoning":false,"messageStreamShowTodos":false,"toolGroupingExploreEnabled":true,"toolGroupingTerminalEnabled":true,"toolGroupingChangesEnabled":false,"zcodeInteractionBehavior":"queue","askUserQuestionAutoResolutionEnabled":true,"modelIoFullRetentionEnabled":false,"optimizeAgentExperienceEnabled":false,"optimizeAgentExperienceMigrationInitialized":true,"enabledBuiltinAgentCliProviders":["glm"],"modelProviderFamilyModes":{"zai":"oauth"},"modelProviderFamilySelectedKeys":{"zai":"coding-plan:builtin:zai-start-plan"},"providerFamilyDomain":"zai","providerFamilyDomainUpdatedAt":1787116588334,"providerFamilyDomainMigrated":true,"repoSnapshotIndexingEnabled":false,"instantGrepIndexingEnabled":false,"nativeSearchEnhancementsEnabled":true,"memoryEnabled":false,"lastWorkspaceSession":[{"kind":"local","workspacePath":"C:\\Users\\llh04\\Desktop\\小说","workspacePurpose":"project"},{"kind":"local","workspacePath":"D:\\公考","workspacePurpose":"project"},{"kind":"local","workspacePath":"C:\\Users\\llh04\\.zcode\\workspace\\default","workspacePurpose":"conversation"}],"lastActiveTabIndex":0,"pendingPostUpdateReleaseNotes":{"version":"3.9.1","title":"Release v3.9.1","markdown":"## 新功能\n\n- 优化模型配置选项页面\n- 默认展示思考过程及实时耗时\n\n## 问题修复\n\n- 修复截图和网页工具图片在部分网关中无法显示的问题\n- 修复单冒号文件引用无法识别的问题","releaseDate":"2026-08-23T02:22:17.074Z","releaseNotesByLocale":{"zh-CN":{"title":"Release v3.9.1","markdown":"## 新功能\n\n- 优化模型配置选项页面\n- 默认展示思考过程及实时耗时\n\n## 问题修复\n\n- 修复截图和网页工具图片在部分网关中无法显示的问题\n- 修复单冒号文件引用无法识别的问题"},"en-US":{"title":"Release v3.9.1","markdown":"## New Features\n\n- Optimize the model configuration options page\n- By default, the thinking process and real-time time consumption are displayed\n\n## Issue Fix\n\n- Fixed the issue where screenshots and web tool images could not be displayed in some gateways\n- Fixed the issue where single-colon file references could not be recognized"}}},"receivePreviewUpdates":false,"autoDownloadAndInstallUpdates":true,"skippedElectronUpdateVersions":{},"settingsSyncFirstRunPromptHandled":true}
[2026-08-23 20:11:21.000] [info] [pid:4468] [main] [host-log] (local-1) [host] [2026-08-23 20:11:21.000] [pid:33160] [settingService] write done
[2026-08-23 20:11:21.001] [info] [pid:4468] [main] [host-log] (local-1) [host] [2026-08-23 20:11:21.000] [pid:33160] [zcode-host] [rpc:call] setting.update OK (6.6ms)
[2026-08-23 20:11:23.036] [debug] [pid:4468] [main] [browser-use] execute start browserId=iab:11931cb9-6b5c-4f3c-868f-c43796aaf40f sessionId=sess_9ac9f47e-224c-4ada-b806-e8c7d75367a5 method=list
[2026-08-23 20:11:23.037] [debug] [pid:4468] [main] [browser-use] execute requestId=ab70d35a-bcea-4e57-92c4-c1afdee0a2ed browserId=iab:11931cb9-6b5c-4f3c-868f-c43796aaf40f generation=1787463534165 windowId=1 sessionId=sess_9ac9f47e-224c-4ada-b806-e8c7d75367a5 method=list
[2026-08-23 20:11:23.037] [debug] [pid:4468] [main] [browser-use] execute done sessionId=sess_9ac9f47e-224c-4ada-b806-e8c7d75367a5 method=list ok=true elapsedMs=0
[2026-08-23 20:11:23.037] [debug] [pid:4468] [main] [browser-use] execute start browserId=iab:11931cb9-6b5c-4f3c-868f-c43796aaf40f sessionId=sess_9ac9f47e-224c-4ada-b806-e8c7d75367a5 method=listUserTabs
[2026-08-23 20:11:23.038] [debug] [pid:4468] [main] [browser-use] execute requestId=77676c7a-8bb5-4fb3-9b10-3117452a09b6 browserId=iab:11931cb9-6b5c-4f3c-868f-c43796aaf40f generation=1787463534165 windowId=1 sessionId=sess_9ac9f47e-224c-4ada-b806-e8c7d75367a5 method=listUserTabs
[2026-08-23 20:11:23.038] [debug] [pid:4468] [main] [browser-use] execute done sessionId=sess_9ac9f47e-224c-4ada-b806-e8c7d75367a5 method=listUserTabs ok=true elapsedMs=0
[2026-08-23 20:11:23.186] [info] [pid:4468] [main] [host-log] (local-1) [host] [2026-08-23 20:11:23.186] [pid:33160] [zcode-host] [rpc:call] zcode-agent.sendConversationCommandV4 OK (149.8ms)
[2026-08-23 20:11:24.463] [info] [pid:4468] [main] [host-log] (local-1) [host] [2026-08-23 20:11:24.463] [pid:33160] [zcode-host] [rpc:call] off-peak-task.list OK (0.2ms)
[2026-08-23 20:11:25.454] [info] [pid:4468] [main] [host-log] (local-1) [host] [2026-08-23 20:11:25.451] [pid:33160] [zcode-agent-service][trace:bae79b6c-4719-4cb1-938d-b402e5641847] 开始请求 ZCode Protocol session/resume {"hasRuntimeModel":false,"mcpServerCount":0,"mcpServerNames":[],"modelHint":null,"runtimeModel":null,"sessionId":"sess_9ac9f47e-224c-4ada-b806-e8c7d75367a5","workspaceKey":"C:\\Users\\llh04\\Desktop\\小说","workspacePath":"C:\\Users\\llh04\\Desktop\\小说"}
[2026-08-23 20:11:25.725] [info] [pid:4468] [main] [host-log] (local-1) [host] [2026-08-23 20:11:25.724] [pid:33160] [zcode-host] [rpc:call] file.checkFilesExist OK (0.2ms)
[2026-08-23 20:11:26.227] [info] [pid:4468] [main] [host-log] (local-1) [host] [2026-08-23 20:11:26.226] [pid:33160] [zcode-agent-service][trace:bae79b6c-4719-4cb1-938d-b402e5641847] ZCode Protocol session/resume 完成 {"durationMs":776,"hasRuntimeModel":false,"messageCount":244,"modelCurrent":"3a57ef88-16c9-48c9-af35-067641626862/ox-alpha","mcpServerCount":0,"sessionId":"sess_9ac9f47e-224c-4ada-b806-e8c7d75367a5","snapshotTraceId":"bae79b6c-4719-4cb1-938d-b402e5641847","workspaceKey":"C:\\Users\\llh04\\Desktop\\小说","workspacePath":"C:\\Users\\llh04\\Desktop\\小说"}
[2026-08-23 20:11:28.039] [info] [pid:4468] [main] [host-log] (local-1) [host] [2026-08-23 20:11:28.038] [pid:33160] [settingService] writing settings to: C:\Users\llh04\.zcode\v2\setting.json {"recentProjects":["C:\\Users\\llh04\\Desktop\\小说","D:\\公考","D:\\公考\\图形推理详解"],"locale":"zh-CN","localePreference":"zh-CN","terminalInheritSystemProfile":true,"embeddedBrowserAllowInsecureCertificates":false,"taskAutoArchiveEnabled":false,"taskAutoArchiveOlderThanDays":7,"closeToTrayOnWindows":true,"closeToTrayOnWindowsMigrationInitialized":true,"keepAwakeWhileRunning":false,"desktopWindowSize":{"width":1200,"height":800,"maximized":true},"desktopChromiumHardwareAccelerationEnabled":true,"messageStreamShowReasoning":false,"messageStreamShowTodos":false,"toolGroupingExploreEnabled":true,"toolGroupingTerminalEnabled":true,"toolGroupingChangesEnabled":false,"zcodeInteractionBehavior":"queue","askUserQuestionAutoResolutionEnabled":true,"modelIoFullRetentionEnabled":false,"optimizeAgentExperienceEnabled":false,"optimizeAgentExperienceMigrationInitialized":true,"enabledBuiltinAgentCliProviders":["glm"],"modelProviderFamilyModes":{"zai":"oauth"},"modelProviderFamilySelectedKeys":{"zai":"coding-plan:builtin:zai-start-plan"},"providerFamilyDomain":"zai","providerFamilyDomainUpdatedAt":1787116588334,"providerFamilyDomainMigrated":true,"repoSnapshotIndexingEnabled":false,"instantGrepIndexingEnabled":false,"nativeSearchEnhancementsEnabled":true,"memoryEnabled":false,"lastWorkspaceSession":[{"kind":"local","workspacePath":"C:\\Users\\llh04\\Desktop\\小说","workspacePurpose":"project"},{"kind":"local","workspacePath":"D:\\公考","workspacePurpose":"project"},{"kind":"local","workspacePath":"C:\\Users\\llh04\\.zcode\\workspace\\default","workspacePurpose":"conversation"}],"lastActiveTabIndex":0,"pendingPostUpdateReleaseNotes":{"version":"3.9.1","title":"Release v3.9.1","markdown":"## 新功能\n\n- 优化模型配置选项页面\n- 默认展示思考过程及实时耗时\n\n## 问题修复\n\n- 修复截图和网页工具图片在部分网关中无法显示的问题\n- 修复单冒号文件引用无法识别的问题","releaseDate":"2026-08-23T02:22:17.074Z","releaseNotesByLocale":{"zh-CN":{"title":"Release v3.9.1","markdown":"## 新功能\n\n- 优化模型配置选项页面\n- 默认展示思考过程及实时耗时\n\n## 问题修复\n\n- 修复截图和网页工具图片在部分网关中无法显示的问题\n- 修复单冒号文件引用无法识别的问题"},"en-US":{"title":"Release v3.9.1","markdown":"## New Features\n\n- Optimize the model configuration options page\n- By default, the thinking process and real-time time consumption are displayed\n\n## Issue Fix\n\n- Fixed the issue where screenshots and web tool images could not be displayed in some gateways\n- Fixed the issue where single-colon file references could not be recognized"}}},"receivePreviewUpdates":false,"autoDownloadAndInstallUpdates":true,"skippedElectronUpdateVersions":{},"settingsSyncFirstRunPromptHandled":true}
[2026-08-23 20:11:28.046] [info] [pid:4468] [main] [host-log] (local-1) [host] [2026-08-23 20:11:28.042] [pid:33160] [settingService] write done
[2026-08-23 20:11:28.047] [info] [pid:4468] [main] [host-log] (local-1) [host] [2026-08-23 20:11:28.042] [pid:33160] [zcode-host] [rpc:call] setting.update OK (5.0ms)
[2026-08-23 20:11:54.472] [info] [pid:4468] [main] [host-log] (local-1) [host] [2026-08-23 20:11:54.470] [pid:33160] [zcode-host] [rpc:call] off-peak-task.list OK (0.5ms)
[2026-08-23 20:12:24.581] [info] [pid:4468] [main] [host-log] (local-1) [host] [2026-08-23 20:12:24.574] [pid:33160] [zcode-host] [rpc:call] off-peak-task.list OK (0.3ms)
[2026-08-23 20:12:54.580] [info] [pid:4468] [main] [host-log] (local-1) [host] [2026-08-23 20:12:54.579] [pid:33160] [zcode-host] [rpc:call] off-peak-task.list OK (0.2ms)
[2026-08-23 20:13:34.578] [info] [pid:4468] [main] [host-log] (local-1) [host] [2026-08-23 20:13:34.574] [pid:33160] [zcode-host] [rpc:call] off-peak-task.list OK (0.4ms)
[2026-08-23 20:13:43.659] [info] [pid:4468] [main] [host-log] (local-1) [host] [2026-08-23 20:13:43.659] [pid:33160] [settingService] writing settings to: C:\Users\llh04\.zcode\v2\setting.json {"recentProjects":["C:\\Users\\llh04\\Desktop\\小说","D:\\公考","D:\\公考\\图形推理详解"],"locale":"zh-CN","localePreference":"zh-CN","terminalInheritSystemProfile":true,"embeddedBrowserAllowInsecureCertificates":false,"taskAutoArchiveEnabled":false,"taskAutoArchiveOlderThanDays":7,"closeToTrayOnWindows":true,"closeToTrayOnWindowsMigrationInitialized":true,"keepAwakeWhileRunning":false,"desktopWindowSize":{"width":1200,"height":800,"maximized":true},"desktopChromiumHardwareAccelerationEnabled":true,"messageStreamShowReasoning":false,"messageStreamShowTodos":false,"toolGroupingExploreEnabled":true,"toolGroupingTerminalEnabled":true,"toolGroupingChangesEnabled":false,"zcodeInteractionBehavior":"queue","askUserQuestionAutoResolutionEnabled":true,"modelIoFullRetentionEnabled":false,"optimizeAgentExperienceEnabled":false,"optimizeAgentExperienceMigrationInitialized":true,"enabledBuiltinAgentCliProviders":["glm"],"modelProviderFamilyModes":{"zai":"oauth"},"modelProviderFamilySelectedKeys":{"zai":"coding-plan:builtin:zai-start-plan"},"providerFamilyDomain":"zai","providerFamilyDomainUpdatedAt":1787116588334,"providerFamilyDomainMigrated":true,"repoSnapshotIndexingEnabled":false,"instantGrepIndexingEnabled":false,"nativeSearchEnhancementsEnabled":true,"memoryEnabled":false,"lastWorkspaceSession":[{"kind":"local","workspacePath":"C:\\Users\\llh04\\Desktop\\小说","workspacePurpose":"project"},{"kind":"local","workspacePath":"D:\\公考","workspacePurpose":"project"},{"kind":"local","workspacePath":"C:\\Users\\llh04\\.zcode\\workspace\\default","workspacePurpose":"conversation"}],"lastActiveTabIndex":0,"pendingPostUpdateReleaseNotes":{"version":"3.9.1","title":"Release v3.9.1","markdown":"## 新功能\n\n- 优化模型配置选项页面\n- 默认展示思考过程及实时耗时\n\n## 问题修复\n\n- 修复截图和网页工具图片在部分网关中无法显示的问题\n- 修复单冒号文件引用无法识别的问题","releaseDate":"2026-08-23T02:22:17.074Z","releaseNotesByLocale":{"zh-CN":{"title":"Release v3.9.1","markdown":"## 新功能\n\n- 优化模型配置选项页面\n- 默认展示思考过程及实时耗时\n\n## 问题修复\n\n- 修复截图和网页工具图片在部分网关中无法显示的问题\n- 修复单冒号文件引用无法识别的问题"},"en-US":{"title":"Release v3.9.1","markdown":"## New Features\n\n- Optimize the model configuration options page\n- By default, the thinking process and real-time time consumption are displayed\n\n## Issue Fix\n\n- Fixed the issue where screenshots and web tool images could not be displayed in some gateways\n- Fixed the issue where single-colon file references could not be recognized"}}},"receivePreviewUpdates":false,"autoDownloadAndInstallUpdates":true,"skippedElectronUpdateVersions":{},"settingsSyncFirstRunPromptHandled":true}
[2026-08-23 20:13:43.662] [info] [pid:4468] [main] [host-log] (local-1) [host] [2026-08-23 20:13:43.662] [pid:33160] [settingService] write done
[2026-08-23 20:13:43.663] [info] [pid:4468] [main] [host-log] (local-1) [host] [2026-08-23 20:13:43.662] [pid:33160] [zcode-host] [rpc:call] setting.update OK (4.5ms)
[2026-08-23 20:13:46.423] [debug] [pid:4468] [main] [browser-use] execute start browserId=iab:11931cb9-6b5c-4f3c-868f-c43796aaf40f sessionId=sess_9ac9f47e-224c-4ada-b806-e8c7d75367a5 method=list
[2026-08-23 20:13:46.423] [debug] [pid:4468] [main] [browser-use] execute requestId=3e6885ba-50b4-455c-a400-b9e5cc9df619 browserId=iab:11931cb9-6b5c-4f3c-868f-c43796aaf40f generation=1787463534165 windowId=1 sessionId=sess_9ac9f47e-224c-4ada-b806-e8c7d75367a5 method=list
[2026-08-23 20:13:46.424] [debug] [pid:4468] [main] [browser-use] execute done sessionId=sess_9ac9f47e-224c-4ada-b806-e8c7d75367a5 method=list ok=true elapsedMs=0
[2026-08-23 20:13:46.424] [debug] [pid:4468] [main] [browser-use] execute start browserId=iab:11931cb9-6b5c-4f3c-868f-c43796aaf40f sessionId=sess_9ac9f47e-224c-4ada-b806-e8c7d75367a5 method=listUserTabs
[2026-08-23 20:13:46.425] [debug] [pid:4468] [main] [browser-use] execute requestId=a9d70b0d-1e35-4129-a1e4-2892991349ea browserId=iab:11931cb9-6b5c-4f3c-868f-c43796aaf40f generation=1787463534165 windowId=1 sessionId=sess_9ac9f47e-224c-4ada-b806-e8c7d75367a5 method=listUserTabs
[2026-08-23 20:13:46.425] [debug] [pid:4468] [main] [browser-use] execute done sessionId=sess_9ac9f47e-224c-4ada-b806-e8c7d75367a5 method=listUserTabs ok=true elapsedMs=0
[2026-08-23 20:13:46.577] [info] [pid:4468] [main] [host-log] (local-1) [host] [2026-08-23 20:13:46.576] [pid:33160] [zcode-host] [rpc:call] zcode-agent.sendConversationCommandV4 OK (153.9ms)
[2026-08-23 20:13:48.893] [info] [pid:4468] [main] [host-log] (local-1) [host] [2026-08-23 20:13:48.892] [pid:33160] [zcode-agent-service][trace:bae79b6c-4719-4cb1-938d-b402e5641847] 开始请求 ZCode Protocol session/resume {"hasRuntimeModel":false,"mcpServerCount":0,"mcpServerNames":[],"modelHint":null,"runtimeModel":null,"sessionId":"sess_9ac9f47e-224c-4ada-b806-e8c7d75367a5","workspaceKey":"C:\\Users\\llh04\\Desktop\\小说","workspacePath":"C:\\Users\\llh04\\Desktop\\小说"}
[2026-08-23 20:13:49.187] [info] [pid:4468] [main] [host-log] (local-1) [host] [2026-08-23 20:13:49.182] [pid:33160] [zcode-host] [rpc:call] file.checkFilesExist OK (0.2ms)
[2026-08-23 20:13:49.706] [info] [pid:4468] [main] [host-log] (local-1) [host] [2026-08-23 20:13:49.705] [pid:33160] [zcode-agent-service][trace:bae79b6c-4719-4cb1-938d-b402e5641847] ZCode Protocol session/resume 完成 {"durationMs":814,"hasRuntimeModel":false,"messageCount":246,"modelCurrent":"3a57ef88-16c9-48c9-af35-067641626862/ox-alpha","mcpServerCount":0,"sessionId":"sess_9ac9f47e-224c-4ada-b806-e8c7d75367a5","snapshotTraceId":"bae79b6c-4719-4cb1-938d-b402e5641847","workspaceKey":"C:\\Users\\llh04\\Desktop\\小说","workspacePath":"C:\\Users\\llh04\\Desktop\\小说"}
[2026-08-23 20:13:54.465] [info] [pid:4468] [main] [host-log] (local-1) [host] [2026-08-23 20:13:54.464] [pid:33160] [zcode-host] [rpc:call] off-peak-task.list OK (0.2ms)
[2026-08-23 20:14:00.594] [info] [pid:4468] [main] [host-log] (local-1) [host] [2026-08-23 20:14:00.593] [pid:33160] [settingService] writing settings to: C:\Users\llh04\.zcode\v2\setting.json {"recentProjects":["C:\\Users\\llh04\\Desktop\\小说","D:\\公考","D:\\公考\\图形推理详解"],"locale":"zh-CN","localePreference":"zh-CN","terminalInheritSystemProfile":true,"embeddedBrowserAllowInsecureCertificates":false,"taskAutoArchiveEnabled":false,"taskAutoArchiveOlderThanDays":7,"closeToTrayOnWindows":true,"closeToTrayOnWindowsMigrationInitialized":true,"keepAwakeWhileRunning":false,"desktopWindowSize":{"width":1200,"height":800,"maximized":true},"desktopChromiumHardwareAccelerationEnabled":true,"messageStreamShowReasoning":false,"messageStreamShowTodos":false,"toolGroupingExploreEnabled":true,"toolGroupingTerminalEnabled":true,"toolGroupingChangesEnabled":false,"zcodeInteractionBehavior":"queue","askUserQuestionAutoResolutionEnabled":true,"modelIoFullRetentionEnabled":false,"optimizeAgentExperienceEnabled":false,"optimizeAgentExperienceMigrationInitialized":true,"enabledBuiltinAgentCliProviders":["glm"],"modelProviderFamilyModes":{"zai":"oauth"},"modelProviderFamilySelectedKeys":{"zai":"coding-plan:builtin:zai-start-plan"},"providerFamilyDomain":"zai","providerFamilyDomainUpdatedAt":1787116588334,"providerFamilyDomainMigrated":true,"repoSnapshotIndexingEnabled":false,"instantGrepIndexingEnabled":false,"nativeSearchEnhancementsEnabled":true,"memoryEnabled":false,"lastWorkspaceSession":[{"kind":"local","workspacePath":"C:\\Users\\llh04\\Desktop\\小说","workspacePurpose":"project"},{"kind":"local","workspacePath":"D:\\公考","workspacePurpose":"project"},{"kind":"local","workspacePath":"C:\\Users\\llh04\\.zcode\\workspace\\default","workspacePurpose":"conversation"}],"lastActiveTabIndex":0,"pendingPostUpdateReleaseNotes":{"version":"3.9.1","title":"Release v3.9.1","markdown":"## 新功能\n\n- 优化模型配置选项页面\n- 默认展示思考过程及实时耗时\n\n## 问题修复\n\n- 修复截图和网页工具图片在部分网关中无法显示的问题\n- 修复单冒号文件引用无法识别的问题","releaseDate":"2026-08-23T02:22:17.074Z","releaseNotesByLocale":{"zh-CN":{"title":"Release v3.9.1","markdown":"## 新功能\n\n- 优化模型配置选项页面\n- 默认展示思考过程及实时耗时\n\n## 问题修复\n\n- 修复截图和网页工具图片在部分网关中无法显示的问题\n- 修复单冒号文件引用无法识别的问题"},"en-US":{"title":"Release v3.9.1","markdown":"## New Features\n\n- Optimize the model configuration options page\n- By default, the thinking process and real-time time consumption are displayed\n\n## Issue Fix\n\n- Fixed the issue where screenshots and web tool images could not be displayed in some gateways\n- Fixed the issue where single-colon file references could not be recognized"}}},"receivePreviewUpdates":false,"autoDownloadAndInstallUpdates":true,"skippedElectronUpdateVersions":{},"settingsSyncFirstRunPromptHandled":true}
[2026-08-23 20:14:00.597] [info] [pid:4468] [main] [host-log] (local-1) [host] [2026-08-23 20:14:00.597] [pid:33160] [settingService] write done
[2026-08-23 20:14:00.597] [info] [pid:4468] [main] [host-log] (local-1) [host] [2026-08-23 20:14:00.597] [pid:33160] [zcode-host] [rpc:call] setting.update OK (5.4ms)
[2026-08-23 20:14:01.643] [info] [pid:4468] [main] [host-log] (local-1) [host] [2026-08-23 20:14:01.643] [pid:33160] [settingService] writing settings to: C:\Users\llh04\.zcode\v2\setting.json {"recentProjects":["C:\\Users\\llh04\\Desktop\\小说","D:\\公考","D:\\公考\\图形推理详解"],"locale":"zh-CN","localePreference":"zh-CN","terminalInheritSystemProfile":true,"embeddedBrowserAllowInsecureCertificates":false,"taskAutoArchiveEnabled":false,"taskAutoArchiveOlderThanDays":7,"closeToTrayOnWindows":true,"closeToTrayOnWindowsMigrationInitialized":true,"keepAwakeWhileRunning":false,"desktopWindowSize":{"width":1200,"height":800,"maximized":true},"desktopChromiumHardwareAccelerationEnabled":true,"messageStreamShowReasoning":false,"messageStreamShowTodos":false,"toolGroupingExploreEnabled":true,"toolGroupingTerminalEnabled":true,"toolGroupingChangesEnabled":false,"zcodeInteractionBehavior":"queue","askUserQuestionAutoResolutionEnabled":true,"modelIoFullRetentionEnabled":false,"optimizeAgentExperienceEnabled":false,"optimizeAgentExperienceMigrationInitialized":true,"enabledBuiltinAgentCliProviders":["glm"],"modelProviderFamilyModes":{"zai":"oauth"},"modelProviderFamilySelectedKeys":{"zai":"coding-plan:builtin:zai-start-plan"},"providerFamilyDomain":"zai","providerFamilyDomainUpdatedAt":1787116588334,"providerFamilyDomainMigrated":true,"repoSnapshotIndexingEnabled":false,"instantGrepIndexingEnabled":false,"nativeSearchEnhancementsEnabled":true,"memoryEnabled":false,"lastWorkspaceSession":[{"kind":"local","workspacePath":"C:\\Users\\llh04\\Desktop\\小说","workspacePurpose":"project"},{"kind":"local","workspacePath":"D:\\公考","workspacePurpose":"project"},{"kind":"local","workspacePath":"C:\\Users\\llh04\\.zcode\\workspace\\default","workspacePurpose":"conversation"}],"lastActiveTabIndex":0,"pendingPostUpdateReleaseNotes":{"version":"3.9.1","title":"Release v3.9.1","markdown":"## 新功能\n\n- 优化模型配置选项页面\n- 默认展示思考过程及实时耗时\n\n## 问题修复\n\n- 修复截图和网页工具图片在部分网关中无法显示的问题\n- 修复单冒号文件引用无法识别的问题","releaseDate":"2026-08-23T02:22:17.074Z","releaseNotesByLocale":{"zh-CN":{"title":"Release v3.9.1","markdown":"## 新功能\n\n- 优化模型配置选项页面\n- 默认展示思考过程及实时耗时\n\n## 问题修复\n\n- 修复截图和网页工具图片在部分网关中无法显示的问题\n- 修复单冒号文件引用无法识别的问题"},"en-US":{"title":"Release v3.9.1","markdown":"## New Features\n\n- Optimize the model configuration options page\n- By default, the thinking process and real-time time consumption are displayed\n\n## Issue Fix\n\n- Fixed the issue where screenshots and web tool images could not be displayed in some gateways\n- Fixed the issue where single-colon file references could not be recognized"}}},"receivePreviewUpdates":false,"autoDownloadAndInstallUpdates":true,"skippedElectronUpdateVersions":{},"settingsSyncFirstRunPromptHandled":true}
[2026-08-23 20:14:01.646] [info] [pid:4468] [main] [host-log] (local-1) [host] [2026-08-23 20:14:01.646] [pid:33160] [settingService] write done
[2026-08-23 20:14:01.646] [info] [pid:4468] [main] [host-log] (local-1) [host] [2026-08-23 20:14:01.646] [pid:33160] [zcode-host] [rpc:call] setting.update OK (4.0ms)
[2026-08-23 20:14:02.925] [info] [pid:4468] [main] [host-log] (local-1) [host] [2026-08-23 20:14:02.925] [pid:33160] [settingService] writing settings to: C:\Users\llh04\.zcode\v2\setting.json {"recentProjects":["C:\\Users\\llh04\\Desktop\\小说","D:\\公考","D:\\公考\\图形推理详解"],"locale":"zh-CN","localePreference":"zh-CN","terminalInheritSystemProfile":true,"embeddedBrowserAllowInsecureCertificates":false,"taskAutoArchiveEnabled":false,"taskAutoArchiveOlderThanDays":7,"closeToTrayOnWindows":true,"closeToTrayOnWindowsMigrationInitialized":true,"keepAwakeWhileRunning":false,"desktopWindowSize":{"width":1200,"height":800,"maximized":true},"desktopChromiumHardwareAccelerationEnabled":true,"messageStreamShowReasoning":false,"messageStreamShowTodos":false,"toolGroupingExploreEnabled":true,"toolGroupingTerminalEnabled":true,"toolGroupingChangesEnabled":false,"zcodeInteractionBehavior":"queue","askUserQuestionAutoResolutionEnabled":true,"modelIoFullRetentionEnabled":false,"optimizeAgentExperienceEnabled":false,"optimizeAgentExperienceMigrationInitialized":true,"enabledBuiltinAgentCliProviders":["glm"],"modelProviderFamilyModes":{"zai":"oauth"},"modelProviderFamilySelectedKeys":{"zai":"coding-plan:builtin:zai-start-plan"},"providerFamilyDomain":"zai","providerFamilyDomainUpdatedAt":1787116588334,"providerFamilyDomainMigrated":true,"repoSnapshotIndexingEnabled":false,"instantGrepIndexingEnabled":false,"nativeSearchEnhancementsEnabled":true,"memoryEnabled":false,"lastWorkspaceSession":[{"kind":"local","workspacePath":"C:\\Users\\llh04\\Desktop\\小说","workspacePurpose":"project"},{"kind":"local","workspacePath":"D:\\公考","workspacePurpose":"project"},{"kind":"local","workspacePath":"C:\\Users\\llh04\\.zcode\\workspace\\default","workspacePurpose":"conversation"}],"lastActiveTabIndex":0,"pendingPostUpdateReleaseNotes":{"version":"3.9.1","title":"Release v3.9.1","markdown":"## 新功能\n\n- 优化模型配置选项页面\n- 默认展示思考过程及实时耗时\n\n## 问题修复\n\n- 修复截图和网页工具图片在部分网关中无法显示的问题\n- 修复单冒号文件引用无法识别的问题","releaseDate":"2026-08-23T02:22:17.074Z","releaseNotesByLocale":{"zh-CN":{"title":"Release v3.9.1","markdown":"## 新功能\n\n- 优化模型配置选项页面\n- 默认展示思考过程及实时耗时\n\n## 问题修复\n\n- 修复截图和网页工具图片在部分网关中无法显示的问题\n- 修复单冒号文件引用无法识别的问题"},"en-US":{"title":"Release v3.9.1","markdown":"## New Features\n\n- Optimize the model configuration options page\n- By default, the thinking process and real-time time consumption are displayed\n\n## Issue Fix\n\n- Fixed the issue where screenshots and web tool images could not be displayed in some gateways\n- Fixed the issue where single-colon file references could not be recognized"}}},"receivePreviewUpdates":false,"autoDownloadAndInstallUpdates":true,"skippedElectronUpdateVersions":{},"settingsSyncFirstRunPromptHandled":true}
[2026-08-23 20:14:02.929] [info] [pid:4468] [main] [host-log] (local-1) [host] [2026-08-23 20:14:02.929] [pid:33160] [settingService] write done
[2026-08-23 20:14:02.929] [info] [pid:4468] [main] [host-log] (local-1) [host] [2026-08-23 20:14:02.929] [pid:33160] [zcode-host] [rpc:call] setting.update OK (5.4ms)
[2026-08-23 20:14:03.908] [info] [pid:4468] [main] [host-log] (local-1) [host] [2026-08-23 20:14:03.905] [pid:33160] [settingService] writing settings to: C:\Users\llh04\.zcode\v2\setting.json {"recentProjects":["C:\\Users\\llh04\\Desktop\\小说","D:\\公考","D:\\公考\\图形推理详解"],"locale":"zh-CN","localePreference":"zh-CN","terminalInheritSystemProfile":true,"embeddedBrowserAllowInsecureCertificates":false,"taskAutoArchiveEnabled":false,"taskAutoArchiveOlderThanDays":7,"closeToTrayOnWindows":true,"closeToTrayOnWindowsMigrationInitialized":true,"keepAwakeWhileRunning":false,"desktopWindowSize":{"width":1200,"height":800,"maximized":true},"desktopChromiumHardwareAccelerationEnabled":true,"messageStreamShowReasoning":false,"messageStreamShowTodos":false,"toolGroupingExploreEnabled":true,"toolGroupingTerminalEnabled":true,"toolGroupingChangesEnabled":false,"zcodeInteractionBehavior":"queue","askUserQuestionAutoResolutionEnabled":true,"modelIoFullRetentionEnabled":false,"optimizeAgentExperienceEnabled":false,"optimizeAgentExperienceMigrationInitialized":true,"enabledBuiltinAgentCliProviders":["glm"],"modelProviderFamilyModes":{"zai":"oauth"},"modelProviderFamilySelectedKeys":{"zai":"coding-plan:builtin:zai-start-plan"},"providerFamilyDomain":"zai","providerFamilyDomainUpdatedAt":1787116588334,"providerFamilyDomainMigrated":true,"repoSnapshotIndexingEnabled":false,"instantGrepIndexingEnabled":false,"nativeSearchEnhancementsEnabled":true,"memoryEnabled":false,"lastWorkspaceSession":[{"kind":"local","workspacePath":"C:\\Users\\llh04\\Desktop\\小说","workspacePurpose":"project"},{"kind":"local","workspacePath":"D:\\公考","workspacePurpose":"project"},{"kind":"local","workspacePath":"C:\\Users\\llh04\\.zcode\\workspace\\default","workspacePurpose":"conversation"}],"lastActiveTabIndex":0,"pendingPostUpdateReleaseNotes":{"version":"3.9.1","title":"Release v3.9.1","markdown":"## 新功能\n\n- 优化模型配置选项页面\n- 默认展示思考过程及实时耗时\n\n## 问题修复\n\n- 修复截图和网页工具图片在部分网关中无法显示的问题\n- 修复单冒号文件引用无法识别的问题","releaseDate":"2026-08-23T02:22:17.074Z","releaseNotesByLocale":{"zh-CN":{"title":"Release v3.9.1","markdown":"## 新功能\n\n- 优化模型配置选项页面\n- 默认展示思考过程及实时耗时\n\n## 问题修复\n\n- 修复截图和网页工具图片在部分网关中无法显示的问题\n- 修复单冒号文件引用无法识别的问题"},"en-US":{"title":"Release v3.9.1","markdown":"## New Features\n\n- Optimize the model configuration options page\n- By default, the thinking process and real-time time consumption are displayed\n\n## Issue Fix\n\n- Fixed the issue where screenshots and web tool images could not be displayed in some gateways\n- Fixed the issue where single-colon file references could not be recognized"}}},"receivePreviewUpdates":false,"autoDownloadAndInstallUpdates":true,"skippedElectronUpdateVersions":{},"settingsSyncFirstRunPromptHandled":true}
[2026-08-23 20:14:03.910] [info] [pid:4468] [main] [host-log] (local-1) [host] [2026-08-23 20:14:03.910] [pid:33160] [settingService] write done
[2026-08-23 20:14:03.910] [info] [pid:4468] [main] [host-log] (local-1) [host] [2026-08-23 20:14:03.910] [pid:33160] [zcode-host] [rpc:call] setting.update OK (6.8ms)
[2026-08-23 20:14:04.250] [info] [pid:4468] [main] [host-log] (local-1) [host] [2026-08-23 20:14:04.246] [pid:33160] [zcode-host] [rpc:call] system.info OK (0.0ms)
[2026-08-23 20:14:04.251] [info] [pid:4468] [main] [host-log] (local-1) [host] [2026-08-23 20:14:04.247] [pid:33160] [zcode-host] [rpc:call] setting.get OK (3.8ms)
[2026-08-23 20:14:04.252] [info] [pid:4468] [main] [host-log] (local-1) [host] [2026-08-23 20:14:04.248] [pid:33160] [zcode-host] [rpc:call] credential.load OK (2.2ms)
[2026-08-23 20:14:04.252] [info] [pid:4468] [main] [host-log] (local-1) [host] [2026-08-23 20:14:04.248] [pid:33160] [zcode-host] [rpc:call] credential.load OK (2.3ms)
[2026-08-23 20:14:04.253] [info] [pid:4468] [main] [host-log] (local-1) [host] [2026-08-23 20:14:04.248] [pid:33160] [zcode-host] [rpc:call] credential.load OK (2.5ms)
[2026-08-23 20:14:04.253] [info] [pid:4468] [main] [host-log] (local-1) [host] [2026-08-23 20:14:04.249] [pid:33160] [zcode-host] [rpc:call] setting.get OK (2.6ms)
[2026-08-23 20:14:04.301] [info] [pid:4468] [main] [host-log] (local-1) [host] [2026-08-23 20:14:04.301] [pid:33160] [usage-stats] 读取 BigModel entitlement 已解析授权上下文 {"preferredProviderId":"builtin:zai-coding-plan","providerId":"builtin:zai-coding-plan","scope":"personal","organizationId":null,"projectId":null}
[2026-08-23 20:14:04.319] [info] [pid:4468] [main] [host-log] (local-1) [host] [2026-08-23 20:14:04.319] [pid:33160] [zcode-host] [rpc:call] system.listIntegratedTerminalShells OK (6.0ms)
[2026-08-23 20:14:04.447] [info] [pid:4468] [main] [host-log] (local-1) [host] [2026-08-23 20:14:04.447] [pid:33160] [zcode-host] [rpc:call] coding-plan-subscription.getStaticTeamProducts OK (203.9ms)
[2026-08-23 20:14:04.447] [info] [pid:4468] [main] [host-log] (local-1) [host] [2026-08-23 20:14:04.447] [pid:33160] [zcode-host] [rpc:call] coding-plan-subscription.getStaticTeamProducts OK (201.1ms)
[2026-08-23 20:14:04.448] [info] [pid:4468] [main] [host-log] (local-1) [host] [2026-08-23 20:14:04.447] [pid:33160] [zcode-host] [rpc:call] coding-plan-subscription.getBillingDiscount OK (187.9ms)
[2026-08-23 20:14:04.449] [info] [pid:4468] [main] [host-log] (local-1) [host] [2026-08-23 20:14:04.447] [pid:33160] [zcode-host] [rpc:call] coding-plan-subscription.getStaticTeamProducts OK (116.0ms)
[2026-08-23 20:14:04.498] [info] [pid:4468] [main] [host-log] (local-1) [host] [2026-08-23 20:14:04.498] [pid:33160] [usage-stats] billing/balance 请求完成 {"balanceCount":3,"balances":[{"entitlement_id":"ent_wk_0821_glm_5p3","show_name":"GLM-5.3","total_units":100000000,"used_units":99886429,"remaining_units":113571,"available_units":113571,"reserved_units":null},{"entitlement_id":"ent_2_0817_glm_5p3","show_name":"GLM-5.3","total_units":3000000,"used_units":0,"remaining_units":3000000,"available_units":3000000,"reserved_units":null},{"entitlement_id":"ent_2_0817_glm_5turbo","show_name":"GLM-5-Turbo","total_units":2000000,"used_units":0,"remaining_units":2000000,"available_units":2000000,"reserved_units":null}],"code":0,"durationMs":218,"msg":"","payload":{"code":0,"msg":"","data":{"server_time":1787487243,"plans":[{"user_plan_id":"upl_2090839276763762688","plan_id":"zcode-v3-start-plan-0821","name":"ZCode Weekend Build","description":"ZCode 周末活动","priority":100,"status":"active","starts_at":1787329904,"ends_at":1787533200,"entitlements":[{"entitlement_id":"ent_wk_0821_glm_5p3","show_name":"GLM-5.3","meter":"model_usage","unit_type":"token","capabilities":["model:glm-5.3"],"grant_units":100000000,"period":"one_time","priority":110}]},{"user_plan_id":"upl_2089944584870027264","plan_id":"zcode-v3-start-plan-0817","name":"ZCode Start Plan","description":"免费 GLM 旗舰模型体验","priority":90,"status":"active","starts_at":1787116592,"ends_at":1787500799,"entitlements":[{"entitlement_id":"ent_2_0817_glm_5p3","show_name":"GLM-5.3","meter":"model_usage","unit_type":"token","capabilities":["model:glm-5.3"],"grant_units":3000000,"period":"daily","priority":110},{"entitlement_id":"ent_2_0817_glm_5turbo","show_name":"GLM-5-Turbo","meter":"model_usage","unit_type":"token","capabilities":["model:GLM-5-Turbo"],"grant_units":2000000,"period":"daily","priority":80}]}],"balances":[{"bucket_id":"bucket_2090839276839260160","user_plan_id":"upl_2090839276763762688","plan_id":"zcode-v3-start-plan-0821","entitlement_id":"ent_wk_0821_glm_5p3","show_name":"GLM-5.3","meter":"model_usage","unit_type":"token","capabilities":["model:glm-5.3"],"priority":110,"plan_priority":100,"entitlement_priority":110,"total_units":100000000,"used_units":99886429,"remaining_units":113571,"available_units":113571,"period_start":1787329904,"period_end":1787533200,"expires_at":1787533200},{"bucket_id":"bucket_2091218082912669696","user_plan_id":"upl_2089944584870027264","plan_id":"zcode-v3-start-plan-0817","entitlement_id":"ent_2_0817_glm_5p3","show_name":"GLM-5.3","meter":"model_usage","unit_type":"token","capabilities":["model:glm-5.3"],"priority":110,"plan_priority":90,"entitlement_priority":110,"total_units":3000000,"used_units":0,"remaining_units":3000000,"available_units":3000000,"period_start":1787414400,"period_end":1787500799,"expires_at":1787500799},{"bucket_id":"bucket_2091218082921058304","user_plan_id":"upl_2089944584870027264","plan_id":"zcode-v3-start-plan-0817","entitlement_id":"ent_2_0817_glm_5turbo","show_name":"GLM-5-Turbo","meter":"model_usage","unit_type":"token","capabilities":["model:GLM-5-Turbo"],"priority":80,"plan_priority":90,"entitlement_priority":80,"total_units":2000000,"used_units":0,"remaining_units":2000000,"available_units":2000000,"period_start":1787414400,"period_end":1787500799,"expires_at":1787500799}]}},"planCount":2,"plans":[{"name":"ZCode Weekend Build","plan_id":"zcode-v3-start-plan-0821","status":"active"},{"name":"ZCode Start Plan","plan_id":"zcode-v3-start-plan-0817","status":"active"}],"providerId":"builtin:zai-start-plan","success":true,"url":"https://zcode.z.ai/api/v1/zcode-plan/billing/balance?app_version=3.8.1"}
[2026-08-23 20:14:04.499] [info] [pid:4468] [main] [host-log] (local-1) [host] [2026-08-23 20:14:04.498] [pid:33160] [zcode-host] [rpc:call] usage-stats.getEntitlementSnapshot OK (238.9ms)
[2026-08-23 20:14:04.528] [info] [pid:4468] [main] [host-log] (local-1) [host] [2026-08-23 20:14:04.529] [pid:33160] [settingService] writing settings to: C:\Users\llh04\.zcode\v2\setting.json {"recentProjects":["C:\\Users\\llh04\\Desktop\\小说","D:\\公考","D:\\公考\\图形推理详解"],"locale":"zh-CN","localePreference":"zh-CN","terminalInheritSystemProfile":true,"embeddedBrowserAllowInsecureCertificates":false,"taskAutoArchiveEnabled":false,"taskAutoArchiveOlderThanDays":7,"closeToTrayOnWindows":true,"closeToTrayOnWindowsMigrationInitialized":true,"keepAwakeWhileRunning":false,"desktopWindowSize":{"width":1200,"height":800,"maximized":true},"desktopChromiumHardwareAccelerationEnabled":true,"messageStreamShowReasoning":false,"messageStreamShowTodos":false,"toolGroupingExploreEnabled":true,"toolGroupingTerminalEnabled":true,"toolGroupingChangesEnabled":false,"zcodeInteractionBehavior":"queue","askUserQuestionAutoResolutionEnabled":true,"modelIoFullRetentionEnabled":false,"optimizeAgentExperienceEnabled":false,"optimizeAgentExperienceMigrationInitialized":true,"enabledBuiltinAgentCliProviders":["glm"],"modelProviderFamilyModes":{"zai":"oauth"},"modelProviderFamilySelectedKeys":{"zai":"coding-plan:builtin:zai-start-plan"},"providerFamilyDomain":"zai","providerFamilyDomainUpdatedAt":1787116588334,"providerFamilyDomainMigrated":true,"repoSnapshotIndexingEnabled":false,"instantGrepIndexingEnabled":false,"nativeSearchEnhancementsEnabled":true,"memoryEnabled":false,"lastWorkspaceSession":[{"kind":"local","workspacePath":"C:\\Users\\llh04\\Desktop\\小说","workspacePurpose":"project"},{"kind":"local","workspacePath":"D:\\公考","workspacePurpose":"project"},{"kind":"local","workspacePath":"C:\\Users\\llh04\\.zcode\\workspace\\default","workspacePurpose":"conversation"}],"lastActiveTabIndex":0,"pendingPostUpdateReleaseNotes":{"version":"3.9.1","title":"Release v3.9.1","markdown":"## 新功能\n\n- 优化模型配置选项页面\n- 默认展示思考过程及实时耗时\n\n## 问题修复\n\n- 修复截图和网页工具图片在部分网关中无法显示的问题\n- 修复单冒号文件引用无法识别的问题","releaseDate":"2026-08-23T02:22:17.074Z","releaseNotesByLocale":{"zh-CN":{"title":"Release v3.9.1","markdown":"## 新功能\n\n- 优化模型配置选项页面\n- 默认展示思考过程及实时耗时\n\n## 问题修复\n\n- 修复截图和网页工具图片在部分网关中无法显示的问题\n- 修复单冒号文件引用无法识别的问题"},"en-US":{"title":"Release v3.9.1","markdown":"## New Features\n\n- Optimize the model configuration options page\n- By default, the thinking process and real-time time consumption are displayed\n\n## Issue Fix\n\n- Fixed the issue where screenshots and web tool images could not be displayed in some gateways\n- Fixed the issue where single-colon file references could not be recognized"}}},"receivePreviewUpdates":false,"autoDownloadAndInstallUpdates":true,"skippedElectronUpdateVersions":{},"settingsSyncFirstRunPromptHandled":true}
[2026-08-23 20:14:04.531] [info] [pid:4468] [main] [host-log] (local-1) [host] [2026-08-23 20:14:04.532] [pid:33160] [settingService] write done
[2026-08-23 20:14:04.532] [info] [pid:4468] [main] [host-log] (local-1) [host] [2026-08-23 20:14:04.532] [pid:33160] [zcode-host] [rpc:call] setting.update OK (3.8ms)
[2026-08-23 20:14:04.874] [info] [pid:4468] [main] [host-log] (local-1) [host] [2026-08-23 20:14:04.874] [pid:33160] [zcode-host] [rpc:call] coding-plan-subscription.getEnterprisePricing OK (627.9ms)
[2026-08-23 20:14:04.874] [info] [pid:4468] [main] [host-log] (local-1) [host] [2026-08-23 20:14:04.874] [pid:33160] [zcode-host] [rpc:call] coding-plan-subscription.getEnterprisePricing OK (629.9ms)
[2026-08-23 20:14:05.527] [info] [pid:4468] [main] [host-log] (local-1) [host] [2026-08-23 20:14:05.528] [pid:33160] [zcode-host] [rpc:call] usage-stats.getEntitlementSnapshot OK (1283.1ms)
[2026-08-23 20:14:05.866] [info] [pid:4468] [main] [host-log] (local-1) [host] [2026-08-23 20:14:05.866] [pid:33160] [zcode-host] [rpc:call] system.probeIntranet OK (1621.8ms)
[2026-08-23 20:14:09.313] [info] [pid:4468] [main] [host-log] (local-1) [host] [2026-08-23 20:14:09.313] [pid:33160] [model-provider] [testModelConnectivity] start {"apiFormat":"openai-chat-completions","defaultKind":"openai-compatible","endpointType":"openai_chat","kind":"openai-compatible","model":"ox-alpha","providerId":"3a57ef88-16c9-48c9-af35-067641626862","requestUrl":"https://api.coder.r4.chat/v1/chat/completions","url":"https://api.coder.r4.chat/v1"}
[2026-08-23 20:14:09.314] [info] [pid:4468] [main] [host-log] (local-1) [host] [2026-08-23 20:14:09.314] [pid:33160] [model-provider] [testModelConnectivity] request {"body":"{\"model\":\"ox-alpha\",\"max_tokens\":1,\"messages\":[{\"role\":\"user\",\"content\":\"hi\"}]}","endpointType":"openai_chat","headers":{"content-type":"application/json","authorization":"Bearer <redacted:70>","User-Agent":"ZCode/unknown","HTTP-Referer":"https://zcode.z.ai","X-Title":"Z Code@electron"},"method":"POST","model":"ox-alpha","providerId":"3a57ef88-16c9-48c9-af35-067641626862","requestUrl":"https://api.coder.r4.chat/v1/chat/completions"}
[2026-08-23 20:14:09.999] [info] [pid:4468] [main] [host-log] (local-1) [host] [2026-08-23 20:14:09.999] [pid:33160] [model-provider] [testModelConnectivity] response {"body":"404 page not found\n","endpointType":"openai_chat","headers":{"alt-svc":"h3=\":443\"; ma=86400","cf-cache-status":"DYNAMIC","cf-ray":"a2fa090bbb7a081c-LAX","connection":"keep-alive","content-length":"19","content-type":"text/plain; charset=utf-8","date":"Sun, 23 Aug 2026 12:14:09 GMT","nel":"{\"report_to\":\"cf-nel\",\"success_fraction\":0.0,\"max_age\":604800}","report-to":"{\"group\":\"cf-nel\",\"max_age\":604800,\"endpoints\":[{\"url\":\"https://a.nel.cloudflare.com/report/v4?s=35d0%2FaT%2BhEEul6giHnyn0UMPGcmPK%2FvQszgx7DyWUmg8KeZfd4qLsOaWkyjQy3k6BHUZySLz4fywHpvM%2BbYD44NeNTHapjsEz%2FxI4DGq2cqdzhr6GHL09wW7hAe5ecktFAb0%2Fn%2Ftkje5VKKxaAOE\"}]}","server":"cloudflare","x-content-type-options":"nosniff"},"httpStatus":404,"model":"ox-alpha","ok":false,"providerId":"3a57ef88-16c9-48c9-af35-067641626862","requestUrl":"https://api.coder.r4.chat/v1/chat/completions","statusText":"Not Found"}
[2026-08-23 20:14:10.012] [warn] [pid:4468] [main] [host-log] (local-1) [host] [2026-08-23 20:14:10.010] [pid:33160] [model-provider] [testModelConnectivity] failed {"apiFormat":"openai-chat-completions","defaultKind":"openai-compatible","durationMs":687,"endpointType":"openai_chat","errorKind":"model_not_found","httpStatus":404,"kind":"openai-compatible","model":"ox-alpha","providerId":"3a57ef88-16c9-48c9-af35-067641626862","requestUrl":"https://api.coder.r4.chat/v1/chat/completions","success":false,"url":"https://api.coder.r4.chat/v1"}
[2026-08-23 20:14:10.014] [info] [pid:4468] [main] [host-log] (local-1) [host] [2026-08-23 20:14:10.012] [pid:33160] [zcode-host] [rpc:call] model-provider.testModelConnectivity OK (700.2ms)
[2026-08-23 20:14:10.716] [info] [pid:4468] [main] [host-log] (local-1) [host] [2026-08-23 20:14:10.716] [pid:33160] [zcode-host] [rpc:call] coding-plan-subscription.getEnterprisePricing OK (6384.5ms)
[2026-08-23 20:14:24.469] [info] [pid:4468] [main] [host-log] (local-1) [host] [2026-08-23 20:14:24.465] [pid:33160] [zcode-host] [rpc:call] off-peak-task.list OK (0.4ms)
[2026-08-23 20:14:26.137] [info] [pid:4468] [main] [host-log] (local-1) [host] [2026-08-23 20:14:26.136] [pid:33160] [zcode-host] [rpc:call] zcode-agent.unsubscribeConversationV4 OK (2.2ms)
[2026-08-23 20:14:48.685] [info] [pid:4468] [main] [host-log] (local-1) [host] [2026-08-23 20:14:48.685] [pid:33160] [model-provider] [testModelConnectivity] start {"apiFormat":"openai-chat-completions","defaultKind":"openai-compatible","endpointType":"openai_chat","kind":"openai-compatible","model":"ox-alpha","providerId":"3a57ef88-16c9-48c9-af35-067641626862","requestUrl":"https://api.coder.r4.chat/v1/chat/completions","url":"https://api.coder.r4.chat/v1"}
[2026-08-23 20:14:48.686] [info] [pid:4468] [main] [host-log] (local-1) [host] [2026-08-23 20:14:48.686] [pid:33160] [model-provider] [testModelConnectivity] request {"body":"{\"model\":\"ox-alpha\",\"max_tokens\":1,\"messages\":[{\"role\":\"user\",\"content\":\"hi\"}]}","endpointType":"openai_chat","headers":{"content-type":"application/json","authorization":"Bearer <redacted:70>","User-Agent":"ZCode/unknown","HTTP-Referer":"https://zcode.z.ai","X-Title":"Z Code@electron"},"method":"POST","model":"ox-alpha","providerId":"3a57ef88-16c9-48c9-af35-067641626862","requestUrl":"https://api.coder.r4.chat/v1/chat/completions"}
[2026-08-23 20:14:49.360] [info] [pid:4468] [main] [host-log] (local-1) [host] [2026-08-23 20:14:49.361] [pid:33160] [model-provider] [testModelConnectivity] response {"body":"404 page not found\n","endpointType":"openai_chat","headers":{"alt-svc":"h3=\":443\"; ma=86400","cf-cache-status":"DYNAMIC","cf-ray":"a2fa0a01d8466d41-LAX","connection":"keep-alive","content-length":"19","content-type":"text/plain; charset=utf-8","date":"Sun, 23 Aug 2026 12:14:48 GMT","nel":"{\"report_to\":\"cf-nel\",\"success_fraction\":0.0,\"max_age\":604800}","report-to":"{\"group\":\"cf-nel\",\"max_age\":604800,\"endpoints\":[{\"url\":\"https://a.nel.cloudflare.com/report/v4?s=96Wh2XKSwkLti02V3VBbivsPhNLcDk7AOMIHuKsB458ZlM1OHrzgFnHVTHmQ0CaPMEebdEcvxowYRkFWmI87yGcf5uWs%2B%2B%2BspTy1kqoQQuDCc0VNoVDVkd23wS8r9SLR1T4GZDvjfEYFCXaLLBFV\"}]}","server":"cloudflare","x-content-type-options":"nosniff"},"httpStatus":404,"model":"ox-alpha","ok":false,"providerId":"3a57ef88-16c9-48c9-af35-067641626862","requestUrl":"https://api.coder.r4.chat/v1/chat/completions","statusText":"Not Found"}
[2026-08-23 20:14:49.361] [warn] [pid:4468] [main] [host-log] (local-1) [host] [2026-08-23 20:14:49.361] [pid:33160] [model-provider] [testModelConnectivity] failed {"apiFormat":"openai-chat-completions","defaultKind":"openai-compatible","durationMs":676,"endpointType":"openai_chat","errorKind":"model_not_found","httpStatus":404,"kind":"openai-compatible","model":"ox-alpha","providerId":"3a57ef88-16c9-48c9-af35-067641626862","requestUrl":"https://api.coder.r4.chat/v1/chat/completions","success":false,"url":"https://api.coder.r4.chat/v1"}
[2026-08-23 20:14:49.361] [info] [pid:4468] [main] [host-log] (local-1) [host] [2026-08-23 20:14:49.361] [pid:33160] [zcode-host] [rpc:call] model-provider.testModelConnectivity OK (675.9ms)
[2026-08-23 20:14:53.766] [info] [pid:4468] [main] [host-log] (local-1) [host] [2026-08-23 20:14:53.766] [pid:33160] [zcode-host] [rpc:call] coding-plan-subscription.getStaticTeamProducts OK (0.0ms)
[2026-08-23 20:14:53.786] [info] [pid:4468] [main] [host-log] (local-1) [host] [2026-08-23 20:14:53.786] [pid:33160] [usage-stats] 读取 BigModel entitlement 已解析授权上下文 {"preferredProviderId":"builtin:zai-coding-plan","providerId":"builtin:zai-coding-plan","scope":"personal","organizationId":null,"projectId":null}
[2026-08-23 20:14:54.014] [info] [pid:4468] [main] [host-log] (local-1) [host] [2026-08-23 20:14:54.014] [pid:33160] [usage-stats] billing/balance 请求完成 {"balanceCount":3,"balances":[{"entitlement_id":"ent_wk_0821_glm_5p3","show_name":"GLM-5.3","total_units":100000000,"used_units":99886429,"remaining_units":113571,"available_units":113571,"reserved_units":null},{"entitlement_id":"ent_2_0817_glm_5p3","show_name":"GLM-5.3","total_units":3000000,"used_units":0,"remaining_units":3000000,"available_units":3000000,"reserved_units":null},{"entitlement_id":"ent_2_0817_glm_5turbo","show_name":"GLM-5-Turbo","total_units":2000000,"used_units":0,"remaining_units":2000000,"available_units":2000000,"reserved_units":null}],"code":0,"durationMs":202,"msg":"","payload":{"code":0,"msg":"","data":{"server_time":1787487293,"plans":[{"user_plan_id":"upl_2090839276763762688","plan_id":"zcode-v3-start-plan-0821","name":"ZCode Weekend Build","description":"ZCode 周末活动","priority":100,"status":"active","starts_at":1787329904,"ends_at":1787533200,"entitlements":[{"entitlement_id":"ent_wk_0821_glm_5p3","show_name":"GLM-5.3","meter":"model_usage","unit_type":"token","capabilities":["model:glm-5.3"],"grant_units":100000000,"period":"one_time","priority":110}]},{"user_plan_id":"upl_2089944584870027264","plan_id":"zcode-v3-start-plan-0817","name":"ZCode Start Plan","description":"免费 GLM 旗舰模型体验","priority":90,"status":"active","starts_at":1787116592,"ends_at":1787500799,"entitlements":[{"entitlement_id":"ent_2_0817_glm_5p3","show_name":"GLM-5.3","meter":"model_usage","unit_type":"token","capabilities":["model:glm-5.3"],"grant_units":3000000,"period":"daily","priority":110},{"entitlement_id":"ent_2_0817_glm_5turbo","show_name":"GLM-5-Turbo","meter":"model_usage","unit_type":"token","capabilities":["model:GLM-5-Turbo"],"grant_units":2000000,"period":"daily","priority":80}]}],"balances":[{"bucket_id":"bucket_2090839276839260160","user_plan_id":"upl_2090839276763762688","plan_id":"zcode-v3-start-plan-0821","entitlement_id":"ent_wk_0821_glm_5p3","show_name":"GLM-5.3","meter":"model_usage","unit_type":"token","capabilities":["model:glm-5.3"],"priority":110,"plan_priority":100,"entitlement_priority":110,"total_units":100000000,"used_units":99886429,"remaining_units":113571,"available_units":113571,"period_start":1787329904,"period_end":1787533200,"expires_at":1787533200},{"bucket_id":"bucket_2091218082912669696","user_plan_id":"upl_2089944584870027264","plan_id":"zcode-v3-start-plan-0817","entitlement_id":"ent_2_0817_glm_5p3","show_name":"GLM-5.3","meter":"model_usage","unit_type":"token","capabilities":["model:glm-5.3"],"priority":110,"plan_priority":90,"entitlement_priority":110,"total_units":3000000,"used_units":0,"remaining_units":3000000,"available_units":3000000,"period_start":1787414400,"period_end":1787500799,"expires_at":1787500799},{"bucket_id":"bucket_2091218082921058304","user_plan_id":"upl_2089944584870027264","plan_id":"zcode-v3-start-plan-0817","entitlement_id":"ent_2_0817_glm_5turbo","show_name":"GLM-5-Turbo","meter":"model_usage","unit_type":"token","capabilities":["model:GLM-5-Turbo"],"priority":80,"plan_priority":90,"entitlement_priority":80,"total_units":2000000,"used_units":0,"remaining_units":2000000,"available_units":2000000,"period_start":1787414400,"period_end":1787500799,"expires_at":1787500799}]}},"planCount":2,"plans":[{"name":"ZCode Weekend Build","plan_id":"zcode-v3-start-plan-0821","status":"active"},{"name":"ZCode Start Plan","plan_id":"zcode-v3-start-plan-0817","status":"active"}],"providerId":"builtin:zai-start-plan","success":true,"url":"https://zcode.z.ai/api/v1/zcode-plan/billing/balance?app_version=3.8.1"}
[2026-08-23 20:14:54.015] [info] [pid:4468] [main] [host-log] (local-1) [host] [2026-08-23 20:14:54.015] [pid:33160] [zcode-host] [rpc:call] usage-stats.getEntitlementSnapshot OK (248.1ms)
[2026-08-23 20:14:54.080] [info] [pid:4468] [main] [host-log] (local-1) [host] [2026-08-23 20:14:54.080] [pid:33160] [zcode-agent-service] provider registry 变更已推送到本地 active workspace {"providerCount":2,"reason":"getAll","revision":"sha256:dc990ed629f1a66ca2915a9823df7dd3c1eac45221668e4051b03284ecba69b8","workspaceKey":"D:\\公考\\图形推理详解","workspacePath":"D:\\公考\\图形推理详解"}
[2026-08-23 20:14:54.081] [info] [pid:4468] [main] [host-log] (local-1) [host] [2026-08-23 20:14:54.080] [pid:33160] [zcode-agent-service] provider registry 变更已推送到本地 active workspace {"providerCount":2,"reason":"getAll","revision":"sha256:dc990ed629f1a66ca2915a9823df7dd3c1eac45221668e4051b03284ecba69b8","workspaceKey":"C:\\Users\\llh04\\Desktop\\小说","workspacePath":"C:\\Users\\llh04\\Desktop\\小说"}
[2026-08-23 20:14:54.081] [info] [pid:4468] [main] [host-log] (local-1) [host] [2026-08-23 20:14:54.080] [pid:33160] [zcode-agent-service] provider registry 变更已推送到本地 active workspace {"providerCount":2,"reason":"getAll","revision":"sha256:dc990ed629f1a66ca2915a9823df7dd3c1eac45221668e4051b03284ecba69b8","workspaceKey":"D:\\公考","workspacePath":"D:\\公考"}
[2026-08-23 20:14:54.083] [info] [pid:4468] [main] [host-log] (local-1) [host] [2026-08-23 20:14:54.083] [pid:33160] [zcode-host] [rpc:call] model-provider.getAll OK (317.2ms)
[2026-08-23 20:14:54.099] [info] [pid:4468] [main] [host-log] (local-1) [host] [2026-08-23 20:14:54.099] [pid:33160] [zcode-host] [rpc:call] credential.load OK (0.4ms)
[2026-08-23 20:14:54.099] [info] [pid:4468] [main] [host-log] (local-1) [host] [2026-08-23 20:14:54.099] [pid:33160] [zcode-host] [rpc:call] credential.load OK (0.7ms)
[2026-08-23 20:14:54.100] [info] [pid:4468] [main] [host-log] (local-1) [host] [2026-08-23 20:14:54.099] [pid:33160] [zcode-host] [rpc:call] credential.load OK (0.7ms)
[2026-08-23 20:14:54.476] [info] [pid:4468] [main] [host-log] (local-1) [host] [2026-08-23 20:14:54.476] [pid:33160] [zcode-host] [rpc:call] off-peak-task.list OK (0.2ms)
[2026-08-23 20:14:55.246] [info] [pid:4468] [main] [host-log] (local-1) [host] [2026-08-23 20:14:55.246] [pid:33160] [zcode-host] [rpc:call] coding-plan-subscription.getEnterprisePricing OK (1479.5ms)
[2026-08-23 20:14:56.082] [info] [pid:4468] [main] [host-log] (local-1) [host] [2026-08-23 20:14:56.081] [pid:33160] [zcode-host] [rpc:call] usage-stats.getEntitlementSnapshot OK (2314.4ms)
[2026-08-23 20:14:59.587] [info] [pid:4468] [main] [resource] perf_resource window flushed
[2026-08-23 20:14:59.596] [info] [pid:4468] [main] [network] perf_network flushed interfaces=15
[2026-08-23 20:15:24.466] [info] [pid:4468] [main] [host-log] (local-1) [host] [2026-08-23 20:15:24.463] [pid:33160] [zcode-host] [rpc:call] off-peak-task.list OK (0.4ms)
[2026-08-23 20:15:54.464] [info] [pid:4468] [main] [host-log] (local-1) [host] [2026-08-23 20:15:54.464] [pid:33160] [zcode-host] [rpc:call] off-peak-task.list OK (0.2ms)
[2026-08-23 20:16:24.585] [info] [pid:4468] [main] [host-log] (local-1) [host] [2026-08-23 20:16:24.584] [pid:33160] [zcode-host] [rpc:call] off-peak-task.list OK (0.2ms)
[2026-08-23 20:16:54.577] [info] [pid:4468] [main] [host-log] (local-1) [host] [2026-08-23 20:16:54.572] [pid:33160] [zcode-host] [rpc:call] off-peak-task.list OK (0.5ms)
[2026-08-23 20:17:34.573] [info] [pid:4468] [main] [host-log] (local-1) [host] [2026-08-23 20:17:34.569] [pid:33160] [zcode-host] [rpc:call] off-peak-task.list OK (0.2ms)
[2026-08-23 20:18:34.584] [info] [pid:4468] [main] [host-log] (local-1) [host] [2026-08-23 20:18:34.576] [pid:33160] [zcode-host] [rpc:call] off-peak-task.list OK (0.3ms)
[2026-08-23 20:19:34.580] [info] [pid:4468] [main] [host-log] (local-1) [host] [2026-08-23 20:19:34.575] [pid:33160] [zcode-host] [rpc:call] off-peak-task.list OK (0.3ms)
[2026-08-23 20:19:59.609] [info] [pid:4468] [main] [resource] perf_resource window flushed
[2026-08-23 20:19:59.618] [info] [pid:4468] [main] [network] perf_network flushed interfaces=7
[2026-08-23 20:20:34.588] [info] [pid:4468] [main] [host-log] (local-1) [host] [2026-08-23 20:20:34.581] [pid:33160] [zcode-host] [rpc:call] off-peak-task.list OK (0.5ms)
[2026-08-23 20:20:54.569] [info] [pid:4468] [main] [host-log] (local-1) [host] [2026-08-23 20:20:54.568] [pid:33160] [zcode-host] [rpc:call] off-peak-task.list OK (0.2ms)
[2026-08-23 20:21:24.584] [info] [pid:4468] [main] [host-log] (local-1) [host] [2026-08-23 20:21:24.580] [pid:33160] [zcode-host] [rpc:call] off-peak-task.list OK (0.2ms)
[2026-08-23 20:21:31.367] [info] [pid:4468] [main] [host-log] (local-1) [host] [2026-08-23 20:21:31.365] [pid:33160] [model-provider] [testModelConnectivity] start {"apiFormat":"openai-chat-completions","defaultKind":"openai-compatible","endpointType":"openai_chat","kind":"openai-compatible","model":"ox-alpha","providerId":"3a57ef88-16c9-48c9-af35-067641626862","requestUrl":"https://api.coder.r4.chat/v1/chat/completions","url":"https://api.coder.r4.chat/v1"}
[2026-08-23 20:21:31.367] [info] [pid:4468] [main] [host-log] (local-1) [host] [2026-08-23 20:21:31.366] [pid:33160] [model-provider] [testModelConnectivity] request {"body":"{\"model\":\"ox-alpha\",\"max_tokens\":1,\"messages\":[{\"role\":\"user\",\"content\":\"hi\"}]}","endpointType":"openai_chat","headers":{"content-type":"application/json","authorization":"Bearer <redacted:70>","User-Agent":"ZCode/unknown","HTTP-Referer":"https://zcode.z.ai","X-Title":"Z Code@electron"},"method":"POST","model":"ox-alpha","providerId":"3a57ef88-16c9-48c9-af35-067641626862","requestUrl":"https://api.coder.r4.chat/v1/chat/completions"}
[2026-08-23 20:21:54.579] [info] [pid:4468] [main] [host-log] (local-1) [host] [2026-08-23 20:21:54.578] [pid:33160] [zcode-host] [rpc:call] off-peak-task.list OK (0.2ms)
[2026-08-23 20:22:01.391] [warn] [pid:4468] [main] [host-log] (local-1) [host] [2026-08-23 20:22:01.390] [pid:33160] [model-provider] [testModelConnectivity] failed {"apiFormat":"openai-chat-completions","defaultKind":"openai-compatible","durationMs":30025,"endpointType":"openai_chat","errorKind":"unknown","kind":"openai-compatible","model":"ox-alpha","providerId":"3a57ef88-16c9-48c9-af35-067641626862","requestUrl":"https://api.coder.r4.chat/v1/chat/completions","success":false,"url":"https://api.coder.r4.chat/v1"}
[2026-08-23 20:22:01.392] [info] [pid:4468] [main] [host-log] (local-1) [host] [2026-08-23 20:22:01.390] [pid:33160] [zcode-host] [rpc:call] model-provider.testModelConnectivity OK (30024.6ms)
[2026-08-23 20:22:24.584] [info] [pid:4468] [main] [host-log] (local-1) [host] [2026-08-23 20:22:24.583] [pid:33160] [zcode-host] [rpc:call] off-peak-task.list OK (0.2ms)
[2026-08-23 20:22:42.069] [info] [pid:4468] [main] [host-log] (local-1) [host] [2026-08-23 20:22:42.068] [pid:33160] [settingService] writing settings to: C:\Users\llh04\.zcode\v2\setting.json {"recentProjects":["C:\\Users\\llh04\\Desktop\\小说","D:\\公考","D:\\公考\\图形推理详解"],"locale":"zh-CN","localePreference":"zh-CN","terminalInheritSystemProfile":true,"embeddedBrowserAllowInsecureCertificates":false,"taskAutoArchiveEnabled":false,"taskAutoArchiveOlderThanDays":7,"closeToTrayOnWindows":true,"closeToTrayOnWindowsMigrationInitialized":true,"keepAwakeWhileRunning":false,"desktopWindowSize":{"width":1200,"height":800,"maximized":true},"desktopChromiumHardwareAccelerationEnabled":true,"messageStreamShowReasoning":false,"messageStreamShowTodos":false,"toolGroupingExploreEnabled":true,"toolGroupingTerminalEnabled":true,"toolGroupingChangesEnabled":false,"zcodeInteractionBehavior":"queue","askUserQuestionAutoResolutionEnabled":true,"modelIoFullRetentionEnabled":false,"optimizeAgentExperienceEnabled":false,"optimizeAgentExperienceMigrationInitialized":true,"enabledBuiltinAgentCliProviders":["glm"],"modelProviderFamilyModes":{"zai":"oauth"},"modelProviderFamilySelectedKeys":{"zai":"coding-plan:builtin:zai-start-plan"},"providerFamilyDomain":"zai","providerFamilyDomainUpdatedAt":1787116588334,"providerFamilyDomainMigrated":true,"repoSnapshotIndexingEnabled":false,"instantGrepIndexingEnabled":false,"nativeSearchEnhancementsEnabled":true,"memoryEnabled":false,"lastWorkspaceSession":[{"kind":"local","workspacePath":"C:\\Users\\llh04\\Desktop\\小说","workspacePurpose":"project"},{"kind":"local","workspacePath":"D:\\公考","workspacePurpose":"project"},{"kind":"local","workspacePath":"C:\\Users\\llh04\\.zcode\\workspace\\default","workspacePurpose":"conversation"}],"lastActiveTabIndex":0,"pendingPostUpdateReleaseNotes":{"version":"3.9.1","title":"Release v3.9.1","markdown":"## 新功能\n\n- 优化模型配置选项页面\n- 默认展示思考过程及实时耗时\n\n## 问题修复\n\n- 修复截图和网页工具图片在部分网关中无法显示的问题\n- 修复单冒号文件引用无法识别的问题","releaseDate":"2026-08-23T02:22:17.074Z","releaseNotesByLocale":{"zh-CN":{"title":"Release v3.9.1","markdown":"## 新功能\n\n- 优化模型配置选项页面\n- 默认展示思考过程及实时耗时\n\n## 问题修复\n\n- 修复截图和网页工具图片在部分网关中无法显示的问题\n- 修复单冒号文件引用无法识别的问题"},"en-US":{"title":"Release v3.9.1","markdown":"## New Features\n\n- Optimize the model configuration options page\n- By default, the thinking process and real-time time consumption are displayed\n\n## Issue Fix\n\n- Fixed the issue where screenshots and web tool images could not be displayed in some gateways\n- Fixed the issue where single-colon file references could not be recognized"}}},"receivePreviewUpdates":false,"autoDownloadAndInstallUpdates":true,"skippedElectronUpdateVersions":{},"settingsSyncFirstRunPromptHandled":true}
[2026-08-23 20:22:42.073] [info] [pid:4468] [main] [host-log] (local-1) [host] [2026-08-23 20:22:42.072] [pid:33160] [settingService] write done
[2026-08-23 20:22:42.075] [info] [pid:4468] [main] [host-log] (local-1) [host] [2026-08-23 20:22:42.072] [pid:33160] [zcode-host] [rpc:call] setting.update OK (4.8ms)
[2026-08-23 20:22:52.017] [info] [pid:4468] [main] [host-log] (local-1) [host] [2026-08-23 20:22:52.016] [pid:33160] [settingService] writing settings to: C:\Users\llh04\.zcode\v2\setting.json {"recentProjects":["C:\\Users\\llh04\\Desktop\\小说","D:\\公考","D:\\公考\\图形推理详解"],"locale":"zh-CN","localePreference":"zh-CN","terminalInheritSystemProfile":true,"embeddedBrowserAllowInsecureCertificates":false,"taskAutoArchiveEnabled":false,"taskAutoArchiveOlderThanDays":7,"closeToTrayOnWindows":true,"closeToTrayOnWindowsMigrationInitialized":true,"keepAwakeWhileRunning":false,"desktopWindowSize":{"width":1200,"height":800,"maximized":true},"desktopChromiumHardwareAccelerationEnabled":true,"messageStreamShowReasoning":false,"messageStreamShowTodos":false,"toolGroupingExploreEnabled":true,"toolGroupingTerminalEnabled":true,"toolGroupingChangesEnabled":false,"zcodeInteractionBehavior":"queue","askUserQuestionAutoResolutionEnabled":true,"modelIoFullRetentionEnabled":false,"optimizeAgentExperienceEnabled":false,"optimizeAgentExperienceMigrationInitialized":true,"enabledBuiltinAgentCliProviders":["glm"],"modelProviderFamilyModes":{"zai":"oauth"},"modelProviderFamilySelectedKeys":{"zai":"coding-plan:builtin:zai-start-plan"},"providerFamilyDomain":"zai","providerFamilyDomainUpdatedAt":1787116588334,"providerFamilyDomainMigrated":true,"repoSnapshotIndexingEnabled":false,"instantGrepIndexingEnabled":false,"nativeSearchEnhancementsEnabled":true,"memoryEnabled":false,"lastWorkspaceSession":[{"kind":"local","workspacePath":"C:\\Users\\llh04\\Desktop\\小说","workspacePurpose":"project"},{"kind":"local","workspacePath":"D:\\公考","workspacePurpose":"project"},{"kind":"local","workspacePath":"C:\\Users\\llh04\\.zcode\\workspace\\default","workspacePurpose":"conversation"}],"lastActiveTabIndex":0,"pendingPostUpdateReleaseNotes":{"version":"3.9.1","title":"Release v3.9.1","markdown":"## 新功能\n\n- 优化模型配置选项页面\n- 默认展示思考过程及实时耗时\n\n## 问题修复\n\n- 修复截图和网页工具图片在部分网关中无法显示的问题\n- 修复单冒号文件引用无法识别的问题","releaseDate":"2026-08-23T02:22:17.074Z","releaseNotesByLocale":{"zh-CN":{"title":"Release v3.9.1","markdown":"## 新功能\n\n- 优化模型配置选项页面\n- 默认展示思考过程及实时耗时\n\n## 问题修复\n\n- 修复截图和网页工具图片在部分网关中无法显示的问题\n- 修复单冒号文件引用无法识别的问题"},"en-US":{"title":"Release v3.9.1","markdown":"## New Features\n\n- Optimize the model configuration options page\n- By default, the thinking process and real-time time consumption are displayed\n\n## Issue Fix\n\n- Fixed the issue where screenshots and web tool images could not be displayed in some gateways\n- Fixed the issue where single-colon file references could not be recognized"}}},"receivePreviewUpdates":false,"autoDownloadAndInstallUpdates":true,"skippedElectronUpdateVersions":{},"settingsSyncFirstRunPromptHandled":true}
[2026-08-23 20:22:52.021] [info] [pid:4468] [main] [host-log] (local-1) [host] [2026-08-23 20:22:52.020] [pid:33160] [settingService] write done
[2026-08-23 20:22:52.021] [info] [pid:4468] [main] [host-log] (local-1) [host] [2026-08-23 20:22:52.020] [pid:33160] [zcode-host] [rpc:call] setting.update OK (4.8ms)
[2026-08-23 20:22:54.579] [info] [pid:4468] [main] [host-log] (local-1) [host] [2026-08-23 20:22:54.577] [pid:33160] [zcode-host] [rpc:call] off-peak-task.list OK (0.2ms)
[2026-08-23 20:23:04.956] [info] [pid:4468] [main] [app-quit] explicit quit requested (tray-quit)
[2026-08-23 20:23:04.958] [info] [pid:4468] [main] [app-quit] forceQuit enabled (app-before-quit)
[2026-08-23 20:23:04.959] [info] [pid:4468] [main] [stability] perf_app_exit reported {"scene":"app_quit","exitCode":0}
[2026-08-23 20:23:04.960] [info] [pid:4468] [main] [app-quit] waiting for host process cleanup (app-before-quit), kind=normal, hosts=1, forceKillDelayMs=4000, waitTimeoutMs=4500
[2026-08-23 20:23:04.961] [info] [pid:4468] [main] [disposeHostProcess] disposing host process (app-before-quit-1), pid=33160
[2026-08-23 20:23:04.977] [info] [pid:4468] [main] [host-log] (local-1) [host] [2026-08-23 20:23:04.962] [pid:33160] [zcode-host] disposing host resources, reason=parent dispose
[2026-08-23 20:23:04.988] [warn] [pid:4468] [main] [host-log] (local-1) [host] [2026-08-23 20:23:04.975] [pid:33160] [zcode-task-index-syncer] 清理 task index sessions-index 订阅失败 workspace=D:\公考\图形推理详解 {"name":"Error","message":"ZCode Protocol client is disposed","stack":"Error: ZCode Protocol client is disposed\n    at ZCodeProtocolClient.assertNotDisposed (file:///D:/zcode/resources/app.asar/out/host/index.js:1005:13037)\n    at ZCodeProtocolClient.request (file:///D:/zcode/resources/app.asar/out/host/index.js:1005:10236)\n    at unsubscribeV4Route (file:///D:/zcode/resources/app.asar/out/host/index.js:1046:37882)\n    at process.processTicksAndRejections (node:internal/process/task_queues:104:5)\n    at async Object.unsubscribeSessionsIndexV4 (file:///D:/zcode/resources/app.asar/out/host/index.js:1046:95934)\n    at async unsubscribeIndex (file:///D:/zcode/resources/app.asar/out/host/index.js:1502:21294)"}
[2026-08-23 20:23:04.988] [warn] [pid:4468] [main] [host-log] (local-1) [host] [2026-08-23 20:23:04.987] [pid:33160] [zcode-task-index-syncer] 清理 task index workspace-config 订阅失败 workspace=D:\公考\图形推理详解 {"name":"Error","message":"ZCode Protocol client is disposed","stack":"Error: ZCode Protocol client is disposed\n    at ZCodeProtocolClient.assertNotDisposed (file:///D:/zcode/resources/app.asar/out/host/index.js:1005:13037)\n    at ZCodeProtocolClient.request (file:///D:/zcode/resources/app.asar/out/host/index.js:1005:10236)\n    at unsubscribeV4Route (file:///D:/zcode/resources/app.asar/out/host/index.js:1046:37882)\n    at process.processTicksAndRejections (node:internal/process/task_queues:104:5)\n    at async Object.unsubscribeWorkspaceConfigV4 (file:///D:/zcode/resources/app.asar/out/host/index.js:1046:96464)\n    at async unsubscribeConfig (file:///D:/zcode/resources/app.asar/out/host/index.js:1502:21565)"}
[2026-08-23 20:23:04.989] [warn] [pid:4468] [main] [host-log] (local-1) [host] [2026-08-23 20:23:04.987] [pid:33160] [zcode-task-index-syncer] 清理 task index sessions-index 订阅失败 workspace=C:\Users\llh04\Desktop\小说 {"name":"Error","message":"ZCode Protocol client is disposed","stack":"Error: ZCode Protocol client is disposed\n    at ZCodeProtocolClient.assertNotDisposed (file:///D:/zcode/resources/app.asar/out/host/index.js:1005:13037)\n    at ZCodeProtocolClient.request (file:///D:/zcode/resources/app.asar/out/host/index.js:1005:10236)\n    at unsubscribeV4Route (file:///D:/zcode/resources/app.asar/out/host/index.js:1046:37882)\n    at process.processTicksAndRejections (node:internal/process/task_queues:104:5)\n    at async Object.unsubscribeSessionsIndexV4 (file:///D:/zcode/resources/app.asar/out/host/index.js:1046:95934)\n    at async unsubscribeIndex (file:///D:/zcode/resources/app.asar/out/host/index.js:1502:21294)"}
[2026-08-23 20:23:04.989] [warn] [pid:4468] [main] [host-log] (local-1) [host] [2026-08-23 20:23:04.987] [pid:33160] [zcode-task-index-syncer] 清理 task index workspace-config 订阅失败 workspace=C:\Users\llh04\Desktop\小说 {"name":"Error","message":"ZCode Protocol client is disposed","stack":"Error: ZCode Protocol client is disposed\n    at ZCodeProtocolClient.assertNotDisposed (file:///D:/zcode/resources/app.asar/out/host/index.js:1005:13037)\n    at ZCodeProtocolClient.request (file:///D:/zcode/resources/app.asar/out/host/index.js:1005:10236)\n    at unsubscribeV4Route (file:///D:/zcode/resources/app.asar/out/host/index.js:1046:37882)\n    at process.processTicksAndRejections (node:internal/process/task_queues:104:5)\n    at async Object.unsubscribeWorkspaceConfigV4 (file:///D:/zcode/resources/app.asar/out/host/index.js:1046:96464)\n    at async unsubscribeConfig (file:///D:/zcode/resources/app.asar/out/host/index.js:1502:21565)"}
[2026-08-23 20:23:04.990] [warn] [pid:4468] [main] [host-log] (local-1) [host] [2026-08-23 20:23:04.988] [pid:33160] [zcode-task-index-syncer] 清理 task index sessions-index 订阅失败 workspace=D:\公考 {"name":"Error","message":"ZCode Protocol client is disposed","stack":"Error: ZCode Protocol client is disposed\n    at ZCodeProtocolClient.assertNotDisposed (file:///D:/zcode/resources/app.asar/out/host/index.js:1005:13037)\n    at ZCodeProtocolClient.request (file:///D:/zcode/resources/app.asar/out/host/index.js:1005:10236)\n    at unsubscribeV4Route (file:///D:/zcode/resources/app.asar/out/host/index.js:1046:37882)\n    at process.processTicksAndRejections (node:internal/process/task_queues:104:5)\n    at async Object.unsubscribeSessionsIndexV4 (file:///D:/zcode/resources/app.asar/out/host/index.js:1046:95934)\n    at async unsubscribeIndex (file:///D:/zcode/resources/app.asar/out/host/index.js:1502:21294)"}
[2026-08-23 20:23:04.991] [warn] [pid:4468] [main] [host-log] (local-1) [host] [2026-08-23 20:23:04.988] [pid:33160] [zcode-task-index-syncer] 清理 task index workspace-config 订阅失败 workspace=D:\公考 {"name":"Error","message":"ZCode Protocol client is disposed","stack":"Error: ZCode Protocol client is disposed\n    at ZCodeProtocolClient.assertNotDisposed (file:///D:/zcode/resources/app.asar/out/host/index.js:1005:13037)\n    at ZCodeProtocolClient.request (file:///D:/zcode/resources/app.asar/out/host/index.js:1005:10236)\n    at unsubscribeV4Route (file:///D:/zcode/resources/app.asar/out/host/index.js:1046:37882)\n    at process.processTicksAndRejections (node:internal/process/task_queues:104:5)\n    at async Object.unsubscribeWorkspaceConfigV4 (file:///D:/zcode/resources/app.asar/out/host/index.js:1046:96464)\n    at async unsubscribeConfig (file:///D:/zcode/resources/app.asar/out/host/index.js:1502:21565)"}
[2026-08-23 20:23:05.003] [info] [pid:4468] [main] [cron-scheduler] scheduler process exited code=0
[2026-08-23 20:23:05.004] [error] [pid:4468] [main] [host-log] (local-1) [host] (node:33160) UnhandledPromiseRejectionWarning: Error: ZCode Protocol client disposed
    at ZCodeProtocolClient.disposeLocalResources (file:///D:/zcode/resources/app.asar/out/host/index.js:1005:12751)
    at ZCodeProtocolClient.disposeAndWait (file:///D:/zcode/resources/app.asar/out/host/index.js:1005:11674)
    at ZCodeAgentProcessManager.cleanupManagedProcess (file:///D:/zcode/resources/app.asar/out/host/index.js:1046:5977)
    at ZCodeAgentProcessManager.cleanupManagedProcessForShutdown (file:///D:/zcode/resources/app.asar/out/host/index.js:1046:6525)
    at file:///D:/zcode/resources/app.asar/out/host/index.js:1046:14090
    at Array.map (<anonymous>)
    at ZCodeAgentProcessManager.disposeAllAndWait (file:///D:/zcode/resources/app.asar/out/host/index.js:1046:14078)
    at Object.disposeAllAndWait (file:///D:/zcode/resources/app.asar/out/host/index.js:1046:97011)
    at disposeZCodeAgentServiceAndWait (file:///D:/zcode/resources/app.asar/out/host/index.js:1055:30247)
    at Proxy.disposeAllAndWait (file:///D:/zcode/resources/app.asar/out/host/index.js:1055:54438)
[2026-08-23 20:23:05.006] [warn] [pid:4468] [main] [host-log] (local-1) [host] [2026-08-23 20:23:05.003] [pid:33160] [zcode-host] UnhandledPromiseRejectionWarning: Error: ZCode Protocol client disposed
    at ZCodeProtocolClient.disposeLocalResources (file:///D:/zcode/resources/app.asar/out/host/index.js:1005:12751)
    at ZCodeProtocolClient.disposeAndWait (file:///D:/zcode/resources/app.asar/out/host/index.js:1005:11674)
    at ZCodeAgentProcessManager.cleanupManagedProcess (file:///D:/zcode/resources/app.asar/out/host/index.js:1046:5977)
    at ZCodeAgentProcessManager.cleanupManagedProcessForShutdown (file:///D:/zcode/resources/app.asar/out/host/index.js:1046:6525)
    at file:///D:/zcode/resources/app.asar/out/host/index.js:1046:14090
    at Array.map (<anonymous>)
    at ZCodeAgentProcessManager.disposeAllAndWait (file:///D:/zcode/resources/app.asar/out/host/index.js:1046:14078)
    at Object.disposeAllAndWait (file:///D:/zcode/resources/app.asar/out/host/index.js:1046:97011)
    at disposeZCodeAgentServiceAndWait (file:///D:/zcode/resources/app.asar/out/host/index.js:1055:30247)
    at Proxy.disposeAllAndWait (file:///D:/zcode/resources/app.asar/out/host/index.js:1055:54438)
[2026-08-23 20:23:05.006] [error] [pid:4468] [main] [host-log] (local-1) [host] (node:33160) UnhandledPromiseRejectionWarning: Unhandled promise rejection. This error originated either by throwing inside of an async function without a catch block, or by rejecting a promise which was not handled with .catch(). To terminate the node process on unhandled promise rejection, use the CLI flag `--unhandled-rejections=strict` (see https://nodejs.org/api/cli.html#cli_unhandled_rejections_mode). (rejection id: 69)
[2026-08-23 20:23:05.007] [warn] [pid:4468] [main] [host-log] (local-1) [host] [2026-08-23 20:23:05.003] [pid:33160] [zcode-host] UnhandledPromiseRejectionWarning: Unhandled promise rejection. This error originated either by throwing inside of an async function without a catch block, or by rejecting a promise which was not handled with .catch(). To terminate the node process on unhandled promise rejection, use the CLI flag `--unhandled-rejections=strict` (see https://nodejs.org/api/cli.html#cli_unhandled_rejections_mode). (rejection id: 69)
[2026-08-23 20:23:05.007] [error] [pid:4468] [main] [host-log] (local-1) [host] (node:33160) UnhandledPromiseRejectionWarning: Error: ZCode Protocol client disposed
    at ZCodeProtocolClient.disposeLocalResources (file:///D:/zcode/resources/app.asar/out/host/index.js:1005:12751)
    at ZCodeProtocolClient.disposeAndWait (file:///D:/zcode/resources/app.asar/out/host/index.js:1005:11674)
    at ZCodeAgentProcessManager.cleanupManagedProcess (file:///D:/zcode/resources/app.asar/out/host/index.js:1046:5977)
    at ZCodeAgentProcessManager.cleanupManagedProcessForShutdown (file:///D:/zcode/resources/app.asar/out/host/index.js:1046:6525)
    at file:///D:/zcode/resources/app.asar/out/host/index.js:1046:14090
    at Array.map (<anonymous>)
    at ZCodeAgentProcessManager.disposeAllAndWait (file:///D:/zcode/resources/app.asar/out/host/index.js:1046:14078)
    at Object.disposeAllAndWait (file:///D:/zcode/resources/app.asar/out/host/index.js:1046:97011)
    at disposeZCodeAgentServiceAndWait (file:///D:/zcode/resources/app.asar/out/host/index.js:1055:30247)
    at Proxy.disposeAllAndWait (file:///D:/zcode/resources/app.asar/out/host/index.js:1055:54438)
[2026-08-23 20:23:05.008] [warn] [pid:4468] [main] [host-log] (local-1) [host] [2026-08-23 20:23:05.003] [pid:33160] [zcode-host] UnhandledPromiseRejectionWarning: Error: ZCode Protocol client disposed
    at ZCodeProtocolClient.disposeLocalResources (file:///D:/zcode/resources/app.asar/out/host/index.js:1005:12751)
    at ZCodeProtocolClient.disposeAndWait (file:///D:/zcode/resources/app.asar/out/host/index.js:1005:11674)
    at ZCodeAgentProcessManager.cleanupManagedProcess (file:///D:/zcode/resources/app.asar/out/host/index.js:1046:5977)
    at ZCodeAgentProcessManager.cleanupManagedProcessForShutdown (file:///D:/zcode/resources/app.asar/out/host/index.js:1046:6525)
    at file:///D:/zcode/resources/app.asar/out/host/index.js:1046:14090
    at Array.map (<anonymous>)
    at ZCodeAgentProcessManager.disposeAllAndWait (file:///D:/zcode/resources/app.asar/out/host/index.js:1046:14078)
    at Object.disposeAllAndWait (file:///D:/zcode/resources/app.asar/out/host/index.js:1046:97011)
    at disposeZCodeAgentServiceAndWait (file:///D:/zcode/resources/app.asar/out/host/index.js:1055:30247)
    at Proxy.disposeAllAndWait (file:///D:/zcode/resources/app.asar/out/host/index.js:1055:54438)
[2026-08-23 20:23:05.008] [error] [pid:4468] [main] [host-log] (local-1) [host] (node:33160) UnhandledPromiseRejectionWarning: Unhandled promise rejection. This error originated either by throwing inside of an async function without a catch block, or by rejecting a promise which was not handled with .catch(). To terminate the node process on unhandled promise rejection, use the CLI flag `--unhandled-rejections=strict` (see https://nodejs.org/api/cli.html#cli_unhandled_rejections_mode). (rejection id: 70)
[2026-08-23 20:23:05.009] [warn] [pid:4468] [main] [host-log] (local-1) [host] [2026-08-23 20:23:05.003] [pid:33160] [zcode-host] UnhandledPromiseRejectionWarning: Unhandled promise rejection. This error originated either by throwing inside of an async function without a catch block, or by rejecting a promise which was not handled with .catch(). To terminate the node process on unhandled promise rejection, use the CLI flag `--unhandled-rejections=strict` (see https://nodejs.org/api/cli.html#cli_unhandled_rejections_mode). (rejection id: 70)
[2026-08-23 20:23:05.009] [error] [pid:4468] [main] [host-log] (local-1) [host] (node:33160) UnhandledPromiseRejectionWarning: Error: ZCode Protocol client disposed
    at ZCodeProtocolClient.disposeLocalResources (file:///D:/zcode/resources/app.asar/out/host/index.js:1005:12751)
    at ZCodeProtocolClient.disposeAndWait (file:///D:/zcode/resources/app.asar/out/host/index.js:1005:11674)
    at ZCodeAgentProcessManager.cleanupManagedProcess (file:///D:/zcode/resources/app.asar/out/host/index.js:1046:5977)
    at ZCodeAgentProcessManager.cleanupManagedProcessForShutdown (file:///D:/zcode/resources/app.asar/out/host/index.js:1046:6525)
    at file:///D:/zcode/resources/app.asar/out/host/index.js:1046:14090
    at Array.map (<anonymous>)
    at ZCodeAgentProcessManager.disposeAllAndWait (file:///D:/zcode/resources/app.asar/out/host/index.js:1046:14078)
    at Object.disposeAllAndWait (file:///D:/zcode/resources/app.asar/out/host/index.js:1046:97011)
    at disposeZCodeAgentServiceAndWait (file:///D:/zcode/resources/app.asar/out/host/index.js:1055:30247)
    at Proxy.disposeAllAndWait (file:///D:/zcode/resources/app.asar/out/host/index.js:1055:54438)
[2026-08-23 20:23:05.009] [warn] [pid:4468] [main] [host-log] (local-1) [host] [2026-08-23 20:23:05.003] [pid:33160] [zcode-host] UnhandledPromiseRejectionWarning: Error: ZCode Protocol client disposed
    at ZCodeProtocolClient.disposeLocalResources (file:///D:/zcode/resources/app.asar/out/host/index.js:1005:12751)
    at ZCodeProtocolClient.disposeAndWait (file:///D:/zcode/resources/app.asar/out/host/index.js:1005:11674)
    at ZCodeAgentProcessManager.cleanupManagedProcess (file:///D:/zcode/resources/app.asar/out/host/index.js:1046:5977)
    at ZCodeAgentProcessManager.cleanupManagedProcessForShutdown (file:///D:/zcode/resources/app.asar/out/host/index.js:1046:6525)
    at file:///D:/zcode/resources/app.asar/out/host/index.js:1046:14090
    at Array.map (<anonymous>)
    at ZCodeAgentProcessManager.disposeAllAndWait (file:///D:/zcode/resources/app.asar/out/host/index.js:1046:14078)
    at Object.disposeAllAndWait (file:///D:/zcode/resources/app.asar/out/host/index.js:1046:97011)
    at disposeZCodeAgentServiceAndWait (file:///D:/zcode/resources/app.asar/out/host/index.js:1055:30247)
    at Proxy.disposeAllAndWait (file:///D:/zcode/resources/app.asar/out/host/index.js:1055:54438)
[2026-08-23 20:23:05.010] [error] [pid:4468] [main] [host-log] (local-1) [host] (node:33160) UnhandledPromiseRejectionWarning: Unhandled promise rejection. This error originated either by throwing inside of an async function without a catch block, or by rejecting a promise which was not handled with .catch(). To terminate the node process on unhandled promise rejection, use the CLI flag `--unhandled-rejections=strict` (see https://nodejs.org/api/cli.html#cli_unhandled_rejections_mode). (rejection id: 71)
[2026-08-23 20:23:05.011] [warn] [pid:4468] [main] [host-log] (local-1) [host] [2026-08-23 20:23:05.003] [pid:33160] [zcode-host] UnhandledPromiseRejectionWarning: Unhandled promise rejection. This error originated either by throwing inside of an async function without a catch block, or by rejecting a promise which was not handled with .catch(). To terminate the node process on unhandled promise rejection, use the CLI flag `--unhandled-rejections=strict` (see https://nodejs.org/api/cli.html#cli_unhandled_rejections_mode). (rejection id: 71)
[2026-08-23 20:23:05.012] [error] [pid:4468] [main] [host-log] (local-1) [host] (node:33160) PromiseRejectionHandledWarning: Promise rejection was handled asynchronously (rejection id: 69)
[2026-08-23 20:23:05.012] [warn] [pid:4468] [main] [host-log] (local-1) [host] [2026-08-23 20:23:05.003] [pid:33160] [zcode-host] PromiseRejectionHandledWarning: Promise rejection was handled asynchronously (rejection id: 69)
[2026-08-23 20:23:05.013] [error] [pid:4468] [main] [host-log] (local-1) [host] (node:33160) PromiseRejectionHandledWarning: Promise rejection was handled asynchronously (rejection id: 71)
[2026-08-23 20:23:05.013] [warn] [pid:4468] [main] [host-log] (local-1) [host] [2026-08-23 20:23:05.003] [pid:33160] [zcode-host] PromiseRejectionHandledWarning: Promise rejection was handled asynchronously (rejection id: 71)
[2026-08-23 20:23:05.015] [warn] [pid:4468] [main] [host-log] (local-1) [host] [2026-08-23 20:23:05.004] [pid:33160] [zcode-host] failed to forward attachment connection flow state {"state":"closed","message":"ZCode Protocol client disposed"}
[2026-08-23 20:23:05.015] [error] [pid:4468] [main] [host-log] (local-1) [host] (node:33160) PromiseRejectionHandledWarning: Promise rejection was handled asynchronously (rejection id: 70)
[2026-08-23 20:23:05.016] [warn] [pid:4468] [main] [host-log] (local-1) [host] [2026-08-23 20:23:05.004] [pid:33160] [zcode-host] PromiseRejectionHandledWarning: Promise rejection was handled asynchronously (rejection id: 70)
[2026-08-23 20:23:05.886] [info] [pid:4468] [main] [host-log] (local-1) [host] [2026-08-23 20:23:05.885] [pid:33160] [zcode-agent] ZCode agent process exited {"workspaceKey":"D:\\公考","pid":36320,"runtimeIdentity":"D:\\公考:1:36320","code":0,"signal":null,"terminationKind":"expected","terminationReason":"manager-dispose"}
[2026-08-23 20:23:05.889] [info] [pid:4468] [main] [host-log] (local-1) [host] [2026-08-23 20:23:05.886] [pid:33160] [zcode-agent] ZCode agent process cleanup completed {"workspaceKey":"D:\\公考","pid":36320,"runtimeIdentity":"D:\\公考:1:36320","reason":"manager-dispose"}
[2026-08-23 20:23:05.939] [info] [pid:4468] [main] [host-log] (local-1) [host] [2026-08-23 20:23:05.939] [pid:33160] [zcode-agent] ZCode agent process exited {"workspaceKey":"D:\\公考\\图形推理详解","pid":10380,"runtimeIdentity":"D:\\公考\\图形推理详解:1:10380","code":0,"signal":null,"terminationKind":"expected","terminationReason":"manager-dispose"}
[2026-08-23 20:23:05.940] [info] [pid:4468] [main] [host-log] (local-1) [host] [2026-08-23 20:23:05.939] [pid:33160] [zcode-agent] ZCode agent process cleanup completed {"workspaceKey":"D:\\公考\\图形推理详解","pid":10380,"runtimeIdentity":"D:\\公考\\图形推理详解:1:10380","reason":"manager-dispose"}
[2026-08-23 20:23:06.082] [error] [pid:4468] [main] [host-log] (local-1) [host] [2026-08-23 20:23:06.082] [pid:33160] [zcode-agent] ZCode agent process cleanup failed {"workspaceKey":"C:\\Users\\llh04\\Desktop\\小说","pid":40576,"runtimeIdentity":"C:\\Users\\llh04\\Desktop\\小说:1:40576","reason":"manager-dispose","error":{}}
[2026-08-23 20:23:06.083] [warn] [pid:4468] [main] [host-log] (local-1) [host] [2026-08-23 20:23:06.082] [pid:33160] [zcode-agent] ZCode agent process cleanup retrying during manager dispose {"workspaceKey":"C:\\Users\\llh04\\Desktop\\小说","pid":40576,"runtimeIdentity":"C:\\Users\\llh04\\Desktop\\小说:1:40576","error":{}}
[2026-08-23 20:23:06.088] [info] [pid:4468] [main] [host-log] (local-1) [host] [2026-08-23 20:23:06.087] [pid:33160] [zcode-agent] ZCode agent process exited {"workspaceKey":"C:\\Users\\llh04\\Desktop\\小说","pid":40576,"runtimeIdentity":"C:\\Users\\llh04\\Desktop\\小说:1:40576","code":0,"signal":null,"terminationKind":"expected","terminationReason":"manager-dispose"}
[2026-08-23 20:23:06.089] [info] [pid:4468] [main] [host-log] (local-1) [host] [2026-08-23 20:23:06.087] [pid:33160] [zcode-agent] ZCode agent process cleanup completed {"workspaceKey":"C:\\Users\\llh04\\Desktop\\小说","pid":40576,"runtimeIdentity":"C:\\Users\\llh04\\Desktop\\小说:1:40576","reason":"manager-dispose-retry"}
[2026-08-23 20:23:06.093] [info] [pid:4468] [main] [task-realtime] unregistered host {"hostId":"d07989c4-0788-43fd-beeb-5b677fb731c5","windowId":1}
[2026-08-23 20:23:06.094] [info] [pid:4468] [main] [spawnHostProcess] host process (local-1) exited with code 0
[2026-08-23 20:23:06.094] [info] [pid:4468] [main] [app-quit] host process cleanup completed (app-before-quit)
[2026-08-23 20:23:06.095] [info] [pid:4468] [main] [app-quit] preparation finished, resuming quit with windows=1
[2026-08-23 20:23:06.115] [info] [pid:4468] [main] [createWindow] window closed, killing host process (local-1)
[2026-08-23 20:23:06.115] [info] [pid:4468] [main] [app-quit] all windows closed after preparation, exiting app
[2026-08-23 20:23:06.116] [info] [pid:4468] [main] [app-quit] exiting prepared app (all-windows-closed-after-preparation)
[2026-08-23 20:28:40.077] [info] [pid:5220] [main] [crash-capture] configured remoteCrashReporterEnabled=true stagingDir=C:\Users\llh04\.zcode\v2\crash\live archiveDir=C:\Users\llh04\.zcode\v2\crash\archive
[2026-08-23 20:28:40.095] [info] [pid:5220] [main] [deep-link] 注册协议成功 {"scheme":"zcode"}
[2026-08-23 20:28:40.126] [info] [pid:5220] [main] [startup] runtime process env prepared asynchronously id=1 in 40ms
[2026-08-23 20:28:40.127] [info] [pid:5220] [main] [arms] electron initialized env=prod version=3.8.1
[2026-08-23 20:28:40.410] [info] [pid:5220] [main] [cron-scheduler] forked scheduler process pid=undefined
[2026-08-23 20:28:40.507] [info] [pid:5220] [main] [open-folder] Windows Explorer 右键菜单已安装或更新 {"executablePath":"D:\\zcode\\ZCode.exe","hasDefaultAppEntry":false,"locale":"zh-CN"}
[2026-08-23 20:28:40.509] [info] [pid:5220] [main] [desktop-network] renderer proxy mode=direct bypass=disabled customCa=disabled insecureCerts=rejected
[2026-08-23 20:28:40.509] [info] [pid:5220] [main] [desktop-network] renderer proxy mode=system bypass=disabled customCa=disabled insecureCerts=rejected
[2026-08-23 20:28:40.510] [info] [pid:5220] [main] [auto-update] hydrated pending post-update release notes version=3.9.1
[2026-08-23 20:28:40.512] [info] [pid:5220] [main] [auto-update] restored ready update from pending release notes version=3.9.1
[2026-08-23 20:28:40.513] [warn] [pid:5220] [main] [startup] Windows bundled runtime missing providers: glm resources=[{"dir":"glm","path":"D:\\zcode\\resources\\glm","exists":true,"entries":[".node-bundle-meta.json","packages/","zcode.cjs"]},{"dir":"tools","path":"D:\\zcode\\resources\\tools","exists":true,"entries":["ripgrep/","ugrep/"]}]
[2026-08-23 20:28:40.515] [info] [pid:5220] [main] [auto-update] initializing, current version: 3.8.1
[2026-08-23 20:28:40.516] [info] [pid:5220] [main] [auto-update] service manifest provider applied platform=windows-x86_64
[2026-08-23 20:28:41.092] [info] [pid:5220] [main] [resource] sampling started interval=10000ms report=300000ms
[2026-08-23 20:28:41.092] [info] [pid:5220] [main] [network] reporting started interval=300000ms
[2026-08-23 20:28:41.094] [info] [pid:5220] [main] [cron-scheduler] cron scheduler started
[2026-08-23 20:28:41.097] [info] [pid:5220] [main] Checking for update
[2026-08-23 20:28:41.097] [info] [pid:5220] [main] [auto-update] checking for update...
[2026-08-23 20:28:41.247] [info] [pid:5220] [main] [desktop-context-prompt] config refreshed {"enabled":true,"configVersion":"desktop-sp-v1"}
[2026-08-23 20:28:41.336] [info] [pid:5220] [main] Found version 3.9.1 (url: https://cdn-zcode.z.ai/zcode/electron/releases/3.9.1/windows-x64/ZCode-3.9.1-win-x64.exe)
[2026-08-23 20:28:41.337] [info] [pid:5220] [main] [auto-update] new version available: 3.9.1
[2026-08-23 20:28:41.340] [info] [pid:5220] [main] Downloading update from https://cdn-zcode.z.ai/zcode/electron/releases/3.9.1/windows-x64/ZCode-3.9.1-win-x64.exe
[2026-08-23 20:28:41.350] [debug] [pid:5220] [main] updater cache dir: C:\Users\llh04\AppData\Local\@zcodedesktop-updater
[2026-08-23 20:28:41.379] [info] [pid:5220] [main] [startup] 创建主窗口
[2026-08-23 20:28:41.379] [info] [pid:5220] [main] [primary-window] creating main window (app-ready)
[2026-08-23 20:28:42.098] [info] [pid:5220] [main] [createWindow] dom-ready fired (local-1)
[2026-08-23 20:28:42.100] [info] [pid:5220] [main] [desktop-context-prompt] first host spawn decision resolved {"enabled":true,"configVersion":"desktop-sp-v1"}
[2026-08-23 20:28:42.103] [info] [pid:5220] [main] [spawnHostProcess] forked host process for (local-1), pid=undefined
[2026-08-23 20:28:42.104] [info] [pid:5220] [main] [spawnHostProcess] host module path: D:\zcode\resources\app.asar\out\host\index.js
[2026-08-23 20:28:42.104] [info] [pid:5220] [main] [spawnHostProcess] glm binary path: <not found>
[2026-08-23 20:28:42.104] [info] [pid:5220] [main] [spawnHostProcess] BIGMODEL_OAUTH_APP_SECRET source: fallback
[2026-08-23 20:28:42.105] [info] [pid:5220] [main] [task-realtime] registered host {"hostId":"e832b1d6-570e-41a7-a9b7-d01f2b139fe4","windowId":1,"workspaceKeyCount":0,"deliveryKind":"desktop_window"}
[2026-08-23 20:28:42.132] [info] [pid:5220] [main] [task-realtime] updated host workspace scopes {"hostId":"e832b1d6-570e-41a7-a9b7-d01f2b139fe4","workspaceKeyCount":0}
[2026-08-23 20:28:42.220] [info] [pid:5220] [main] [open-folder] Windows Explorer 右键菜单已安装或更新 {"executablePath":"D:\\zcode\\ZCode.exe","hasDefaultAppEntry":false,"locale":"zh-CN"}
[2026-08-23 20:28:42.601] [info] [pid:5220] [main] Update has already been downloaded to C:\Users\llh04\AppData\Local\@zcodedesktop-updater\pending\ZCode-3.9.1-win-x64.exe).
[2026-08-23 20:28:42.602] [info] [pid:5220] [main] [auto-update] downloaded: 3.9.1, waiting for explicit install
[2026-08-23 20:28:42.602] [info] [pid:5220] [main] [auto-update] sync ready update to window 1: 3.9.1
[2026-08-23 20:28:42.617] [info] [pid:5220] [main] [auto-update] persisted post-update release notes (update-downloaded) version=3.9.1
[2026-08-23 20:28:42.681] [warn] [pid:5220] [main] [host-log] (local-1) [host] [2026-08-23 20:28:42.679] [pid:36332] [zcode-host] ExperimentalWarning: SQLite is an experimental feature and might change at any time
[2026-08-23 20:28:42.688] [info] [pid:5220] [main] [host-log] (local-1) [host] [2026-08-23 20:28:42.687] [pid:36332] [zcode-host] initializing local services
[2026-08-23 20:28:42.703] [info] [pid:5220] [main] [host-log] (local-1) [host] [2026-08-23 20:28:42.701] [pid:36332] [zcode-agent-service] 开始初始化 ZCode agent {"workspaceKey":"C:\\Users\\llh04\\Desktop\\小说","workspacePath":"C:\\Users\\llh04\\Desktop\\小说"}
[2026-08-23 20:28:42.704] [info] [pid:5220] [main] [host-log] (local-1) [host] [2026-08-23 20:28:42.702] [pid:36332] [zcode-agent-service] 开始初始化 ZCode agent {"workspaceKey":"D:\\公考","workspacePath":"D:\\公考"}
[2026-08-23 20:28:42.705] [info] [pid:5220] [main] [host-log] (local-1) [host] [2026-08-23 20:28:42.702] [pid:36332] [zcode-agent-service] 开始初始化 ZCode agent {"workspaceKey":"D:\\公考\\图形推理详解","workspacePath":"D:\\公考\\图形推理详解"}
[2026-08-23 20:28:42.706] [info] [pid:5220] [main] [host-log] (local-1) [host] [2026-08-23 20:28:42.703] [pid:36332] [zcode-host] exposing services on ChannelServer...
[2026-08-23 20:28:42.707] [info] [pid:5220] [main] [host-log] (local-1) [host] [2026-08-23 20:28:42.703] [pid:36332] [zcode-host] creating ChannelServer (deferInit=false)
[2026-08-23 20:28:42.707] [info] [pid:5220] [main] [host-log] (local-1) [host] [2026-08-23 20:28:42.704] [pid:36332] [zcode-host] [rpc:register] channel "file"
[2026-08-23 20:28:42.708] [info] [pid:5220] [main] [host-log] (local-1) [host] [2026-08-23 20:28:42.704] [pid:36332] [zcode-host] [rpc:register] channel "git"
[2026-08-23 20:28:42.709] [info] [pid:5220] [main] [host-log] (local-1) [host] [2026-08-23 20:28:42.705] [pid:36332] [zcode-host] [rpc:register] channel "git-checkpoint"
[2026-08-23 20:28:42.709] [info] [pid:5220] [main] [host-log] (local-1) [host] [2026-08-23 20:28:42.705] [pid:36332] [zcode-host] [rpc:register] channel "system"
[2026-08-23 20:28:42.710] [info] [pid:5220] [main] [host-log] (local-1) [host] [2026-08-23 20:28:42.705] [pid:36332] [zcode-host] [rpc:register] channel "terminal"
[2026-08-23 20:28:42.710] [info] [pid:5220] [main] [host-log] (local-1) [host] [2026-08-23 20:28:42.705] [pid:36332] [zcode-host] [rpc:register] channel "setting"
[2026-08-23 20:28:42.710] [info] [pid:5220] [main] [host-log] (local-1) [host] [2026-08-23 20:28:42.705] [pid:36332] [zcode-host] [rpc:register] channel "credential"
[2026-08-23 20:28:42.711] [info] [pid:5220] [main] [host-log] (local-1) [host] [2026-08-23 20:28:42.705] [pid:36332] [zcode-host] [rpc:register] channel "broadcast"
[2026-08-23 20:28:42.711] [info] [pid:5220] [main] [host-log] (local-1) [host] [2026-08-23 20:28:42.705] [pid:36332] [zcode-host] [rpc:register] channel "zcode-task"
[2026-08-23 20:28:42.711] [info] [pid:5220] [main] [host-log] (local-1) [host] [2026-08-23 20:28:42.706] [pid:36332] [zcode-host] [rpc:register] channel "zcode-agent"
[2026-08-23 20:28:42.712] [info] [pid:5220] [main] [host-log] (local-1) [host] [2026-08-23 20:28:42.706] [pid:36332] [zcode-host] [rpc:register] channel "zcode-session"
[2026-08-23 20:28:42.712] [info] [pid:5220] [main] [host-log] (local-1) [host] [2026-08-23 20:28:42.706] [pid:36332] [zcode-host] [rpc:register] channel "bots"
[2026-08-23 20:28:42.713] [info] [pid:5220] [main] [host-log] (local-1) [host] [2026-08-23 20:28:42.706] [pid:36332] [zcode-host] [rpc:register] channel "file-watcher"
[2026-08-23 20:28:42.713] [info] [pid:5220] [main] [host-log] (local-1) [host] [2026-08-23 20:28:42.706] [pid:36332] [zcode-host] [rpc:register] channel "oauth"
[2026-08-23 20:28:42.713] [info] [pid:5220] [main] [host-log] (local-1) [host] [2026-08-23 20:28:42.706] [pid:36332] [zcode-host] [rpc:register] channel "model-provider"
[2026-08-23 20:28:42.714] [info] [pid:5220] [main] [host-log] (local-1) [host] [2026-08-23 20:28:42.706] [pid:36332] [zcode-host] [rpc:register] channel "usage-stats"
[2026-08-23 20:28:42.714] [info] [pid:5220] [main] [host-log] (local-1) [host] [2026-08-23 20:28:42.706] [pid:36332] [zcode-host] [rpc:register] channel "coding-plan-subscription"
[2026-08-23 20:28:42.714] [info] [pid:5220] [main] [host-log] (local-1) [host] [2026-08-23 20:28:42.706] [pid:36332] [zcode-host] [rpc:register] channel "client-scenes"
[2026-08-23 20:28:42.715] [info] [pid:5220] [main] [host-log] (local-1) [host] [2026-08-23 20:28:42.706] [pid:36332] [zcode-host] [rpc:register] channel "off-peak-task"
[2026-08-23 20:28:42.715] [info] [pid:5220] [main] [host-log] (local-1) [host] [2026-08-23 20:28:42.706] [pid:36332] [zcode-host] [rpc:register] channel "skills"
[2026-08-23 20:28:42.716] [info] [pid:5220] [main] [host-log] (local-1) [host] [2026-08-23 20:28:42.706] [pid:36332] [zcode-host] [rpc:register] channel "skill-sync"
[2026-08-23 20:28:42.716] [info] [pid:5220] [main] [host-log] (local-1) [host] [2026-08-23 20:28:42.706] [pid:36332] [zcode-host] [rpc:register] channel "mcp-sync"
[2026-08-23 20:28:42.716] [info] [pid:5220] [main] [host-log] (local-1) [host] [2026-08-23 20:28:42.706] [pid:36332] [zcode-host] [rpc:register] channel "plugin-sync"
[2026-08-23 20:28:42.717] [info] [pid:5220] [main] [host-log] (local-1) [host] [2026-08-23 20:28:42.706] [pid:36332] [zcode-host] [rpc:register] channel "plugins"
[2026-08-23 20:28:42.717] [info] [pid:5220] [main] [host-log] (local-1) [host] [2026-08-23 20:28:42.706] [pid:36332] [zcode-host] [rpc:register] channel "plugin-management"
[2026-08-23 20:28:42.717] [info] [pid:5220] [main] [host-log] (local-1) [host] [2026-08-23 20:28:42.706] [pid:36332] [zcode-host] [rpc:register] channel "subagents"
[2026-08-23 20:28:42.718] [info] [pid:5220] [main] [host-log] (local-1) [host] [2026-08-23 20:28:42.706] [pid:36332] [zcode-host] [rpc:register] channel "commands"
[2026-08-23 20:28:42.718] [info] [pid:5220] [main] [host-log] (local-1) [host] [2026-08-23 20:28:42.706] [pid:36332] [zcode-host] [rpc:register] channel "hooks"
[2026-08-23 20:28:42.719] [info] [pid:5220] [main] [host-log] (local-1) [host] [2026-08-23 20:28:42.706] [pid:36332] [zcode-host] [rpc:register] channel "memory"
[2026-08-23 20:28:42.719] [info] [pid:5220] [main] [host-log] (local-1) [host] [2026-08-23 20:28:42.706] [pid:36332] [zcode-host] [rpc:register] channel "output-style"
[2026-08-23 20:28:42.719] [info] [pid:5220] [main] [host-log] (local-1) [host] [2026-08-23 20:28:42.706] [pid:36332] [zcode-host] [rpc:register] channel "settings-sync"
[2026-08-23 20:28:42.720] [info] [pid:5220] [main] [host-log] (local-1) [host] [2026-08-23 20:28:42.706] [pid:36332] [zcode-host] [rpc:register] channel "feedback"
[2026-08-23 20:28:42.720] [info] [pid:5220] [main] [host-log] (local-1) [host] [2026-08-23 20:28:42.706] [pid:36332] [zcode-host] [rpc:register] channel "repo-wiki"
[2026-08-23 20:28:42.720] [info] [pid:5220] [main] [host-log] (local-1) [host] [2026-08-23 20:28:42.706] [pid:36332] [zcode-host] [rpc:register] channel "prompt-attachment-transfer"
[2026-08-23 20:28:42.721] [info] [pid:5220] [main] [host-log] (local-1) [host] [2026-08-23 20:28:42.706] [pid:36332] [zcode-host] [rpc:register] channel "window-controller"
[2026-08-23 20:28:42.721] [info] [pid:5220] [main] [host-log] (local-1) [host] [2026-08-23 20:28:42.707] [pid:36332] [zcode-host] service connection ready mode=desktop-continuous
[2026-08-23 20:28:42.722] [info] [pid:5220] [main] [host-log] (local-1) [host] [2026-08-23 20:28:42.707] [pid:36332] [zcode-host] window Host topology, reason=base-attachment-ready, pid=36332, connections=0, logicalSessions=0, attachments=1
[2026-08-23 20:28:42.722] [info] [pid:5220] [main] [host-log] (local-1) [host] [2026-08-23 20:28:42.707] [pid:36332] [zcode-host] local services ready, all channels registered
[2026-08-23 20:28:42.722] [info] [pid:5220] [main] [host-log] (local-1) [host] [2026-08-23 20:28:42.715] [pid:36332] [zcode-host] [rpc:listen] broadcast.onMessage subscribed
[2026-08-23 20:28:42.723] [info] [pid:5220] [main] [host-log] (local-1) [host] [2026-08-23 20:28:42.715] [pid:36332] [zcode-host] [rpc:listen] broadcast.onMessage subscribed
[2026-08-23 20:28:42.724] [info] [pid:5220] [main] [host-log] (local-1) [host] [2026-08-23 20:28:42.716] [pid:36332] [zcode-host] [rpc:listen] broadcast.onMessage subscribed
[2026-08-23 20:28:42.724] [info] [pid:5220] [main] [host-log] (local-1) [host] [2026-08-23 20:28:42.717] [pid:36332] [zcode-host] [rpc:listen] broadcast.onMessage subscribed
[2026-08-23 20:28:42.725] [info] [pid:5220] [main] [host-log] (local-1) [host] [2026-08-23 20:28:42.717] [pid:36332] [zcode-host] [rpc:call] model-provider.getDisplayOrder OK (0.9ms)
[2026-08-23 20:28:42.726] [info] [pid:5220] [main] [host-log] (local-1) [host] [2026-08-23 20:28:42.725] [pid:36332] [zcode-host] [rpc:call] setting.get OK (10.1ms)
[2026-08-23 20:28:42.727] [info] [pid:5220] [main] [host-log] (local-1) [host] [2026-08-23 20:28:42.726] [pid:36332] [zcode-host] [rpc:call] setting.get OK (10.2ms)
[2026-08-23 20:28:42.728] [info] [pid:5220] [main] [host-log] (local-1) [host] [2026-08-23 20:28:42.726] [pid:36332] [zcode-host] [rpc:call] setting.get OK (9.9ms)
[2026-08-23 20:28:42.734] [info] [pid:5220] [main] [host-log] (local-1) [host] [2026-08-23 20:28:42.733] [pid:36332] [zcode-host] [rpc:call] zcode-agent.syncAppRuntimePreferences OK (0.1ms)
[2026-08-23 20:28:42.735] [info] [pid:5220] [main] [host-log] (local-1) [host] [2026-08-23 20:28:42.734] [pid:36332] [zcode-host] [rpc:call] bots.syncAppRuntimePreferences OK (0.1ms)
[2026-08-23 20:28:42.765] [info] [pid:5220] [main] [host-log] (local-1) [host] [2026-08-23 20:28:42.764] [pid:36332] [zcode-host] [rpc:call] setting.get OK (30.8ms)
[2026-08-23 20:28:42.774] [info] [pid:5220] [main] [host-log] (local-1) [host] [2026-08-23 20:28:42.773] [pid:36332] [oauthService] restoreCachedSession restored: zai af5b4532-0029-4db5-86d0-61cd221c3070
[2026-08-23 20:28:42.775] [info] [pid:5220] [main] [host-log] (local-1) [host] [2026-08-23 20:28:42.773] [pid:36332] [zcode-host] [rpc:call] oauth.restoreCachedSessionState OK (57.5ms)
[2026-08-23 20:28:42.776] [info] [pid:5220] [main] [host-log] (local-1) [host] [2026-08-23 20:28:42.775] [pid:36332] [zcode-host] [rpc:call] oauth.getActiveProvider OK (0.7ms)
[2026-08-23 20:28:42.782] [info] [pid:5220] [main] [host-log] (local-1) [host] [2026-08-23 20:28:42.781] [pid:36332] [zcode-host] [rpc:call] model-provider.getAllCached OK (64.8ms)
[2026-08-23 20:28:42.788] [info] [pid:5220] [main] [host-log] (local-1) [host] [2026-08-23 20:28:42.787] [pid:36332] [zcode-host] [rpc:call] setting.get OK (0.7ms)
[2026-08-23 20:28:42.789] [info] [pid:5220] [main] [host-log] (local-1) [host] [2026-08-23 20:28:42.789] [pid:36332] [zcode-host] [rpc:call] file.ensureConversationWorkspace OK (0.8ms)
[2026-08-23 20:28:42.792] [info] [pid:5220] [main] [host-log] (local-1) [host] [2026-08-23 20:28:42.792] [pid:36332] [zcode-host] [rpc:listen] zcode-agent.onDynamicWorkspaceProviderRuntimeHeadersRequest subscribed
[2026-08-23 20:28:42.798] [info] [pid:5220] [main] [host-log] (local-1) [host] [2026-08-23 20:28:42.797] [pid:36332] [usage-stats] 读取 BigModel entitlement 已解析授权上下文 {"preferredProviderId":"builtin:zai-coding-plan","providerId":"builtin:zai-coding-plan","scope":"personal","organizationId":null,"projectId":null}
[2026-08-23 20:28:42.823] [info] [pid:5220] [main] [host-log] (local-1) [host] [2026-08-23 20:28:42.822] [pid:36332] [zcode-agent] ZCode agent command resolved {"workspaceKey":"C:\\Users\\llh04\\Desktop\\小说","command":"D:\\zcode\\ZCode.exe","effectiveCommand":"D:\\zcode\\ZCode.exe","resolveCommandDurationMs":1}
[2026-08-23 20:28:42.824] [info] [pid:5220] [main] [host-log] (local-1) [host] [2026-08-23 20:28:42.823] [pid:36332] [zcode-agent] ZCode agent command resolved {"workspaceKey":"D:\\公考","command":"D:\\zcode\\ZCode.exe","effectiveCommand":"D:\\zcode\\ZCode.exe","resolveCommandDurationMs":1}
[2026-08-23 20:28:42.824] [info] [pid:5220] [main] [host-log] (local-1) [host] [2026-08-23 20:28:42.823] [pid:36332] [zcode-agent] ZCode agent command resolved {"workspaceKey":"D:\\公考\\图形推理详解","command":"D:\\zcode\\ZCode.exe","effectiveCommand":"D:\\zcode\\ZCode.exe","resolveCommandDurationMs":1}
[2026-08-23 20:28:42.826] [info] [pid:5220] [main] [host-log] (local-1) [host] [2026-08-23 20:28:42.825] [pid:36332] [zcode-agent] ZCode agent spawn preflight {"workspaceKey":"D:\\公考\\图形推理详解","spawnPreflight":{"command":"D:\\zcode\\ZCode.exe","args":["D:\\zcode\\resources\\glm\\zcode.cjs","app-server","--stdio","--surface","desktop"],"requestedCwd":"D:\\公考\\图形推理详解","cwd":"C:\\Users\\llh04\\.zcode\\workspace\\default","cwdSource":"workspace-fallback","commandPathKind":"absolute","commandExists":true,"cwdExists":true}}
[2026-08-23 20:28:42.840] [info] [pid:5220] [main] [stability] perf_agent_start reported {"pid":35772,"runtimeGeneration":1,"runtimeInstanceId":"agent-b8b4f37b-9258-4978-9f59-119897846a8f"}
[2026-08-23 20:28:42.841] [info] [pid:5220] [main] [host-log] (local-1) [host] [2026-08-23 20:28:42.839] [pid:36332] [zcode-agent] ZCode agent process started {"workspaceKey":"D:\\公考\\图形推理详解","command":"D:\\zcode\\ZCode.exe","cwd":"C:\\Users\\llh04\\.zcode\\workspace\\default","pid":35772,"durationMs":17}
[2026-08-23 20:28:42.841] [info] [pid:5220] [main] [host-log] (local-1) [host] [2026-08-23 20:28:42.839] [pid:36332] [zcode-host] [rpc:listen] zcode-agent.onDynamicConversationFrame subscribed
[2026-08-23 20:28:42.851] [info] [pid:5220] [main] [host-log] (local-1) [host] [2026-08-23 20:28:42.850] [pid:36332] [zcode-agent] ZCode agent spawn preflight {"workspaceKey":"C:\\Users\\llh04\\Desktop\\小说","spawnPreflight":{"command":"D:\\zcode\\ZCode.exe","args":["D:\\zcode\\resources\\glm\\zcode.cjs","app-server","--stdio","--surface","desktop"],"requestedCwd":"C:\\Users\\llh04\\Desktop\\小说","cwd":"C:\\Users\\llh04\\Desktop\\小说","cwdSource":"command","commandPathKind":"absolute","commandExists":true,"cwdExists":true}}
[2026-08-23 20:28:42.859] [info] [pid:5220] [main] [stability] perf_agent_start reported {"pid":29656,"runtimeGeneration":1,"runtimeInstanceId":"agent-96cc1b3d-4477-4d08-bde8-db179759ea53"}
[2026-08-23 20:28:42.860] [info] [pid:5220] [main] [host-log] (local-1) [host] [2026-08-23 20:28:42.858] [pid:36332] [zcode-agent] ZCode agent process started {"workspaceKey":"C:\\Users\\llh04\\Desktop\\小说","command":"D:\\zcode\\ZCode.exe","cwd":"C:\\Users\\llh04\\Desktop\\小说","pid":29656,"durationMs":37}
[2026-08-23 20:28:42.860] [info] [pid:5220] [main] [host-log] (local-1) [host] [2026-08-23 20:28:42.859] [pid:36332] [zcode-agent] ZCode agent spawn preflight {"workspaceKey":"D:\\公考","spawnPreflight":{"command":"D:\\zcode\\ZCode.exe","args":["D:\\zcode\\resources\\glm\\zcode.cjs","app-server","--stdio","--surface","desktop"],"requestedCwd":"D:\\公考","cwd":"D:\\公考","cwdSource":"command","commandPathKind":"absolute","commandExists":true,"cwdExists":true}}
[2026-08-23 20:28:42.871] [info] [pid:5220] [main] [stability] perf_agent_start reported {"pid":15124,"runtimeGeneration":1,"runtimeInstanceId":"agent-152d8200-55b2-43e5-bcb5-a05fe0d89596"}
[2026-08-23 20:28:42.872] [info] [pid:5220] [main] [host-log] (local-1) [host] [2026-08-23 20:28:42.870] [pid:36332] [zcode-agent] ZCode agent process started {"workspaceKey":"D:\\公考","command":"D:\\zcode\\ZCode.exe","cwd":"D:\\公考","pid":15124,"durationMs":48}
[2026-08-23 20:28:42.950] [info] [pid:5220] [main] [host-log] (local-1) [host] [2026-08-23 20:28:42.949] [pid:36332] [zcode-host] [rpc:listen] window-controller.onDynamicControllerFrame subscribed
[2026-08-23 20:28:42.950] [info] [pid:5220] [main] [host-log] (local-1) [host] [2026-08-23 20:28:42.949] [pid:36332] [zcode-host] [rpc:call] window-controller.subscribeControllerV4 OK (0.2ms)
[2026-08-23 20:28:42.951] [info] [pid:5220] [main] [host-log] (local-1) [host] [2026-08-23 20:28:42.950] [pid:36332] [zcode-host] [rpc:call] window-controller.subscribeControllerV4 OK (0.1ms)
[2026-08-23 20:28:42.953] [info] [pid:5220] [main] [host-log] (local-1) [host] [2026-08-23 20:28:42.952] [pid:36332] [zcode-host] [rpc:call] setting.get OK (1.0ms)
[2026-08-23 20:28:42.954] [info] [pid:5220] [main] [host-log] (local-1) [host] [2026-08-23 20:28:42.952] [pid:36332] [zcode-host] [rpc:listen] zcode-agent.onDynamicSessionsIndexFrame subscribed
[2026-08-23 20:28:42.954] [info] [pid:5220] [main] [host-log] (local-1) [host] [2026-08-23 20:28:42.952] [pid:36332] [zcode-host] [rpc:listen] zcode-agent.onAgentRuntimeLifecycle subscribed
[2026-08-23 20:28:42.955] [info] [pid:5220] [main] [host-log] (local-1) [host] [2026-08-23 20:28:42.953] [pid:36332] [zcode-host] [rpc:call] zcode-agent.helloConversationV4 OK (0.1ms)
[2026-08-23 20:28:42.956] [info] [pid:5220] [main] [host-log] (local-1) [host] [2026-08-23 20:28:42.955] [pid:36332] [zcode-host] [rpc:listen] zcode-task.onDynamicWorkspaceEvent subscribed
[2026-08-23 20:28:42.962] [info] [pid:5220] [main] [host-log] (local-1) [host] [2026-08-23 20:28:42.961] [pid:36332] [zcode-host] [rpc:call] zcode-task.listPinnedTaskIds OK (6.0ms)
[2026-08-23 20:28:42.962] [info] [pid:5220] [main] [host-log] (local-1) [host] [2026-08-23 20:28:42.961] [pid:36332] [zcode-host] [rpc:call] zcode-task.listDeletedTaskIds OK (5.8ms)
[2026-08-23 20:28:42.963] [info] [pid:5220] [main] [host-log] (local-1) [host] [2026-08-23 20:28:42.961] [pid:36332] [zcode-host] [rpc:call] zcode-task.listArchivedTasks OK (6.0ms)
[2026-08-23 20:28:42.963] [info] [pid:5220] [main] [host-log] (local-1) [host] [2026-08-23 20:28:42.961] [pid:36332] [zcode-host] [rpc:call] zcode-task.listTasks OK (6.0ms)
[2026-08-23 20:28:42.963] [info] [pid:5220] [main] [host-log] (local-1) [host] [2026-08-23 20:28:42.961] [pid:36332] [zcode-host] [rpc:call] zcode-task.listPinnedTasks OK (5.9ms)
[2026-08-23 20:28:42.964] [info] [pid:5220] [main] [host-log] (local-1) [host] [2026-08-23 20:28:42.961] [pid:36332] [zcode-host] [rpc:listen] zcode-agent.onAgentRuntimeRestarted subscribed
[2026-08-23 20:28:42.964] [info] [pid:5220] [main] [host-log] (local-1) [host] [2026-08-23 20:28:42.962] [pid:36332] [zcode-host] [rpc:call] off-peak-task.list OK (0.2ms)
[2026-08-23 20:28:42.965] [info] [pid:5220] [main] [host-log] (local-1) [host] [2026-08-23 20:28:42.962] [pid:36332] [zcode-host] [rpc:listen] model-provider.onDidChangeProviderRegistry subscribed
[2026-08-23 20:28:42.965] [info] [pid:5220] [main] [host-log] (local-1) [host] [2026-08-23 20:28:42.962] [pid:36332] [zcode-host] [rpc:listen] zcode-agent.onDynamicConversationTelemetryFact subscribed
[2026-08-23 20:28:42.967] [info] [pid:5220] [main] [host-log] (local-1) [host] [2026-08-23 20:28:42.964] [pid:36332] [zcode-host] [rpc:listen] model-provider.onDidChangeProviderRegistry subscribed
[2026-08-23 20:28:42.968] [info] [pid:5220] [main] [host-log] (local-1) [host] [2026-08-23 20:28:42.966] [pid:36332] [zcode-host] [rpc:call] off-peak-task.getCodingPlanSupport OK (4.0ms)
[2026-08-23 20:28:42.969] [info] [pid:5220] [main] [host-log] (local-1) [host] [2026-08-23 20:28:42.966] [pid:36332] [zcode-host] [rpc:call] model-provider.getProviderRegistrySnapshot OK (4.1ms)
[2026-08-23 20:28:42.970] [info] [pid:5220] [main] [host-log] (local-1) [host] [2026-08-23 20:28:42.968] [pid:36332] [zcode-host] [rpc:call] off-peak-task.list OK (0.3ms)
[2026-08-23 20:28:42.971] [info] [pid:5220] [main] [host-log] (local-1) [host] [2026-08-23 20:28:42.968] [pid:36332] [zcode-host] [rpc:call] zcode-task.getWorkspaceProviderConfigFile OK (0.1ms)
[2026-08-23 20:28:42.980] [info] [pid:5220] [main] [host-log] (local-1) [host] [2026-08-23 20:28:42.979] [pid:36332] [zcode-host] [rpc:call] subagents.list OK (22.8ms)
[2026-08-23 20:28:42.980] [info] [pid:5220] [main] [host-log] (local-1) [host] [2026-08-23 20:28:42.979] [pid:36332] [zcode-host] [rpc:call] settings-sync.getFirstRunPromptState OK (3.3ms)
[2026-08-23 20:28:43.087] [info] [pid:5220] [main] [host-log] (local-1) [host] [2026-08-23 20:28:43.083] [pid:36332] [zcode-host] [rpc:call] zcode-agent.initializeConversationV4 OK (0.3ms)
[2026-08-23 20:28:43.106] [info] [pid:5220] [main] [host-log] (local-1) [host] [2026-08-23 20:28:43.105] [pid:36332] [zcode-agent-service] 开始请求 ZCode Protocol workspace/readState {"hasRuntimeModel":true,"modelHint":null,"preferWorkspaceDefaults":false,"runtimeModel":{"apiFormat":"openai-chat-completions","baseURL":"https://api.coder.r4.chat/v1","kind":"openai-compatible","model":"3a57ef88-16c9-48c9-af35-067641626862/ox-alpha","providerId":"3a57ef88-16c9-48c9-af35-067641626862","revision":"model-runtime:55022dc5b00904484cf3ea7d","thoughtLevel":null},"workspaceKey":"C:\\Users\\llh04\\Desktop\\小说","workspacePath":"C:\\Users\\llh04\\Desktop\\小说"}
[2026-08-23 20:28:43.107] [info] [pid:5220] [main] [host-log] (local-1) [host] [2026-08-23 20:28:43.106] [pid:36332] [zcode-host] [rpc:call] zcode-session.resolveRuntimeModelForV4 OK (3.5ms)
[2026-08-23 20:28:43.110] [info] [pid:5220] [main] [host-log] (local-1) [host] [2026-08-23 20:28:43.109] [pid:36332] [zcode-host] [rpc:call] git.refresh OK (140.8ms)
[2026-08-23 20:28:43.128] [info] [pid:5220] [main] [host-log] (local-1) [host] [2026-08-23 20:28:43.127] [pid:36332] [zcode-host] [rpc:call] skills.list OK (170.9ms)
[2026-08-23 20:28:43.172] [info] [pid:5220] [main] [host-log] (local-1) [host] [2026-08-23 20:28:43.171] [pid:36332] [zcode-host] [rpc:call] coding-plan-subscription.getStaticTeamProducts OK (219.8ms)
[2026-08-23 20:28:43.173] [info] [pid:5220] [main] [host-log] (local-1) [host] [2026-08-23 20:28:43.171] [pid:36332] [zcode-host] [rpc:call] coding-plan-subscription.getOffPeakClientConfig OK (209.8ms)
[2026-08-23 20:28:43.173] [info] [pid:5220] [main] [host-log] (local-1) [host] [2026-08-23 20:28:43.171] [pid:36332] [zcode-host] [rpc:call] coding-plan-subscription.getBillingDiscount OK (209.1ms)
[2026-08-23 20:28:43.283] [info] [pid:5220] [main] [host-log] (local-1) [host] [2026-08-23 20:28:43.282] [pid:36332] [zcode-host] [rpc:listen] zcode-agent.onDynamicWorkspaceProviderRuntimeHeadersRequest subscribed
[2026-08-23 20:28:43.284] [info] [pid:5220] [main] [task-realtime] updated host workspace scopes {"hostId":"e832b1d6-570e-41a7-a9b7-d01f2b139fe4","workspaceKeyCount":3}
[2026-08-23 20:28:43.285] [info] [pid:5220] [main] [host-log] (local-1) [host] [2026-08-23 20:28:43.282] [pid:36332] [zcode-host] [rpc:listen] zcode-agent.onDynamicWorkspaceProviderRuntimeHeadersRequest subscribed
[2026-08-23 20:28:43.288] [info] [pid:5220] [main] [host-log] (local-1) [host] [2026-08-23 20:28:43.287] [pid:36332] [zcode-host] [rpc:call] window-controller.listTaskList OK (0.3ms)
[2026-08-23 20:28:43.289] [info] [pid:5220] [main] [host-log] (local-1) [host] [2026-08-23 20:28:43.287] [pid:36332] [zcode-host] [rpc:listen] zcode-agent.onDynamicSessionsIndexFrame subscribed
[2026-08-23 20:28:43.290] [info] [pid:5220] [main] [host-log] (local-1) [host] [2026-08-23 20:28:43.287] [pid:36332] [zcode-host] [rpc:listen] zcode-agent.onAgentRuntimeLifecycle subscribed
[2026-08-23 20:28:43.291] [info] [pid:5220] [main] [host-log] (local-1) [host] [2026-08-23 20:28:43.288] [pid:36332] [zcode-host] [rpc:call] zcode-task.listPinnedTaskIds OK (0.4ms)
[2026-08-23 20:28:43.292] [info] [pid:5220] [main] [host-log] (local-1) [host] [2026-08-23 20:28:43.288] [pid:36332] [zcode-host] [rpc:call] zcode-task.listArchivedTasks OK (0.3ms)
[2026-08-23 20:28:43.293] [info] [pid:5220] [main] [host-log] (local-1) [host] [2026-08-23 20:28:43.289] [pid:36332] [zcode-host] [rpc:call] zcode-task.listTasks OK (0.9ms)
[2026-08-23 20:28:43.293] [info] [pid:5220] [main] [host-log] (local-1) [host] [2026-08-23 20:28:43.290] [pid:36332] [zcode-host] [rpc:call] zcode-task.listPinnedTasks OK (0.2ms)
[2026-08-23 20:28:43.294] [info] [pid:5220] [main] [host-log] (local-1) [host] [2026-08-23 20:28:43.290] [pid:36332] [zcode-host] [rpc:call] zcode-task.listDeletedTaskIds OK (0.1ms)
[2026-08-23 20:28:43.295] [info] [pid:5220] [main] [host-log] (local-1) [host] [2026-08-23 20:28:43.290] [pid:36332] [zcode-host] [rpc:listen] zcode-task.onDynamicWorkspaceEvent subscribed
[2026-08-23 20:28:43.296] [info] [pid:5220] [main] [host-log] (local-1) [host] [2026-08-23 20:28:43.290] [pid:36332] [zcode-host] [rpc:listen] zcode-task.onDynamicWorkspaceEvent subscribed
[2026-08-23 20:28:43.297] [info] [pid:5220] [main] [host-log] (local-1) [host] [2026-08-23 20:28:43.291] [pid:36332] [zcode-host] [rpc:call] window-controller.listTaskList OK (0.1ms)
[2026-08-23 20:28:43.485] [info] [pid:5220] [main] [host-log] (local-1) [host] [2026-08-23 20:28:43.484] [pid:36332] [zcode-host] [rpc:call] client-scenes.list OK (522.8ms)
[2026-08-23 20:28:43.569] [info] [pid:5220] [main] [host-log] (local-1) [host] [2026-08-23 20:28:43.568] [pid:36332] [settingService] writing settings to: C:\Users\llh04\.zcode\v2\setting.json {"recentProjects":["C:\\Users\\llh04\\Desktop\\小说","D:\\公考","D:\\公考\\图形推理详解"],"locale":"zh-CN","localePreference":"zh-CN","terminalInheritSystemProfile":true,"embeddedBrowserAllowInsecureCertificates":false,"taskAutoArchiveEnabled":false,"taskAutoArchiveOlderThanDays":7,"closeToTrayOnWindows":true,"closeToTrayOnWindowsMigrationInitialized":true,"keepAwakeWhileRunning":false,"desktopWindowSize":{"width":1200,"height":800,"maximized":false},"desktopChromiumHardwareAccelerationEnabled":true,"messageStreamShowReasoning":false,"messageStreamShowTodos":false,"toolGroupingExploreEnabled":true,"toolGroupingTerminalEnabled":true,"toolGroupingChangesEnabled":false,"zcodeInteractionBehavior":"queue","askUserQuestionAutoResolutionEnabled":true,"modelIoFullRetentionEnabled":false,"optimizeAgentExperienceEnabled":false,"optimizeAgentExperienceMigrationInitialized":true,"enabledBuiltinAgentCliProviders":["glm"],"modelProviderFamilyModes":{"zai":"oauth"},"modelProviderFamilySelectedKeys":{"zai":"coding-plan:builtin:zai-start-plan"},"providerFamilyDomain":"zai","providerFamilyDomainUpdatedAt":1787116588334,"providerFamilyDomainMigrated":true,"repoSnapshotIndexingEnabled":false,"instantGrepIndexingEnabled":false,"nativeSearchEnhancementsEnabled":true,"memoryEnabled":false,"lastWorkspaceSession":[{"kind":"local","workspacePath":"C:\\Users\\llh04\\Desktop\\小说","workspacePurpose":"project"},{"kind":"local","workspacePath":"D:\\公考","workspacePurpose":"project"},{"kind":"local","workspacePath":"C:\\Users\\llh04\\.zcode\\workspace\\default","workspacePurpose":"conversation"}],"lastActiveTabIndex":0,"pendingPostUpdateReleaseNotes":{"version":"3.9.1","title":"Release v3.9.1","markdown":"## 新功能\n\n- 优化模型配置选项页面\n- 默认展示思考过程及实时耗时\n\n## 问题修复\n\n- 修复截图和网页工具图片在部分网关中无法显示的问题\n- 修复单冒号文件引用无法识别的问题","releaseDate":"2026-08-23T02:22:17.074Z","releaseNotesByLocale":{"zh-CN":{"title":"Release v3.9.1","markdown":"## 新功能\n\n- 优化模型配置选项页面\n- 默认展示思考过程及实时耗时\n\n## 问题修复\n\n- 修复截图和网页工具图片在部分网关中无法显示的问题\n- 修复单冒号文件引用无法识别的问题"},"en-US":{"title":"Release v3.9.1","markdown":"## New Features\n\n- Optimize the model configuration options page\n- By default, the thinking process and real-time time consumption are displayed\n\n## Issue Fix\n\n- Fixed the issue where screenshots and web tool images could not be displayed in some gateways\n- Fixed the issue where single-colon file references could not be recognized"}}},"receivePreviewUpdates":false,"autoDownloadAndInstallUpdates":true,"skippedElectronUpdateVersions":{},"settingsSyncFirstRunPromptHandled":true}
[2026-08-23 20:28:43.575] [info] [pid:5220] [main] [host-log] (local-1) [host] [2026-08-23 20:28:43.574] [pid:36332] [settingService] write done
[2026-08-23 20:28:43.576] [info] [pid:5220] [main] [host-log] (local-1) [host] [2026-08-23 20:28:43.574] [pid:36332] [zcode-host] [rpc:call] setting.update OK (9.3ms)
[2026-08-23 20:28:43.776] [info] [pid:5220] [main] [host-log] (local-1) [host] [2026-08-23 20:28:43.775] [pid:36332] [zcode-agent-service] 开始同步本地 provider registry 到 ZCode agent {"providerCount":2,"reason":"manual","revision":"sha256:dc990ed629f1a66ca2915a9823df7dd3c1eac45221668e4051b03284ecba69b8","workspaceKey":"D:\\公考\\图形推理详解","workspacePath":"D:\\公考\\图形推理详解"}
[2026-08-23 20:28:43.776] [info] [pid:5220] [main] [host-log] (local-1) [host] [2026-08-23 20:28:43.775] [pid:36332] [zcode-agent-service] 开始同步本地 provider registry 到 ZCode agent {"providerCount":2,"reason":"manual","revision":"sha256:dc990ed629f1a66ca2915a9823df7dd3c1eac45221668e4051b03284ecba69b8","workspaceKey":"C:\\Users\\llh04\\Desktop\\小说","workspacePath":"C:\\Users\\llh04\\Desktop\\小说"}
[2026-08-23 20:28:43.778] [info] [pid:5220] [main] [host-log] (local-1) [host] [2026-08-23 20:28:43.775] [pid:36332] [zcode-agent-service] 开始同步本地 provider registry 到 ZCode agent {"providerCount":2,"reason":"manual","revision":"sha256:dc990ed629f1a66ca2915a9823df7dd3c1eac45221668e4051b03284ecba69b8","workspaceKey":"D:\\公考","workspacePath":"D:\\公考"}
[2026-08-23 20:28:43.806] [info] [pid:5220] [main] [host-log] (local-1) [host] [2026-08-23 20:28:43.805] [pid:36332] [zcode-host] [rpc:call] model-provider.getAll OK (1022.3ms)
[2026-08-23 20:28:43.867] [info] [pid:5220] [main] [host-log] (local-1) [host] [2026-08-23 20:28:43.866] [pid:36332] [zcode-host] [rpc:call] model-provider.getAll OK (1083.6ms)
[2026-08-23 20:28:45.395] [info] [pid:5220] [main] [host-log] (local-1) [host] [2026-08-23 20:28:45.223] [pid:36332] [zcode-host] [rpc:call] zcode-task.getTaskSessionFilePath OK (0.1ms)
[2026-08-23 20:28:45.396] [info] [pid:5220] [main] [stability] perf_app_start reported
[2026-08-23 20:28:45.398] [info] [pid:5220] [main] [host-log] (local-1) [host] [2026-08-23 20:28:45.224] [pid:36332] [zcode-host] [rpc:call] zcode-task.getTaskNativeSessionLogFile OK (0.6ms)
[2026-08-23 20:28:45.399] [info] [pid:5220] [main] [host-log] (local-1) [host] [2026-08-23 20:28:45.224] [pid:36332] [zcode-host] [rpc:call] zcode-task.getWorkspaceProviderConfigFile OK (0.0ms)
[2026-08-23 20:28:45.399] [info] [pid:5220] [main] [host-log] (local-1) [host] [2026-08-23 20:28:45.224] [pid:36332] [zcode-host] [rpc:call] zcode-task.getTaskNativeSessionLogFile OK (0.1ms)
[2026-08-23 20:28:45.400] [info] [pid:5220] [main] [host-log] (local-1) [host] [2026-08-23 20:28:45.224] [pid:36332] [zcode-host] [rpc:call] zcode-task.getTaskSessionFilePath OK (0.0ms)
[2026-08-23 20:28:45.507] [info] [pid:5220] [main] [host-log] (local-1) [host] [2026-08-23 20:28:45.507] [pid:36332] [settingService] writing settings to: C:\Users\llh04\.zcode\v2\setting.json {"recentProjects":["C:\\Users\\llh04\\Desktop\\小说","D:\\公考","D:\\公考\\图形推理详解"],"locale":"zh-CN","localePreference":"zh-CN","terminalInheritSystemProfile":true,"embeddedBrowserAllowInsecureCertificates":false,"taskAutoArchiveEnabled":false,"taskAutoArchiveOlderThanDays":7,"closeToTrayOnWindows":true,"closeToTrayOnWindowsMigrationInitialized":true,"keepAwakeWhileRunning":false,"desktopWindowSize":{"width":1200,"height":800,"maximized":false},"desktopChromiumHardwareAccelerationEnabled":true,"messageStreamShowReasoning":false,"messageStreamShowTodos":false,"toolGroupingExploreEnabled":true,"toolGroupingTerminalEnabled":true,"toolGroupingChangesEnabled":false,"zcodeInteractionBehavior":"queue","askUserQuestionAutoResolutionEnabled":true,"modelIoFullRetentionEnabled":false,"optimizeAgentExperienceEnabled":false,"optimizeAgentExperienceMigrationInitialized":true,"enabledBuiltinAgentCliProviders":["glm"],"modelProviderFamilyModes":{"zai":"oauth"},"modelProviderFamilySelectedKeys":{"zai":"coding-plan:builtin:zai-start-plan"},"providerFamilyDomain":"zai","providerFamilyDomainUpdatedAt":1787116588334,"providerFamilyDomainMigrated":true,"repoSnapshotIndexingEnabled":false,"instantGrepIndexingEnabled":false,"nativeSearchEnhancementsEnabled":true,"memoryEnabled":false,"lastWorkspaceSession":[{"kind":"local","workspacePath":"C:\\Users\\llh04\\Desktop\\小说","workspacePurpose":"project"},{"kind":"local","workspacePath":"D:\\公考","workspacePurpose":"project"},{"kind":"local","workspacePath":"C:\\Users\\llh04\\.zcode\\workspace\\default","workspacePurpose":"conversation"}],"lastActiveTabIndex":0,"pendingPostUpdateReleaseNotes":{"version":"3.9.1","title":"Release v3.9.1","markdown":"## 新功能\n\n- 优化模型配置选项页面\n- 默认展示思考过程及实时耗时\n\n## 问题修复\n\n- 修复截图和网页工具图片在部分网关中无法显示的问题\n- 修复单冒号文件引用无法识别的问题","releaseDate":"2026-08-23T02:22:17.074Z","releaseNotesByLocale":{"zh-CN":{"title":"Release v3.9.1","markdown":"## 新功能\n\n- 优化模型配置选项页面\n- 默认展示思考过程及实时耗时\n\n## 问题修复\n\n- 修复截图和网页工具图片在部分网关中无法显示的问题\n- 修复单冒号文件引用无法识别的问题"},"en-US":{"title":"Release v3.9.1","markdown":"## New Features\n\n- Optimize the model configuration options page\n- By default, the thinking process and real-time time consumption are displayed\n\n## Issue Fix\n\n- Fixed the issue where screenshots and web tool images could not be displayed in some gateways\n- Fixed the issue where single-colon file references could not be recognized"}}},"receivePreviewUpdates":false,"autoDownloadAndInstallUpdates":true,"skippedElectronUpdateVersions":{},"settingsSyncFirstRunPromptHandled":true}
[2026-08-23 20:28:45.511] [info] [pid:5220] [main] [host-log] (local-1) [host] [2026-08-23 20:28:45.510] [pid:36332] [settingService] write done
[2026-08-23 20:28:45.511] [info] [pid:5220] [main] [host-log] (local-1) [host] [2026-08-23 20:28:45.510] [pid:36332] [zcode-host] [rpc:call] setting.update OK (4.4ms)
[2026-08-23 20:28:45.843] [info] [pid:5220] [main] [host-log] (local-1) [host] [2026-08-23 20:28:45.842] [pid:36332] [zcode-host] [rpc:call] coding-plan-subscription.getEnterprisePricing OK (2890.3ms)
[2026-08-23 20:28:46.166] [info] [pid:5220] [main] [host-log] (local-1) [host] [2026-08-23 20:28:46.165] [pid:36332] [zcode-host] [rpc:call] usage-stats.getEntitlementSnapshot OK (3379.8ms)
[2026-08-23 20:28:46.181] [info] [pid:5220] [main] [host-log] (local-1) [host] [2026-08-23 20:28:46.179] [pid:36332] [usage-stats] 读取 BigModel entitlement 已解析授权上下文 {"preferredProviderId":"builtin:zai-coding-plan","providerId":"builtin:zai-coding-plan","scope":"personal","organizationId":null,"projectId":null}
[2026-08-23 20:28:46.384] [info] [pid:5220] [main] [host-log] (local-1) [host] [2026-08-23 20:28:46.383] [pid:36332] [usage-stats] billing/balance 请求完成 {"balanceCount":3,"balances":[{"entitlement_id":"ent_wk_0821_glm_5p3","show_name":"GLM-5.3","total_units":100000000,"used_units":99886429,"remaining_units":113571,"available_units":113571,"reserved_units":null},{"entitlement_id":"ent_2_0817_glm_5p3","show_name":"GLM-5.3","total_units":3000000,"used_units":0,"remaining_units":3000000,"available_units":3000000,"reserved_units":null},{"entitlement_id":"ent_2_0817_glm_5turbo","show_name":"GLM-5-Turbo","total_units":2000000,"used_units":0,"remaining_units":2000000,"available_units":2000000,"reserved_units":null}],"code":0,"durationMs":154,"msg":"","payload":{"code":0,"msg":"","data":{"server_time":1787488125,"plans":[{"user_plan_id":"upl_2090839276763762688","plan_id":"zcode-v3-start-plan-0821","name":"ZCode Weekend Build","description":"ZCode 周末活动","priority":100,"status":"active","starts_at":1787329904,"ends_at":1787533200,"entitlements":[{"entitlement_id":"ent_wk_0821_glm_5p3","show_name":"GLM-5.3","meter":"model_usage","unit_type":"token","capabilities":["model:glm-5.3"],"grant_units":100000000,"period":"one_time","priority":110}]},{"user_plan_id":"upl_2089944584870027264","plan_id":"zcode-v3-start-plan-0817","name":"ZCode Start Plan","description":"免费 GLM 旗舰模型体验","priority":90,"status":"active","starts_at":1787116592,"ends_at":1787500799,"entitlements":[{"entitlement_id":"ent_2_0817_glm_5p3","show_name":"GLM-5.3","meter":"model_usage","unit_type":"token","capabilities":["model:glm-5.3"],"grant_units":3000000,"period":"daily","priority":110},{"entitlement_id":"ent_2_0817_glm_5turbo","show_name":"GLM-5-Turbo","meter":"model_usage","unit_type":"token","capabilities":["model:GLM-5-Turbo"],"grant_units":2000000,"period":"daily","priority":80}]}],"balances":[{"bucket_id":"bucket_2090839276839260160","user_plan_id":"upl_2090839276763762688","plan_id":"zcode-v3-start-plan-0821","entitlement_id":"ent_wk_0821_glm_5p3","show_name":"GLM-5.3","meter":"model_usage","unit_type":"token","capabilities":["model:glm-5.3"],"priority":110,"plan_priority":100,"entitlement_priority":110,"total_units":100000000,"used_units":99886429,"remaining_units":113571,"available_units":113571,"period_start":1787329904,"period_end":1787533200,"expires_at":1787533200},{"bucket_id":"bucket_2091218082912669696","user_plan_id":"upl_2089944584870027264","plan_id":"zcode-v3-start-plan-0817","entitlement_id":"ent_2_0817_glm_5p3","show_name":"GLM-5.3","meter":"model_usage","unit_type":"token","capabilities":["model:glm-5.3"],"priority":110,"plan_priority":90,"entitlement_priority":110,"total_units":3000000,"used_units":0,"remaining_units":3000000,"available_units":3000000,"period_start":1787414400,"period_end":1787500799,"expires_at":1787500799},{"bucket_id":"bucket_2091218082921058304","user_plan_id":"upl_2089944584870027264","plan_id":"zcode-v3-start-plan-0817","entitlement_id":"ent_2_0817_glm_5turbo","show_name":"GLM-5-Turbo","meter":"model_usage","unit_type":"token","capabilities":["model:GLM-5-Turbo"],"priority":80,"plan_priority":90,"entitlement_priority":80,"total_units":2000000,"used_units":0,"remaining_units":2000000,"available_units":2000000,"period_start":1787414400,"period_end":1787500799,"expires_at":1787500799}]}},"planCount":2,"plans":[{"name":"ZCode Weekend Build","plan_id":"zcode-v3-start-plan-0821","status":"active"},{"name":"ZCode Start Plan","plan_id":"zcode-v3-start-plan-0817","status":"active"}],"providerId":"builtin:zai-start-plan","success":true,"url":"https://zcode.z.ai/api/v1/zcode-plan/billing/balance?app_version=3.8.1"}
[2026-08-23 20:28:46.385] [info] [pid:5220] [main] [host-log] (local-1) [host] [2026-08-23 20:28:46.384] [pid:36332] [zcode-host] [rpc:call] usage-stats.getEntitlementSnapshot OK (214.1ms)
[2026-08-23 20:28:46.646] [info] [pid:5220] [main] [host-log] (local-1) [host] [2026-08-23 20:28:46.644] [pid:36332] [zcode-host] [rpc:call] usage-stats.getEntitlementSnapshot OK (475.0ms)
[2026-08-23 20:28:48.279] [info] [pid:5220] [main] [host-log] (local-1) [host] [2026-08-23 20:28:48.278] [pid:36332] [zcode-host] [rpc:call] zcode-agent.subscribeSessionsIndexV4 OK (5152.9ms)
[2026-08-23 20:28:48.280] [info] [pid:5220] [main] [host-log] (local-1) [host] [2026-08-23 20:28:48.279] [pid:36332] [zcode-host] [rpc:call] window-controller.listTaskList OK (5329.4ms)
[2026-08-23 20:28:48.282] [info] [pid:5220] [main] [host-log] (local-1) [host] [2026-08-23 20:28:48.279] [pid:36332] [zcode-host] [rpc:call] window-controller.listTaskList OK (5199.2ms)
[2026-08-23 20:28:48.290] [info] [pid:5220] [main] [host-log] (local-1) [host] [2026-08-23 20:28:48.288] [pid:36332] [zcode-host] [rpc:call] zcode-task.listPinnedTaskIds OK (0.3ms)
[2026-08-23 20:28:48.291] [info] [pid:5220] [main] [host-log] (local-1) [host] [2026-08-23 20:28:48.289] [pid:36332] [zcode-host] [rpc:call] zcode-task.listArchivedTasks OK (0.3ms)
[2026-08-23 20:28:48.292] [info] [pid:5220] [main] [host-log] (local-1) [host] [2026-08-23 20:28:48.290] [pid:36332] [zcode-host] [rpc:call] zcode-task.listTasks OK (0.7ms)
[2026-08-23 20:28:48.294] [info] [pid:5220] [main] [host-log] (local-1) [host] [2026-08-23 20:28:48.291] [pid:36332] [zcode-host] [rpc:call] zcode-task.listPinnedTasks OK (0.3ms)
[2026-08-23 20:28:48.295] [info] [pid:5220] [main] [host-log] (local-1) [host] [2026-08-23 20:28:48.291] [pid:36332] [zcode-host] [rpc:call] zcode-task.listDeletedTaskIds OK (0.2ms)
[2026-08-23 20:28:48.315] [info] [pid:5220] [main] [host-log] (local-1) [host] [2026-08-23 20:28:48.313] [pid:36332] [zcode-host] [rpc:call] zcode-agent.subscribeSessionsIndexV4 OK (5022.3ms)
[2026-08-23 20:28:48.316] [info] [pid:5220] [main] [host-log] (local-1) [host] [2026-08-23 20:28:48.314] [pid:36332] [zcode-host] [rpc:call] window-controller.listTaskList OK (5032.1ms)
[2026-08-23 20:28:48.316] [info] [pid:5220] [main] [host-log] (local-1) [host] [2026-08-23 20:28:48.314] [pid:36332] [zcode-host] [rpc:call] window-controller.listTaskList OK (5023.2ms)
[2026-08-23 20:28:48.317] [info] [pid:5220] [main] [host-log] (local-1) [host] [2026-08-23 20:28:48.314] [pid:36332] [zcode-host] [rpc:call] window-controller.listTaskList OK (22.7ms)
[2026-08-23 20:28:48.331] [info] [pid:5220] [main] [host-log] (local-1) [host] [2026-08-23 20:28:48.328] [pid:36332] [zcode-agent-service] 本地 provider registry 已同步到 ZCode agent {"appliedProviderRevision":"sha256:dc990ed629f1a66ca2915a9823df7dd3c1eac45221668e4051b03284ecba69b8","providerCount":2,"reason":"manual","status":"applied","workspaceKey":"C:\\Users\\llh04\\Desktop\\小说","workspacePath":"C:\\Users\\llh04\\Desktop\\小说"}
[2026-08-23 20:28:48.333] [info] [pid:5220] [main] [host-log] (local-1) [host] [2026-08-23 20:28:48.328] [pid:36332] [zcode-agent-service] provider registry 变更已推送到本地 active workspace {"providerCount":2,"reason":"manual","revision":"sha256:dc990ed629f1a66ca2915a9823df7dd3c1eac45221668e4051b03284ecba69b8","workspaceKey":"C:\\Users\\llh04\\Desktop\\小说","workspacePath":"C:\\Users\\llh04\\Desktop\\小说"}
[2026-08-23 20:28:48.334] [info] [pid:5220] [main] [host-log] (local-1) [host] [2026-08-23 20:28:48.329] [pid:36332] [zcode-agent-service] 为只读会话控制面启动 ZCode agent {"workspaceKey":"C:\\Users\\llh04\\Desktop\\小说","workspacePath":"C:\\Users\\llh04\\Desktop\\小说"}
[2026-08-23 20:28:48.335] [info] [pid:5220] [main] [stability] perf_agent_ready reported {"pid":29656,"runtimeGeneration":1,"runtimeInstanceId":"agent-96cc1b3d-4477-4d08-bde8-db179759ea53","startupDurationMs":5471}
[2026-08-23 20:28:48.336] [info] [pid:5220] [main] [host-log] (local-1) [host] [2026-08-23 20:28:48.329] [pid:36332] [zcode-agent-service] provider/model 就绪，允许 ZCode agent 模型执行 {"modelId":"ox-alpha","providerId":"3a57ef88-16c9-48c9-af35-067641626862","revision":"sha256:dc990ed629f1a66ca2915a9823df7dd3c1eac45221668e4051b03284ecba69b8","workspaceKey":"C:\\Users\\llh04\\Desktop\\小说","workspacePath":"C:\\Users\\llh04\\Desktop\\小说"}
[2026-08-23 20:28:48.336] [info] [pid:5220] [main] [host-log] (local-1) [host] [2026-08-23 20:28:48.329] [pid:36332] [zcode-agent-service] provider/model 就绪，允许 ZCode agent 模型执行 {"modelId":"ox-alpha","providerId":"3a57ef88-16c9-48c9-af35-067641626862","revision":"sha256:dc990ed629f1a66ca2915a9823df7dd3c1eac45221668e4051b03284ecba69b8","workspaceKey":"C:\\Users\\llh04\\Desktop\\小说","workspacePath":"C:\\Users\\llh04\\Desktop\\小说"}
[2026-08-23 20:28:48.337] [info] [pid:5220] [main] [host-log] (local-1) [host] [2026-08-23 20:28:48.330] [pid:36332] [zcode-agent-service] ZCode agent 初始化完成 {"durationMs":5629,"transportKind":"stdio","workspaceKey":"C:\\Users\\llh04\\Desktop\\小说","workspacePath":"C:\\Users\\llh04\\Desktop\\小说"}
[2026-08-23 20:28:48.337] [info] [pid:5220] [main] [host-log] (local-1) [host] [2026-08-23 20:28:48.330] [pid:36332] [zcode-host] ZCode agent warmup ready (local host init (1/3)) workspace=C:\Users\llh04\Desktop\小说 transport=stdio
[2026-08-23 20:28:48.338] [info] [pid:5220] [main] [host-log] (local-1) [host] [2026-08-23 20:28:48.332] [pid:36332] [zcode-host] [rpc:call] window-controller.listTaskList OK (0.1ms)
[2026-08-23 20:28:48.365] [info] [pid:5220] [main] [host-log] (local-1) [host] [2026-08-23 20:28:48.364] [pid:36332] [zcode-agent-service] 本地 provider registry 已同步到 ZCode agent {"appliedProviderRevision":"sha256:dc990ed629f1a66ca2915a9823df7dd3c1eac45221668e4051b03284ecba69b8","providerCount":2,"reason":"manual","status":"applied","workspaceKey":"D:\\公考","workspacePath":"D:\\公考"}
[2026-08-23 20:28:48.365] [info] [pid:5220] [main] [host-log] (local-1) [host] [2026-08-23 20:28:48.364] [pid:36332] [zcode-agent-service] provider registry 变更已推送到本地 active workspace {"providerCount":2,"reason":"manual","revision":"sha256:dc990ed629f1a66ca2915a9823df7dd3c1eac45221668e4051b03284ecba69b8","workspaceKey":"D:\\公考","workspacePath":"D:\\公考"}
[2026-08-23 20:28:48.366] [info] [pid:5220] [main] [host-log] (local-1) [host] [2026-08-23 20:28:48.364] [pid:36332] [zcode-agent-service] 为只读会话控制面启动 ZCode agent {"workspaceKey":"D:\\公考","workspacePath":"D:\\公考"}
[2026-08-23 20:28:48.366] [info] [pid:5220] [main] [stability] perf_agent_ready reported {"pid":15124,"runtimeGeneration":1,"runtimeInstanceId":"agent-152d8200-55b2-43e5-bcb5-a05fe0d89596","startupDurationMs":5494}
[2026-08-23 20:28:48.367] [info] [pid:5220] [main] [host-log] (local-1) [host] [2026-08-23 20:28:48.364] [pid:36332] [zcode-agent-service] provider/model 就绪，允许 ZCode agent 模型执行 {"modelId":"ox-alpha","providerId":"3a57ef88-16c9-48c9-af35-067641626862","revision":"sha256:dc990ed629f1a66ca2915a9823df7dd3c1eac45221668e4051b03284ecba69b8","workspaceKey":"D:\\公考","workspacePath":"D:\\公考"}
[2026-08-23 20:28:48.368] [info] [pid:5220] [main] [host-log] (local-1) [host] [2026-08-23 20:28:48.364] [pid:36332] [zcode-agent-service] ZCode agent 初始化完成 {"durationMs":5662,"transportKind":"stdio","workspaceKey":"D:\\公考","workspacePath":"D:\\公考"}
[2026-08-23 20:28:48.368] [info] [pid:5220] [main] [host-log] (local-1) [host] [2026-08-23 20:28:48.364] [pid:36332] [zcode-host] ZCode agent warmup ready (local host init (2/3)) workspace=D:\公考 transport=stdio
[2026-08-23 20:28:48.378] [info] [pid:5220] [main] [host-log] (local-1) [host] [2026-08-23 20:28:48.375] [pid:36332] [zcode-agent-service] 本地 provider registry 已同步到 ZCode agent {"appliedProviderRevision":"sha256:dc990ed629f1a66ca2915a9823df7dd3c1eac45221668e4051b03284ecba69b8","providerCount":2,"reason":"manual","status":"applied","workspaceKey":"D:\\公考\\图形推理详解","workspacePath":"D:\\公考\\图形推理详解"}
[2026-08-23 20:28:48.379] [info] [pid:5220] [main] [host-log] (local-1) [host] [2026-08-23 20:28:48.376] [pid:36332] [zcode-agent-service] provider registry 变更已推送到本地 active workspace {"providerCount":2,"reason":"manual","revision":"sha256:dc990ed629f1a66ca2915a9823df7dd3c1eac45221668e4051b03284ecba69b8","workspaceKey":"D:\\公考\\图形推理详解","workspacePath":"D:\\公考\\图形推理详解"}
[2026-08-23 20:28:48.380] [info] [pid:5220] [main] [host-log] (local-1) [host] [2026-08-23 20:28:48.376] [pid:36332] [zcode-agent-service] 为只读会话控制面启动 ZCode agent {"workspaceKey":"D:\\公考\\图形推理详解","workspacePath":"D:\\公考\\图形推理详解"}
[2026-08-23 20:28:48.380] [info] [pid:5220] [main] [stability] perf_agent_ready reported {"pid":35772,"runtimeGeneration":1,"runtimeInstanceId":"agent-b8b4f37b-9258-4978-9f59-119897846a8f","startupDurationMs":5539}
[2026-08-23 20:28:48.381] [info] [pid:5220] [main] [host-log] (local-1) [host] [2026-08-23 20:28:48.376] [pid:36332] [zcode-agent-service] provider/model 就绪，允许 ZCode agent 模型执行 {"modelId":"ox-alpha","providerId":"3a57ef88-16c9-48c9-af35-067641626862","revision":"sha256:dc990ed629f1a66ca2915a9823df7dd3c1eac45221668e4051b03284ecba69b8","workspaceKey":"D:\\公考\\图形推理详解","workspacePath":"D:\\公考\\图形推理详解"}
[2026-08-23 20:28:48.381] [info] [pid:5220] [main] [host-log] (local-1) [host] [2026-08-23 20:28:48.376] [pid:36332] [zcode-agent-service] provider/model 就绪，允许 ZCode agent 模型执行 {"modelId":"ox-alpha","providerId":"3a57ef88-16c9-48c9-af35-067641626862","revision":"sha256:dc990ed629f1a66ca2915a9823df7dd3c1eac45221668e4051b03284ecba69b8","workspaceKey":"D:\\公考\\图形推理详解","workspacePath":"D:\\公考\\图形推理详解"}
[2026-08-23 20:28:48.382] [info] [pid:5220] [main] [host-log] (local-1) [host] [2026-08-23 20:28:48.376] [pid:36332] [zcode-agent-service] ZCode agent 初始化完成 {"durationMs":5674,"transportKind":"stdio","workspaceKey":"D:\\公考\\图形推理详解","workspacePath":"D:\\公考\\图形推理详解"}
[2026-08-23 20:28:48.382] [info] [pid:5220] [main] [host-log] (local-1) [host] [2026-08-23 20:28:48.376] [pid:36332] [zcode-agent-service] provider/model 就绪后已启动等待中的 ZCode agent {"providerCount":2,"reason":"manual","revision":"sha256:dc990ed629f1a66ca2915a9823df7dd3c1eac45221668e4051b03284ecba69b8","workspaceKey":"D:\\公考\\图形推理详解","workspacePath":"D:\\公考\\图形推理详解"}
[2026-08-23 20:28:48.382] [info] [pid:5220] [main] [host-log] (local-1) [host] [2026-08-23 20:28:48.377] [pid:36332] [zcode-host] ZCode agent warmup ready (local host init (3/3)) workspace=D:\公考\图形推理详解 transport=stdio
[2026-08-23 20:28:48.763] [info] [pid:5220] [main] [host-log] (local-1) [host] [2026-08-23 20:28:48.762] [pid:36332] [zcode-agent-service] ZCode Protocol workspace/readState 完成 {"durationMs":5660,"modelCurrent":"3a57ef88-16c9-48c9-af35-067641626862/ox-alpha","modelCount":3,"preferWorkspaceDefaults":false,"providerCount":2,"workspaceKey":"C:\\Users\\llh04\\Desktop\\小说","workspacePath":"C:\\Users\\llh04\\Desktop\\小说"}
[2026-08-23 20:28:48.764] [info] [pid:5220] [main] [host-log] (local-1) [host] [2026-08-23 20:28:48.762] [pid:36332] [zcode-host] [rpc:call] zcode-session.readWorkspaceState OK (5660.7ms)
[2026-08-23 20:28:49.106] [info] [pid:5220] [main] [host-log] (local-1) [host] [2026-08-23 20:28:49.105] [pid:36332] [zcode-agent-service] provider registry 变更已推送到本地 active workspace {"providerCount":2,"reason":"codingPlanApiKey:builtin:zai-coding-plan","revision":"sha256:dc990ed629f1a66ca2915a9823df7dd3c1eac45221668e4051b03284ecba69b8","workspaceKey":"D:\\公考\\图形推理详解","workspacePath":"D:\\公考\\图形推理详解"}
[2026-08-23 20:28:49.108] [info] [pid:5220] [main] [host-log] (local-1) [host] [2026-08-23 20:28:49.105] [pid:36332] [zcode-agent-service] provider registry 变更已推送到本地 active workspace {"providerCount":2,"reason":"codingPlanApiKey:builtin:zai-coding-plan","revision":"sha256:dc990ed629f1a66ca2915a9823df7dd3c1eac45221668e4051b03284ecba69b8","workspaceKey":"C:\\Users\\llh04\\Desktop\\小说","workspacePath":"C:\\Users\\llh04\\Desktop\\小说"}
[2026-08-23 20:28:49.109] [info] [pid:5220] [main] [host-log] (local-1) [host] [2026-08-23 20:28:49.105] [pid:36332] [zcode-agent-service] provider registry 变更已推送到本地 active workspace {"providerCount":2,"reason":"codingPlanApiKey:builtin:zai-coding-plan","revision":"sha256:dc990ed629f1a66ca2915a9823df7dd3c1eac45221668e4051b03284ecba69b8","workspaceKey":"D:\\公考","workspacePath":"D:\\公考"}
[2026-08-23 20:28:49.205] [info] [pid:5220] [main] [host-log] (local-1) [host] [2026-08-23 20:28:49.204] [pid:36332] [zcode-host] [rpc:call] zcode-agent.sendConversationCommandV4 OK (6077.4ms)
[2026-08-23 20:28:49.275] [info] [pid:5220] [main] [host-log] (local-1) [host] [2026-08-23 20:28:49.274] [pid:36332] [coding-plan-availability] billing/balance 请求完成 {"durationMs":157,"hasActiveStartPlan":true,"msg":"","payload":{"code":0,"msg":"","data":{"server_time":1787488128,"plans":[{"user_plan_id":"upl_2090839276763762688","plan_id":"zcode-v3-start-plan-0821","name":"ZCode Weekend Build","description":"ZCode 周末活动","priority":100,"status":"active","starts_at":1787329904,"ends_at":1787533200,"entitlements":[{"entitlement_id":"ent_wk_0821_glm_5p3","show_name":"GLM-5.3","meter":"model_usage","unit_type":"token","capabilities":["model:glm-5.3"],"grant_units":100000000,"period":"one_time","priority":110}]},{"user_plan_id":"upl_2089944584870027264","plan_id":"zcode-v3-start-plan-0817","name":"ZCode Start Plan","description":"免费 GLM 旗舰模型体验","priority":90,"status":"active","starts_at":1787116592,"ends_at":1787500799,"entitlements":[{"entitlement_id":"ent_2_0817_glm_5p3","show_name":"GLM-5.3","meter":"model_usage","unit_type":"token","capabilities":["model:glm-5.3"],"grant_units":3000000,"period":"daily","priority":110},{"entitlement_id":"ent_2_0817_glm_5turbo","show_name":"GLM-5-Turbo","meter":"model_usage","unit_type":"token","capabilities":["model:GLM-5-Turbo"],"grant_units":2000000,"period":"daily","priority":80}]}],"balances":[{"bucket_id":"bucket_2090839276839260160","user_plan_id":"upl_2090839276763762688","plan_id":"zcode-v3-start-plan-0821","entitlement_id":"ent_wk_0821_glm_5p3","show_name":"GLM-5.3","meter":"model_usage","unit_type":"token","capabilities":["model:glm-5.3"],"priority":110,"plan_priority":100,"entitlement_priority":110,"total_units":100000000,"used_units":99886429,"remaining_units":113571,"available_units":113571,"period_start":1787329904,"period_end":1787533200,"expires_at":1787533200},{"bucket_id":"bucket_2091218082912669696","user_plan_id":"upl_2089944584870027264","plan_id":"zcode-v3-start-plan-0817","entitlement_id":"ent_2_0817_glm_5p3","show_name":"GLM-5.3","meter":"model_usage","unit_type":"token","capabilities":["model:glm-5.3"],"priority":110,"plan_priority":90,"entitlement_priority":110,"total_units":3000000,"used_units":0,"remaining_units":3000000,"available_units":3000000,"period_start":1787414400,"period_end":1787500799,"expires_at":1787500799},{"bucket_id":"bucket_2091218082921058304","user_plan_id":"upl_2089944584870027264","plan_id":"zcode-v3-start-plan-0817","entitlement_id":"ent_2_0817_glm_5turbo","show_name":"GLM-5-Turbo","meter":"model_usage","unit_type":"token","capabilities":["model:GLM-5-Turbo"],"priority":80,"plan_priority":90,"entitlement_priority":80,"total_units":2000000,"used_units":0,"remaining_units":2000000,"available_units":2000000,"period_start":1787414400,"period_end":1787500799,"expires_at":1787500799}]}},"planCount":2,"plans":[{"name":"ZCode Weekend Build","plan_id":"zcode-v3-start-plan-0821","status":"active"},{"name":"ZCode Start Plan","plan_id":"zcode-v3-start-plan-0817","status":"active"}],"providerId":"builtin:zai-start-plan","success":true,"url":"https://zcode.z.ai/api/v1/zcode-plan/billing/balance?app_version=3.8.1","code":0}
[2026-08-23 20:28:49.601] [info] [pid:5220] [main] [host-log] (local-1) [host] [2026-08-23 20:28:49.600] [pid:36332] [zcode-host] [rpc:call] model-provider.refreshCodingPlanApiKey OK (6824.5ms)
[2026-08-23 20:28:49.602] [info] [pid:5220] [main] [host-log] (local-1) [host] [2026-08-23 20:28:49.601] [pid:36332] [zcode-host] [rpc:call] model-provider.refreshCodingPlanApiKey OK (6824.2ms)
[2026-08-23 20:28:49.611] [info] [pid:5220] [main] [host-log] (local-1) [host] [2026-08-23 20:28:49.609] [pid:36332] [zcode-host] [rpc:call] setting.get OK (7.5ms)
[2026-08-23 20:28:49.622] [info] [pid:5220] [main] [host-log] (local-1) [host] [2026-08-23 20:28:49.621] [pid:36332] [zcode-agent-service] provider registry 变更已推送到本地 active workspace {"providerCount":2,"reason":"codingPlanAvailability:builtin:zai-coding-plan","revision":"sha256:dc990ed629f1a66ca2915a9823df7dd3c1eac45221668e4051b03284ecba69b8","workspaceKey":"D:\\公考\\图形推理详解","workspacePath":"D:\\公考\\图形推理详解"}
[2026-08-23 20:28:49.623] [info] [pid:5220] [main] [host-log] (local-1) [host] [2026-08-23 20:28:49.621] [pid:36332] [zcode-agent-service] provider registry 变更已推送到本地 active workspace {"providerCount":2,"reason":"codingPlanAvailability:builtin:zai-coding-plan","revision":"sha256:dc990ed629f1a66ca2915a9823df7dd3c1eac45221668e4051b03284ecba69b8","workspaceKey":"C:\\Users\\llh04\\Desktop\\小说","workspacePath":"C:\\Users\\llh04\\Desktop\\小说"}
[2026-08-23 20:28:49.623] [info] [pid:5220] [main] [host-log] (local-1) [host] [2026-08-23 20:28:49.621] [pid:36332] [zcode-agent-service] provider registry 变更已推送到本地 active workspace {"providerCount":2,"reason":"codingPlanAvailability:builtin:zai-coding-plan","revision":"sha256:dc990ed629f1a66ca2915a9823df7dd3c1eac45221668e4051b03284ecba69b8","workspaceKey":"D:\\公考","workspacePath":"D:\\公考"}
[2026-08-23 20:28:49.625] [info] [pid:5220] [main] [host-log] (local-1) [host] [2026-08-23 20:28:49.624] [pid:36332] [zcode-host] [rpc:call] model-provider.getAllCached OK (22.7ms)
[2026-08-23 20:28:49.723] [info] [pid:5220] [main] [host-log] (local-1) [host] [2026-08-23 20:28:49.722] [pid:36332] [usage-stats] 读取 BigModel entitlement 已解析授权上下文 {"preferredProviderId":"builtin:zai-coding-plan","providerId":"builtin:zai-coding-plan","scope":"personal","organizationId":null,"projectId":null}
[2026-08-23 20:28:49.915] [info] [pid:5220] [main] [host-log] (local-1) [host] [2026-08-23 20:28:49.914] [pid:36332] [usage-stats] billing/balance 请求完成 {"balanceCount":3,"balances":[{"entitlement_id":"ent_wk_0821_glm_5p3","show_name":"GLM-5.3","total_units":100000000,"used_units":99886429,"remaining_units":113571,"available_units":113571,"reserved_units":null},{"entitlement_id":"ent_2_0817_glm_5p3","show_name":"GLM-5.3","total_units":3000000,"used_units":0,"remaining_units":3000000,"available_units":3000000,"reserved_units":null},{"entitlement_id":"ent_2_0817_glm_5turbo","show_name":"GLM-5-Turbo","total_units":2000000,"used_units":0,"remaining_units":2000000,"available_units":2000000,"reserved_units":null}],"code":0,"durationMs":254,"msg":"","payload":{"code":0,"msg":"","data":{"server_time":1787488129,"plans":[{"user_plan_id":"upl_2090839276763762688","plan_id":"zcode-v3-start-plan-0821","name":"ZCode Weekend Build","description":"ZCode 周末活动","priority":100,"status":"active","starts_at":1787329904,"ends_at":1787533200,"entitlements":[{"entitlement_id":"ent_wk_0821_glm_5p3","show_name":"GLM-5.3","meter":"model_usage","unit_type":"token","capabilities":["model:glm-5.3"],"grant_units":100000000,"period":"one_time","priority":110}]},{"user_plan_id":"upl_2089944584870027264","plan_id":"zcode-v3-start-plan-0817","name":"ZCode Start Plan","description":"免费 GLM 旗舰模型体验","priority":90,"status":"active","starts_at":1787116592,"ends_at":1787500799,"entitlements":[{"entitlement_id":"ent_2_0817_glm_5p3","show_name":"GLM-5.3","meter":"model_usage","unit_type":"token","capabilities":["model:glm-5.3"],"grant_units":3000000,"period":"daily","priority":110},{"entitlement_id":"ent_2_0817_glm_5turbo","show_name":"GLM-5-Turbo","meter":"model_usage","unit_type":"token","capabilities":["model:GLM-5-Turbo"],"grant_units":2000000,"period":"daily","priority":80}]}],"balances":[{"bucket_id":"bucket_2090839276839260160","user_plan_id":"upl_2090839276763762688","plan_id":"zcode-v3-start-plan-0821","entitlement_id":"ent_wk_0821_glm_5p3","show_name":"GLM-5.3","meter":"model_usage","unit_type":"token","capabilities":["model:glm-5.3"],"priority":110,"plan_priority":100,"entitlement_priority":110,"total_units":100000000,"used_units":99886429,"remaining_units":113571,"available_units":113571,"period_start":1787329904,"period_end":1787533200,"expires_at":1787533200},{"bucket_id":"bucket_2091218082912669696","user_plan_id":"upl_2089944584870027264","plan_id":"zcode-v3-start-plan-0817","entitlement_id":"ent_2_0817_glm_5p3","show_name":"GLM-5.3","meter":"model_usage","unit_type":"token","capabilities":["model:glm-5.3"],"priority":110,"plan_priority":90,"entitlement_priority":110,"total_units":3000000,"used_units":0,"remaining_units":3000000,"available_units":3000000,"period_start":1787414400,"period_end":1787500799,"expires_at":1787500799},{"bucket_id":"bucket_2091218082921058304","user_plan_id":"upl_2089944584870027264","plan_id":"zcode-v3-start-plan-0817","entitlement_id":"ent_2_0817_glm_5turbo","show_name":"GLM-5-Turbo","meter":"model_usage","unit_type":"token","capabilities":["model:GLM-5-Turbo"],"priority":80,"plan_priority":90,"entitlement_priority":80,"total_units":2000000,"used_units":0,"remaining_units":2000000,"available_units":2000000,"period_start":1787414400,"period_end":1787500799,"expires_at":1787500799}]}},"planCount":2,"plans":[{"name":"ZCode Weekend Build","plan_id":"zcode-v3-start-plan-0821","status":"active"},{"name":"ZCode Start Plan","plan_id":"zcode-v3-start-plan-0817","status":"active"}],"providerId":"builtin:zai-start-plan","success":true,"url":"https://zcode.z.ai/api/v1/zcode-plan/billing/balance?app_version=3.8.1"}
[2026-08-23 20:28:49.915] [info] [pid:5220] [main] [host-log] (local-1) [host] [2026-08-23 20:28:49.914] [pid:36332] [zcode-host] [rpc:call] usage-stats.getEntitlementSnapshot OK (312.2ms)
[2026-08-23 20:28:50.255] [info] [pid:5220] [main] [host-log] (local-1) [host] [2026-08-23 20:28:50.254] [pid:36332] [zcode-host] [rpc:call] zcode-agent.subscribeConversationV4 OK (5021.0ms)
[2026-08-23 20:28:50.333] [info] [pid:5220] [main] [host-log] (local-1) [host] [2026-08-23 20:28:50.332] [pid:36332] [zcode-host] [rpc:call] zcode-agent.sendConversationCommandV4 OK (1125.6ms)
[2026-08-23 20:28:50.816] [info] [pid:5220] [main] [host-log] (local-1) [host] [2026-08-23 20:28:50.813] [pid:36332] [zcode-host] [rpc:call] zcode-agent.conversationPlansV4 OK (133.9ms)
[2026-08-23 20:28:50.818] [info] [pid:5220] [main] [host-log] (local-1) [host] [2026-08-23 20:28:50.813] [pid:36332] [zcode-host] [rpc:call] zcode-agent.conversationRowsRangeV4 OK (134.7ms)
[2026-08-23 20:28:51.008] [info] [pid:5220] [main] [host-log] (local-1) [host] [2026-08-23 20:28:51.007] [pid:36332] [zcode-host] [rpc:call] zcode-agent.conversationRowsRangeV4 OK (13.9ms)
[2026-08-23 20:28:51.014] [info] [pid:5220] [main] [host-log] (local-1) [host] [2026-08-23 20:28:51.013] [pid:36332] [settingService] writing settings to: C:\Users\llh04\.zcode\v2\setting.json {"recentProjects":["C:\\Users\\llh04\\Desktop\\小说","D:\\公考","D:\\公考\\图形推理详解"],"locale":"zh-CN","localePreference":"zh-CN","terminalInheritSystemProfile":true,"embeddedBrowserAllowInsecureCertificates":false,"taskAutoArchiveEnabled":false,"taskAutoArchiveOlderThanDays":7,"closeToTrayOnWindows":true,"closeToTrayOnWindowsMigrationInitialized":true,"keepAwakeWhileRunning":false,"desktopWindowSize":{"width":1200,"height":800,"maximized":false},"desktopChromiumHardwareAccelerationEnabled":true,"messageStreamShowReasoning":false,"messageStreamShowTodos":false,"toolGroupingExploreEnabled":true,"toolGroupingTerminalEnabled":true,"toolGroupingChangesEnabled":false,"zcodeInteractionBehavior":"queue","askUserQuestionAutoResolutionEnabled":true,"modelIoFullRetentionEnabled":false,"optimizeAgentExperienceEnabled":false,"optimizeAgentExperienceMigrationInitialized":true,"enabledBuiltinAgentCliProviders":["glm"],"modelProviderFamilyModes":{"zai":"oauth"},"modelProviderFamilySelectedKeys":{"zai":"coding-plan:builtin:zai-start-plan"},"providerFamilyDomain":"zai","providerFamilyDomainUpdatedAt":1787116588334,"providerFamilyDomainMigrated":true,"repoSnapshotIndexingEnabled":false,"instantGrepIndexingEnabled":false,"nativeSearchEnhancementsEnabled":true,"memoryEnabled":false,"lastWorkspaceSession":[{"kind":"local","workspacePath":"C:\\Users\\llh04\\Desktop\\小说","workspacePurpose":"project"},{"kind":"local","workspacePath":"D:\\公考","workspacePurpose":"project"},{"kind":"local","workspacePath":"C:\\Users\\llh04\\.zcode\\workspace\\default","workspacePurpose":"conversation"}],"lastActiveTabIndex":0,"pendingPostUpdateReleaseNotes":{"version":"3.9.1","title":"Release v3.9.1","markdown":"## 新功能\n\n- 优化模型配置选项页面\n- 默认展示思考过程及实时耗时\n\n## 问题修复\n\n- 修复截图和网页工具图片在部分网关中无法显示的问题\n- 修复单冒号文件引用无法识别的问题","releaseDate":"2026-08-23T02:22:17.074Z","releaseNotesByLocale":{"zh-CN":{"title":"Release v3.9.1","markdown":"## 新功能\n\n- 优化模型配置选项页面\n- 默认展示思考过程及实时耗时\n\n## 问题修复\n\n- 修复截图和网页工具图片在部分网关中无法显示的问题\n- 修复单冒号文件引用无法识别的问题"},"en-US":{"title":"Release v3.9.1","markdown":"## New Features\n\n- Optimize the model configuration options page\n- By default, the thinking process and real-time time consumption are displayed\n\n## Issue Fix\n\n- Fixed the issue where screenshots and web tool images could not be displayed in some gateways\n- Fixed the issue where single-colon file references could not be recognized"}}},"receivePreviewUpdates":false,"autoDownloadAndInstallUpdates":true,"skippedElectronUpdateVersions":{},"settingsSyncFirstRunPromptHandled":true}
[2026-08-23 20:28:51.024] [info] [pid:5220] [main] [host-log] (local-1) [host] [2026-08-23 20:28:51.023] [pid:36332] [settingService] write done
[2026-08-23 20:28:51.025] [info] [pid:5220] [main] [host-log] (local-1) [host] [2026-08-23 20:28:51.023] [pid:36332] [zcode-host] [rpc:call] setting.update OK (26.3ms)
[2026-08-23 20:28:51.307] [info] [pid:5220] [main] [host-log] (local-1) [host] [2026-08-23 20:28:51.304] [pid:36332] [zcode-host] [rpc:call] zcode-agent.conversationFileChangesV4 OK (1.7ms)
[2026-08-23 20:28:51.308] [info] [pid:5220] [main] [host-log] (local-1) [host] [2026-08-23 20:28:51.306] [pid:36332] [zcode-host] [rpc:call] zcode-agent.conversationFileChangesV4 OK (3.5ms)
[2026-08-23 20:28:51.308] [info] [pid:5220] [main] [host-log] (local-1) [host] [2026-08-23 20:28:51.306] [pid:36332] [zcode-host] [rpc:call] zcode-agent.conversationFileChangesV4 OK (3.8ms)
[2026-08-23 20:28:51.322] [info] [pid:5220] [main] [host-log] (local-1) [host] [2026-08-23 20:28:51.320] [pid:36332] [zcode-host] [rpc:call] file.checkFilesExist OK (1.0ms)
[2026-08-23 20:28:51.912] [info] [pid:5220] [main] [host-log] (local-1) [host] [2026-08-23 20:28:51.911] [pid:36332] [zcode-host] [rpc:call] usage-stats.getEntitlementSnapshot OK (2309.5ms)
[2026-08-23 20:28:52.602] [info] [pid:5220] [main] [host-log] (local-1) [host] [2026-08-23 20:28:52.601] [pid:36332] [zcode-host] [rpc:call] coding-plan-subscription.getEnterprisePricing OK (2999.3ms)
[2026-08-23 20:28:52.605] [info] [pid:5220] [main] [host-log] (local-1) [host] [2026-08-23 20:28:52.603] [pid:36332] [settingService] writing settings to: C:\Users\llh04\.zcode\v2\setting.json {"recentProjects":["C:\\Users\\llh04\\Desktop\\小说","D:\\公考","D:\\公考\\图形推理详解"],"locale":"zh-CN","localePreference":"zh-CN","terminalInheritSystemProfile":true,"embeddedBrowserAllowInsecureCertificates":false,"taskAutoArchiveEnabled":false,"taskAutoArchiveOlderThanDays":7,"closeToTrayOnWindows":true,"closeToTrayOnWindowsMigrationInitialized":true,"keepAwakeWhileRunning":false,"desktopWindowSize":{"width":1200,"height":800,"maximized":false},"desktopChromiumHardwareAccelerationEnabled":true,"messageStreamShowReasoning":false,"messageStreamShowTodos":false,"toolGroupingExploreEnabled":true,"toolGroupingTerminalEnabled":true,"toolGroupingChangesEnabled":false,"zcodeInteractionBehavior":"queue","askUserQuestionAutoResolutionEnabled":true,"modelIoFullRetentionEnabled":false,"optimizeAgentExperienceEnabled":false,"optimizeAgentExperienceMigrationInitialized":true,"enabledBuiltinAgentCliProviders":["glm"],"modelProviderFamilyModes":{"zai":"oauth"},"modelProviderFamilySelectedKeys":{"zai":"coding-plan:builtin:zai-start-plan"},"providerFamilyDomain":"zai","providerFamilyDomainUpdatedAt":1787116588334,"providerFamilyDomainMigrated":true,"repoSnapshotIndexingEnabled":false,"instantGrepIndexingEnabled":false,"nativeSearchEnhancementsEnabled":true,"memoryEnabled":false,"lastWorkspaceSession":[{"kind":"local","workspacePath":"C:\\Users\\llh04\\Desktop\\小说","workspacePurpose":"project"},{"kind":"local","workspacePath":"D:\\公考","workspacePurpose":"project"},{"kind":"local","workspacePath":"C:\\Users\\llh04\\.zcode\\workspace\\default","workspacePurpose":"conversation"}],"lastActiveTabIndex":0,"pendingPostUpdateReleaseNotes":{"version":"3.9.1","title":"Release v3.9.1","markdown":"## 新功能\n\n- 优化模型配置选项页面\n- 默认展示思考过程及实时耗时\n\n## 问题修复\n\n- 修复截图和网页工具图片在部分网关中无法显示的问题\n- 修复单冒号文件引用无法识别的问题","releaseDate":"2026-08-23T02:22:17.074Z","releaseNotesByLocale":{"zh-CN":{"title":"Release v3.9.1","markdown":"## 新功能\n\n- 优化模型配置选项页面\n- 默认展示思考过程及实时耗时\n\n## 问题修复\n\n- 修复截图和网页工具图片在部分网关中无法显示的问题\n- 修复单冒号文件引用无法识别的问题"},"en-US":{"title":"Release v3.9.1","markdown":"## New Features\n\n- Optimize the model configuration options page\n- By default, the thinking process and real-time time consumption are displayed\n\n## Issue Fix\n\n- Fixed the issue where screenshots and web tool images could not be displayed in some gateways\n- Fixed the issue where single-colon file references could not be recognized"}}},"receivePreviewUpdates":false,"autoDownloadAndInstallUpdates":true,"skippedElectronUpdateVersions":{},"settingsSyncFirstRunPromptHandled":true}
[2026-08-23 20:28:52.613] [info] [pid:5220] [main] [host-log] (local-1) [host] [2026-08-23 20:28:52.610] [pid:36332] [settingService] write done
[2026-08-23 20:28:52.614] [info] [pid:5220] [main] [host-log] (local-1) [host] [2026-08-23 20:28:52.610] [pid:36332] [zcode-host] [rpc:call] setting.update OK (7.5ms)
[2026-08-23 20:28:52.615] [info] [pid:5220] [main] [host-log] (local-1) [host] [2026-08-23 20:28:52.611] [pid:36332] [zcode-host] [rpc:call] setting.get OK (0.9ms)
[2026-08-23 20:28:54.670] [info] [pid:5220] [main] [host-log] (local-1) [host] [2026-08-23 20:28:54.669] [pid:36332] [zcode-agent-service] provider registry 变更已推送到本地 active workspace {"providerCount":2,"reason":"codingPlanApiKey:builtin:zai-start-plan","revision":"sha256:dc990ed629f1a66ca2915a9823df7dd3c1eac45221668e4051b03284ecba69b8","workspaceKey":"D:\\公考\\图形推理详解","workspacePath":"D:\\公考\\图形推理详解"}
[2026-08-23 20:28:54.671] [info] [pid:5220] [main] [host-log] (local-1) [host] [2026-08-23 20:28:54.669] [pid:36332] [zcode-agent-service] provider registry 变更已推送到本地 active workspace {"providerCount":2,"reason":"codingPlanApiKey:builtin:zai-start-plan","revision":"sha256:dc990ed629f1a66ca2915a9823df7dd3c1eac45221668e4051b03284ecba69b8","workspaceKey":"C:\\Users\\llh04\\Desktop\\小说","workspacePath":"C:\\Users\\llh04\\Desktop\\小说"}
[2026-08-23 20:28:54.671] [info] [pid:5220] [main] [host-log] (local-1) [host] [2026-08-23 20:28:54.669] [pid:36332] [zcode-agent-service] provider registry 变更已推送到本地 active workspace {"providerCount":2,"reason":"codingPlanApiKey:builtin:zai-start-plan","revision":"sha256:dc990ed629f1a66ca2915a9823df7dd3c1eac45221668e4051b03284ecba69b8","workspaceKey":"D:\\公考","workspacePath":"D:\\公考"}
[2026-08-23 20:28:54.827] [info] [pid:5220] [main] [host-log] (local-1) [host] [2026-08-23 20:28:54.826] [pid:36332] [coding-plan-availability] billing/balance 请求完成 {"durationMs":154,"hasActiveStartPlan":true,"msg":"","payload":{"code":0,"msg":"","data":{"server_time":1787488134,"plans":[{"user_plan_id":"upl_2090839276763762688","plan_id":"zcode-v3-start-plan-0821","name":"ZCode Weekend Build","description":"ZCode 周末活动","priority":100,"status":"active","starts_at":1787329904,"ends_at":1787533200,"entitlements":[{"entitlement_id":"ent_wk_0821_glm_5p3","show_name":"GLM-5.3","meter":"model_usage","unit_type":"token","capabilities":["model:glm-5.3"],"grant_units":100000000,"period":"one_time","priority":110}]},{"user_plan_id":"upl_2089944584870027264","plan_id":"zcode-v3-start-plan-0817","name":"ZCode Start Plan","description":"免费 GLM 旗舰模型体验","priority":90,"status":"active","starts_at":1787116592,"ends_at":1787500799,"entitlements":[{"entitlement_id":"ent_2_0817_glm_5p3","show_name":"GLM-5.3","meter":"model_usage","unit_type":"token","capabilities":["model:glm-5.3"],"grant_units":3000000,"period":"daily","priority":110},{"entitlement_id":"ent_2_0817_glm_5turbo","show_name":"GLM-5-Turbo","meter":"model_usage","unit_type":"token","capabilities":["model:GLM-5-Turbo"],"grant_units":2000000,"period":"daily","priority":80}]}],"balances":[{"bucket_id":"bucket_2090839276839260160","user_plan_id":"upl_2090839276763762688","plan_id":"zcode-v3-start-plan-0821","entitlement_id":"ent_wk_0821_glm_5p3","show_name":"GLM-5.3","meter":"model_usage","unit_type":"token","capabilities":["model:glm-5.3"],"priority":110,"plan_priority":100,"entitlement_priority":110,"total_units":100000000,"used_units":99886429,"remaining_units":113571,"available_units":113571,"period_start":1787329904,"period_end":1787533200,"expires_at":1787533200},{"bucket_id":"bucket_2091218082912669696","user_plan_id":"upl_2089944584870027264","plan_id":"zcode-v3-start-plan-0817","entitlement_id":"ent_2_0817_glm_5p3","show_name":"GLM-5.3","meter":"model_usage","unit_type":"token","capabilities":["model:glm-5.3"],"priority":110,"plan_priority":90,"entitlement_priority":110,"total_units":3000000,"used_units":0,"remaining_units":3000000,"available_units":3000000,"period_start":1787414400,"period_end":1787500799,"expires_at":1787500799},{"bucket_id":"bucket_2091218082921058304","user_plan_id":"upl_2089944584870027264","plan_id":"zcode-v3-start-plan-0817","entitlement_id":"ent_2_0817_glm_5turbo","show_name":"GLM-5-Turbo","meter":"model_usage","unit_type":"token","capabilities":["model:GLM-5-Turbo"],"priority":80,"plan_priority":90,"entitlement_priority":80,"total_units":2000000,"used_units":0,"remaining_units":2000000,"available_units":2000000,"period_start":1787414400,"period_end":1787500799,"expires_at":1787500799}]}},"planCount":2,"plans":[{"name":"ZCode Weekend Build","plan_id":"zcode-v3-start-plan-0821","status":"active"},{"name":"ZCode Start Plan","plan_id":"zcode-v3-start-plan-0817","status":"active"}],"providerId":"builtin:zai-start-plan","success":true,"url":"https://zcode.z.ai/api/v1/zcode-plan/billing/balance?app_version=3.8.1","code":0}
[2026-08-23 20:28:54.828] [info] [pid:5220] [main] [host-log] (local-1) [host] [2026-08-23 20:28:54.827] [pid:36332] [settingService] writing settings to: C:\Users\llh04\.zcode\v2\setting.json {"recentProjects":["C:\\Users\\llh04\\Desktop\\小说","D:\\公考","D:\\公考\\图形推理详解"],"locale":"zh-CN","localePreference":"zh-CN","terminalInheritSystemProfile":true,"embeddedBrowserAllowInsecureCertificates":false,"taskAutoArchiveEnabled":false,"taskAutoArchiveOlderThanDays":7,"closeToTrayOnWindows":true,"closeToTrayOnWindowsMigrationInitialized":true,"keepAwakeWhileRunning":false,"desktopWindowSize":{"width":1200,"height":800,"maximized":false},"desktopChromiumHardwareAccelerationEnabled":true,"messageStreamShowReasoning":false,"messageStreamShowTodos":false,"toolGroupingExploreEnabled":true,"toolGroupingTerminalEnabled":true,"toolGroupingChangesEnabled":false,"zcodeInteractionBehavior":"queue","askUserQuestionAutoResolutionEnabled":true,"modelIoFullRetentionEnabled":false,"optimizeAgentExperienceEnabled":false,"optimizeAgentExperienceMigrationInitialized":true,"enabledBuiltinAgentCliProviders":["glm"],"modelProviderFamilyModes":{"zai":"oauth"},"modelProviderFamilySelectedKeys":{"zai":"coding-plan:builtin:zai-start-plan"},"providerFamilyDomain":"zai","providerFamilyDomainUpdatedAt":1787116588334,"providerFamilyDomainMigrated":true,"repoSnapshotIndexingEnabled":false,"instantGrepIndexingEnabled":false,"nativeSearchEnhancementsEnabled":true,"memoryEnabled":false,"lastWorkspaceSession":[{"kind":"local","workspacePath":"C:\\Users\\llh04\\Desktop\\小说","workspacePurpose":"project"},{"kind":"local","workspacePath":"D:\\公考","workspacePurpose":"project"},{"kind":"local","workspacePath":"C:\\Users\\llh04\\.zcode\\workspace\\default","workspacePurpose":"conversation"}],"lastActiveTabIndex":0,"pendingPostUpdateReleaseNotes":{"version":"3.9.1","title":"Release v3.9.1","markdown":"## 新功能\n\n- 优化模型配置选项页面\n- 默认展示思考过程及实时耗时\n\n## 问题修复\n\n- 修复截图和网页工具图片在部分网关中无法显示的问题\n- 修复单冒号文件引用无法识别的问题","releaseDate":"2026-08-23T02:22:17.074Z","releaseNotesByLocale":{"zh-CN":{"title":"Release v3.9.1","markdown":"## 新功能\n\n- 优化模型配置选项页面\n- 默认展示思考过程及实时耗时\n\n## 问题修复\n\n- 修复截图和网页工具图片在部分网关中无法显示的问题\n- 修复单冒号文件引用无法识别的问题"},"en-US":{"title":"Release v3.9.1","markdown":"## New Features\n\n- Optimize the model configuration options page\n- By default, the thinking process and real-time time consumption are displayed\n\n## Issue Fix\n\n- Fixed the issue where screenshots and web tool images could not be displayed in some gateways\n- Fixed the issue where single-colon file references could not be recognized"}}},"receivePreviewUpdates":false,"autoDownloadAndInstallUpdates":true,"skippedElectronUpdateVersions":{},"settingsSyncFirstRunPromptHandled":true}
[2026-08-23 20:28:54.831] [info] [pid:5220] [main] [host-log] (local-1) [host] [2026-08-23 20:28:54.830] [pid:36332] [settingService] write done
[2026-08-23 20:28:54.831] [info] [pid:5220] [main] [host-log] (local-1) [host] [2026-08-23 20:28:54.830] [pid:36332] [zcode-host] [rpc:call] setting.update OK (5.1ms)
[2026-08-23 20:28:54.941] [info] [pid:5220] [main] [host-log] (local-1) [host] [2026-08-23 20:28:54.940] [pid:36332] [zcode-host] [rpc:call] model-provider.refreshCodingPlanApiKey OK (2318.2ms)
[2026-08-23 20:28:54.943] [info] [pid:5220] [main] [host-log] (local-1) [host] [2026-08-23 20:28:54.942] [pid:36332] [zcode-host] [rpc:call] setting.get OK (0.8ms)
[2026-08-23 20:28:54.953] [info] [pid:5220] [main] [host-log] (local-1) [host] [2026-08-23 20:28:54.952] [pid:36332] [zcode-agent-service] provider registry 变更已推送到本地 active workspace {"providerCount":2,"reason":"codingPlanAvailability:builtin:zai-start-plan","revision":"sha256:dc990ed629f1a66ca2915a9823df7dd3c1eac45221668e4051b03284ecba69b8","workspaceKey":"D:\\公考\\图形推理详解","workspacePath":"D:\\公考\\图形推理详解"}
[2026-08-23 20:28:54.954] [info] [pid:5220] [main] [host-log] (local-1) [host] [2026-08-23 20:28:54.953] [pid:36332] [zcode-agent-service] provider registry 变更已推送到本地 active workspace {"providerCount":2,"reason":"codingPlanAvailability:builtin:zai-start-plan","revision":"sha256:dc990ed629f1a66ca2915a9823df7dd3c1eac45221668e4051b03284ecba69b8","workspaceKey":"C:\\Users\\llh04\\Desktop\\小说","workspacePath":"C:\\Users\\llh04\\Desktop\\小说"}
[2026-08-23 20:28:54.955] [info] [pid:5220] [main] [host-log] (local-1) [host] [2026-08-23 20:28:54.953] [pid:36332] [zcode-agent-service] provider registry 变更已推送到本地 active workspace {"providerCount":2,"reason":"codingPlanAvailability:builtin:zai-start-plan","revision":"sha256:dc990ed629f1a66ca2915a9823df7dd3c1eac45221668e4051b03284ecba69b8","workspaceKey":"D:\\公考","workspacePath":"D:\\公考"}
[2026-08-23 20:28:55.136] [info] [pid:5220] [main] [host-log] (local-1) [host] [2026-08-23 20:28:55.135] [pid:36332] [zcode-agent-service] provider registry 变更已推送到本地 active workspace {"providerCount":2,"reason":"getAll","revision":"sha256:dc990ed629f1a66ca2915a9823df7dd3c1eac45221668e4051b03284ecba69b8","workspaceKey":"D:\\公考\\图形推理详解","workspacePath":"D:\\公考\\图形推理详解"}
[2026-08-23 20:28:55.136] [info] [pid:5220] [main] [host-log] (local-1) [host] [2026-08-23 20:28:55.135] [pid:36332] [zcode-agent-service] provider registry 变更已推送到本地 active workspace {"providerCount":2,"reason":"getAll","revision":"sha256:dc990ed629f1a66ca2915a9823df7dd3c1eac45221668e4051b03284ecba69b8","workspaceKey":"C:\\Users\\llh04\\Desktop\\小说","workspacePath":"C:\\Users\\llh04\\Desktop\\小说"}
[2026-08-23 20:28:55.138] [info] [pid:5220] [main] [host-log] (local-1) [host] [2026-08-23 20:28:55.135] [pid:36332] [zcode-agent-service] provider registry 变更已推送到本地 active workspace {"providerCount":2,"reason":"getAll","revision":"sha256:dc990ed629f1a66ca2915a9823df7dd3c1eac45221668e4051b03284ecba69b8","workspaceKey":"D:\\公考","workspacePath":"D:\\公考"}
[2026-08-23 20:28:55.140] [info] [pid:5220] [main] [host-log] (local-1) [host] [2026-08-23 20:28:55.139] [pid:36332] [zcode-host] [rpc:call] model-provider.getAll OK (196.4ms)
[2026-08-23 20:28:57.557] [debug] [pid:5220] [main] [browser-use] execute start browserId=iab:7549fd5b-e47b-47bd-a420-80d91325f717 sessionId=sess_9ac9f47e-224c-4ada-b806-e8c7d75367a5 method=list
[2026-08-23 20:28:57.558] [debug] [pid:5220] [main] [browser-use] execute requestId=ff726f20-aa39-4887-a306-b1e4865185ca browserId=iab:7549fd5b-e47b-47bd-a420-80d91325f717 generation=1787488122677 windowId=1 sessionId=sess_9ac9f47e-224c-4ada-b806-e8c7d75367a5 method=list
[2026-08-23 20:28:57.559] [debug] [pid:5220] [main] [browser-use] execute done sessionId=sess_9ac9f47e-224c-4ada-b806-e8c7d75367a5 method=list ok=true elapsedMs=1
[2026-08-23 20:28:57.559] [debug] [pid:5220] [main] [browser-use] execute start browserId=iab:7549fd5b-e47b-47bd-a420-80d91325f717 sessionId=sess_9ac9f47e-224c-4ada-b806-e8c7d75367a5 method=listUserTabs
[2026-08-23 20:28:57.559] [debug] [pid:5220] [main] [browser-use] execute requestId=f0a42619-dc6a-48de-83b8-3ce05cf8516a browserId=iab:7549fd5b-e47b-47bd-a420-80d91325f717 generation=1787488122677 windowId=1 sessionId=sess_9ac9f47e-224c-4ada-b806-e8c7d75367a5 method=listUserTabs
[2026-08-23 20:28:57.560] [debug] [pid:5220] [main] [browser-use] execute done sessionId=sess_9ac9f47e-224c-4ada-b806-e8c7d75367a5 method=listUserTabs ok=true elapsedMs=0
[2026-08-23 20:28:57.758] [info] [pid:5220] [main] [host-log] (local-1) [host] [2026-08-23 20:28:57.757] [pid:36332] [zcode-host] [rpc:call] zcode-agent.sendConversationCommandV4 OK (202.3ms)
[2026-08-23 20:29:13.633] [info] [pid:5220] [main] [host-log] (local-1) [host] [2026-08-23 20:29:13.632] [pid:36332] [zcode-host] [rpc:call] off-peak-task.list OK (0.2ms)
[2026-08-23 20:29:43.606] [info] [pid:5220] [main] [host-log] (local-1) [host] [2026-08-23 20:29:43.606] [pid:36332] [zcode-host] [rpc:call] off-peak-task.list OK (0.3ms)
[2026-08-23 20:30:13.583] [info] [pid:5220] [main] [host-log] (local-1) [host] [2026-08-23 20:30:13.583] [pid:36332] [zcode-host] [rpc:call] off-peak-task.list OK (0.2ms)
[2026-08-23 20:30:39.370] [info] [pid:5220] [main] [host-log] (local-1) [host] [2026-08-23 20:30:39.370] [pid:36332] [settingService] writing settings to: C:\Users\llh04\.zcode\v2\setting.json {"recentProjects":["C:\\Users\\llh04\\Desktop\\小说","D:\\公考","D:\\公考\\图形推理详解"],"locale":"zh-CN","localePreference":"zh-CN","terminalInheritSystemProfile":true,"embeddedBrowserAllowInsecureCertificates":false,"taskAutoArchiveEnabled":false,"taskAutoArchiveOlderThanDays":7,"closeToTrayOnWindows":true,"closeToTrayOnWindowsMigrationInitialized":true,"keepAwakeWhileRunning":false,"desktopWindowSize":{"width":1200,"height":800,"maximized":false},"desktopChromiumHardwareAccelerationEnabled":true,"messageStreamShowReasoning":false,"messageStreamShowTodos":false,"toolGroupingExploreEnabled":true,"toolGroupingTerminalEnabled":true,"toolGroupingChangesEnabled":false,"zcodeInteractionBehavior":"queue","askUserQuestionAutoResolutionEnabled":true,"modelIoFullRetentionEnabled":false,"optimizeAgentExperienceEnabled":false,"optimizeAgentExperienceMigrationInitialized":true,"enabledBuiltinAgentCliProviders":["glm"],"modelProviderFamilyModes":{"zai":"oauth"},"modelProviderFamilySelectedKeys":{"zai":"coding-plan:builtin:zai-start-plan"},"providerFamilyDomain":"zai","providerFamilyDomainUpdatedAt":1787116588334,"providerFamilyDomainMigrated":true,"repoSnapshotIndexingEnabled":false,"instantGrepIndexingEnabled":false,"nativeSearchEnhancementsEnabled":true,"memoryEnabled":false,"lastWorkspaceSession":[{"kind":"local","workspacePath":"C:\\Users\\llh04\\Desktop\\小说","workspacePurpose":"project"},{"kind":"local","workspacePath":"D:\\公考","workspacePurpose":"project"},{"kind":"local","workspacePath":"C:\\Users\\llh04\\.zcode\\workspace\\default","workspacePurpose":"conversation"}],"lastActiveTabIndex":0,"pendingPostUpdateReleaseNotes":{"version":"3.9.1","title":"Release v3.9.1","markdown":"## 新功能\n\n- 优化模型配置选项页面\n- 默认展示思考过程及实时耗时\n\n## 问题修复\n\n- 修复截图和网页工具图片在部分网关中无法显示的问题\n- 修复单冒号文件引用无法识别的问题","releaseDate":"2026-08-23T02:22:17.074Z","releaseNotesByLocale":{"zh-CN":{"title":"Release v3.9.1","markdown":"## 新功能\n\n- 优化模型配置选项页面\n- 默认展示思考过程及实时耗时\n\n## 问题修复\n\n- 修复截图和网页工具图片在部分网关中无法显示的问题\n- 修复单冒号文件引用无法识别的问题"},"en-US":{"title":"Release v3.9.1","markdown":"## New Features\n\n- Optimize the model configuration options page\n- By default, the thinking process and real-time time consumption are displayed\n\n## Issue Fix\n\n- Fixed the issue where screenshots and web tool images could not be displayed in some gateways\n- Fixed the issue where single-colon file references could not be recognized"}}},"receivePreviewUpdates":false,"autoDownloadAndInstallUpdates":true,"skippedElectronUpdateVersions":{},"settingsSyncFirstRunPromptHandled":true}
[2026-08-23 20:30:39.375] [info] [pid:5220] [main] [host-log] (local-1) [host] [2026-08-23 20:30:39.373] [pid:36332] [settingService] write done
[2026-08-23 20:30:39.376] [info] [pid:5220] [main] [host-log] (local-1) [host] [2026-08-23 20:30:39.374] [pid:36332] [zcode-host] [rpc:call] setting.update OK (4.4ms)
[2026-08-23 20:30:41.392] [info] [pid:5220] [main] [host-log] (local-1) [host] [2026-08-23 20:30:41.392] [pid:36332] [settingService] writing settings to: C:\Users\llh04\.zcode\v2\setting.json {"recentProjects":["C:\\Users\\llh04\\Desktop\\小说","D:\\公考","D:\\公考\\图形推理详解"],"locale":"zh-CN","localePreference":"zh-CN","terminalInheritSystemProfile":true,"embeddedBrowserAllowInsecureCertificates":false,"taskAutoArchiveEnabled":false,"taskAutoArchiveOlderThanDays":7,"closeToTrayOnWindows":true,"closeToTrayOnWindowsMigrationInitialized":true,"keepAwakeWhileRunning":false,"desktopWindowSize":{"width":1200,"height":800,"maximized":false},"desktopChromiumHardwareAccelerationEnabled":true,"messageStreamShowReasoning":false,"messageStreamShowTodos":false,"toolGroupingExploreEnabled":true,"toolGroupingTerminalEnabled":true,"toolGroupingChangesEnabled":false,"zcodeInteractionBehavior":"queue","askUserQuestionAutoResolutionEnabled":true,"modelIoFullRetentionEnabled":false,"optimizeAgentExperienceEnabled":false,"optimizeAgentExperienceMigrationInitialized":true,"enabledBuiltinAgentCliProviders":["glm"],"modelProviderFamilyModes":{"zai":"oauth"},"modelProviderFamilySelectedKeys":{"zai":"coding-plan:builtin:zai-start-plan"},"providerFamilyDomain":"zai","providerFamilyDomainUpdatedAt":1787116588334,"providerFamilyDomainMigrated":true,"repoSnapshotIndexingEnabled":false,"instantGrepIndexingEnabled":false,"nativeSearchEnhancementsEnabled":true,"memoryEnabled":false,"lastWorkspaceSession":[{"kind":"local","workspacePath":"C:\\Users\\llh04\\Desktop\\小说","workspacePurpose":"project"},{"kind":"local","workspacePath":"D:\\公考","workspacePurpose":"project"},{"kind":"local","workspacePath":"C:\\Users\\llh04\\.zcode\\workspace\\default","workspacePurpose":"conversation"}],"lastActiveTabIndex":0,"pendingPostUpdateReleaseNotes":{"version":"3.9.1","title":"Release v3.9.1","markdown":"## 新功能\n\n- 优化模型配置选项页面\n- 默认展示思考过程及实时耗时\n\n## 问题修复\n\n- 修复截图和网页工具图片在部分网关中无法显示的问题\n- 修复单冒号文件引用无法识别的问题","releaseDate":"2026-08-23T02:22:17.074Z","releaseNotesByLocale":{"zh-CN":{"title":"Release v3.9.1","markdown":"## 新功能\n\n- 优化模型配置选项页面\n- 默认展示思考过程及实时耗时\n\n## 问题修复\n\n- 修复截图和网页工具图片在部分网关中无法显示的问题\n- 修复单冒号文件引用无法识别的问题"},"en-US":{"title":"Release v3.9.1","markdown":"## New Features\n\n- Optimize the model configuration options page\n- By default, the thinking process and real-time time consumption are displayed\n\n## Issue Fix\n\n- Fixed the issue where screenshots and web tool images could not be displayed in some gateways\n- Fixed the issue where single-colon file references could not be recognized"}}},"receivePreviewUpdates":false,"autoDownloadAndInstallUpdates":true,"skippedElectronUpdateVersions":{},"settingsSyncFirstRunPromptHandled":true}
[2026-08-23 20:30:41.396] [info] [pid:5220] [main] [host-log] (local-1) [host] [2026-08-23 20:30:41.396] [pid:36332] [settingService] write done
[2026-08-23 20:30:41.398] [info] [pid:5220] [main] [host-log] (local-1) [host] [2026-08-23 20:30:41.396] [pid:36332] [zcode-host] [rpc:call] setting.update OK (5.1ms)
[2026-08-23 20:30:42.969] [info] [pid:5220] [main] [host-log] (local-1) [host] [2026-08-23 20:30:42.969] [pid:36332] [zcode-host] [rpc:call] off-peak-task.list OK (0.2ms)
[2026-08-23 20:31:13.594] [info] [pid:5220] [main] [host-log] (local-1) [host] [2026-08-23 20:31:13.593] [pid:36332] [zcode-host] [rpc:call] off-peak-task.list OK (0.3ms)
[2026-08-23 20:31:43.580] [info] [pid:5220] [main] [host-log] (local-1) [host] [2026-08-23 20:31:43.578] [pid:36332] [zcode-host] [rpc:call] off-peak-task.list OK (0.2ms)
[2026-08-23 20:32:34.608] [info] [pid:5220] [main] [host-log] (local-1) [host] [2026-08-23 20:32:34.608] [pid:36332] [zcode-host] [rpc:call] off-peak-task.list OK (0.2ms)
[2026-08-23 20:33:34.605] [info] [pid:5220] [main] [host-log] (local-1) [host] [2026-08-23 20:33:34.604] [pid:36332] [zcode-host] [rpc:call] off-peak-task.list OK (0.3ms)
[2026-08-23 20:33:41.135] [info] [pid:5220] [main] [resource] perf_resource window flushed
[2026-08-23 20:33:41.179] [info] [pid:5220] [main] [network] perf_network flushed interfaces=41
[2026-08-23 20:34:34.606] [info] [pid:5220] [main] [host-log] (local-1) [host] [2026-08-23 20:34:34.607] [pid:36332] [zcode-host] [rpc:call] off-peak-task.list OK (0.2ms)
[2026-08-23 20:35:34.604] [info] [pid:5220] [main] [host-log] (local-1) [host] [2026-08-23 20:35:34.603] [pid:36332] [zcode-host] [rpc:call] off-peak-task.list OK (0.1ms)
[2026-08-23 20:36:34.608] [info] [pid:5220] [main] [host-log] (local-1) [host] [2026-08-23 20:36:34.606] [pid:36332] [zcode-host] [rpc:call] off-peak-task.list OK (0.3ms)
[2026-08-23 20:37:34.596] [info] [pid:5220] [main] [host-log] (local-1) [host] [2026-08-23 20:37:34.595] [pid:36332] [zcode-host] [rpc:call] off-peak-task.list OK (0.2ms)
[2026-08-23 20:38:34.618] [info] [pid:5220] [main] [host-log] (local-1) [host] [2026-08-23 20:38:34.618] [pid:36332] [zcode-host] [rpc:call] off-peak-task.list OK (0.2ms)
[2026-08-23 20:38:41.120] [info] [pid:5220] [main] [resource] perf_resource window flushed
[2026-08-23 20:38:41.142] [info] [pid:5220] [main] [network] perf_network flushed interfaces=1
[2026-08-23 20:39:34.620] [info] [pid:5220] [main] [host-log] (local-1) [host] [2026-08-23 20:39:34.619] [pid:36332] [zcode-host] [rpc:call] off-peak-task.list OK (0.2ms)
[2026-08-23 20:40:34.621] [info] [pid:5220] [main] [host-log] (local-1) [host] [2026-08-23 20:40:34.621] [pid:36332] [zcode-host] [rpc:call] off-peak-task.list OK (0.3ms)
[2026-08-23 20:41:34.603] [info] [pid:5220] [main] [host-log] (local-1) [host] [2026-08-23 20:41:34.603] [pid:36332] [zcode-host] [rpc:call] off-peak-task.list OK (0.2ms)
[2026-08-23 20:42:10.608] [info] [pid:5220] [main] [host-log] (local-1) [host] [2026-08-23 20:42:10.608] [pid:36332] [zcode-agent-service] 开始请求 ZCode Protocol session/resume {"hasRuntimeModel":false,"mcpServerCount":0,"mcpServerNames":[],"modelHint":null,"runtimeModel":null,"sessionId":"sess_9ac9f47e-224c-4ada-b806-e8c7d75367a5","workspaceKey":"C:\\Users\\llh04\\Desktop\\小说","workspacePath":"C:\\Users\\llh04\\Desktop\\小说"}
[2026-08-23 20:42:10.940] [info] [pid:5220] [main] [host-log] (local-1) [host] [2026-08-23 20:42:10.940] [pid:36332] [zcode-host] [rpc:call] off-peak-task.list OK (0.4ms)
[2026-08-23 20:42:11.166] [info] [pid:5220] [main] [host-log] (local-1) [host] [2026-08-23 20:42:11.166] [pid:36332] [zcode-host] [rpc:call] file.checkFilesExist OK (0.2ms)
[2026-08-23 20:42:11.874] [info] [pid:5220] [main] [host-log] (local-1) [host] [2026-08-23 20:42:11.874] [pid:36332] [zcode-agent-service][trace:bae79b6c-4719-4cb1-938d-b402e5641847] ZCode Protocol session/resume 完成 {"durationMs":1282,"hasRuntimeModel":false,"messageCount":256,"modelCurrent":"3a57ef88-16c9-48c9-af35-067641626862/ox-alpha","mcpServerCount":0,"sessionId":"sess_9ac9f47e-224c-4ada-b806-e8c7d75367a5","snapshotTraceId":"bae79b6c-4719-4cb1-938d-b402e5641847","workspaceKey":"C:\\Users\\llh04\\Desktop\\小说","workspacePath":"C:\\Users\\llh04\\Desktop\\小说"}
[2026-08-23 20:42:12.973] [info] [pid:5220] [main] [host-log] (local-1) [host] [2026-08-23 20:42:12.971] [pid:36332] [zcode-host] [rpc:call] off-peak-task.list OK (0.2ms)
[2026-08-23 20:43:34.579] [info] [pid:5220] [main] [host-log] (local-1) [host] [2026-08-23 20:43:34.577] [pid:36332] [zcode-host] [rpc:call] off-peak-task.list OK (0.3ms)
[2026-08-23 20:43:41.126] [info] [pid:5220] [main] [resource] perf_resource window flushed
[2026-08-23 20:43:41.152] [info] [pid:5220] [main] [network] perf_network flushed interfaces=2
[2026-08-23 20:44:34.592] [info] [pid:5220] [main] [host-log] (local-1) [host] [2026-08-23 20:44:34.583] [pid:36332] [zcode-host] [rpc:call] off-peak-task.list OK (0.3ms)
[2026-08-23 20:45:34.577] [info] [pid:5220] [main] [host-log] (local-1) [host] [2026-08-23 20:45:34.573] [pid:36332] [zcode-host] [rpc:call] off-peak-task.list OK (0.2ms)
[2026-08-23 20:46:34.571] [info] [pid:5220] [main] [host-log] (local-1) [host] [2026-08-23 20:46:34.569] [pid:36332] [zcode-host] [rpc:call] off-peak-task.list OK (0.2ms)
[2026-08-23 20:47:11.783] [info] [pid:5220] [main] [host-log] (local-1) [host] [2026-08-23 20:47:11.783] [pid:36332] [zcode-host] [rpc:call] off-peak-task.list OK (0.1ms)
[2026-08-23 20:47:16.000] [info] [pid:5220] [main] [host-log] (local-1) [host] [2026-08-23 20:47:16.000] [pid:36332] [settingService] writing settings to: C:\Users\llh04\.zcode\v2\setting.json {"recentProjects":["C:\\Users\\llh04\\Desktop\\小说","D:\\公考","D:\\公考\\图形推理详解"],"locale":"zh-CN","localePreference":"zh-CN","terminalInheritSystemProfile":true,"embeddedBrowserAllowInsecureCertificates":false,"taskAutoArchiveEnabled":false,"taskAutoArchiveOlderThanDays":7,"closeToTrayOnWindows":true,"closeToTrayOnWindowsMigrationInitialized":true,"keepAwakeWhileRunning":false,"desktopWindowSize":{"width":1200,"height":800,"maximized":false},"desktopChromiumHardwareAccelerationEnabled":true,"messageStreamShowReasoning":false,"messageStreamShowTodos":false,"toolGroupingExploreEnabled":true,"toolGroupingTerminalEnabled":true,"toolGroupingChangesEnabled":false,"zcodeInteractionBehavior":"queue","askUserQuestionAutoResolutionEnabled":true,"modelIoFullRetentionEnabled":false,"optimizeAgentExperienceEnabled":false,"optimizeAgentExperienceMigrationInitialized":true,"enabledBuiltinAgentCliProviders":["glm"],"modelProviderFamilyModes":{"zai":"oauth"},"modelProviderFamilySelectedKeys":{"zai":"coding-plan:builtin:zai-start-plan"},"providerFamilyDomain":"zai","providerFamilyDomainUpdatedAt":1787116588334,"providerFamilyDomainMigrated":true,"repoSnapshotIndexingEnabled":false,"instantGrepIndexingEnabled":false,"nativeSearchEnhancementsEnabled":true,"memoryEnabled":false,"lastWorkspaceSession":[{"kind":"local","workspacePath":"C:\\Users\\llh04\\Desktop\\小说","workspacePurpose":"project"},{"kind":"local","workspacePath":"D:\\公考","workspacePurpose":"project"},{"kind":"local","workspacePath":"C:\\Users\\llh04\\.zcode\\workspace\\default","workspacePurpose":"conversation"}],"lastActiveTabIndex":0,"pendingPostUpdateReleaseNotes":{"version":"3.9.1","title":"Release v3.9.1","markdown":"## 新功能\n\n- 优化模型配置选项页面\n- 默认展示思考过程及实时耗时\n\n## 问题修复\n\n- 修复截图和网页工具图片在部分网关中无法显示的问题\n- 修复单冒号文件引用无法识别的问题","releaseDate":"2026-08-23T02:22:17.074Z","releaseNotesByLocale":{"zh-CN":{"title":"Release v3.9.1","markdown":"## 新功能\n\n- 优化模型配置选项页面\n- 默认展示思考过程及实时耗时\n\n## 问题修复\n\n- 修复截图和网页工具图片在部分网关中无法显示的问题\n- 修复单冒号文件引用无法识别的问题"},"en-US":{"title":"Release v3.9.1","markdown":"## New Features\n\n- Optimize the model configuration options page\n- By default, the thinking process and real-time time consumption are displayed\n\n## Issue Fix\n\n- Fixed the issue where screenshots and web tool images could not be displayed in some gateways\n- Fixed the issue where single-colon file references could not be recognized"}}},"receivePreviewUpdates":false,"autoDownloadAndInstallUpdates":true,"skippedElectronUpdateVersions":{},"settingsSyncFirstRunPromptHandled":true}
[2026-08-23 20:47:16.004] [info] [pid:5220] [main] [host-log] (local-1) [host] [2026-08-23 20:47:16.003] [pid:36332] [settingService] write done
[2026-08-23 20:47:16.004] [info] [pid:5220] [main] [host-log] (local-1) [host] [2026-08-23 20:47:16.003] [pid:36332] [zcode-host] [rpc:call] setting.update OK (4.4ms)
[2026-08-23 20:47:17.734] [info] [pid:5220] [main] [host-log] (local-1) [host] [2026-08-23 20:47:17.733] [pid:36332] [settingService] writing settings to: C:\Users\llh04\.zcode\v2\setting.json {"recentProjects":["C:\\Users\\llh04\\Desktop\\小说","D:\\公考","D:\\公考\\图形推理详解"],"locale":"zh-CN","localePreference":"zh-CN","terminalInheritSystemProfile":true,"embeddedBrowserAllowInsecureCertificates":false,"taskAutoArchiveEnabled":false,"taskAutoArchiveOlderThanDays":7,"closeToTrayOnWindows":true,"closeToTrayOnWindowsMigrationInitialized":true,"keepAwakeWhileRunning":false,"desktopWindowSize":{"width":1200,"height":800,"maximized":false},"desktopChromiumHardwareAccelerationEnabled":true,"messageStreamShowReasoning":false,"messageStreamShowTodos":false,"toolGroupingExploreEnabled":true,"toolGroupingTerminalEnabled":true,"toolGroupingChangesEnabled":false,"zcodeInteractionBehavior":"queue","askUserQuestionAutoResolutionEnabled":true,"modelIoFullRetentionEnabled":false,"optimizeAgentExperienceEnabled":false,"optimizeAgentExperienceMigrationInitialized":true,"enabledBuiltinAgentCliProviders":["glm"],"modelProviderFamilyModes":{"zai":"oauth"},"modelProviderFamilySelectedKeys":{"zai":"coding-plan:builtin:zai-start-plan"},"providerFamilyDomain":"zai","providerFamilyDomainUpdatedAt":1787116588334,"providerFamilyDomainMigrated":true,"repoSnapshotIndexingEnabled":false,"instantGrepIndexingEnabled":false,"nativeSearchEnhancementsEnabled":true,"memoryEnabled":false,"lastWorkspaceSession":[{"kind":"local","workspacePath":"C:\\Users\\llh04\\Desktop\\小说","workspacePurpose":"project"},{"kind":"local","workspacePath":"D:\\公考","workspacePurpose":"project"},{"kind":"local","workspacePath":"C:\\Users\\llh04\\.zcode\\workspace\\default","workspacePurpose":"conversation"}],"lastActiveTabIndex":0,"pendingPostUpdateReleaseNotes":{"version":"3.9.1","title":"Release v3.9.1","markdown":"## 新功能\n\n- 优化模型配置选项页面\n- 默认展示思考过程及实时耗时\n\n## 问题修复\n\n- 修复截图和网页工具图片在部分网关中无法显示的问题\n- 修复单冒号文件引用无法识别的问题","releaseDate":"2026-08-23T02:22:17.074Z","releaseNotesByLocale":{"zh-CN":{"title":"Release v3.9.1","markdown":"## 新功能\n\n- 优化模型配置选项页面\n- 默认展示思考过程及实时耗时\n\n## 问题修复\n\n- 修复截图和网页工具图片在部分网关中无法显示的问题\n- 修复单冒号文件引用无法识别的问题"},"en-US":{"title":"Release v3.9.1","markdown":"## New Features\n\n- Optimize the model configuration options page\n- By default, the thinking process and real-time time consumption are displayed\n\n## Issue Fix\n\n- Fixed the issue where screenshots and web tool images could not be displayed in some gateways\n- Fixed the issue where single-colon file references could not be recognized"}}},"receivePreviewUpdates":false,"autoDownloadAndInstallUpdates":true,"skippedElectronUpdateVersions":{},"settingsSyncFirstRunPromptHandled":true}
[2026-08-23 20:47:17.739] [info] [pid:5220] [main] [host-log] (local-1) [host] [2026-08-23 20:47:17.738] [pid:36332] [settingService] write done
[2026-08-23 20:47:17.739] [info] [pid:5220] [main] [host-log] (local-1) [host] [2026-08-23 20:47:17.738] [pid:36332] [zcode-host] [rpc:call] setting.update OK (6.8ms)
[2026-08-23 20:47:20.539] [debug] [pid:5220] [main] [browser-use] execute start browserId=iab:7549fd5b-e47b-47bd-a420-80d91325f717 sessionId=sess_9ac9f47e-224c-4ada-b806-e8c7d75367a5 method=list
[2026-08-23 20:47:20.540] [debug] [pid:5220] [main] [browser-use] execute requestId=a8499e0b-f905-49d1-bc22-edd8ccea3434 browserId=iab:7549fd5b-e47b-47bd-a420-80d91325f717 generation=1787488122677 windowId=1 sessionId=sess_9ac9f47e-224c-4ada-b806-e8c7d75367a5 method=list
[2026-08-23 20:47:20.540] [debug] [pid:5220] [main] [browser-use] execute done sessionId=sess_9ac9f47e-224c-4ada-b806-e8c7d75367a5 method=list ok=true elapsedMs=0
[2026-08-23 20:47:20.541] [debug] [pid:5220] [main] [browser-use] execute start browserId=iab:7549fd5b-e47b-47bd-a420-80d91325f717 sessionId=sess_9ac9f47e-224c-4ada-b806-e8c7d75367a5 method=listUserTabs
[2026-08-23 20:47:20.541] [debug] [pid:5220] [main] [browser-use] execute requestId=0726febf-63bd-4a8b-be96-50ab75e73b40 browserId=iab:7549fd5b-e47b-47bd-a420-80d91325f717 generation=1787488122677 windowId=1 sessionId=sess_9ac9f47e-224c-4ada-b806-e8c7d75367a5 method=listUserTabs
[2026-08-23 20:47:20.541] [debug] [pid:5220] [main] [browser-use] execute done sessionId=sess_9ac9f47e-224c-4ada-b806-e8c7d75367a5 method=listUserTabs ok=true elapsedMs=0
[2026-08-23 20:47:20.709] [info] [pid:5220] [main] [host-log] (local-1) [host] [2026-08-23 20:47:20.708] [pid:36332] [zcode-host] [rpc:call] zcode-agent.sendConversationCommandV4 OK (170.2ms)
[2026-08-23 20:47:25.670] [info] [pid:5220] [main] [host-log] (local-1) [host] [2026-08-23 20:47:25.669] [pid:36332] [settingService] writing settings to: C:\Users\llh04\.zcode\v2\setting.json {"recentProjects":["C:\\Users\\llh04\\Desktop\\小说","D:\\公考","D:\\公考\\图形推理详解"],"locale":"zh-CN","localePreference":"zh-CN","terminalInheritSystemProfile":true,"embeddedBrowserAllowInsecureCertificates":false,"taskAutoArchiveEnabled":false,"taskAutoArchiveOlderThanDays":7,"closeToTrayOnWindows":true,"closeToTrayOnWindowsMigrationInitialized":true,"keepAwakeWhileRunning":false,"desktopWindowSize":{"width":1200,"height":800,"maximized":false},"desktopChromiumHardwareAccelerationEnabled":true,"messageStreamShowReasoning":false,"messageStreamShowTodos":false,"toolGroupingExploreEnabled":true,"toolGroupingTerminalEnabled":true,"toolGroupingChangesEnabled":false,"zcodeInteractionBehavior":"queue","askUserQuestionAutoResolutionEnabled":true,"modelIoFullRetentionEnabled":false,"optimizeAgentExperienceEnabled":false,"optimizeAgentExperienceMigrationInitialized":true,"enabledBuiltinAgentCliProviders":["glm"],"modelProviderFamilyModes":{"zai":"oauth"},"modelProviderFamilySelectedKeys":{"zai":"coding-plan:builtin:zai-start-plan"},"providerFamilyDomain":"zai","providerFamilyDomainUpdatedAt":1787116588334,"providerFamilyDomainMigrated":true,"repoSnapshotIndexingEnabled":false,"instantGrepIndexingEnabled":false,"nativeSearchEnhancementsEnabled":true,"memoryEnabled":false,"lastWorkspaceSession":[{"kind":"local","workspacePath":"C:\\Users\\llh04\\Desktop\\小说","workspacePurpose":"project"},{"kind":"local","workspacePath":"D:\\公考","workspacePurpose":"project"},{"kind":"local","workspacePath":"C:\\Users\\llh04\\.zcode\\workspace\\default","workspacePurpose":"conversation"}],"lastActiveTabIndex":0,"pendingPostUpdateReleaseNotes":{"version":"3.9.1","title":"Release v3.9.1","markdown":"## 新功能\n\n- 优化模型配置选项页面\n- 默认展示思考过程及实时耗时\n\n## 问题修复\n\n- 修复截图和网页工具图片在部分网关中无法显示的问题\n- 修复单冒号文件引用无法识别的问题","releaseDate":"2026-08-23T02:22:17.074Z","releaseNotesByLocale":{"zh-CN":{"title":"Release v3.9.1","markdown":"## 新功能\n\n- 优化模型配置选项页面\n- 默认展示思考过程及实时耗时\n\n## 问题修复\n\n- 修复截图和网页工具图片在部分网关中无法显示的问题\n- 修复单冒号文件引用无法识别的问题"},"en-US":{"title":"Release v3.9.1","markdown":"## New Features\n\n- Optimize the model configuration options page\n- By default, the thinking process and real-time time consumption are displayed\n\n## Issue Fix\n\n- Fixed the issue where screenshots and web tool images could not be displayed in some gateways\n- Fixed the issue where single-colon file references could not be recognized"}}},"receivePreviewUpdates":false,"autoDownloadAndInstallUpdates":true,"skippedElectronUpdateVersions":{},"settingsSyncFirstRunPromptHandled":true}
[2026-08-23 20:47:25.675] [info] [pid:5220] [main] [host-log] (local-1) [host] [2026-08-23 20:47:25.674] [pid:36332] [settingService] write done
[2026-08-23 20:47:25.676] [info] [pid:5220] [main] [host-log] (local-1) [host] [2026-08-23 20:47:25.674] [pid:36332] [zcode-host] [rpc:call] setting.update OK (7.5ms)
[2026-08-23 20:47:32.772] [info] [pid:5220] [main] [host-log] (local-1) [host] [2026-08-23 20:47:32.771] [pid:36332] [settingService] writing settings to: C:\Users\llh04\.zcode\v2\setting.json {"recentProjects":["C:\\Users\\llh04\\Desktop\\小说","D:\\公考","D:\\公考\\图形推理详解"],"locale":"zh-CN","localePreference":"zh-CN","terminalInheritSystemProfile":true,"embeddedBrowserAllowInsecureCertificates":false,"taskAutoArchiveEnabled":false,"taskAutoArchiveOlderThanDays":7,"closeToTrayOnWindows":true,"closeToTrayOnWindowsMigrationInitialized":true,"keepAwakeWhileRunning":false,"desktopWindowSize":{"width":1200,"height":800,"maximized":false},"desktopChromiumHardwareAccelerationEnabled":true,"messageStreamShowReasoning":false,"messageStreamShowTodos":false,"toolGroupingExploreEnabled":true,"toolGroupingTerminalEnabled":true,"toolGroupingChangesEnabled":false,"zcodeInteractionBehavior":"queue","askUserQuestionAutoResolutionEnabled":true,"modelIoFullRetentionEnabled":false,"optimizeAgentExperienceEnabled":false,"optimizeAgentExperienceMigrationInitialized":true,"enabledBuiltinAgentCliProviders":["glm"],"modelProviderFamilyModes":{"zai":"oauth"},"modelProviderFamilySelectedKeys":{"zai":"coding-plan:builtin:zai-start-plan"},"providerFamilyDomain":"zai","providerFamilyDomainUpdatedAt":1787116588334,"providerFamilyDomainMigrated":true,"repoSnapshotIndexingEnabled":false,"instantGrepIndexingEnabled":false,"nativeSearchEnhancementsEnabled":true,"memoryEnabled":false,"lastWorkspaceSession":[{"kind":"local","workspacePath":"C:\\Users\\llh04\\Desktop\\小说","workspacePurpose":"project"},{"kind":"local","workspacePath":"D:\\公考","workspacePurpose":"project"},{"kind":"local","workspacePath":"C:\\Users\\llh04\\.zcode\\workspace\\default","workspacePurpose":"conversation"}],"lastActiveTabIndex":0,"pendingPostUpdateReleaseNotes":{"version":"3.9.1","title":"Release v3.9.1","markdown":"## 新功能\n\n- 优化模型配置选项页面\n- 默认展示思考过程及实时耗时\n\n## 问题修复\n\n- 修复截图和网页工具图片在部分网关中无法显示的问题\n- 修复单冒号文件引用无法识别的问题","releaseDate":"2026-08-23T02:22:17.074Z","releaseNotesByLocale":{"zh-CN":{"title":"Release v3.9.1","markdown":"## 新功能\n\n- 优化模型配置选项页面\n- 默认展示思考过程及实时耗时\n\n## 问题修复\n\n- 修复截图和网页工具图片在部分网关中无法显示的问题\n- 修复单冒号文件引用无法识别的问题"},"en-US":{"title":"Release v3.9.1","markdown":"## New Features\n\n- Optimize the model configuration options page\n- By default, the thinking process and real-time time consumption are displayed\n\n## Issue Fix\n\n- Fixed the issue where screenshots and web tool images could not be displayed in some gateways\n- Fixed the issue where single-colon file references could not be recognized"}}},"receivePreviewUpdates":false,"autoDownloadAndInstallUpdates":true,"skippedElectronUpdateVersions":{},"settingsSyncFirstRunPromptHandled":true}
[2026-08-23 20:47:32.774] [info] [pid:5220] [main] [host-log] (local-1) [host] [2026-08-23 20:47:32.774] [pid:36332] [settingService] write done
[2026-08-23 20:47:32.775] [info] [pid:5220] [main] [host-log] (local-1) [host] [2026-08-23 20:47:32.774] [pid:36332] [zcode-host] [rpc:call] setting.update OK (3.6ms)
[2026-08-23 20:47:43.621] [info] [pid:5220] [main] [host-log] (local-1) [host] [2026-08-23 20:47:43.621] [pid:36332] [zcode-host] [rpc:call] off-peak-task.list OK (0.2ms)
[2026-08-23 20:48:13.581] [info] [pid:5220] [main] [host-log] (local-1) [host] [2026-08-23 20:48:13.581] [pid:36332] [zcode-host] [rpc:call] off-peak-task.list OK (0.1ms)
[2026-08-23 20:48:41.147] [info] [pid:5220] [main] [resource] perf_resource window flushed
[2026-08-23 20:48:41.148] [info] [pid:5220] [main] [network] perf_network flushed interfaces=3
[2026-08-23 20:49:03.345] [info] [pid:5220] [main] [host-log] (local-1) [host] [2026-08-23 20:49:03.344] [pid:36332] [zcode-host] [rpc:call] off-peak-task.list OK (0.2ms)
[2026-08-23 20:49:06.118] [info] [pid:5220] [main] [host-log] (local-1) [host] [2026-08-23 20:49:06.117] [pid:36332] [settingService] writing settings to: C:\Users\llh04\.zcode\v2\setting.json {"recentProjects":["C:\\Users\\llh04\\Desktop\\小说","D:\\公考","D:\\公考\\图形推理详解"],"locale":"zh-CN","localePreference":"zh-CN","terminalInheritSystemProfile":true,"embeddedBrowserAllowInsecureCertificates":false,"taskAutoArchiveEnabled":false,"taskAutoArchiveOlderThanDays":7,"closeToTrayOnWindows":true,"closeToTrayOnWindowsMigrationInitialized":true,"keepAwakeWhileRunning":false,"desktopWindowSize":{"width":1200,"height":800,"maximized":false},"desktopChromiumHardwareAccelerationEnabled":true,"messageStreamShowReasoning":false,"messageStreamShowTodos":false,"toolGroupingExploreEnabled":true,"toolGroupingTerminalEnabled":true,"toolGroupingChangesEnabled":false,"zcodeInteractionBehavior":"queue","askUserQuestionAutoResolutionEnabled":true,"modelIoFullRetentionEnabled":false,"optimizeAgentExperienceEnabled":false,"optimizeAgentExperienceMigrationInitialized":true,"enabledBuiltinAgentCliProviders":["glm"],"modelProviderFamilyModes":{"zai":"oauth"},"modelProviderFamilySelectedKeys":{"zai":"coding-plan:builtin:zai-start-plan"},"providerFamilyDomain":"zai","providerFamilyDomainUpdatedAt":1787116588334,"providerFamilyDomainMigrated":true,"repoSnapshotIndexingEnabled":false,"instantGrepIndexingEnabled":false,"nativeSearchEnhancementsEnabled":true,"memoryEnabled":false,"lastWorkspaceSession":[{"kind":"local","workspacePath":"C:\\Users\\llh04\\Desktop\\小说","workspacePurpose":"project"},{"kind":"local","workspacePath":"D:\\公考","workspacePurpose":"project"},{"kind":"local","workspacePath":"C:\\Users\\llh04\\.zcode\\workspace\\default","workspacePurpose":"conversation"}],"lastActiveTabIndex":0,"pendingPostUpdateReleaseNotes":{"version":"3.9.1","title":"Release v3.9.1","markdown":"## 新功能\n\n- 优化模型配置选项页面\n- 默认展示思考过程及实时耗时\n\n## 问题修复\n\n- 修复截图和网页工具图片在部分网关中无法显示的问题\n- 修复单冒号文件引用无法识别的问题","releaseDate":"2026-08-23T02:22:17.074Z","releaseNotesByLocale":{"zh-CN":{"title":"Release v3.9.1","markdown":"## 新功能\n\n- 优化模型配置选项页面\n- 默认展示思考过程及实时耗时\n\n## 问题修复\n\n- 修复截图和网页工具图片在部分网关中无法显示的问题\n- 修复单冒号文件引用无法识别的问题"},"en-US":{"title":"Release v3.9.1","markdown":"## New Features\n\n- Optimize the model configuration options page\n- By default, the thinking process and real-time time consumption are displayed\n\n## Issue Fix\n\n- Fixed the issue where screenshots and web tool images could not be displayed in some gateways\n- Fixed the issue where single-colon file references could not be recognized"}}},"receivePreviewUpdates":false,"autoDownloadAndInstallUpdates":true,"skippedElectronUpdateVersions":{},"settingsSyncFirstRunPromptHandled":true}
[2026-08-23 20:49:06.121] [info] [pid:5220] [main] [host-log] (local-1) [host] [2026-08-23 20:49:06.121] [pid:36332] [settingService] write done
[2026-08-23 20:49:06.122] [info] [pid:5220] [main] [host-log] (local-1) [host] [2026-08-23 20:49:06.121] [pid:36332] [zcode-host] [rpc:call] setting.update OK (4.5ms)
[2026-08-23 20:49:12.973] [info] [pid:5220] [main] [host-log] (local-1) [host] [2026-08-23 20:49:12.971] [pid:36332] [zcode-host] [rpc:call] off-peak-task.list OK (0.5ms)
[2026-08-23 20:49:17.412] [info] [pid:5220] [main] [host-log] (local-1) [host] [2026-08-23 20:49:17.412] [pid:36332] [settingService] writing settings to: C:\Users\llh04\.zcode\v2\setting.json {"recentProjects":["C:\\Users\\llh04\\Desktop\\小说","D:\\公考","D:\\公考\\图形推理详解"],"locale":"zh-CN","localePreference":"zh-CN","terminalInheritSystemProfile":true,"embeddedBrowserAllowInsecureCertificates":false,"taskAutoArchiveEnabled":false,"taskAutoArchiveOlderThanDays":7,"closeToTrayOnWindows":true,"closeToTrayOnWindowsMigrationInitialized":true,"keepAwakeWhileRunning":false,"desktopWindowSize":{"width":1200,"height":800,"maximized":false},"desktopChromiumHardwareAccelerationEnabled":true,"messageStreamShowReasoning":false,"messageStreamShowTodos":false,"toolGroupingExploreEnabled":true,"toolGroupingTerminalEnabled":true,"toolGroupingChangesEnabled":false,"zcodeInteractionBehavior":"queue","askUserQuestionAutoResolutionEnabled":true,"modelIoFullRetentionEnabled":false,"optimizeAgentExperienceEnabled":false,"optimizeAgentExperienceMigrationInitialized":true,"enabledBuiltinAgentCliProviders":["glm"],"modelProviderFamilyModes":{"zai":"oauth"},"modelProviderFamilySelectedKeys":{"zai":"coding-plan:builtin:zai-start-plan"},"providerFamilyDomain":"zai","providerFamilyDomainUpdatedAt":1787116588334,"providerFamilyDomainMigrated":true,"repoSnapshotIndexingEnabled":false,"instantGrepIndexingEnabled":false,"nativeSearchEnhancementsEnabled":true,"memoryEnabled":false,"lastWorkspaceSession":[{"kind":"local","workspacePath":"C:\\Users\\llh04\\Desktop\\小说","workspacePurpose":"project"},{"kind":"local","workspacePath":"D:\\公考","workspacePurpose":"project"},{"kind":"local","workspacePath":"C:\\Users\\llh04\\.zcode\\workspace\\default","workspacePurpose":"conversation"}],"lastActiveTabIndex":0,"pendingPostUpdateReleaseNotes":{"version":"3.9.1","title":"Release v3.9.1","markdown":"## 新功能\n\n- 优化模型配置选项页面\n- 默认展示思考过程及实时耗时\n\n## 问题修复\n\n- 修复截图和网页工具图片在部分网关中无法显示的问题\n- 修复单冒号文件引用无法识别的问题","releaseDate":"2026-08-23T02:22:17.074Z","releaseNotesByLocale":{"zh-CN":{"title":"Release v3.9.1","markdown":"## 新功能\n\n- 优化模型配置选项页面\n- 默认展示思考过程及实时耗时\n\n## 问题修复\n\n- 修复截图和网页工具图片在部分网关中无法显示的问题\n- 修复单冒号文件引用无法识别的问题"},"en-US":{"title":"Release v3.9.1","markdown":"## New Features\n\n- Optimize the model configuration options page\n- By default, the thinking process and real-time time consumption are displayed\n\n## Issue Fix\n\n- Fixed the issue where screenshots and web tool images could not be displayed in some gateways\n- Fixed the issue where single-colon file references could not be recognized"}}},"receivePreviewUpdates":false,"autoDownloadAndInstallUpdates":true,"skippedElectronUpdateVersions":{},"settingsSyncFirstRunPromptHandled":true}
[2026-08-23 20:49:17.415] [info] [pid:5220] [main] [host-log] (local-1) [host] [2026-08-23 20:49:17.415] [pid:36332] [settingService] write done
[2026-08-23 20:49:17.416] [info] [pid:5220] [main] [host-log] (local-1) [host] [2026-08-23 20:49:17.415] [pid:36332] [zcode-host] [rpc:call] setting.update OK (4.0ms)
[2026-08-23 20:49:43.604] [info] [pid:5220] [main] [host-log] (local-1) [host] [2026-08-23 20:49:43.603] [pid:36332] [zcode-host] [rpc:call] off-peak-task.list OK (0.1ms)
[2026-08-23 20:50:13.608] [info] [pid:5220] [main] [host-log] (local-1) [host] [2026-08-23 20:50:13.608] [pid:36332] [zcode-host] [rpc:call] off-peak-task.list OK (0.1ms)
[2026-08-23 20:50:23.499] [info] [pid:5220] [main] [host-log] (local-1) [host] [2026-08-23 20:50:23.499] [pid:36332] [settingService] writing settings to: C:\Users\llh04\.zcode\v2\setting.json {"recentProjects":["C:\\Users\\llh04\\Desktop\\小说","D:\\公考","D:\\公考\\图形推理详解"],"locale":"zh-CN","localePreference":"zh-CN","terminalInheritSystemProfile":true,"embeddedBrowserAllowInsecureCertificates":false,"taskAutoArchiveEnabled":false,"taskAutoArchiveOlderThanDays":7,"closeToTrayOnWindows":true,"closeToTrayOnWindowsMigrationInitialized":true,"keepAwakeWhileRunning":false,"desktopWindowSize":{"width":1200,"height":800,"maximized":false},"desktopChromiumHardwareAccelerationEnabled":true,"messageStreamShowReasoning":false,"messageStreamShowTodos":false,"toolGroupingExploreEnabled":true,"toolGroupingTerminalEnabled":true,"toolGroupingChangesEnabled":false,"zcodeInteractionBehavior":"queue","askUserQuestionAutoResolutionEnabled":true,"modelIoFullRetentionEnabled":false,"optimizeAgentExperienceEnabled":false,"optimizeAgentExperienceMigrationInitialized":true,"enabledBuiltinAgentCliProviders":["glm"],"modelProviderFamilyModes":{"zai":"oauth"},"modelProviderFamilySelectedKeys":{"zai":"coding-plan:builtin:zai-start-plan"},"providerFamilyDomain":"zai","providerFamilyDomainUpdatedAt":1787116588334,"providerFamilyDomainMigrated":true,"repoSnapshotIndexingEnabled":false,"instantGrepIndexingEnabled":false,"nativeSearchEnhancementsEnabled":true,"memoryEnabled":false,"lastWorkspaceSession":[{"kind":"local","workspacePath":"C:\\Users\\llh04\\Desktop\\小说","workspacePurpose":"project"},{"kind":"local","workspacePath":"D:\\公考","workspacePurpose":"project"},{"kind":"local","workspacePath":"C:\\Users\\llh04\\.zcode\\workspace\\default","workspacePurpose":"conversation"}],"lastActiveTabIndex":0,"pendingPostUpdateReleaseNotes":{"version":"3.9.1","title":"Release v3.9.1","markdown":"## 新功能\n\n- 优化模型配置选项页面\n- 默认展示思考过程及实时耗时\n\n## 问题修复\n\n- 修复截图和网页工具图片在部分网关中无法显示的问题\n- 修复单冒号文件引用无法识别的问题","releaseDate":"2026-08-23T02:22:17.074Z","releaseNotesByLocale":{"zh-CN":{"title":"Release v3.9.1","markdown":"## 新功能\n\n- 优化模型配置选项页面\n- 默认展示思考过程及实时耗时\n\n## 问题修复\n\n- 修复截图和网页工具图片在部分网关中无法显示的问题\n- 修复单冒号文件引用无法识别的问题"},"en-US":{"title":"Release v3.9.1","markdown":"## New Features\n\n- Optimize the model configuration options page\n- By default, the thinking process and real-time time consumption are displayed\n\n## Issue Fix\n\n- Fixed the issue where screenshots and web tool images could not be displayed in some gateways\n- Fixed the issue where single-colon file references could not be recognized"}}},"receivePreviewUpdates":false,"autoDownloadAndInstallUpdates":true,"skippedElectronUpdateVersions":{},"settingsSyncFirstRunPromptHandled":true}
[2026-08-23 20:50:23.503] [info] [pid:5220] [main] [host-log] (local-1) [host] [2026-08-23 20:50:23.503] [pid:36332] [settingService] write done
[2026-08-23 20:50:23.503] [info] [pid:5220] [main] [host-log] (local-1) [host] [2026-08-23 20:50:23.503] [pid:36332] [zcode-host] [rpc:call] setting.update OK (4.6ms)
[2026-08-23 20:50:25.598] [info] [pid:5220] [main] [host-log] (local-1) [host] [2026-08-23 20:50:25.597] [pid:36332] [settingService] writing settings to: C:\Users\llh04\.zcode\v2\setting.json {"recentProjects":["C:\\Users\\llh04\\Desktop\\小说","D:\\公考","D:\\公考\\图形推理详解"],"locale":"zh-CN","localePreference":"zh-CN","terminalInheritSystemProfile":true,"embeddedBrowserAllowInsecureCertificates":false,"taskAutoArchiveEnabled":false,"taskAutoArchiveOlderThanDays":7,"closeToTrayOnWindows":true,"closeToTrayOnWindowsMigrationInitialized":true,"keepAwakeWhileRunning":false,"desktopWindowSize":{"width":1200,"height":800,"maximized":false},"desktopChromiumHardwareAccelerationEnabled":true,"messageStreamShowReasoning":false,"messageStreamShowTodos":false,"toolGroupingExploreEnabled":true,"toolGroupingTerminalEnabled":true,"toolGroupingChangesEnabled":false,"zcodeInteractionBehavior":"queue","askUserQuestionAutoResolutionEnabled":true,"modelIoFullRetentionEnabled":false,"optimizeAgentExperienceEnabled":false,"optimizeAgentExperienceMigrationInitialized":true,"enabledBuiltinAgentCliProviders":["glm"],"modelProviderFamilyModes":{"zai":"oauth"},"modelProviderFamilySelectedKeys":{"zai":"coding-plan:builtin:zai-start-plan"},"providerFamilyDomain":"zai","providerFamilyDomainUpdatedAt":1787116588334,"providerFamilyDomainMigrated":true,"repoSnapshotIndexingEnabled":false,"instantGrepIndexingEnabled":false,"nativeSearchEnhancementsEnabled":true,"memoryEnabled":false,"lastWorkspaceSession":[{"kind":"local","workspacePath":"C:\\Users\\llh04\\Desktop\\小说","workspacePurpose":"project"},{"kind":"local","workspacePath":"D:\\公考","workspacePurpose":"project"},{"kind":"local","workspacePath":"C:\\Users\\llh04\\.zcode\\workspace\\default","workspacePurpose":"conversation"}],"lastActiveTabIndex":0,"pendingPostUpdateReleaseNotes":{"version":"3.9.1","title":"Release v3.9.1","markdown":"## 新功能\n\n- 优化模型配置选项页面\n- 默认展示思考过程及实时耗时\n\n## 问题修复\n\n- 修复截图和网页工具图片在部分网关中无法显示的问题\n- 修复单冒号文件引用无法识别的问题","releaseDate":"2026-08-23T02:22:17.074Z","releaseNotesByLocale":{"zh-CN":{"title":"Release v3.9.1","markdown":"## 新功能\n\n- 优化模型配置选项页面\n- 默认展示思考过程及实时耗时\n\n## 问题修复\n\n- 修复截图和网页工具图片在部分网关中无法显示的问题\n- 修复单冒号文件引用无法识别的问题"},"en-US":{"title":"Release v3.9.1","markdown":"## New Features\n\n- Optimize the model configuration options page\n- By default, the thinking process and real-time time consumption are displayed\n\n## Issue Fix\n\n- Fixed the issue where screenshots and web tool images could not be displayed in some gateways\n- Fixed the issue where single-colon file references could not be recognized"}}},"receivePreviewUpdates":false,"autoDownloadAndInstallUpdates":true,"skippedElectronUpdateVersions":{},"settingsSyncFirstRunPromptHandled":true}
[2026-08-23 20:50:25.602] [info] [pid:5220] [main] [host-log] (local-1) [host] [2026-08-23 20:50:25.602] [pid:36332] [settingService] write done
[2026-08-23 20:50:25.603] [info] [pid:5220] [main] [host-log] (local-1) [host] [2026-08-23 20:50:25.602] [pid:36332] [zcode-host] [rpc:call] setting.update OK (5.9ms)
[2026-08-23 20:50:42.972] [info] [pid:5220] [main] [host-log] (local-1) [host] [2026-08-23 20:50:42.972] [pid:36332] [zcode-host] [rpc:call] off-peak-task.list OK (0.2ms)
[2026-08-23 20:51:13.599] [info] [pid:5220] [main] [host-log] (local-1) [host] [2026-08-23 20:51:13.599] [pid:36332] [zcode-host] [rpc:call] off-peak-task.list OK (0.2ms)
[2026-08-23 20:51:43.602] [info] [pid:5220] [main] [host-log] (local-1) [host] [2026-08-23 20:51:43.603] [pid:36332] [zcode-host] [rpc:call] off-peak-task.list OK (0.2ms)
[2026-08-23 20:52:34.609] [info] [pid:5220] [main] [host-log] (local-1) [host] [2026-08-23 20:52:34.609] [pid:36332] [zcode-host] [rpc:call] off-peak-task.list OK (0.2ms)
[2026-08-23 20:53:34.607] [info] [pid:5220] [main] [host-log] (local-1) [host] [2026-08-23 20:53:34.605] [pid:36332] [zcode-host] [rpc:call] off-peak-task.list OK (0.3ms)
[2026-08-23 20:53:41.155] [info] [pid:5220] [main] [resource] perf_resource window flushed
[2026-08-23 20:53:41.158] [info] [pid:5220] [main] [network] perf_network flushed interfaces=2
[2026-08-23 20:54:14.024] [info] [pid:5220] [main] [host-log] (local-1) [host] [2026-08-23 20:54:14.024] [pid:36332] [zcode-host] [rpc:call] off-peak-task.list OK (0.2ms)
[2026-08-23 20:54:14.293] [info] [pid:5220] [main] [host-log] (local-1) [host] [2026-08-23 20:54:14.293] [pid:36332] [settingService] writing settings to: C:\Users\llh04\.zcode\v2\setting.json {"recentProjects":["C:\\Users\\llh04\\Desktop\\小说","D:\\公考","D:\\公考\\图形推理详解"],"locale":"zh-CN","localePreference":"zh-CN","terminalInheritSystemProfile":true,"embeddedBrowserAllowInsecureCertificates":false,"taskAutoArchiveEnabled":false,"taskAutoArchiveOlderThanDays":7,"closeToTrayOnWindows":true,"closeToTrayOnWindowsMigrationInitialized":true,"keepAwakeWhileRunning":false,"desktopWindowSize":{"width":1200,"height":800,"maximized":false},"desktopChromiumHardwareAccelerationEnabled":true,"messageStreamShowReasoning":false,"messageStreamShowTodos":false,"toolGroupingExploreEnabled":true,"toolGroupingTerminalEnabled":true,"toolGroupingChangesEnabled":false,"zcodeInteractionBehavior":"queue","askUserQuestionAutoResolutionEnabled":true,"modelIoFullRetentionEnabled":false,"optimizeAgentExperienceEnabled":false,"optimizeAgentExperienceMigrationInitialized":true,"enabledBuiltinAgentCliProviders":["glm"],"modelProviderFamilyModes":{"zai":"oauth"},"modelProviderFamilySelectedKeys":{"zai":"coding-plan:builtin:zai-start-plan"},"providerFamilyDomain":"zai","providerFamilyDomainUpdatedAt":1787116588334,"providerFamilyDomainMigrated":true,"repoSnapshotIndexingEnabled":false,"instantGrepIndexingEnabled":false,"nativeSearchEnhancementsEnabled":true,"memoryEnabled":false,"lastWorkspaceSession":[{"kind":"local","workspacePath":"C:\\Users\\llh04\\Desktop\\小说","workspacePurpose":"project"},{"kind":"local","workspacePath":"D:\\公考","workspacePurpose":"project"},{"kind":"local","workspacePath":"C:\\Users\\llh04\\.zcode\\workspace\\default","workspacePurpose":"conversation"}],"lastActiveTabIndex":0,"pendingPostUpdateReleaseNotes":{"version":"3.9.1","title":"Release v3.9.1","markdown":"## 新功能\n\n- 优化模型配置选项页面\n- 默认展示思考过程及实时耗时\n\n## 问题修复\n\n- 修复截图和网页工具图片在部分网关中无法显示的问题\n- 修复单冒号文件引用无法识别的问题","releaseDate":"2026-08-23T02:22:17.074Z","releaseNotesByLocale":{"zh-CN":{"title":"Release v3.9.1","markdown":"## 新功能\n\n- 优化模型配置选项页面\n- 默认展示思考过程及实时耗时\n\n## 问题修复\n\n- 修复截图和网页工具图片在部分网关中无法显示的问题\n- 修复单冒号文件引用无法识别的问题"},"en-US":{"title":"Release v3.9.1","markdown":"## New Features\n\n- Optimize the model configuration options page\n- By default, the thinking process and real-time time consumption are displayed\n\n## Issue Fix\n\n- Fixed the issue where screenshots and web tool images could not be displayed in some gateways\n- Fixed the issue where single-colon file references could not be recognized"}}},"receivePreviewUpdates":false,"autoDownloadAndInstallUpdates":true,"skippedElectronUpdateVersions":{},"settingsSyncFirstRunPromptHandled":true}
[2026-08-23 20:54:14.296] [info] [pid:5220] [main] [host-log] (local-1) [host] [2026-08-23 20:54:14.296] [pid:36332] [settingService] write done
[2026-08-23 20:54:14.297] [info] [pid:5220] [main] [host-log] (local-1) [host] [2026-08-23 20:54:14.296] [pid:36332] [zcode-host] [rpc:call] setting.update OK (4.7ms)
[2026-08-23 20:54:25.324] [info] [pid:5220] [main] [host-log] (local-1) [host] [2026-08-23 20:54:25.323] [pid:36332] [settingService] writing settings to: C:\Users\llh04\.zcode\v2\setting.json {"recentProjects":["C:\\Users\\llh04\\Desktop\\小说","D:\\公考","D:\\公考\\图形推理详解"],"locale":"zh-CN","localePreference":"zh-CN","terminalInheritSystemProfile":true,"embeddedBrowserAllowInsecureCertificates":false,"taskAutoArchiveEnabled":false,"taskAutoArchiveOlderThanDays":7,"closeToTrayOnWindows":true,"closeToTrayOnWindowsMigrationInitialized":true,"keepAwakeWhileRunning":false,"desktopWindowSize":{"width":1200,"height":800,"maximized":false},"desktopChromiumHardwareAccelerationEnabled":true,"messageStreamShowReasoning":false,"messageStreamShowTodos":false,"toolGroupingExploreEnabled":true,"toolGroupingTerminalEnabled":true,"toolGroupingChangesEnabled":false,"zcodeInteractionBehavior":"queue","askUserQuestionAutoResolutionEnabled":true,"modelIoFullRetentionEnabled":false,"optimizeAgentExperienceEnabled":false,"optimizeAgentExperienceMigrationInitialized":true,"enabledBuiltinAgentCliProviders":["glm"],"modelProviderFamilyModes":{"zai":"oauth"},"modelProviderFamilySelectedKeys":{"zai":"coding-plan:builtin:zai-start-plan"},"providerFamilyDomain":"zai","providerFamilyDomainUpdatedAt":1787116588334,"providerFamilyDomainMigrated":true,"repoSnapshotIndexingEnabled":false,"instantGrepIndexingEnabled":false,"nativeSearchEnhancementsEnabled":true,"memoryEnabled":false,"lastWorkspaceSession":[{"kind":"local","workspacePath":"C:\\Users\\llh04\\Desktop\\小说","workspacePurpose":"project"},{"kind":"local","workspacePath":"D:\\公考","workspacePurpose":"project"},{"kind":"local","workspacePath":"C:\\Users\\llh04\\.zcode\\workspace\\default","workspacePurpose":"conversation"}],"lastActiveTabIndex":0,"pendingPostUpdateReleaseNotes":{"version":"3.9.1","title":"Release v3.9.1","markdown":"## 新功能\n\n- 优化模型配置选项页面\n- 默认展示思考过程及实时耗时\n\n## 问题修复\n\n- 修复截图和网页工具图片在部分网关中无法显示的问题\n- 修复单冒号文件引用无法识别的问题","releaseDate":"2026-08-23T02:22:17.074Z","releaseNotesByLocale":{"zh-CN":{"title":"Release v3.9.1","markdown":"## 新功能\n\n- 优化模型配置选项页面\n- 默认展示思考过程及实时耗时\n\n## 问题修复\n\n- 修复截图和网页工具图片在部分网关中无法显示的问题\n- 修复单冒号文件引用无法识别的问题"},"en-US":{"title":"Release v3.9.1","markdown":"## New Features\n\n- Optimize the model configuration options page\n- By default, the thinking process and real-time time consumption are displayed\n\n## Issue Fix\n\n- Fixed the issue where screenshots and web tool images could not be displayed in some gateways\n- Fixed the issue where single-colon file references could not be recognized"}}},"receivePreviewUpdates":false,"autoDownloadAndInstallUpdates":true,"skippedElectronUpdateVersions":{},"settingsSyncFirstRunPromptHandled":true}
[2026-08-23 20:54:25.326] [info] [pid:5220] [main] [host-log] (local-1) [host] [2026-08-23 20:54:25.326] [pid:36332] [settingService] write done
[2026-08-23 20:54:25.326] [info] [pid:5220] [main] [host-log] (local-1) [host] [2026-08-23 20:54:25.326] [pid:36332] [zcode-host] [rpc:call] setting.update OK (3.9ms)
[2026-08-23 20:54:30.019] [info] [pid:5220] [main] [host-log] (local-1) [host] [2026-08-23 20:54:30.019] [pid:36332] [settingService] writing settings to: C:\Users\llh04\.zcode\v2\setting.json {"recentProjects":["C:\\Users\\llh04\\Desktop\\小说","D:\\公考","D:\\公考\\图形推理详解"],"locale":"zh-CN","localePreference":"zh-CN","terminalInheritSystemProfile":true,"embeddedBrowserAllowInsecureCertificates":false,"taskAutoArchiveEnabled":false,"taskAutoArchiveOlderThanDays":7,"closeToTrayOnWindows":true,"closeToTrayOnWindowsMigrationInitialized":true,"keepAwakeWhileRunning":false,"desktopWindowSize":{"width":1200,"height":800,"maximized":false},"desktopChromiumHardwareAccelerationEnabled":true,"messageStreamShowReasoning":false,"messageStreamShowTodos":false,"toolGroupingExploreEnabled":true,"toolGroupingTerminalEnabled":true,"toolGroupingChangesEnabled":false,"zcodeInteractionBehavior":"queue","askUserQuestionAutoResolutionEnabled":true,"modelIoFullRetentionEnabled":false,"optimizeAgentExperienceEnabled":false,"optimizeAgentExperienceMigrationInitialized":true,"enabledBuiltinAgentCliProviders":["glm"],"modelProviderFamilyModes":{"zai":"oauth"},"modelProviderFamilySelectedKeys":{"zai":"coding-plan:builtin:zai-start-plan"},"providerFamilyDomain":"zai","providerFamilyDomainUpdatedAt":1787116588334,"providerFamilyDomainMigrated":true,"repoSnapshotIndexingEnabled":false,"instantGrepIndexingEnabled":false,"nativeSearchEnhancementsEnabled":true,"memoryEnabled":false,"lastWorkspaceSession":[{"kind":"local","workspacePath":"C:\\Users\\llh04\\Desktop\\小说","workspacePurpose":"project"},{"kind":"local","workspacePath":"D:\\公考","workspacePurpose":"project"},{"kind":"local","workspacePath":"C:\\Users\\llh04\\.zcode\\workspace\\default","workspacePurpose":"conversation"}],"lastActiveTabIndex":0,"pendingPostUpdateReleaseNotes":{"version":"3.9.1","title":"Release v3.9.1","markdown":"## 新功能\n\n- 优化模型配置选项页面\n- 默认展示思考过程及实时耗时\n\n## 问题修复\n\n- 修复截图和网页工具图片在部分网关中无法显示的问题\n- 修复单冒号文件引用无法识别的问题","releaseDate":"2026-08-23T02:22:17.074Z","releaseNotesByLocale":{"zh-CN":{"title":"Release v3.9.1","markdown":"## 新功能\n\n- 优化模型配置选项页面\n- 默认展示思考过程及实时耗时\n\n## 问题修复\n\n- 修复截图和网页工具图片在部分网关中无法显示的问题\n- 修复单冒号文件引用无法识别的问题"},"en-US":{"title":"Release v3.9.1","markdown":"## New Features\n\n- Optimize the model configuration options page\n- By default, the thinking process and real-time time consumption are displayed\n\n## Issue Fix\n\n- Fixed the issue where screenshots and web tool images could not be displayed in some gateways\n- Fixed the issue where single-colon file references could not be recognized"}}},"receivePreviewUpdates":false,"autoDownloadAndInstallUpdates":true,"skippedElectronUpdateVersions":{},"settingsSyncFirstRunPromptHandled":true}
[2026-08-23 20:54:30.022] [info] [pid:5220] [main] [host-log] (local-1) [host] [2026-08-23 20:54:30.022] [pid:36332] [settingService] write done
[2026-08-23 20:54:30.023] [info] [pid:5220] [main] [host-log] (local-1) [host] [2026-08-23 20:54:30.022] [pid:36332] [zcode-host] [rpc:call] setting.update OK (3.9ms)
[2026-08-23 20:54:33.123] [info] [pid:5220] [main] [host-log] (local-1) [host] [2026-08-23 20:54:33.122] [pid:36332] [settingService] writing settings to: C:\Users\llh04\.zcode\v2\setting.json {"recentProjects":["C:\\Users\\llh04\\Desktop\\小说","D:\\公考","D:\\公考\\图形推理详解"],"locale":"zh-CN","localePreference":"zh-CN","terminalInheritSystemProfile":true,"embeddedBrowserAllowInsecureCertificates":false,"taskAutoArchiveEnabled":false,"taskAutoArchiveOlderThanDays":7,"closeToTrayOnWindows":true,"closeToTrayOnWindowsMigrationInitialized":true,"keepAwakeWhileRunning":false,"desktopWindowSize":{"width":1200,"height":800,"maximized":false},"desktopChromiumHardwareAccelerationEnabled":true,"messageStreamShowReasoning":false,"messageStreamShowTodos":false,"toolGroupingExploreEnabled":true,"toolGroupingTerminalEnabled":true,"toolGroupingChangesEnabled":false,"zcodeInteractionBehavior":"queue","askUserQuestionAutoResolutionEnabled":true,"modelIoFullRetentionEnabled":false,"optimizeAgentExperienceEnabled":false,"optimizeAgentExperienceMigrationInitialized":true,"enabledBuiltinAgentCliProviders":["glm"],"modelProviderFamilyModes":{"zai":"oauth"},"modelProviderFamilySelectedKeys":{"zai":"coding-plan:builtin:zai-start-plan"},"providerFamilyDomain":"zai","providerFamilyDomainUpdatedAt":1787116588334,"providerFamilyDomainMigrated":true,"repoSnapshotIndexingEnabled":false,"instantGrepIndexingEnabled":false,"nativeSearchEnhancementsEnabled":true,"memoryEnabled":false,"lastWorkspaceSession":[{"kind":"local","workspacePath":"C:\\Users\\llh04\\Desktop\\小说","workspacePurpose":"project"},{"kind":"local","workspacePath":"D:\\公考","workspacePurpose":"project"},{"kind":"local","workspacePath":"C:\\Users\\llh04\\.zcode\\workspace\\default","workspacePurpose":"conversation"}],"lastActiveTabIndex":0,"pendingPostUpdateReleaseNotes":{"version":"3.9.1","title":"Release v3.9.1","markdown":"## 新功能\n\n- 优化模型配置选项页面\n- 默认展示思考过程及实时耗时\n\n## 问题修复\n\n- 修复截图和网页工具图片在部分网关中无法显示的问题\n- 修复单冒号文件引用无法识别的问题","releaseDate":"2026-08-23T02:22:17.074Z","releaseNotesByLocale":{"zh-CN":{"title":"Release v3.9.1","markdown":"## 新功能\n\n- 优化模型配置选项页面\n- 默认展示思考过程及实时耗时\n\n## 问题修复\n\n- 修复截图和网页工具图片在部分网关中无法显示的问题\n- 修复单冒号文件引用无法识别的问题"},"en-US":{"title":"Release v3.9.1","markdown":"## New Features\n\n- Optimize the model configuration options page\n- By default, the thinking process and real-time time consumption are displayed\n\n## Issue Fix\n\n- Fixed the issue where screenshots and web tool images could not be displayed in some gateways\n- Fixed the issue where single-colon file references could not be recognized"}}},"receivePreviewUpdates":false,"autoDownloadAndInstallUpdates":true,"skippedElectronUpdateVersions":{},"settingsSyncFirstRunPromptHandled":true}
[2026-08-23 20:54:33.128] [info] [pid:5220] [main] [host-log] (local-1) [host] [2026-08-23 20:54:33.127] [pid:36332] [settingService] write done
[2026-08-23 20:54:33.129] [info] [pid:5220] [main] [host-log] (local-1) [host] [2026-08-23 20:54:33.128] [pid:36332] [zcode-host] [rpc:call] setting.update OK (6.3ms)
[2026-08-23 20:54:42.496] [info] [pid:5220] [main] [host-log] (local-1) [host] [2026-08-23 20:54:42.495] [pid:36332] [settingService] writing settings to: C:\Users\llh04\.zcode\v2\setting.json {"recentProjects":["C:\\Users\\llh04\\Desktop\\小说","D:\\公考","D:\\公考\\图形推理详解"],"locale":"zh-CN","localePreference":"zh-CN","terminalInheritSystemProfile":true,"embeddedBrowserAllowInsecureCertificates":false,"taskAutoArchiveEnabled":false,"taskAutoArchiveOlderThanDays":7,"closeToTrayOnWindows":true,"closeToTrayOnWindowsMigrationInitialized":true,"keepAwakeWhileRunning":false,"desktopWindowSize":{"width":1200,"height":800,"maximized":false},"desktopChromiumHardwareAccelerationEnabled":true,"messageStreamShowReasoning":false,"messageStreamShowTodos":false,"toolGroupingExploreEnabled":true,"toolGroupingTerminalEnabled":true,"toolGroupingChangesEnabled":false,"zcodeInteractionBehavior":"queue","askUserQuestionAutoResolutionEnabled":true,"modelIoFullRetentionEnabled":false,"optimizeAgentExperienceEnabled":false,"optimizeAgentExperienceMigrationInitialized":true,"enabledBuiltinAgentCliProviders":["glm"],"modelProviderFamilyModes":{"zai":"oauth"},"modelProviderFamilySelectedKeys":{"zai":"coding-plan:builtin:zai-start-plan"},"providerFamilyDomain":"zai","providerFamilyDomainUpdatedAt":1787116588334,"providerFamilyDomainMigrated":true,"repoSnapshotIndexingEnabled":false,"instantGrepIndexingEnabled":false,"nativeSearchEnhancementsEnabled":true,"memoryEnabled":false,"lastWorkspaceSession":[{"kind":"local","workspacePath":"C:\\Users\\llh04\\Desktop\\小说","workspacePurpose":"project"},{"kind":"local","workspacePath":"D:\\公考","workspacePurpose":"project"},{"kind":"local","workspacePath":"C:\\Users\\llh04\\.zcode\\workspace\\default","workspacePurpose":"conversation"}],"lastActiveTabIndex":0,"pendingPostUpdateReleaseNotes":{"version":"3.9.1","title":"Release v3.9.1","markdown":"## 新功能\n\n- 优化模型配置选项页面\n- 默认展示思考过程及实时耗时\n\n## 问题修复\n\n- 修复截图和网页工具图片在部分网关中无法显示的问题\n- 修复单冒号文件引用无法识别的问题","releaseDate":"2026-08-23T02:22:17.074Z","releaseNotesByLocale":{"zh-CN":{"title":"Release v3.9.1","markdown":"## 新功能\n\n- 优化模型配置选项页面\n- 默认展示思考过程及实时耗时\n\n## 问题修复\n\n- 修复截图和网页工具图片在部分网关中无法显示的问题\n- 修复单冒号文件引用无法识别的问题"},"en-US":{"title":"Release v3.9.1","markdown":"## New Features\n\n- Optimize the model configuration options page\n- By default, the thinking process and real-time time consumption are displayed\n\n## Issue Fix\n\n- Fixed the issue where screenshots and web tool images could not be displayed in some gateways\n- Fixed the issue where single-colon file references could not be recognized"}}},"receivePreviewUpdates":false,"autoDownloadAndInstallUpdates":true,"skippedElectronUpdateVersions":{},"settingsSyncFirstRunPromptHandled":true}
[2026-08-23 20:54:42.498] [info] [pid:5220] [main] [host-log] (local-1) [host] [2026-08-23 20:54:42.499] [pid:36332] [settingService] write done
[2026-08-23 20:54:42.499] [info] [pid:5220] [main] [host-log] (local-1) [host] [2026-08-23 20:54:42.499] [pid:36332] [zcode-host] [rpc:call] setting.update OK (4.7ms)
[2026-08-23 20:54:42.973] [info] [pid:5220] [main] [host-log] (local-1) [host] [2026-08-23 20:54:42.973] [pid:36332] [zcode-host] [rpc:call] off-peak-task.list OK (0.1ms)
[2026-08-23 20:54:48.376] [info] [pid:5220] [main] [host-log] (local-1) [host] [2026-08-23 20:54:48.376] [pid:36332] [settingService] writing settings to: C:\Users\llh04\.zcode\v2\setting.json {"recentProjects":["C:\\Users\\llh04\\Desktop\\小说","D:\\公考","D:\\公考\\图形推理详解"],"locale":"zh-CN","localePreference":"zh-CN","terminalInheritSystemProfile":true,"embeddedBrowserAllowInsecureCertificates":false,"taskAutoArchiveEnabled":false,"taskAutoArchiveOlderThanDays":7,"closeToTrayOnWindows":true,"closeToTrayOnWindowsMigrationInitialized":true,"keepAwakeWhileRunning":false,"desktopWindowSize":{"width":1200,"height":800,"maximized":false},"desktopChromiumHardwareAccelerationEnabled":true,"messageStreamShowReasoning":false,"messageStreamShowTodos":false,"toolGroupingExploreEnabled":true,"toolGroupingTerminalEnabled":true,"toolGroupingChangesEnabled":false,"zcodeInteractionBehavior":"queue","askUserQuestionAutoResolutionEnabled":true,"modelIoFullRetentionEnabled":false,"optimizeAgentExperienceEnabled":false,"optimizeAgentExperienceMigrationInitialized":true,"enabledBuiltinAgentCliProviders":["glm"],"modelProviderFamilyModes":{"zai":"oauth"},"modelProviderFamilySelectedKeys":{"zai":"coding-plan:builtin:zai-start-plan"},"providerFamilyDomain":"zai","providerFamilyDomainUpdatedAt":1787116588334,"providerFamilyDomainMigrated":true,"repoSnapshotIndexingEnabled":false,"instantGrepIndexingEnabled":false,"nativeSearchEnhancementsEnabled":true,"memoryEnabled":false,"lastWorkspaceSession":[{"kind":"local","workspacePath":"C:\\Users\\llh04\\Desktop\\小说","workspacePurpose":"project"},{"kind":"local","workspacePath":"D:\\公考","workspacePurpose":"project"},{"kind":"local","workspacePath":"C:\\Users\\llh04\\.zcode\\workspace\\default","workspacePurpose":"conversation"}],"lastActiveTabIndex":0,"pendingPostUpdateReleaseNotes":{"version":"3.9.1","title":"Release v3.9.1","markdown":"## 新功能\n\n- 优化模型配置选项页面\n- 默认展示思考过程及实时耗时\n\n## 问题修复\n\n- 修复截图和网页工具图片在部分网关中无法显示的问题\n- 修复单冒号文件引用无法识别的问题","releaseDate":"2026-08-23T02:22:17.074Z","releaseNotesByLocale":{"zh-CN":{"title":"Release v3.9.1","markdown":"## 新功能\n\n- 优化模型配置选项页面\n- 默认展示思考过程及实时耗时\n\n## 问题修复\n\n- 修复截图和网页工具图片在部分网关中无法显示的问题\n- 修复单冒号文件引用无法识别的问题"},"en-US":{"title":"Release v3.9.1","markdown":"## New Features\n\n- Optimize the model configuration options page\n- By default, the thinking process and real-time time consumption are displayed\n\n## Issue Fix\n\n- Fixed the issue where screenshots and web tool images could not be displayed in some gateways\n- Fixed the issue where single-colon file references could not be recognized"}}},"receivePreviewUpdates":false,"autoDownloadAndInstallUpdates":true,"skippedElectronUpdateVersions":{},"settingsSyncFirstRunPromptHandled":true}
[2026-08-23 20:54:48.379] [info] [pid:5220] [main] [host-log] (local-1) [host] [2026-08-23 20:54:48.379] [pid:36332] [settingService] write done
[2026-08-23 20:54:48.379] [info] [pid:5220] [main] [host-log] (local-1) [host] [2026-08-23 20:54:48.379] [pid:36332] [zcode-host] [rpc:call] setting.update OK (3.7ms)
[2026-08-23 20:55:13.595] [info] [pid:5220] [main] [host-log] (local-1) [host] [2026-08-23 20:55:13.594] [pid:36332] [zcode-host] [rpc:call] off-peak-task.list OK (0.2ms)
[2026-08-23 20:55:43.602] [info] [pid:5220] [main] [host-log] (local-1) [host] [2026-08-23 20:55:43.601] [pid:36332] [zcode-host] [rpc:call] off-peak-task.list OK (0.1ms)
[2026-08-23 20:55:54.403] [info] [pid:5220] [main] [host-log] (local-1) [host] [2026-08-23 20:55:54.402] [pid:36332] [settingService] writing settings to: C:\Users\llh04\.zcode\v2\setting.json {"recentProjects":["C:\\Users\\llh04\\Desktop\\小说","D:\\公考","D:\\公考\\图形推理详解"],"locale":"zh-CN","localePreference":"zh-CN","terminalInheritSystemProfile":true,"embeddedBrowserAllowInsecureCertificates":false,"taskAutoArchiveEnabled":false,"taskAutoArchiveOlderThanDays":7,"closeToTrayOnWindows":true,"closeToTrayOnWindowsMigrationInitialized":true,"keepAwakeWhileRunning":false,"desktopWindowSize":{"width":1200,"height":800,"maximized":false},"desktopChromiumHardwareAccelerationEnabled":true,"messageStreamShowReasoning":false,"messageStreamShowTodos":false,"toolGroupingExploreEnabled":true,"toolGroupingTerminalEnabled":true,"toolGroupingChangesEnabled":false,"zcodeInteractionBehavior":"queue","askUserQuestionAutoResolutionEnabled":true,"modelIoFullRetentionEnabled":false,"optimizeAgentExperienceEnabled":false,"optimizeAgentExperienceMigrationInitialized":true,"enabledBuiltinAgentCliProviders":["glm"],"modelProviderFamilyModes":{"zai":"oauth"},"modelProviderFamilySelectedKeys":{"zai":"coding-plan:builtin:zai-start-plan"},"providerFamilyDomain":"zai","providerFamilyDomainUpdatedAt":1787116588334,"providerFamilyDomainMigrated":true,"repoSnapshotIndexingEnabled":false,"instantGrepIndexingEnabled":false,"nativeSearchEnhancementsEnabled":true,"memoryEnabled":false,"lastWorkspaceSession":[{"kind":"local","workspacePath":"C:\\Users\\llh04\\Desktop\\小说","workspacePurpose":"project"},{"kind":"local","workspacePath":"D:\\公考","workspacePurpose":"project"},{"kind":"local","workspacePath":"C:\\Users\\llh04\\.zcode\\workspace\\default","workspacePurpose":"conversation"}],"lastActiveTabIndex":0,"pendingPostUpdateReleaseNotes":{"version":"3.9.1","title":"Release v3.9.1","markdown":"## 新功能\n\n- 优化模型配置选项页面\n- 默认展示思考过程及实时耗时\n\n## 问题修复\n\n- 修复截图和网页工具图片在部分网关中无法显示的问题\n- 修复单冒号文件引用无法识别的问题","releaseDate":"2026-08-23T02:22:17.074Z","releaseNotesByLocale":{"zh-CN":{"title":"Release v3.9.1","markdown":"## 新功能\n\n- 优化模型配置选项页面\n- 默认展示思考过程及实时耗时\n\n## 问题修复\n\n- 修复截图和网页工具图片在部分网关中无法显示的问题\n- 修复单冒号文件引用无法识别的问题"},"en-US":{"title":"Release v3.9.1","markdown":"## New Features\n\n- Optimize the model configuration options page\n- By default, the thinking process and real-time time consumption are displayed\n\n## Issue Fix\n\n- Fixed the issue where screenshots and web tool images could not be displayed in some gateways\n- Fixed the issue where single-colon file references could not be recognized"}}},"receivePreviewUpdates":false,"autoDownloadAndInstallUpdates":true,"skippedElectronUpdateVersions":{},"settingsSyncFirstRunPromptHandled":true}
[2026-08-23 20:55:54.408] [info] [pid:5220] [main] [host-log] (local-1) [host] [2026-08-23 20:55:54.407] [pid:36332] [settingService] write done
[2026-08-23 20:55:54.408] [info] [pid:5220] [main] [host-log] (local-1) [host] [2026-08-23 20:55:54.407] [pid:36332] [zcode-host] [rpc:call] setting.update OK (6.4ms)
[2026-08-23 20:56:12.972] [info] [pid:5220] [main] [host-log] (local-1) [host] [2026-08-23 20:56:12.971] [pid:36332] [zcode-host] [rpc:call] off-peak-task.list OK (0.2ms)
[2026-08-23 20:56:15.443] [info] [pid:5220] [main] [host-log] (local-1) [host] [2026-08-23 20:56:15.442] [pid:36332] [settingService] writing settings to: C:\Users\llh04\.zcode\v2\setting.json {"recentProjects":["C:\\Users\\llh04\\Desktop\\小说","D:\\公考","D:\\公考\\图形推理详解"],"locale":"zh-CN","localePreference":"zh-CN","terminalInheritSystemProfile":true,"embeddedBrowserAllowInsecureCertificates":false,"taskAutoArchiveEnabled":false,"taskAutoArchiveOlderThanDays":7,"closeToTrayOnWindows":true,"closeToTrayOnWindowsMigrationInitialized":true,"keepAwakeWhileRunning":false,"desktopWindowSize":{"width":1200,"height":800,"maximized":false},"desktopChromiumHardwareAccelerationEnabled":true,"messageStreamShowReasoning":false,"messageStreamShowTodos":false,"toolGroupingExploreEnabled":true,"toolGroupingTerminalEnabled":true,"toolGroupingChangesEnabled":false,"zcodeInteractionBehavior":"queue","askUserQuestionAutoResolutionEnabled":true,"modelIoFullRetentionEnabled":false,"optimizeAgentExperienceEnabled":false,"optimizeAgentExperienceMigrationInitialized":true,"enabledBuiltinAgentCliProviders":["glm"],"modelProviderFamilyModes":{"zai":"oauth"},"modelProviderFamilySelectedKeys":{"zai":"coding-plan:builtin:zai-start-plan"},"providerFamilyDomain":"zai","providerFamilyDomainUpdatedAt":1787116588334,"providerFamilyDomainMigrated":true,"repoSnapshotIndexingEnabled":false,"instantGrepIndexingEnabled":false,"nativeSearchEnhancementsEnabled":true,"memoryEnabled":false,"lastWorkspaceSession":[{"kind":"local","workspacePath":"C:\\Users\\llh04\\Desktop\\小说","workspacePurpose":"project"},{"kind":"local","workspacePath":"D:\\公考","workspacePurpose":"project"},{"kind":"local","workspacePath":"C:\\Users\\llh04\\.zcode\\workspace\\default","workspacePurpose":"conversation"}],"lastActiveTabIndex":0,"pendingPostUpdateReleaseNotes":{"version":"3.9.1","title":"Release v3.9.1","markdown":"## 新功能\n\n- 优化模型配置选项页面\n- 默认展示思考过程及实时耗时\n\n## 问题修复\n\n- 修复截图和网页工具图片在部分网关中无法显示的问题\n- 修复单冒号文件引用无法识别的问题","releaseDate":"2026-08-23T02:22:17.074Z","releaseNotesByLocale":{"zh-CN":{"title":"Release v3.9.1","markdown":"## 新功能\n\n- 优化模型配置选项页面\n- 默认展示思考过程及实时耗时\n\n## 问题修复\n\n- 修复截图和网页工具图片在部分网关中无法显示的问题\n- 修复单冒号文件引用无法识别的问题"},"en-US":{"title":"Release v3.9.1","markdown":"## New Features\n\n- Optimize the model configuration options page\n- By default, the thinking process and real-time time consumption are displayed\n\n## Issue Fix\n\n- Fixed the issue where screenshots and web tool images could not be displayed in some gateways\n- Fixed the issue where single-colon file references could not be recognized"}}},"receivePreviewUpdates":false,"autoDownloadAndInstallUpdates":true,"skippedElectronUpdateVersions":{},"settingsSyncFirstRunPromptHandled":true}
[2026-08-23 20:56:15.445] [info] [pid:5220] [main] [host-log] (local-1) [host] [2026-08-23 20:56:15.445] [pid:36332] [settingService] write done
[2026-08-23 20:56:15.446] [info] [pid:5220] [main] [host-log] (local-1) [host] [2026-08-23 20:56:15.445] [pid:36332] [zcode-host] [rpc:call] setting.update OK (4.2ms)
[2026-08-23 20:56:43.600] [info] [pid:5220] [main] [host-log] (local-1) [host] [2026-08-23 20:56:43.599] [pid:36332] [zcode-host] [rpc:call] off-peak-task.list OK (0.2ms)
[2026-08-23 20:57:13.607] [info] [pid:5220] [main] [host-log] (local-1) [host] [2026-08-23 20:57:13.606] [pid:36332] [zcode-host] [rpc:call] off-peak-task.list OK (0.2ms)
[2026-08-23 20:57:34.637] [info] [pid:5220] [main] [host-log] (local-1) [host] [2026-08-23 20:57:34.636] [pid:36332] [settingService] writing settings to: C:\Users\llh04\.zcode\v2\setting.json {"recentProjects":["C:\\Users\\llh04\\Desktop\\小说","D:\\公考","D:\\公考\\图形推理详解"],"locale":"zh-CN","localePreference":"zh-CN","terminalInheritSystemProfile":true,"embeddedBrowserAllowInsecureCertificates":false,"taskAutoArchiveEnabled":false,"taskAutoArchiveOlderThanDays":7,"closeToTrayOnWindows":true,"closeToTrayOnWindowsMigrationInitialized":true,"keepAwakeWhileRunning":false,"desktopWindowSize":{"width":1200,"height":800,"maximized":false},"desktopChromiumHardwareAccelerationEnabled":true,"messageStreamShowReasoning":false,"messageStreamShowTodos":false,"toolGroupingExploreEnabled":true,"toolGroupingTerminalEnabled":true,"toolGroupingChangesEnabled":false,"zcodeInteractionBehavior":"queue","askUserQuestionAutoResolutionEnabled":true,"modelIoFullRetentionEnabled":false,"optimizeAgentExperienceEnabled":false,"optimizeAgentExperienceMigrationInitialized":true,"enabledBuiltinAgentCliProviders":["glm"],"modelProviderFamilyModes":{"zai":"oauth"},"modelProviderFamilySelectedKeys":{"zai":"coding-plan:builtin:zai-start-plan"},"providerFamilyDomain":"zai","providerFamilyDomainUpdatedAt":1787116588334,"providerFamilyDomainMigrated":true,"repoSnapshotIndexingEnabled":false,"instantGrepIndexingEnabled":false,"nativeSearchEnhancementsEnabled":true,"memoryEnabled":false,"lastWorkspaceSession":[{"kind":"local","workspacePath":"C:\\Users\\llh04\\Desktop\\小说","workspacePurpose":"project"},{"kind":"local","workspacePath":"D:\\公考","workspacePurpose":"project"},{"kind":"local","workspacePath":"C:\\Users\\llh04\\.zcode\\workspace\\default","workspacePurpose":"conversation"}],"lastActiveTabIndex":0,"pendingPostUpdateReleaseNotes":{"version":"3.9.1","title":"Release v3.9.1","markdown":"## 新功能\n\n- 优化模型配置选项页面\n- 默认展示思考过程及实时耗时\n\n## 问题修复\n\n- 修复截图和网页工具图片在部分网关中无法显示的问题\n- 修复单冒号文件引用无法识别的问题","releaseDate":"2026-08-23T02:22:17.074Z","releaseNotesByLocale":{"zh-CN":{"title":"Release v3.9.1","markdown":"## 新功能\n\n- 优化模型配置选项页面\n- 默认展示思考过程及实时耗时\n\n## 问题修复\n\n- 修复截图和网页工具图片在部分网关中无法显示的问题\n- 修复单冒号文件引用无法识别的问题"},"en-US":{"title":"Release v3.9.1","markdown":"## New Features\n\n- Optimize the model configuration options page\n- By default, the thinking process and real-time time consumption are displayed\n\n## Issue Fix\n\n- Fixed the issue where screenshots and web tool images could not be displayed in some gateways\n- Fixed the issue where single-colon file references could not be recognized"}}},"receivePreviewUpdates":false,"autoDownloadAndInstallUpdates":true,"skippedElectronUpdateVersions":{},"settingsSyncFirstRunPromptHandled":true}
[2026-08-23 20:57:34.641] [info] [pid:5220] [main] [host-log] (local-1) [host] [2026-08-23 20:57:34.639] [pid:36332] [settingService] write done
[2026-08-23 20:57:34.642] [info] [pid:5220] [main] [host-log] (local-1) [host] [2026-08-23 20:57:34.640] [pid:36332] [zcode-host] [rpc:call] setting.update OK (4.2ms)
[2026-08-23 20:57:37.456] [info] [pid:5220] [main] [host-log] (local-1) [host] [2026-08-23 20:57:37.456] [pid:36332] [settingService] writing settings to: C:\Users\llh04\.zcode\v2\setting.json {"recentProjects":["C:\\Users\\llh04\\Desktop\\小说","D:\\公考","D:\\公考\\图形推理详解"],"locale":"zh-CN","localePreference":"zh-CN","terminalInheritSystemProfile":true,"embeddedBrowserAllowInsecureCertificates":false,"taskAutoArchiveEnabled":false,"taskAutoArchiveOlderThanDays":7,"closeToTrayOnWindows":true,"closeToTrayOnWindowsMigrationInitialized":true,"keepAwakeWhileRunning":false,"desktopWindowSize":{"width":1200,"height":800,"maximized":false},"desktopChromiumHardwareAccelerationEnabled":true,"messageStreamShowReasoning":false,"messageStreamShowTodos":false,"toolGroupingExploreEnabled":true,"toolGroupingTerminalEnabled":true,"toolGroupingChangesEnabled":false,"zcodeInteractionBehavior":"queue","askUserQuestionAutoResolutionEnabled":true,"modelIoFullRetentionEnabled":false,"optimizeAgentExperienceEnabled":false,"optimizeAgentExperienceMigrationInitialized":true,"enabledBuiltinAgentCliProviders":["glm"],"modelProviderFamilyModes":{"zai":"oauth"},"modelProviderFamilySelectedKeys":{"zai":"coding-plan:builtin:zai-start-plan"},"providerFamilyDomain":"zai","providerFamilyDomainUpdatedAt":1787116588334,"providerFamilyDomainMigrated":true,"repoSnapshotIndexingEnabled":false,"instantGrepIndexingEnabled":false,"nativeSearchEnhancementsEnabled":true,"memoryEnabled":false,"lastWorkspaceSession":[{"kind":"local","workspacePath":"C:\\Users\\llh04\\Desktop\\小说","workspacePurpose":"project"},{"kind":"local","workspacePath":"D:\\公考","workspacePurpose":"project"},{"kind":"local","workspacePath":"C:\\Users\\llh04\\.zcode\\workspace\\default","workspacePurpose":"conversation"}],"lastActiveTabIndex":0,"pendingPostUpdateReleaseNotes":{"version":"3.9.1","title":"Release v3.9.1","markdown":"## 新功能\n\n- 优化模型配置选项页面\n- 默认展示思考过程及实时耗时\n\n## 问题修复\n\n- 修复截图和网页工具图片在部分网关中无法显示的问题\n- 修复单冒号文件引用无法识别的问题","releaseDate":"2026-08-23T02:22:17.074Z","releaseNotesByLocale":{"zh-CN":{"title":"Release v3.9.1","markdown":"## 新功能\n\n- 优化模型配置选项页面\n- 默认展示思考过程及实时耗时\n\n## 问题修复\n\n- 修复截图和网页工具图片在部分网关中无法显示的问题\n- 修复单冒号文件引用无法识别的问题"},"en-US":{"title":"Release v3.9.1","markdown":"## New Features\n\n- Optimize the model configuration options page\n- By default, the thinking process and real-time time consumption are displayed\n\n## Issue Fix\n\n- Fixed the issue where screenshots and web tool images could not be displayed in some gateways\n- Fixed the issue where single-colon file references could not be recognized"}}},"receivePreviewUpdates":false,"autoDownloadAndInstallUpdates":true,"skippedElectronUpdateVersions":{},"settingsSyncFirstRunPromptHandled":true}
[2026-08-23 20:57:37.459] [info] [pid:5220] [main] [host-log] (local-1) [host] [2026-08-23 20:57:37.459] [pid:36332] [settingService] write done
[2026-08-23 20:57:37.460] [info] [pid:5220] [main] [host-log] (local-1) [host] [2026-08-23 20:57:37.459] [pid:36332] [zcode-host] [rpc:call] setting.update OK (3.9ms)
[2026-08-23 20:57:39.526] [info] [pid:5220] [main] [host-log] (local-1) [host] [2026-08-23 20:57:39.526] [pid:36332] [settingService] writing settings to: C:\Users\llh04\.zcode\v2\setting.json {"recentProjects":["C:\\Users\\llh04\\Desktop\\小说","D:\\公考","D:\\公考\\图形推理详解"],"locale":"zh-CN","localePreference":"zh-CN","terminalInheritSystemProfile":true,"embeddedBrowserAllowInsecureCertificates":false,"taskAutoArchiveEnabled":false,"taskAutoArchiveOlderThanDays":7,"closeToTrayOnWindows":true,"closeToTrayOnWindowsMigrationInitialized":true,"keepAwakeWhileRunning":false,"desktopWindowSize":{"width":1200,"height":800,"maximized":false},"desktopChromiumHardwareAccelerationEnabled":true,"messageStreamShowReasoning":false,"messageStreamShowTodos":false,"toolGroupingExploreEnabled":true,"toolGroupingTerminalEnabled":true,"toolGroupingChangesEnabled":false,"zcodeInteractionBehavior":"queue","askUserQuestionAutoResolutionEnabled":true,"modelIoFullRetentionEnabled":false,"optimizeAgentExperienceEnabled":false,"optimizeAgentExperienceMigrationInitialized":true,"enabledBuiltinAgentCliProviders":["glm"],"modelProviderFamilyModes":{"zai":"oauth"},"modelProviderFamilySelectedKeys":{"zai":"coding-plan:builtin:zai-start-plan"},"providerFamilyDomain":"zai","providerFamilyDomainUpdatedAt":1787116588334,"providerFamilyDomainMigrated":true,"repoSnapshotIndexingEnabled":false,"instantGrepIndexingEnabled":false,"nativeSearchEnhancementsEnabled":true,"memoryEnabled":false,"lastWorkspaceSession":[{"kind":"local","workspacePath":"C:\\Users\\llh04\\Desktop\\小说","workspacePurpose":"project"},{"kind":"local","workspacePath":"D:\\公考","workspacePurpose":"project"},{"kind":"local","workspacePath":"C:\\Users\\llh04\\.zcode\\workspace\\default","workspacePurpose":"conversation"}],"lastActiveTabIndex":0,"pendingPostUpdateReleaseNotes":{"version":"3.9.1","title":"Release v3.9.1","markdown":"## 新功能\n\n- 优化模型配置选项页面\n- 默认展示思考过程及实时耗时\n\n## 问题修复\n\n- 修复截图和网页工具图片在部分网关中无法显示的问题\n- 修复单冒号文件引用无法识别的问题","releaseDate":"2026-08-23T02:22:17.074Z","releaseNotesByLocale":{"zh-CN":{"title":"Release v3.9.1","markdown":"## 新功能\n\n- 优化模型配置选项页面\n- 默认展示思考过程及实时耗时\n\n## 问题修复\n\n- 修复截图和网页工具图片在部分网关中无法显示的问题\n- 修复单冒号文件引用无法识别的问题"},"en-US":{"title":"Release v3.9.1","markdown":"## New Features\n\n- Optimize the model configuration options page\n- By default, the thinking process and real-time time consumption are displayed\n\n## Issue Fix\n\n- Fixed the issue where screenshots and web tool images could not be displayed in some gateways\n- Fixed the issue where single-colon file references could not be recognized"}}},"receivePreviewUpdates":false,"autoDownloadAndInstallUpdates":true,"skippedElectronUpdateVersions":{},"settingsSyncFirstRunPromptHandled":true}
[2026-08-23 20:57:39.530] [info] [pid:5220] [main] [host-log] (local-1) [host] [2026-08-23 20:57:39.530] [pid:36332] [settingService] write done
[2026-08-23 20:57:39.531] [info] [pid:5220] [main] [host-log] (local-1) [host] [2026-08-23 20:57:39.530] [pid:36332] [zcode-host] [rpc:call] setting.update OK (5.1ms)
[2026-08-23 20:57:42.934] [info] [pid:5220] [main] [host-log] (local-1) [host] [2026-08-23 20:57:42.933] [pid:36332] [settingService] writing settings to: C:\Users\llh04\.zcode\v2\setting.json {"recentProjects":["C:\\Users\\llh04\\Desktop\\小说","D:\\公考","D:\\公考\\图形推理详解"],"locale":"zh-CN","localePreference":"zh-CN","terminalInheritSystemProfile":true,"embeddedBrowserAllowInsecureCertificates":false,"taskAutoArchiveEnabled":false,"taskAutoArchiveOlderThanDays":7,"closeToTrayOnWindows":true,"closeToTrayOnWindowsMigrationInitialized":true,"keepAwakeWhileRunning":false,"desktopWindowSize":{"width":1200,"height":800,"maximized":false},"desktopChromiumHardwareAccelerationEnabled":true,"messageStreamShowReasoning":false,"messageStreamShowTodos":false,"toolGroupingExploreEnabled":true,"toolGroupingTerminalEnabled":true,"toolGroupingChangesEnabled":false,"zcodeInteractionBehavior":"queue","askUserQuestionAutoResolutionEnabled":true,"modelIoFullRetentionEnabled":false,"optimizeAgentExperienceEnabled":false,"optimizeAgentExperienceMigrationInitialized":true,"enabledBuiltinAgentCliProviders":["glm"],"modelProviderFamilyModes":{"zai":"oauth"},"modelProviderFamilySelectedKeys":{"zai":"coding-plan:builtin:zai-start-plan"},"providerFamilyDomain":"zai","providerFamilyDomainUpdatedAt":1787116588334,"providerFamilyDomainMigrated":true,"repoSnapshotIndexingEnabled":false,"instantGrepIndexingEnabled":false,"nativeSearchEnhancementsEnabled":true,"memoryEnabled":false,"lastWorkspaceSession":[{"kind":"local","workspacePath":"C:\\Users\\llh04\\Desktop\\小说","workspacePurpose":"project"},{"kind":"local","workspacePath":"D:\\公考","workspacePurpose":"project"},{"kind":"local","workspacePath":"C:\\Users\\llh04\\.zcode\\workspace\\default","workspacePurpose":"conversation"}],"lastActiveTabIndex":0,"pendingPostUpdateReleaseNotes":{"version":"3.9.1","title":"Release v3.9.1","markdown":"## 新功能\n\n- 优化模型配置选项页面\n- 默认展示思考过程及实时耗时\n\n## 问题修复\n\n- 修复截图和网页工具图片在部分网关中无法显示的问题\n- 修复单冒号文件引用无法识别的问题","releaseDate":"2026-08-23T02:22:17.074Z","releaseNotesByLocale":{"zh-CN":{"title":"Release v3.9.1","markdown":"## 新功能\n\n- 优化模型配置选项页面\n- 默认展示思考过程及实时耗时\n\n## 问题修复\n\n- 修复截图和网页工具图片在部分网关中无法显示的问题\n- 修复单冒号文件引用无法识别的问题"},"en-US":{"title":"Release v3.9.1","markdown":"## New Features\n\n- Optimize the model configuration options page\n- By default, the thinking process and real-time time consumption are displayed\n\n## Issue Fix\n\n- Fixed the issue where screenshots and web tool images could not be displayed in some gateways\n- Fixed the issue where single-colon file references could not be recognized"}}},"receivePreviewUpdates":false,"autoDownloadAndInstallUpdates":true,"skippedElectronUpdateVersions":{},"settingsSyncFirstRunPromptHandled":true}
[2026-08-23 20:57:42.936] [info] [pid:5220] [main] [host-log] (local-1) [host] [2026-08-23 20:57:42.936] [pid:36332] [settingService] write done
[2026-08-23 20:57:42.937] [info] [pid:5220] [main] [host-log] (local-1) [host] [2026-08-23 20:57:42.936] [pid:36332] [zcode-host] [rpc:call] setting.update OK (3.8ms)
[2026-08-23 20:57:42.968] [info] [pid:5220] [main] [host-log] (local-1) [host] [2026-08-23 20:57:42.967] [pid:36332] [zcode-host] [rpc:call] off-peak-task.list OK (0.2ms)
[2026-08-23 20:57:43.792] [info] [pid:5220] [main] [host-log] (local-1) [host] [2026-08-23 20:57:43.791] [pid:36332] [settingService] writing settings to: C:\Users\llh04\.zcode\v2\setting.json {"recentProjects":["C:\\Users\\llh04\\Desktop\\小说","D:\\公考","D:\\公考\\图形推理详解"],"locale":"zh-CN","localePreference":"zh-CN","terminalInheritSystemProfile":true,"embeddedBrowserAllowInsecureCertificates":false,"taskAutoArchiveEnabled":false,"taskAutoArchiveOlderThanDays":7,"closeToTrayOnWindows":true,"closeToTrayOnWindowsMigrationInitialized":true,"keepAwakeWhileRunning":false,"desktopWindowSize":{"width":1200,"height":800,"maximized":false},"desktopChromiumHardwareAccelerationEnabled":true,"messageStreamShowReasoning":false,"messageStreamShowTodos":false,"toolGroupingExploreEnabled":true,"toolGroupingTerminalEnabled":true,"toolGroupingChangesEnabled":false,"zcodeInteractionBehavior":"queue","askUserQuestionAutoResolutionEnabled":true,"modelIoFullRetentionEnabled":false,"optimizeAgentExperienceEnabled":false,"optimizeAgentExperienceMigrationInitialized":true,"enabledBuiltinAgentCliProviders":["glm"],"modelProviderFamilyModes":{"zai":"oauth"},"modelProviderFamilySelectedKeys":{"zai":"coding-plan:builtin:zai-start-plan"},"providerFamilyDomain":"zai","providerFamilyDomainUpdatedAt":1787116588334,"providerFamilyDomainMigrated":true,"repoSnapshotIndexingEnabled":false,"instantGrepIndexingEnabled":false,"nativeSearchEnhancementsEnabled":true,"memoryEnabled":false,"lastWorkspaceSession":[{"kind":"local","workspacePath":"C:\\Users\\llh04\\Desktop\\小说","workspacePurpose":"project"},{"kind":"local","workspacePath":"D:\\公考","workspacePurpose":"project"},{"kind":"local","workspacePath":"C:\\Users\\llh04\\.zcode\\workspace\\default","workspacePurpose":"conversation"}],"lastActiveTabIndex":0,"pendingPostUpdateReleaseNotes":{"version":"3.9.1","title":"Release v3.9.1","markdown":"## 新功能\n\n- 优化模型配置选项页面\n- 默认展示思考过程及实时耗时\n\n## 问题修复\n\n- 修复截图和网页工具图片在部分网关中无法显示的问题\n- 修复单冒号文件引用无法识别的问题","releaseDate":"2026-08-23T02:22:17.074Z","releaseNotesByLocale":{"zh-CN":{"title":"Release v3.9.1","markdown":"## 新功能\n\n- 优化模型配置选项页面\n- 默认展示思考过程及实时耗时\n\n## 问题修复\n\n- 修复截图和网页工具图片在部分网关中无法显示的问题\n- 修复单冒号文件引用无法识别的问题"},"en-US":{"title":"Release v3.9.1","markdown":"## New Features\n\n- Optimize the model configuration options page\n- By default, the thinking process and real-time time consumption are displayed\n\n## Issue Fix\n\n- Fixed the issue where screenshots and web tool images could not be displayed in some gateways\n- Fixed the issue where single-colon file references could not be recognized"}}},"receivePreviewUpdates":false,"autoDownloadAndInstallUpdates":true,"skippedElectronUpdateVersions":{},"settingsSyncFirstRunPromptHandled":true}
[2026-08-23 20:57:43.798] [info] [pid:5220] [main] [host-log] (local-1) [host] [2026-08-23 20:57:43.798] [pid:36332] [settingService] write done
[2026-08-23 20:57:43.799] [info] [pid:5220] [main] [host-log] (local-1) [host] [2026-08-23 20:57:43.798] [pid:36332] [zcode-host] [rpc:call] setting.update OK (7.7ms)
[2026-08-23 20:58:13.611] [info] [pid:5220] [main] [host-log] (local-1) [host] [2026-08-23 20:58:13.608] [pid:36332] [zcode-host] [rpc:call] off-peak-task.list OK (0.2ms)
[2026-08-23 20:58:41.166] [info] [pid:5220] [main] [resource] perf_resource window flushed
[2026-08-23 20:58:41.167] [info] [pid:5220] [main] [network] perf_network flushed interfaces=2
[2026-08-23 20:58:43.601] [info] [pid:5220] [main] [host-log] (local-1) [host] [2026-08-23 20:58:43.601] [pid:36332] [zcode-host] [rpc:call] off-peak-task.list OK (0.2ms)
[2026-08-23 20:58:54.688] [info] [pid:5220] [main] [host-log] (local-1) [host] [2026-08-23 20:58:54.688] [pid:36332] [settingService] writing settings to: C:\Users\llh04\.zcode\v2\setting.json {"recentProjects":["C:\\Users\\llh04\\Desktop\\小说","D:\\公考","D:\\公考\\图形推理详解"],"locale":"zh-CN","localePreference":"zh-CN","terminalInheritSystemProfile":true,"embeddedBrowserAllowInsecureCertificates":false,"taskAutoArchiveEnabled":false,"taskAutoArchiveOlderThanDays":7,"closeToTrayOnWindows":true,"closeToTrayOnWindowsMigrationInitialized":true,"keepAwakeWhileRunning":false,"desktopWindowSize":{"width":1200,"height":800,"maximized":false},"desktopChromiumHardwareAccelerationEnabled":true,"messageStreamShowReasoning":false,"messageStreamShowTodos":false,"toolGroupingExploreEnabled":true,"toolGroupingTerminalEnabled":true,"toolGroupingChangesEnabled":false,"zcodeInteractionBehavior":"queue","askUserQuestionAutoResolutionEnabled":true,"modelIoFullRetentionEnabled":false,"optimizeAgentExperienceEnabled":false,"optimizeAgentExperienceMigrationInitialized":true,"enabledBuiltinAgentCliProviders":["glm"],"modelProviderFamilyModes":{"zai":"oauth"},"modelProviderFamilySelectedKeys":{"zai":"coding-plan:builtin:zai-start-plan"},"providerFamilyDomain":"zai","providerFamilyDomainUpdatedAt":1787116588334,"providerFamilyDomainMigrated":true,"repoSnapshotIndexingEnabled":false,"instantGrepIndexingEnabled":false,"nativeSearchEnhancementsEnabled":true,"memoryEnabled":false,"lastWorkspaceSession":[{"kind":"local","workspacePath":"C:\\Users\\llh04\\Desktop\\小说","workspacePurpose":"project"},{"kind":"local","workspacePath":"D:\\公考","workspacePurpose":"project"},{"kind":"local","workspacePath":"C:\\Users\\llh04\\.zcode\\workspace\\default","workspacePurpose":"conversation"}],"lastActiveTabIndex":0,"pendingPostUpdateReleaseNotes":{"version":"3.9.1","title":"Release v3.9.1","markdown":"## 新功能\n\n- 优化模型配置选项页面\n- 默认展示思考过程及实时耗时\n\n## 问题修复\n\n- 修复截图和网页工具图片在部分网关中无法显示的问题\n- 修复单冒号文件引用无法识别的问题","releaseDate":"2026-08-23T02:22:17.074Z","releaseNotesByLocale":{"zh-CN":{"title":"Release v3.9.1","markdown":"## 新功能\n\n- 优化模型配置选项页面\n- 默认展示思考过程及实时耗时\n\n## 问题修复\n\n- 修复截图和网页工具图片在部分网关中无法显示的问题\n- 修复单冒号文件引用无法识别的问题"},"en-US":{"title":"Release v3.9.1","markdown":"## New Features\n\n- Optimize the model configuration options page\n- By default, the thinking process and real-time time consumption are displayed\n\n## Issue Fix\n\n- Fixed the issue where screenshots and web tool images could not be displayed in some gateways\n- Fixed the issue where single-colon file references could not be recognized"}}},"receivePreviewUpdates":false,"autoDownloadAndInstallUpdates":true,"skippedElectronUpdateVersions":{},"settingsSyncFirstRunPromptHandled":true}
[2026-08-23 20:58:54.692] [info] [pid:5220] [main] [host-log] (local-1) [host] [2026-08-23 20:58:54.691] [pid:36332] [settingService] write done
[2026-08-23 20:58:54.692] [info] [pid:5220] [main] [host-log] (local-1) [host] [2026-08-23 20:58:54.691] [pid:36332] [zcode-host] [rpc:call] setting.update OK (4.5ms)
[2026-08-23 20:58:56.940] [info] [pid:5220] [main] [host-log] (local-1) [host] [2026-08-23 20:58:56.940] [pid:36332] [settingService] writing settings to: C:\Users\llh04\.zcode\v2\setting.json {"recentProjects":["C:\\Users\\llh04\\Desktop\\小说","D:\\公考","D:\\公考\\图形推理详解"],"locale":"zh-CN","localePreference":"zh-CN","terminalInheritSystemProfile":true,"embeddedBrowserAllowInsecureCertificates":false,"taskAutoArchiveEnabled":false,"taskAutoArchiveOlderThanDays":7,"closeToTrayOnWindows":true,"closeToTrayOnWindowsMigrationInitialized":true,"keepAwakeWhileRunning":false,"desktopWindowSize":{"width":1200,"height":800,"maximized":false},"desktopChromiumHardwareAccelerationEnabled":true,"messageStreamShowReasoning":false,"messageStreamShowTodos":false,"toolGroupingExploreEnabled":true,"toolGroupingTerminalEnabled":true,"toolGroupingChangesEnabled":false,"zcodeInteractionBehavior":"queue","askUserQuestionAutoResolutionEnabled":true,"modelIoFullRetentionEnabled":false,"optimizeAgentExperienceEnabled":false,"optimizeAgentExperienceMigrationInitialized":true,"enabledBuiltinAgentCliProviders":["glm"],"modelProviderFamilyModes":{"zai":"oauth"},"modelProviderFamilySelectedKeys":{"zai":"coding-plan:builtin:zai-start-plan"},"providerFamilyDomain":"zai","providerFamilyDomainUpdatedAt":1787116588334,"providerFamilyDomainMigrated":true,"repoSnapshotIndexingEnabled":false,"instantGrepIndexingEnabled":false,"nativeSearchEnhancementsEnabled":true,"memoryEnabled":false,"lastWorkspaceSession":[{"kind":"local","workspacePath":"C:\\Users\\llh04\\Desktop\\小说","workspacePurpose":"project"},{"kind":"local","workspacePath":"D:\\公考","workspacePurpose":"project"},{"kind":"local","workspacePath":"C:\\Users\\llh04\\.zcode\\workspace\\default","workspacePurpose":"conversation"}],"lastActiveTabIndex":0,"pendingPostUpdateReleaseNotes":{"version":"3.9.1","title":"Release v3.9.1","markdown":"## 新功能\n\n- 优化模型配置选项页面\n- 默认展示思考过程及实时耗时\n\n## 问题修复\n\n- 修复截图和网页工具图片在部分网关中无法显示的问题\n- 修复单冒号文件引用无法识别的问题","releaseDate":"2026-08-23T02:22:17.074Z","releaseNotesByLocale":{"zh-CN":{"title":"Release v3.9.1","markdown":"## 新功能\n\n- 优化模型配置选项页面\n- 默认展示思考过程及实时耗时\n\n## 问题修复\n\n- 修复截图和网页工具图片在部分网关中无法显示的问题\n- 修复单冒号文件引用无法识别的问题"},"en-US":{"title":"Release v3.9.1","markdown":"## New Features\n\n- Optimize the model configuration options page\n- By default, the thinking process and real-time time consumption are displayed\n\n## Issue Fix\n\n- Fixed the issue where screenshots and web tool images could not be displayed in some gateways\n- Fixed the issue where single-colon file references could not be recognized"}}},"receivePreviewUpdates":false,"autoDownloadAndInstallUpdates":true,"skippedElectronUpdateVersions":{},"settingsSyncFirstRunPromptHandled":true}
[2026-08-23 20:58:56.945] [info] [pid:5220] [main] [host-log] (local-1) [host] [2026-08-23 20:58:56.945] [pid:36332] [settingService] write done
[2026-08-23 20:58:56.957] [info] [pid:5220] [main] [host-log] (local-1) [host] [2026-08-23 20:58:56.945] [pid:36332] [zcode-host] [rpc:call] setting.update OK (5.7ms)
[2026-08-23 20:58:59.540] [info] [pid:5220] [main] [host-log] (local-1) [host] [2026-08-23 20:58:59.540] [pid:36332] [settingService] writing settings to: C:\Users\llh04\.zcode\v2\setting.json {"recentProjects":["C:\\Users\\llh04\\Desktop\\小说","D:\\公考","D:\\公考\\图形推理详解"],"locale":"zh-CN","localePreference":"zh-CN","terminalInheritSystemProfile":true,"embeddedBrowserAllowInsecureCertificates":false,"taskAutoArchiveEnabled":false,"taskAutoArchiveOlderThanDays":7,"closeToTrayOnWindows":true,"closeToTrayOnWindowsMigrationInitialized":true,"keepAwakeWhileRunning":false,"desktopWindowSize":{"width":1200,"height":800,"maximized":false},"desktopChromiumHardwareAccelerationEnabled":true,"messageStreamShowReasoning":false,"messageStreamShowTodos":false,"toolGroupingExploreEnabled":true,"toolGroupingTerminalEnabled":true,"toolGroupingChangesEnabled":false,"zcodeInteractionBehavior":"queue","askUserQuestionAutoResolutionEnabled":true,"modelIoFullRetentionEnabled":false,"optimizeAgentExperienceEnabled":false,"optimizeAgentExperienceMigrationInitialized":true,"enabledBuiltinAgentCliProviders":["glm"],"modelProviderFamilyModes":{"zai":"oauth"},"modelProviderFamilySelectedKeys":{"zai":"coding-plan:builtin:zai-start-plan"},"providerFamilyDomain":"zai","providerFamilyDomainUpdatedAt":1787116588334,"providerFamilyDomainMigrated":true,"repoSnapshotIndexingEnabled":false,"instantGrepIndexingEnabled":false,"nativeSearchEnhancementsEnabled":true,"memoryEnabled":false,"lastWorkspaceSession":[{"kind":"local","workspacePath":"C:\\Users\\llh04\\Desktop\\小说","workspacePurpose":"project"},{"kind":"local","workspacePath":"D:\\公考","workspacePurpose":"project"},{"kind":"local","workspacePath":"C:\\Users\\llh04\\.zcode\\workspace\\default","workspacePurpose":"conversation"}],"lastActiveTabIndex":0,"pendingPostUpdateReleaseNotes":{"version":"3.9.1","title":"Release v3.9.1","markdown":"## 新功能\n\n- 优化模型配置选项页面\n- 默认展示思考过程及实时耗时\n\n## 问题修复\n\n- 修复截图和网页工具图片在部分网关中无法显示的问题\n- 修复单冒号文件引用无法识别的问题","releaseDate":"2026-08-23T02:22:17.074Z","releaseNotesByLocale":{"zh-CN":{"title":"Release v3.9.1","markdown":"## 新功能\n\n- 优化模型配置选项页面\n- 默认展示思考过程及实时耗时\n\n## 问题修复\n\n- 修复截图和网页工具图片在部分网关中无法显示的问题\n- 修复单冒号文件引用无法识别的问题"},"en-US":{"title":"Release v3.9.1","markdown":"## New Features\n\n- Optimize the model configuration options page\n- By default, the thinking process and real-time time consumption are displayed\n\n## Issue Fix\n\n- Fixed the issue where screenshots and web tool images could not be displayed in some gateways\n- Fixed the issue where single-colon file references could not be recognized"}}},"receivePreviewUpdates":false,"autoDownloadAndInstallUpdates":true,"skippedElectronUpdateVersions":{},"settingsSyncFirstRunPromptHandled":true}
[2026-08-23 20:58:59.547] [info] [pid:5220] [main] [host-log] (local-1) [host] [2026-08-23 20:58:59.547] [pid:36332] [settingService] write done
[2026-08-23 20:58:59.556] [info] [pid:5220] [main] [host-log] (local-1) [host] [2026-08-23 20:58:59.547] [pid:36332] [zcode-host] [rpc:call] setting.update OK (7.7ms)
[2026-08-23 20:59:13.605] [info] [pid:5220] [main] [host-log] (local-1) [host] [2026-08-23 20:59:13.605] [pid:36332] [zcode-host] [rpc:call] off-peak-task.list OK (0.2ms)
[2026-08-23 20:59:43.598] [info] [pid:5220] [main] [host-log] (local-1) [host] [2026-08-23 20:59:43.598] [pid:36332] [zcode-host] [rpc:call] off-peak-task.list OK (0.2ms)
[2026-08-23 21:00:34.604] [info] [pid:5220] [main] [host-log] (local-1) [host] [2026-08-23 21:00:34.604] [pid:36332] [zcode-host] [rpc:call] off-peak-task.list OK (0.2ms)
[2026-08-23 21:00:49.926] [info] [pid:5220] [main] [host-log] (local-1) [host] [2026-08-23 21:00:49.911] [pid:36332] [zcode-host] [rpc:call] off-peak-task.list OK (0.2ms)
[2026-08-23 21:00:50.240] [info] [pid:5220] [main] [host-log] (local-1) [host] [2026-08-23 21:00:50.240] [pid:36332] [settingService] writing settings to: C:\Users\llh04\.zcode\v2\setting.json {"recentProjects":["C:\\Users\\llh04\\Desktop\\小说","D:\\公考","D:\\公考\\图形推理详解"],"locale":"zh-CN","localePreference":"zh-CN","terminalInheritSystemProfile":true,"embeddedBrowserAllowInsecureCertificates":false,"taskAutoArchiveEnabled":false,"taskAutoArchiveOlderThanDays":7,"closeToTrayOnWindows":true,"closeToTrayOnWindowsMigrationInitialized":true,"keepAwakeWhileRunning":false,"desktopWindowSize":{"width":1200,"height":800,"maximized":false},"desktopChromiumHardwareAccelerationEnabled":true,"messageStreamShowReasoning":false,"messageStreamShowTodos":false,"toolGroupingExploreEnabled":true,"toolGroupingTerminalEnabled":true,"toolGroupingChangesEnabled":false,"zcodeInteractionBehavior":"queue","askUserQuestionAutoResolutionEnabled":true,"modelIoFullRetentionEnabled":false,"optimizeAgentExperienceEnabled":false,"optimizeAgentExperienceMigrationInitialized":true,"enabledBuiltinAgentCliProviders":["glm"],"modelProviderFamilyModes":{"zai":"oauth"},"modelProviderFamilySelectedKeys":{"zai":"coding-plan:builtin:zai-start-plan"},"providerFamilyDomain":"zai","providerFamilyDomainUpdatedAt":1787116588334,"providerFamilyDomainMigrated":true,"repoSnapshotIndexingEnabled":false,"instantGrepIndexingEnabled":false,"nativeSearchEnhancementsEnabled":true,"memoryEnabled":false,"lastWorkspaceSession":[{"kind":"local","workspacePath":"C:\\Users\\llh04\\Desktop\\小说","workspacePurpose":"project"},{"kind":"local","workspacePath":"D:\\公考","workspacePurpose":"project"},{"kind":"local","workspacePath":"C:\\Users\\llh04\\.zcode\\workspace\\default","workspacePurpose":"conversation"}],"lastActiveTabIndex":0,"pendingPostUpdateReleaseNotes":{"version":"3.9.1","title":"Release v3.9.1","markdown":"## 新功能\n\n- 优化模型配置选项页面\n- 默认展示思考过程及实时耗时\n\n## 问题修复\n\n- 修复截图和网页工具图片在部分网关中无法显示的问题\n- 修复单冒号文件引用无法识别的问题","releaseDate":"2026-08-23T02:22:17.074Z","releaseNotesByLocale":{"zh-CN":{"title":"Release v3.9.1","markdown":"## 新功能\n\n- 优化模型配置选项页面\n- 默认展示思考过程及实时耗时\n\n## 问题修复\n\n- 修复截图和网页工具图片在部分网关中无法显示的问题\n- 修复单冒号文件引用无法识别的问题"},"en-US":{"title":"Release v3.9.1","markdown":"## New Features\n\n- Optimize the model configuration options page\n- By default, the thinking process and real-time time consumption are displayed\n\n## Issue Fix\n\n- Fixed the issue where screenshots and web tool images could not be displayed in some gateways\n- Fixed the issue where single-colon file references could not be recognized"}}},"receivePreviewUpdates":false,"autoDownloadAndInstallUpdates":true,"skippedElectronUpdateVersions":{},"settingsSyncFirstRunPromptHandled":true}
[2026-08-23 21:00:50.244] [info] [pid:5220] [main] [host-log] (local-1) [host] [2026-08-23 21:00:50.243] [pid:36332] [settingService] write done
[2026-08-23 21:00:50.244] [info] [pid:5220] [main] [host-log] (local-1) [host] [2026-08-23 21:00:50.243] [pid:36332] [zcode-host] [rpc:call] setting.update OK (4.6ms)
[2026-08-23 21:01:13.595] [info] [pid:5220] [main] [host-log] (local-1) [host] [2026-08-23 21:01:13.594] [pid:36332] [zcode-host] [rpc:call] off-peak-task.list OK (0.2ms)
[2026-08-23 21:01:43.613] [info] [pid:5220] [main] [host-log] (local-1) [host] [2026-08-23 21:01:43.612] [pid:36332] [zcode-host] [rpc:call] off-peak-task.list OK (0.2ms)
[2026-08-23 21:02:34.587] [info] [pid:5220] [main] [host-log] (local-1) [host] [2026-08-23 21:02:34.586] [pid:36332] [zcode-host] [rpc:call] off-peak-task.list OK (0.2ms)
[2026-08-23 21:03:34.612] [info] [pid:5220] [main] [host-log] (local-1) [host] [2026-08-23 21:03:34.611] [pid:36332] [zcode-host] [rpc:call] off-peak-task.list OK (0.2ms)
[2026-08-23 21:03:41.168] [info] [pid:5220] [main] [resource] perf_resource window flushed
[2026-08-23 21:03:41.189] [info] [pid:5220] [main] [network] perf_network flushed interfaces=2
[2026-08-23 21:04:34.607] [info] [pid:5220] [main] [host-log] (local-1) [host] [2026-08-23 21:04:34.606] [pid:36332] [zcode-host] [rpc:call] off-peak-task.list OK (0.2ms)
[2026-08-23 21:05:34.612] [info] [pid:5220] [main] [host-log] (local-1) [host] [2026-08-23 21:05:34.610] [pid:36332] [zcode-host] [rpc:call] off-peak-task.list OK (0.2ms)
[2026-08-23 21:06:34.584] [info] [pid:5220] [main] [host-log] (local-1) [host] [2026-08-23 21:06:34.585] [pid:36332] [zcode-host] [rpc:call] off-peak-task.list OK (0.1ms)
[2026-08-23 21:07:34.678] [info] [pid:5220] [main] [host-log] (local-1) [host] [2026-08-23 21:07:34.677] [pid:36332] [zcode-host] [rpc:call] off-peak-task.list OK (0.2ms)
[2026-08-23 21:08:34.618] [info] [pid:5220] [main] [host-log] (local-1) [host] [2026-08-23 21:08:34.617] [pid:36332] [zcode-host] [rpc:call] off-peak-task.list OK (0.2ms)
[2026-08-23 21:08:41.174] [info] [pid:5220] [main] [resource] perf_resource window flushed
[2026-08-23 21:08:41.195] [info] [pid:5220] [main] [network] perf_network flushed interfaces=1
[2026-08-23 21:09:34.638] [info] [pid:5220] [main] [host-log] (local-1) [host] [2026-08-23 21:09:34.638] [pid:36332] [zcode-host] [rpc:call] off-peak-task.list OK (0.3ms)
[2026-08-23 21:10:34.609] [info] [pid:5220] [main] [host-log] (local-1) [host] [2026-08-23 21:10:34.608] [pid:36332] [zcode-host] [rpc:call] off-peak-task.list OK (0.3ms)
[2026-08-23 21:11:34.593] [info] [pid:5220] [main] [host-log] (local-1) [host] [2026-08-23 21:11:34.592] [pid:36332] [zcode-host] [rpc:call] off-peak-task.list OK (0.2ms)
[2026-08-23 21:12:34.602] [info] [pid:5220] [main] [host-log] (local-1) [host] [2026-08-23 21:12:34.601] [pid:36332] [zcode-host] [rpc:call] off-peak-task.list OK (0.1ms)
[2026-08-23 21:13:34.597] [info] [pid:5220] [main] [host-log] (local-1) [host] [2026-08-23 21:13:34.596] [pid:36332] [zcode-host] [rpc:call] off-peak-task.list OK (0.1ms)
[2026-08-23 21:13:41.187] [info] [pid:5220] [main] [resource] perf_resource window flushed
[2026-08-23 21:13:41.211] [info] [pid:5220] [main] [network] perf_network flushed interfaces=1
[2026-08-23 21:14:31.328] [info] [pid:5220] [main] [host-log] (local-1) [host] [2026-08-23 21:14:31.328] [pid:36332] [zcode-agent-service][trace:bae79b6c-4719-4cb1-938d-b402e5641847] 开始请求 ZCode Protocol session/resume {"hasRuntimeModel":false,"mcpServerCount":0,"mcpServerNames":[],"modelHint":null,"runtimeModel":null,"sessionId":"sess_9ac9f47e-224c-4ada-b806-e8c7d75367a5","workspaceKey":"C:\\Users\\llh04\\Desktop\\小说","workspacePath":"C:\\Users\\llh04\\Desktop\\小说"}
[2026-08-23 21:14:32.207] [info] [pid:5220] [main] [host-log] (local-1) [host] [2026-08-23 21:14:32.207] [pid:36332] [zcode-host] [rpc:call] off-peak-task.list OK (0.2ms)
[2026-08-23 21:14:32.798] [info] [pid:5220] [main] [host-log] (local-1) [host] [2026-08-23 21:14:32.797] [pid:36332] [zcode-agent-service][trace:bae79b6c-4719-4cb1-938d-b402e5641847] ZCode Protocol session/resume 完成 {"durationMs":1470,"hasRuntimeModel":false,"messageCount":300,"modelCurrent":"3a57ef88-16c9-48c9-af35-067641626862/ox-alpha","mcpServerCount":0,"sessionId":"sess_9ac9f47e-224c-4ada-b806-e8c7d75367a5","snapshotTraceId":"bae79b6c-4719-4cb1-938d-b402e5641847","workspaceKey":"C:\\Users\\llh04\\Desktop\\小说","workspacePath":"C:\\Users\\llh04\\Desktop\\小说"}
[2026-08-23 21:14:32.802] [info] [pid:5220] [main] [host-log] (local-1) [host] [2026-08-23 21:14:32.803] [pid:36332] [zcode-host] [rpc:call] zcode-agent.conversationFileChangesV4 OK (915.9ms)
[2026-08-23 21:14:32.807] [info] [pid:5220] [main] [host-log] (local-1) [host] [2026-08-23 21:14:32.807] [pid:36332] [zcode-host] [rpc:call] file.checkFilesExist OK (0.1ms)
[2026-08-23 21:14:42.970] [info] [pid:5220] [main] [host-log] (local-1) [host] [2026-08-23 21:14:42.968] [pid:36332] [zcode-host] [rpc:call] off-peak-task.list OK (0.2ms)
[2026-08-23 21:15:34.574] [info] [pid:5220] [main] [host-log] (local-1) [host] [2026-08-23 21:15:34.571] [pid:36332] [zcode-host] [rpc:call] off-peak-task.list OK (0.3ms)
[2026-08-23 21:16:34.585] [info] [pid:5220] [main] [host-log] (local-1) [host] [2026-08-23 21:16:34.582] [pid:36332] [zcode-host] [rpc:call] off-peak-task.list OK (0.2ms)
[2026-08-23 21:17:34.582] [info] [pid:5220] [main] [host-log] (local-1) [host] [2026-08-23 21:17:34.581] [pid:36332] [zcode-host] [rpc:call] off-peak-task.list OK (0.3ms)
[2026-08-23 21:18:27.152] [info] [pid:5220] [main] [host-log] (local-1) [host] [2026-08-23 21:18:27.140] [pid:36332] [zcode-host] [rpc:call] off-peak-task.list OK (0.1ms)
[2026-08-23 21:18:39.730] [info] [pid:5220] [main] [host-log] (local-1) [host] [2026-08-23 21:18:39.730] [pid:36332] [settingService] writing settings to: C:\Users\llh04\.zcode\v2\setting.json {"recentProjects":["C:\\Users\\llh04\\Desktop\\小说","D:\\公考","D:\\公考\\图形推理详解"],"locale":"zh-CN","localePreference":"zh-CN","terminalInheritSystemProfile":true,"embeddedBrowserAllowInsecureCertificates":false,"taskAutoArchiveEnabled":false,"taskAutoArchiveOlderThanDays":7,"closeToTrayOnWindows":true,"closeToTrayOnWindowsMigrationInitialized":true,"keepAwakeWhileRunning":false,"desktopWindowSize":{"width":1200,"height":800,"maximized":false},"desktopChromiumHardwareAccelerationEnabled":true,"messageStreamShowReasoning":false,"messageStreamShowTodos":false,"toolGroupingExploreEnabled":true,"toolGroupingTerminalEnabled":true,"toolGroupingChangesEnabled":false,"zcodeInteractionBehavior":"queue","askUserQuestionAutoResolutionEnabled":true,"modelIoFullRetentionEnabled":false,"optimizeAgentExperienceEnabled":false,"optimizeAgentExperienceMigrationInitialized":true,"enabledBuiltinAgentCliProviders":["glm"],"modelProviderFamilyModes":{"zai":"oauth"},"modelProviderFamilySelectedKeys":{"zai":"coding-plan:builtin:zai-start-plan"},"providerFamilyDomain":"zai","providerFamilyDomainUpdatedAt":1787116588334,"providerFamilyDomainMigrated":true,"repoSnapshotIndexingEnabled":false,"instantGrepIndexingEnabled":false,"nativeSearchEnhancementsEnabled":true,"memoryEnabled":false,"lastWorkspaceSession":[{"kind":"local","workspacePath":"C:\\Users\\llh04\\Desktop\\小说","workspacePurpose":"project"},{"kind":"local","workspacePath":"D:\\公考","workspacePurpose":"project"},{"kind":"local","workspacePath":"C:\\Users\\llh04\\.zcode\\workspace\\default","workspacePurpose":"conversation"}],"lastActiveTabIndex":0,"pendingPostUpdateReleaseNotes":{"version":"3.9.1","title":"Release v3.9.1","markdown":"## 新功能\n\n- 优化模型配置选项页面\n- 默认展示思考过程及实时耗时\n\n## 问题修复\n\n- 修复截图和网页工具图片在部分网关中无法显示的问题\n- 修复单冒号文件引用无法识别的问题","releaseDate":"2026-08-23T02:22:17.074Z","releaseNotesByLocale":{"zh-CN":{"title":"Release v3.9.1","markdown":"## 新功能\n\n- 优化模型配置选项页面\n- 默认展示思考过程及实时耗时\n\n## 问题修复\n\n- 修复截图和网页工具图片在部分网关中无法显示的问题\n- 修复单冒号文件引用无法识别的问题"},"en-US":{"title":"Release v3.9.1","markdown":"## New Features\n\n- Optimize the model configuration options page\n- By default, the thinking process and real-time time consumption are displayed\n\n## Issue Fix\n\n- Fixed the issue where screenshots and web tool images could not be displayed in some gateways\n- Fixed the issue where single-colon file references could not be recognized"}}},"receivePreviewUpdates":false,"autoDownloadAndInstallUpdates":true,"skippedElectronUpdateVersions":{},"settingsSyncFirstRunPromptHandled":true}
[2026-08-23 21:18:39.734] [info] [pid:5220] [main] [host-log] (local-1) [host] [2026-08-23 21:18:39.733] [pid:36332] [settingService] write done
[2026-08-23 21:18:39.734] [info] [pid:5220] [main] [host-log] (local-1) [host] [2026-08-23 21:18:39.733] [pid:36332] [zcode-host] [rpc:call] setting.update OK (5.3ms)
[2026-08-23 21:18:41.200] [info] [pid:5220] [main] [resource] perf_resource window flushed
[2026-08-23 21:18:41.210] [info] [pid:5220] [main] [network] perf_network flushed interfaces=3
[2026-08-23 21:18:42.965] [info] [pid:5220] [main] [host-log] (local-1) [host] [2026-08-23 21:18:42.965] [pid:36332] [zcode-host] [rpc:call] off-peak-task.list OK (0.1ms)
[2026-08-23 21:18:47.375] [info] [pid:5220] [main] [host-log] (local-1) [host] [2026-08-23 21:18:47.374] [pid:36332] [settingService] writing settings to: C:\Users\llh04\.zcode\v2\setting.json {"recentProjects":["C:\\Users\\llh04\\Desktop\\小说","D:\\公考","D:\\公考\\图形推理详解"],"locale":"zh-CN","localePreference":"zh-CN","terminalInheritSystemProfile":true,"embeddedBrowserAllowInsecureCertificates":false,"taskAutoArchiveEnabled":false,"taskAutoArchiveOlderThanDays":7,"closeToTrayOnWindows":true,"closeToTrayOnWindowsMigrationInitialized":true,"keepAwakeWhileRunning":false,"desktopWindowSize":{"width":1200,"height":800,"maximized":false},"desktopChromiumHardwareAccelerationEnabled":true,"messageStreamShowReasoning":false,"messageStreamShowTodos":false,"toolGroupingExploreEnabled":true,"toolGroupingTerminalEnabled":true,"toolGroupingChangesEnabled":false,"zcodeInteractionBehavior":"queue","askUserQuestionAutoResolutionEnabled":true,"modelIoFullRetentionEnabled":false,"optimizeAgentExperienceEnabled":false,"optimizeAgentExperienceMigrationInitialized":true,"enabledBuiltinAgentCliProviders":["glm"],"modelProviderFamilyModes":{"zai":"oauth"},"modelProviderFamilySelectedKeys":{"zai":"coding-plan:builtin:zai-start-plan"},"providerFamilyDomain":"zai","providerFamilyDomainUpdatedAt":1787116588334,"providerFamilyDomainMigrated":true,"repoSnapshotIndexingEnabled":false,"instantGrepIndexingEnabled":false,"nativeSearchEnhancementsEnabled":true,"memoryEnabled":false,"lastWorkspaceSession":[{"kind":"local","workspacePath":"C:\\Users\\llh04\\Desktop\\小说","workspacePurpose":"project"},{"kind":"local","workspacePath":"D:\\公考","workspacePurpose":"project"},{"kind":"local","workspacePath":"C:\\Users\\llh04\\.zcode\\workspace\\default","workspacePurpose":"conversation"}],"lastActiveTabIndex":0,"pendingPostUpdateReleaseNotes":{"version":"3.9.1","title":"Release v3.9.1","markdown":"## 新功能\n\n- 优化模型配置选项页面\n- 默认展示思考过程及实时耗时\n\n## 问题修复\n\n- 修复截图和网页工具图片在部分网关中无法显示的问题\n- 修复单冒号文件引用无法识别的问题","releaseDate":"2026-08-23T02:22:17.074Z","releaseNotesByLocale":{"zh-CN":{"title":"Release v3.9.1","markdown":"## 新功能\n\n- 优化模型配置选项页面\n- 默认展示思考过程及实时耗时\n\n## 问题修复\n\n- 修复截图和网页工具图片在部分网关中无法显示的问题\n- 修复单冒号文件引用无法识别的问题"},"en-US":{"title":"Release v3.9.1","markdown":"## New Features\n\n- Optimize the model configuration options page\n- By default, the thinking process and real-time time consumption are displayed\n\n## Issue Fix\n\n- Fixed the issue where screenshots and web tool images could not be displayed in some gateways\n- Fixed the issue where single-colon file references could not be recognized"}}},"receivePreviewUpdates":false,"autoDownloadAndInstallUpdates":true,"skippedElectronUpdateVersions":{},"settingsSyncFirstRunPromptHandled":true}
[2026-08-23 21:18:47.378] [info] [pid:5220] [main] [host-log] (local-1) [host] [2026-08-23 21:18:47.378] [pid:36332] [settingService] write done
[2026-08-23 21:18:47.378] [info] [pid:5220] [main] [host-log] (local-1) [host] [2026-08-23 21:18:47.378] [pid:36332] [zcode-host] [rpc:call] setting.update OK (4.8ms)
[2026-08-23 21:19:12.969] [info] [pid:5220] [main] [host-log] (local-1) [host] [2026-08-23 21:19:12.968] [pid:36332] [zcode-host] [rpc:call] off-peak-task.list OK (0.2ms)
[2026-08-23 21:19:30.377] [debug] [pid:5220] [main] [browser-use] execute start browserId=iab:7549fd5b-e47b-47bd-a420-80d91325f717 sessionId=sess_9ac9f47e-224c-4ada-b806-e8c7d75367a5 method=list
[2026-08-23 21:19:30.378] [debug] [pid:5220] [main] [browser-use] execute requestId=66c791c2-102c-4f3c-bc68-9a4867709737 browserId=iab:7549fd5b-e47b-47bd-a420-80d91325f717 generation=1787488122677 windowId=1 sessionId=sess_9ac9f47e-224c-4ada-b806-e8c7d75367a5 method=list
[2026-08-23 21:19:30.378] [debug] [pid:5220] [main] [browser-use] execute done sessionId=sess_9ac9f47e-224c-4ada-b806-e8c7d75367a5 method=list ok=true elapsedMs=0
[2026-08-23 21:19:30.378] [debug] [pid:5220] [main] [browser-use] execute start browserId=iab:7549fd5b-e47b-47bd-a420-80d91325f717 sessionId=sess_9ac9f47e-224c-4ada-b806-e8c7d75367a5 method=listUserTabs
[2026-08-23 21:19:30.379] [debug] [pid:5220] [main] [browser-use] execute requestId=f31e243c-06e2-42d7-b86b-f3cb2b7f4ca8 browserId=iab:7549fd5b-e47b-47bd-a420-80d91325f717 generation=1787488122677 windowId=1 sessionId=sess_9ac9f47e-224c-4ada-b806-e8c7d75367a5 method=listUserTabs
[2026-08-23 21:19:30.379] [debug] [pid:5220] [main] [browser-use] execute done sessionId=sess_9ac9f47e-224c-4ada-b806-e8c7d75367a5 method=listUserTabs ok=true elapsedMs=0
[2026-08-23 21:19:30.559] [info] [pid:5220] [main] [host-log] (local-1) [host] [2026-08-23 21:19:30.560] [pid:36332] [zcode-host] [rpc:call] zcode-agent.sendConversationCommandV4 OK (181.7ms)
[2026-08-23 21:19:42.975] [info] [pid:5220] [main] [host-log] (local-1) [host] [2026-08-23 21:19:42.976] [pid:36332] [zcode-host] [rpc:call] off-peak-task.list OK (0.1ms)
[2026-08-23 21:20:12.972] [info] [pid:5220] [main] [host-log] (local-1) [host] [2026-08-23 21:20:12.969] [pid:36332] [zcode-host] [rpc:call] off-peak-task.list OK (0.2ms)
[2026-08-23 21:20:42.973] [info] [pid:5220] [main] [host-log] (local-1) [host] [2026-08-23 21:20:42.972] [pid:36332] [zcode-host] [rpc:call] off-peak-task.list OK (0.1ms)
[2026-08-23 21:21:12.971] [info] [pid:5220] [main] [host-log] (local-1) [host] [2026-08-23 21:21:12.971] [pid:36332] [zcode-host] [rpc:call] off-peak-task.list OK (0.1ms)
[2026-08-23 21:21:42.970] [info] [pid:5220] [main] [host-log] (local-1) [host] [2026-08-23 21:21:42.970] [pid:36332] [zcode-host] [rpc:call] off-peak-task.list OK (0.2ms)
[2026-08-23 21:22:12.969] [info] [pid:5220] [main] [host-log] (local-1) [host] [2026-08-23 21:22:12.968] [pid:36332] [zcode-host] [rpc:call] off-peak-task.list OK (0.1ms)
[2026-08-23 21:22:42.967] [info] [pid:5220] [main] [host-log] (local-1) [host] [2026-08-23 21:22:42.966] [pid:36332] [zcode-host] [rpc:call] off-peak-task.list OK (0.1ms)
[2026-08-23 21:23:12.965] [info] [pid:5220] [main] [host-log] (local-1) [host] [2026-08-23 21:23:12.965] [pid:36332] [zcode-host] [rpc:call] off-peak-task.list OK (0.1ms)
[2026-08-23 21:23:41.211] [info] [pid:5220] [main] [resource] perf_resource window flushed
[2026-08-23 21:23:41.216] [info] [pid:5220] [main] [network] perf_network flushed interfaces=3
[2026-08-23 21:23:42.975] [info] [pid:5220] [main] [host-log] (local-1) [host] [2026-08-23 21:23:42.973] [pid:36332] [zcode-host] [rpc:call] off-peak-task.list OK (0.2ms)
[2026-08-23 21:24:12.972] [info] [pid:5220] [main] [host-log] (local-1) [host] [2026-08-23 21:24:12.971] [pid:36332] [zcode-host] [rpc:call] off-peak-task.list OK (0.1ms)
[2026-08-23 21:24:42.976] [info] [pid:5220] [main] [host-log] (local-1) [host] [2026-08-23 21:24:42.976] [pid:36332] [zcode-host] [rpc:call] off-peak-task.list OK (0.2ms)
[2026-08-23 21:25:12.975] [info] [pid:5220] [main] [host-log] (local-1) [host] [2026-08-23 21:25:12.975] [pid:36332] [zcode-host] [rpc:call] off-peak-task.list OK (0.1ms)
[2026-08-23 21:25:42.971] [info] [pid:5220] [main] [host-log] (local-1) [host] [2026-08-23 21:25:42.969] [pid:36332] [zcode-host] [rpc:call] off-peak-task.list OK (0.1ms)
[2026-08-23 21:26:12.971] [info] [pid:5220] [main] [host-log] (local-1) [host] [2026-08-23 21:26:12.971] [pid:36332] [zcode-host] [rpc:call] off-peak-task.list OK (0.1ms)
[2026-08-23 21:26:18.797] [info] [pid:5220] [main] [host-log] (local-1) [host] [2026-08-23 21:26:18.796] [pid:36332] [zcode-agent-service][trace:bae79b6c-4719-4cb1-938d-b402e5641847] 开始请求 ZCode Protocol session/resume {"hasRuntimeModel":false,"mcpServerCount":0,"mcpServerNames":[],"modelHint":null,"runtimeModel":null,"sessionId":"sess_9ac9f47e-224c-4ada-b806-e8c7d75367a5","workspaceKey":"C:\\Users\\llh04\\Desktop\\小说","workspacePath":"C:\\Users\\llh04\\Desktop\\小说"}
[2026-08-23 21:26:19.769] [info] [pid:5220] [main] [host-log] (local-1) [host] [2026-08-23 21:26:19.770] [pid:36332] [zcode-agent-service][trace:bae79b6c-4719-4cb1-938d-b402e5641847] ZCode Protocol session/resume 完成 {"durationMs":976,"hasRuntimeModel":false,"messageCount":309,"modelCurrent":"3a57ef88-16c9-48c9-af35-067641626862/ox-alpha","mcpServerCount":0,"sessionId":"sess_9ac9f47e-224c-4ada-b806-e8c7d75367a5","snapshotTraceId":"bae79b6c-4719-4cb1-938d-b402e5641847","workspaceKey":"C:\\Users\\llh04\\Desktop\\小说","workspacePath":"C:\\Users\\llh04\\Desktop\\小说"}
[2026-08-23 21:26:19.771] [info] [pid:5220] [main] [host-log] (local-1) [host] [2026-08-23 21:26:19.770] [pid:36332] [zcode-host] [rpc:call] zcode-agent.conversationFileChangesV4 OK (637.6ms)
[2026-08-23 21:26:42.968] [info] [pid:5220] [main] [host-log] (local-1) [host] [2026-08-23 21:26:42.968] [pid:36332] [zcode-host] [rpc:call] off-peak-task.list OK (0.1ms)
[2026-08-23 21:27:12.965] [info] [pid:5220] [main] [host-log] (local-1) [host] [2026-08-23 21:27:12.965] [pid:36332] [zcode-host] [rpc:call] off-peak-task.list OK (0.2ms)
[2026-08-23 21:27:42.973] [info] [pid:5220] [main] [host-log] (local-1) [host] [2026-08-23 21:27:42.973] [pid:36332] [zcode-host] [rpc:call] off-peak-task.list OK (0.1ms)
[2026-08-23 21:28:12.973] [info] [pid:5220] [main] [host-log] (local-1) [host] [2026-08-23 21:28:12.970] [pid:36332] [zcode-host] [rpc:call] off-peak-task.list OK (0.2ms)
[2026-08-23 21:28:40.533] [info] [pid:5220] [main] Checking for update
[2026-08-23 21:28:40.533] [info] [pid:5220] [main] [auto-update] checking for update...
[2026-08-23 21:28:40.724] [info] [pid:5220] [main] Found version 3.9.1 (url: https://cdn-zcode.z.ai/zcode/electron/releases/3.9.1/windows-x64/ZCode-3.9.1-win-x64.exe)
[2026-08-23 21:28:40.724] [info] [pid:5220] [main] [auto-update] new version available: 3.9.1
[2026-08-23 21:28:40.725] [info] [pid:5220] [main] [auto-update] keep downloaded update version=3.9.1; remote=3.9.1
[2026-08-23 21:28:41.226] [info] [pid:5220] [main] [resource] perf_resource window flushed
[2026-08-23 21:28:41.230] [info] [pid:5220] [main] [network] perf_network flushed interfaces=2
[2026-08-23 21:28:42.974] [info] [pid:5220] [main] [host-log] (local-1) [host] [2026-08-23 21:28:42.973] [pid:36332] [zcode-host] [rpc:call] off-peak-task.list OK (0.2ms)
[2026-08-23 21:29:12.971] [info] [pid:5220] [main] [host-log] (local-1) [host] [2026-08-23 21:29:12.970] [pid:36332] [zcode-host] [rpc:call] off-peak-task.list OK (0.3ms)
[2026-08-23 21:29:42.969] [info] [pid:5220] [main] [host-log] (local-1) [host] [2026-08-23 21:29:42.968] [pid:36332] [zcode-host] [rpc:call] off-peak-task.list OK (0.2ms)
[2026-08-23 21:30:12.966] [info] [pid:5220] [main] [host-log] (local-1) [host] [2026-08-23 21:30:12.966] [pid:36332] [zcode-host] [rpc:call] off-peak-task.list OK (0.1ms)
[2026-08-23 21:30:42.969] [info] [pid:5220] [main] [host-log] (local-1) [host] [2026-08-23 21:30:42.967] [pid:36332] [zcode-host] [rpc:call] off-peak-task.list OK (0.1ms)
[2026-08-23 21:31:12.971] [info] [pid:5220] [main] [host-log] (local-1) [host] [2026-08-23 21:31:12.968] [pid:36332] [zcode-host] [rpc:call] off-peak-task.list OK (0.4ms)
[2026-08-23 21:31:42.976] [info] [pid:5220] [main] [host-log] (local-1) [host] [2026-08-23 21:31:42.975] [pid:36332] [zcode-host] [rpc:call] off-peak-task.list OK (0.1ms)
[2026-08-23 21:32:12.969] [info] [pid:5220] [main] [host-log] (local-1) [host] [2026-08-23 21:32:12.967] [pid:36332] [zcode-host] [rpc:call] off-peak-task.list OK (0.3ms)
[2026-08-23 21:32:42.974] [info] [pid:5220] [main] [host-log] (local-1) [host] [2026-08-23 21:32:42.972] [pid:36332] [zcode-host] [rpc:call] off-peak-task.list OK (0.2ms)
[2026-08-23 21:33:12.970] [info] [pid:5220] [main] [host-log] (local-1) [host] [2026-08-23 21:33:12.967] [pid:36332] [zcode-host] [rpc:call] off-peak-task.list OK (0.3ms)
[2026-08-23 21:33:41.244] [info] [pid:5220] [main] [resource] perf_resource window flushed
[2026-08-23 21:33:41.244] [info] [pid:5220] [main] [network] perf_network flushed interfaces=1
[2026-08-23 21:33:42.971] [info] [pid:5220] [main] [host-log] (local-1) [host] [2026-08-23 21:33:42.970] [pid:36332] [zcode-host] [rpc:call] off-peak-task.list OK (0.2ms)
[2026-08-23 21:34:12.971] [info] [pid:5220] [main] [host-log] (local-1) [host] [2026-08-23 21:34:12.970] [pid:36332] [zcode-host] [rpc:call] off-peak-task.list OK (0.3ms)
[2026-08-23 21:34:42.978] [info] [pid:5220] [main] [host-log] (local-1) [host] [2026-08-23 21:34:42.977] [pid:36332] [zcode-host] [rpc:call] off-peak-task.list OK (0.2ms)
[2026-08-23 21:35:12.980] [info] [pid:5220] [main] [host-log] (local-1) [host] [2026-08-23 21:35:12.974] [pid:36332] [zcode-host] [rpc:call] off-peak-task.list OK (0.5ms)
[2026-08-23 21:35:42.970] [info] [pid:5220] [main] [host-log] (local-1) [host] [2026-08-23 21:35:42.966] [pid:36332] [zcode-host] [rpc:call] off-peak-task.list OK (0.2ms)
[2026-08-23 21:36:12.970] [info] [pid:5220] [main] [host-log] (local-1) [host] [2026-08-23 21:36:12.967] [pid:36332] [zcode-host] [rpc:call] off-peak-task.list OK (0.3ms)
[2026-08-23 21:36:42.978] [info] [pid:5220] [main] [host-log] (local-1) [host] [2026-08-23 21:36:42.976] [pid:36332] [zcode-host] [rpc:call] off-peak-task.list OK (0.3ms)
[2026-08-23 21:37:12.974] [info] [pid:5220] [main] [host-log] (local-1) [host] [2026-08-23 21:37:12.973] [pid:36332] [zcode-host] [rpc:call] off-peak-task.list OK (0.2ms)
[2026-08-23 21:37:42.967] [info] [pid:5220] [main] [host-log] (local-1) [host] [2026-08-23 21:37:42.966] [pid:36332] [zcode-host] [rpc:call] off-peak-task.list OK (0.1ms)
[2026-08-23 21:38:12.966] [info] [pid:5220] [main] [host-log] (local-1) [host] [2026-08-23 21:38:12.966] [pid:36332] [zcode-host] [rpc:call] off-peak-task.list OK (0.2ms)
[2026-08-23 21:38:41.247] [info] [pid:5220] [main] [resource] perf_resource window flushed
[2026-08-23 21:38:41.248] [info] [pid:5220] [main] [network] perf_network flushed interfaces=1
[2026-08-23 21:38:42.983] [info] [pid:5220] [main] [host-log] (local-1) [host] [2026-08-23 21:38:42.977] [pid:36332] [zcode-host] [rpc:call] off-peak-task.list OK (0.3ms)
[2026-08-23 21:39:12.966] [info] [pid:5220] [main] [host-log] (local-1) [host] [2026-08-23 21:39:12.966] [pid:36332] [zcode-host] [rpc:call] off-peak-task.list OK (0.2ms)
[2026-08-23 21:39:42.975] [info] [pid:5220] [main] [host-log] (local-1) [host] [2026-08-23 21:39:42.974] [pid:36332] [zcode-host] [rpc:call] off-peak-task.list OK (0.5ms)
[2026-08-23 21:40:12.970] [info] [pid:5220] [main] [host-log] (local-1) [host] [2026-08-23 21:40:12.968] [pid:36332] [zcode-host] [rpc:call] off-peak-task.list OK (0.3ms)
[2026-08-23 21:40:42.971] [info] [pid:5220] [main] [host-log] (local-1) [host] [2026-08-23 21:40:42.970] [pid:36332] [zcode-host] [rpc:call] off-peak-task.list OK (0.4ms)
[2026-08-23 21:41:12.968] [info] [pid:5220] [main] [host-log] (local-1) [host] [2026-08-23 21:41:12.967] [pid:36332] [zcode-host] [rpc:call] off-peak-task.list OK (0.3ms)
[2026-08-23 21:41:42.971] [info] [pid:5220] [main] [host-log] (local-1) [host] [2026-08-23 21:41:42.970] [pid:36332] [zcode-host] [rpc:call] off-peak-task.list OK (0.2ms)
[2026-08-23 21:42:12.969] [info] [pid:5220] [main] [host-log] (local-1) [host] [2026-08-23 21:42:12.967] [pid:36332] [zcode-host] [rpc:call] off-peak-task.list OK (0.2ms)
[2026-08-23 21:42:42.972] [info] [pid:5220] [main] [host-log] (local-1) [host] [2026-08-23 21:42:42.971] [pid:36332] [zcode-host] [rpc:call] off-peak-task.list OK (0.2ms)
[2026-08-23 21:43:12.966] [info] [pid:5220] [main] [host-log] (local-1) [host] [2026-08-23 21:43:12.966] [pid:36332] [zcode-host] [rpc:call] off-peak-task.list OK (0.2ms)
[2026-08-23 21:43:41.256] [info] [pid:5220] [main] [resource] perf_resource window flushed
[2026-08-23 21:43:41.256] [info] [pid:5220] [main] [network] perf_network flushed interfaces=1
[2026-08-23 21:43:42.979] [info] [pid:5220] [main] [host-log] (local-1) [host] [2026-08-23 21:43:42.978] [pid:36332] [zcode-host] [rpc:call] off-peak-task.list OK (0.5ms)
[2026-08-23 21:44:12.972] [info] [pid:5220] [main] [host-log] (local-1) [host] [2026-08-23 21:44:12.971] [pid:36332] [zcode-host] [rpc:call] off-peak-task.list OK (0.2ms)
[2026-08-23 21:44:42.967] [info] [pid:5220] [main] [host-log] (local-1) [host] [2026-08-23 21:44:42.966] [pid:36332] [zcode-host] [rpc:call] off-peak-task.list OK (0.2ms)
[2026-08-23 21:45:12.976] [info] [pid:5220] [main] [host-log] (local-1) [host] [2026-08-23 21:45:12.975] [pid:36332] [zcode-host] [rpc:call] off-peak-task.list OK (0.2ms)
[2026-08-23 21:45:42.978] [info] [pid:5220] [main] [host-log] (local-1) [host] [2026-08-23 21:45:42.976] [pid:36332] [zcode-host] [rpc:call] off-peak-task.list OK (0.3ms)
[2026-08-23 21:46:12.967] [info] [pid:5220] [main] [host-log] (local-1) [host] [2026-08-23 21:46:12.967] [pid:36332] [zcode-host] [rpc:call] off-peak-task.list OK (0.2ms)
[2026-08-23 21:46:42.967] [info] [pid:5220] [main] [host-log] (local-1) [host] [2026-08-23 21:46:42.966] [pid:36332] [zcode-host] [rpc:call] off-peak-task.list OK (0.2ms)
[2026-08-23 21:47:12.967] [info] [pid:5220] [main] [host-log] (local-1) [host] [2026-08-23 21:47:12.967] [pid:36332] [zcode-host] [rpc:call] off-peak-task.list OK (0.2ms)
[2026-08-23 21:47:42.968] [info] [pid:5220] [main] [host-log] (local-1) [host] [2026-08-23 21:47:42.966] [pid:36332] [zcode-host] [rpc:call] off-peak-task.list OK (0.2ms)
[2026-08-23 21:48:12.968] [info] [pid:5220] [main] [host-log] (local-1) [host] [2026-08-23 21:48:12.966] [pid:36332] [zcode-host] [rpc:call] off-peak-task.list OK (0.4ms)
[2026-08-23 21:48:41.273] [info] [pid:5220] [main] [resource] perf_resource window flushed
[2026-08-23 21:48:41.273] [info] [pid:5220] [main] [network] perf_network flushed interfaces=1
[2026-08-23 21:48:42.977] [info] [pid:5220] [main] [host-log] (local-1) [host] [2026-08-23 21:48:42.976] [pid:36332] [zcode-host] [rpc:call] off-peak-task.list OK (0.2ms)
[2026-08-23 21:49:12.969] [info] [pid:5220] [main] [host-log] (local-1) [host] [2026-08-23 21:49:12.967] [pid:36332] [zcode-host] [rpc:call] off-peak-task.list OK (0.5ms)
[2026-08-23 22:31:53.778] [info] [pid:5220] [main] [resource] perf_resource window flushed
[2026-08-23 22:31:53.779] [info] [pid:5220] [main] [network] perf_network flushed interfaces=1
[2026-08-23 22:31:53.803] [info] [pid:5220] [main] [host-log] (local-1) [host] [2026-08-23 22:31:52.890] [pid:36332] [zcode-host] [rpc:call] off-peak-task.list OK (0.3ms)
[2026-08-23 22:31:53.805] [info] [pid:5220] [main] Checking for update
[2026-08-23 22:31:53.806] [info] [pid:5220] [main] [auto-update] checking for update...
[2026-08-23 22:31:54.100] [info] [pid:5220] [main] Found version 3.9.1 (url: https://cdn-zcode.z.ai/zcode/electron/releases/3.9.1/windows-x64/ZCode-3.9.1-win-x64.exe)
[2026-08-23 22:31:54.101] [info] [pid:5220] [main] [auto-update] new version available: 3.9.1
[2026-08-23 22:31:54.101] [info] [pid:5220] [main] [auto-update] keep downloaded update version=3.9.1; remote=3.9.1
[2026-08-23 22:31:56.905] [info] [pid:5220] [main] [host-log] (local-1) [host] [2026-08-23 22:31:56.904] [pid:36332] [settingService] writing settings to: C:\Users\llh04\.zcode\v2\setting.json {"recentProjects":["C:\\Users\\llh04\\Desktop\\小说","D:\\公考","D:\\公考\\图形推理详解"],"locale":"zh-CN","localePreference":"zh-CN","terminalInheritSystemProfile":true,"embeddedBrowserAllowInsecureCertificates":false,"taskAutoArchiveEnabled":false,"taskAutoArchiveOlderThanDays":7,"closeToTrayOnWindows":true,"closeToTrayOnWindowsMigrationInitialized":true,"keepAwakeWhileRunning":false,"desktopWindowSize":{"width":1200,"height":800,"maximized":false},"desktopChromiumHardwareAccelerationEnabled":true,"messageStreamShowReasoning":false,"messageStreamShowTodos":false,"toolGroupingExploreEnabled":true,"toolGroupingTerminalEnabled":true,"toolGroupingChangesEnabled":false,"zcodeInteractionBehavior":"queue","askUserQuestionAutoResolutionEnabled":true,"modelIoFullRetentionEnabled":false,"optimizeAgentExperienceEnabled":false,"optimizeAgentExperienceMigrationInitialized":true,"enabledBuiltinAgentCliProviders":["glm"],"modelProviderFamilyModes":{"zai":"oauth"},"modelProviderFamilySelectedKeys":{"zai":"coding-plan:builtin:zai-start-plan"},"providerFamilyDomain":"zai","providerFamilyDomainUpdatedAt":1787116588334,"providerFamilyDomainMigrated":true,"repoSnapshotIndexingEnabled":false,"instantGrepIndexingEnabled":false,"nativeSearchEnhancementsEnabled":true,"memoryEnabled":false,"lastWorkspaceSession":[{"kind":"local","workspacePath":"C:\\Users\\llh04\\Desktop\\小说","workspacePurpose":"project"},{"kind":"local","workspacePath":"D:\\公考","workspacePurpose":"project"},{"kind":"local","workspacePath":"C:\\Users\\llh04\\.zcode\\workspace\\default","workspacePurpose":"conversation"}],"lastActiveTabIndex":0,"pendingPostUpdateReleaseNotes":{"version":"3.9.1","title":"Release v3.9.1","markdown":"## 新功能\n\n- 优化模型配置选项页面\n- 默认展示思考过程及实时耗时\n\n## 问题修复\n\n- 修复截图和网页工具图片在部分网关中无法显示的问题\n- 修复单冒号文件引用无法识别的问题","releaseDate":"2026-08-23T02:22:17.074Z","releaseNotesByLocale":{"zh-CN":{"title":"Release v3.9.1","markdown":"## 新功能\n\n- 优化模型配置选项页面\n- 默认展示思考过程及实时耗时\n\n## 问题修复\n\n- 修复截图和网页工具图片在部分网关中无法显示的问题\n- 修复单冒号文件引用无法识别的问题"},"en-US":{"title":"Release v3.9.1","markdown":"## New Features\n\n- Optimize the model configuration options page\n- By default, the thinking process and real-time time consumption are displayed\n\n## Issue Fix\n\n- Fixed the issue where screenshots and web tool images could not be displayed in some gateways\n- Fixed the issue where single-colon file references could not be recognized"}}},"receivePreviewUpdates":false,"autoDownloadAndInstallUpdates":true,"skippedElectronUpdateVersions":{},"settingsSyncFirstRunPromptHandled":true}
[2026-08-23 22:31:56.913] [info] [pid:5220] [main] [host-log] (local-1) [host] [2026-08-23 22:31:56.911] [pid:36332] [settingService] write done
[2026-08-23 22:31:56.915] [info] [pid:5220] [main] [host-log] (local-1) [host] [2026-08-23 22:31:56.912] [pid:36332] [zcode-host] [rpc:call] setting.update OK (10.9ms)
[2026-08-23 22:31:59.158] [info] [pid:5220] [main] [host-log] (local-1) [host] [2026-08-23 22:31:59.157] [pid:36332] [settingService] writing settings to: C:\Users\llh04\.zcode\v2\setting.json {"recentProjects":["C:\\Users\\llh04\\Desktop\\小说","D:\\公考","D:\\公考\\图形推理详解"],"locale":"zh-CN","localePreference":"zh-CN","terminalInheritSystemProfile":true,"embeddedBrowserAllowInsecureCertificates":false,"taskAutoArchiveEnabled":false,"taskAutoArchiveOlderThanDays":7,"closeToTrayOnWindows":true,"closeToTrayOnWindowsMigrationInitialized":true,"keepAwakeWhileRunning":false,"desktopWindowSize":{"width":1200,"height":800,"maximized":false},"desktopChromiumHardwareAccelerationEnabled":true,"messageStreamShowReasoning":false,"messageStreamShowTodos":false,"toolGroupingExploreEnabled":true,"toolGroupingTerminalEnabled":true,"toolGroupingChangesEnabled":false,"zcodeInteractionBehavior":"queue","askUserQuestionAutoResolutionEnabled":true,"modelIoFullRetentionEnabled":false,"optimizeAgentExperienceEnabled":false,"optimizeAgentExperienceMigrationInitialized":true,"enabledBuiltinAgentCliProviders":["glm"],"modelProviderFamilyModes":{"zai":"oauth"},"modelProviderFamilySelectedKeys":{"zai":"coding-plan:builtin:zai-start-plan"},"providerFamilyDomain":"zai","providerFamilyDomainUpdatedAt":1787116588334,"providerFamilyDomainMigrated":true,"repoSnapshotIndexingEnabled":false,"instantGrepIndexingEnabled":false,"nativeSearchEnhancementsEnabled":true,"memoryEnabled":false,"lastWorkspaceSession":[{"kind":"local","workspacePath":"C:\\Users\\llh04\\Desktop\\小说","workspacePurpose":"project"},{"kind":"local","workspacePath":"D:\\公考","workspacePurpose":"project"},{"kind":"local","workspacePath":"C:\\Users\\llh04\\.zcode\\workspace\\default","workspacePurpose":"conversation"}],"lastActiveTabIndex":0,"pendingPostUpdateReleaseNotes":{"version":"3.9.1","title":"Release v3.9.1","markdown":"## 新功能\n\n- 优化模型配置选项页面\n- 默认展示思考过程及实时耗时\n\n## 问题修复\n\n- 修复截图和网页工具图片在部分网关中无法显示的问题\n- 修复单冒号文件引用无法识别的问题","releaseDate":"2026-08-23T02:22:17.074Z","releaseNotesByLocale":{"zh-CN":{"title":"Release v3.9.1","markdown":"## 新功能\n\n- 优化模型配置选项页面\n- 默认展示思考过程及实时耗时\n\n## 问题修复\n\n- 修复截图和网页工具图片在部分网关中无法显示的问题\n- 修复单冒号文件引用无法识别的问题"},"en-US":{"title":"Release v3.9.1","markdown":"## New Features\n\n- Optimize the model configuration options page\n- By default, the thinking process and real-time time consumption are displayed\n\n## Issue Fix\n\n- Fixed the issue where screenshots and web tool images could not be displayed in some gateways\n- Fixed the issue where single-colon file references could not be recognized"}}},"receivePreviewUpdates":false,"autoDownloadAndInstallUpdates":true,"skippedElectronUpdateVersions":{},"settingsSyncFirstRunPromptHandled":true}
[2026-08-23 22:31:59.161] [info] [pid:5220] [main] [host-log] (local-1) [host] [2026-08-23 22:31:59.160] [pid:36332] [settingService] write done
[2026-08-23 22:31:59.162] [info] [pid:5220] [main] [host-log] (local-1) [host] [2026-08-23 22:31:59.160] [pid:36332] [zcode-host] [rpc:call] setting.update OK (4.5ms)
[2026-08-23 22:32:12.968] [info] [pid:5220] [main] [host-log] (local-1) [host] [2026-08-23 22:32:12.967] [pid:36332] [zcode-host] [rpc:call] off-peak-task.list OK (0.2ms)
[2026-08-23 22:32:43.584] [info] [pid:5220] [main] [host-log] (local-1) [host] [2026-08-23 22:32:43.580] [pid:36332] [zcode-host] [rpc:call] off-peak-task.list OK (0.3ms)
[2026-08-23 22:33:13.577] [info] [pid:5220] [main] [host-log] (local-1) [host] [2026-08-23 22:33:13.574] [pid:36332] [zcode-host] [rpc:call] off-peak-task.list OK (0.2ms)
[2026-08-23 22:34:34.582] [info] [pid:5220] [main] [host-log] (local-1) [host] [2026-08-23 22:34:34.581] [pid:36332] [zcode-host] [rpc:call] off-peak-task.list OK (0.2ms)
[2026-08-23 22:35:34.574] [info] [pid:5220] [main] [host-log] (local-1) [host] [2026-08-23 22:35:34.573] [pid:36332] [zcode-host] [rpc:call] off-peak-task.list OK (0.2ms)
[2026-08-23 22:36:34.576] [info] [pid:5220] [main] [host-log] (local-1) [host] [2026-08-23 22:36:34.573] [pid:36332] [zcode-host] [rpc:call] off-peak-task.list OK (0.2ms)
[2026-08-23 22:36:53.762] [info] [pid:5220] [main] [resource] perf_resource window flushed
[2026-08-23 22:36:53.785] [info] [pid:5220] [main] [network] perf_network flushed interfaces=2
[2026-08-23 22:37:34.586] [info] [pid:5220] [main] [host-log] (local-1) [host] [2026-08-23 22:37:34.582] [pid:36332] [zcode-host] [rpc:call] off-peak-task.list OK (0.2ms)
[2026-08-23 22:38:34.576] [info] [pid:5220] [main] [host-log] (local-1) [host] [2026-08-23 22:38:34.573] [pid:36332] [zcode-host] [rpc:call] off-peak-task.list OK (0.2ms)
[2026-08-23 22:39:34.576] [info] [pid:5220] [main] [host-log] (local-1) [host] [2026-08-23 22:39:34.573] [pid:36332] [zcode-host] [rpc:call] off-peak-task.list OK (0.3ms)
[2026-08-23 22:40:34.579] [info] [pid:5220] [main] [host-log] (local-1) [host] [2026-08-23 22:40:34.575] [pid:36332] [zcode-host] [rpc:call] off-peak-task.list OK (0.3ms)
[2026-08-23 22:41:34.577] [info] [pid:5220] [main] [host-log] (local-1) [host] [2026-08-23 22:41:34.574] [pid:36332] [zcode-host] [rpc:call] off-peak-task.list OK (0.2ms)
[2026-08-23 22:41:53.754] [info] [pid:5220] [main] [resource] perf_resource window flushed
[2026-08-23 22:41:53.779] [info] [pid:5220] [main] [network] perf_network flushed interfaces=1
[2026-08-23 22:42:34.577] [info] [pid:5220] [main] [host-log] (local-1) [host] [2026-08-23 22:42:34.574] [pid:36332] [zcode-host] [rpc:call] off-peak-task.list OK (0.2ms)
[2026-08-23 22:43:34.581] [info] [pid:5220] [main] [host-log] (local-1) [host] [2026-08-23 22:43:34.579] [pid:36332] [zcode-host] [rpc:call] off-peak-task.list OK (0.3ms)
[2026-08-23 22:44:34.582] [info] [pid:5220] [main] [host-log] (local-1) [host] [2026-08-23 22:44:34.580] [pid:36332] [zcode-host] [rpc:call] off-peak-task.list OK (0.2ms)
[2026-08-23 22:45:34.574] [info] [pid:5220] [main] [host-log] (local-1) [host] [2026-08-23 22:45:34.570] [pid:36332] [zcode-host] [rpc:call] off-peak-task.list OK (0.2ms)
[2026-08-23 22:46:34.583] [info] [pid:5220] [main] [host-log] (local-1) [host] [2026-08-23 22:46:34.580] [pid:36332] [zcode-host] [rpc:call] off-peak-task.list OK (0.3ms)
[2026-08-23 22:46:53.753] [info] [pid:5220] [main] [resource] perf_resource window flushed
[2026-08-23 22:46:53.786] [info] [pid:5220] [main] [network] perf_network flushed interfaces=1
[2026-08-23 22:47:34.588] [info] [pid:5220] [main] [host-log] (local-1) [host] [2026-08-23 22:47:34.580] [pid:36332] [zcode-host] [rpc:call] off-peak-task.list OK (0.3ms)
[2026-08-23 22:48:34.583] [info] [pid:5220] [main] [host-log] (local-1) [host] [2026-08-23 22:48:34.583] [pid:36332] [zcode-host] [rpc:call] off-peak-task.list OK (0.2ms)
[2026-08-23 22:49:34.580] [info] [pid:5220] [main] [host-log] (local-1) [host] [2026-08-23 22:49:34.578] [pid:36332] [zcode-host] [rpc:call] off-peak-task.list OK (0.3ms)
[2026-08-23 22:50:34.573] [info] [pid:5220] [main] [host-log] (local-1) [host] [2026-08-23 22:50:34.571] [pid:36332] [zcode-host] [rpc:call] off-peak-task.list OK (0.2ms)
[2026-08-23 22:51:34.587] [info] [pid:5220] [main] [host-log] (local-1) [host] [2026-08-23 22:51:34.570] [pid:36332] [zcode-host] [rpc:call] off-peak-task.list OK (0.3ms)
[2026-08-23 22:51:53.763] [info] [pid:5220] [main] [resource] perf_resource window flushed
[2026-08-23 22:51:53.789] [info] [pid:5220] [main] [network] perf_network flushed interfaces=1
[2026-08-23 22:52:34.576] [info] [pid:5220] [main] [host-log] (local-1) [host] [2026-08-23 22:52:34.575] [pid:36332] [zcode-host] [rpc:call] off-peak-task.list OK (0.3ms)
[2026-08-23 22:53:34.575] [info] [pid:5220] [main] [host-log] (local-1) [host] [2026-08-23 22:53:34.572] [pid:36332] [zcode-host] [rpc:call] off-peak-task.list OK (0.3ms)
[2026-08-23 22:54:34.573] [info] [pid:5220] [main] [host-log] (local-1) [host] [2026-08-23 22:54:34.572] [pid:36332] [zcode-host] [rpc:call] off-peak-task.list OK (0.3ms)
[2026-08-23 22:55:34.581] [info] [pid:5220] [main] [host-log] (local-1) [host] [2026-08-23 22:55:34.577] [pid:36332] [zcode-host] [rpc:call] off-peak-task.list OK (0.2ms)
[2026-08-23 22:56:34.577] [info] [pid:5220] [main] [host-log] (local-1) [host] [2026-08-23 22:56:34.575] [pid:36332] [zcode-host] [rpc:call] off-peak-task.list OK (0.3ms)
[2026-08-23 22:56:53.776] [info] [pid:5220] [main] [resource] perf_resource window flushed
[2026-08-23 22:56:53.790] [info] [pid:5220] [main] [network] perf_network flushed interfaces=1
[2026-08-23 22:57:34.583] [info] [pid:5220] [main] [host-log] (local-1) [host] [2026-08-23 22:57:34.582] [pid:36332] [zcode-host] [rpc:call] off-peak-task.list OK (0.2ms)
[2026-08-23 22:58:34.582] [info] [pid:5220] [main] [host-log] (local-1) [host] [2026-08-23 22:58:34.581] [pid:36332] [zcode-host] [rpc:call] off-peak-task.list OK (0.2ms)
[2026-08-23 22:59:34.573] [info] [pid:5220] [main] [host-log] (local-1) [host] [2026-08-23 22:59:34.571] [pid:36332] [zcode-host] [rpc:call] off-peak-task.list OK (0.2ms)
[2026-08-23 23:00:34.575] [info] [pid:5220] [main] [host-log] (local-1) [host] [2026-08-23 23:00:34.572] [pid:36332] [zcode-host] [rpc:call] off-peak-task.list OK (0.2ms)
[2026-08-23 23:01:34.583] [info] [pid:5220] [main] [host-log] (local-1) [host] [2026-08-23 23:01:34.581] [pid:36332] [zcode-host] [rpc:call] off-peak-task.list OK (0.3ms)
[2026-08-23 23:01:53.787] [info] [pid:5220] [main] [resource] perf_resource window flushed
[2026-08-23 23:01:53.802] [info] [pid:5220] [main] [network] perf_network flushed interfaces=1
[2026-08-23 23:02:34.585] [info] [pid:5220] [main] [host-log] (local-1) [host] [2026-08-23 23:02:34.584] [pid:36332] [zcode-host] [rpc:call] off-peak-task.list OK (0.2ms)
[2026-08-23 23:03:34.579] [info] [pid:5220] [main] [host-log] (local-1) [host] [2026-08-23 23:03:34.578] [pid:36332] [zcode-host] [rpc:call] off-peak-task.list OK (0.3ms)
[2026-08-23 23:04:34.575] [info] [pid:5220] [main] [host-log] (local-1) [host] [2026-08-23 23:04:34.572] [pid:36332] [zcode-host] [rpc:call] off-peak-task.list OK (0.3ms)
[2026-08-23 23:05:34.598] [info] [pid:5220] [main] [host-log] (local-1) [host] [2026-08-23 23:05:34.586] [pid:36332] [zcode-host] [rpc:call] off-peak-task.list OK (0.6ms)
[2026-08-23 23:06:34.581] [info] [pid:5220] [main] [host-log] (local-1) [host] [2026-08-23 23:06:34.577] [pid:36332] [zcode-host] [rpc:call] off-peak-task.list OK (0.3ms)
[2026-08-23 23:06:53.822] [info] [pid:5220] [main] [resource] perf_resource window flushed
[2026-08-23 23:06:53.824] [info] [pid:5220] [main] [network] perf_network flushed interfaces=1
[2026-08-23 23:07:34.583] [info] [pid:5220] [main] [host-log] (local-1) [host] [2026-08-23 23:07:34.580] [pid:36332] [zcode-host] [rpc:call] off-peak-task.list OK (0.3ms)
[2026-08-23 23:08:34.575] [info] [pid:5220] [main] [host-log] (local-1) [host] [2026-08-23 23:08:34.573] [pid:36332] [zcode-host] [rpc:call] off-peak-task.list OK (0.4ms)
[2026-08-23 23:09:34.575] [info] [pid:5220] [main] [host-log] (local-1) [host] [2026-08-23 23:09:34.573] [pid:36332] [zcode-host] [rpc:call] off-peak-task.list OK (0.3ms)
[2026-08-23 23:10:34.578] [info] [pid:5220] [main] [host-log] (local-1) [host] [2026-08-23 23:10:34.576] [pid:36332] [zcode-host] [rpc:call] off-peak-task.list OK (0.2ms)
[2026-08-23 23:11:34.577] [info] [pid:5220] [main] [host-log] (local-1) [host] [2026-08-23 23:11:34.574] [pid:36332] [zcode-host] [rpc:call] off-peak-task.list OK (0.2ms)
[2026-08-23 23:11:53.811] [info] [pid:5220] [main] [resource] perf_resource window flushed
[2026-08-23 23:11:53.839] [info] [pid:5220] [main] [network] perf_network flushed interfaces=1
[2026-08-23 23:12:34.583] [info] [pid:5220] [main] [host-log] (local-1) [host] [2026-08-23 23:12:34.582] [pid:36332] [zcode-host] [rpc:call] off-peak-task.list OK (0.2ms)
[2026-08-23 23:13:34.578] [info] [pid:5220] [main] [host-log] (local-1) [host] [2026-08-23 23:13:34.576] [pid:36332] [zcode-host] [rpc:call] off-peak-task.list OK (0.2ms)
[2026-08-23 23:14:34.576] [info] [pid:5220] [main] [host-log] (local-1) [host] [2026-08-23 23:14:34.574] [pid:36332] [zcode-host] [rpc:call] off-peak-task.list OK (0.2ms)
[2026-08-23 23:15:34.588] [info] [pid:5220] [main] [host-log] (local-1) [host] [2026-08-23 23:15:34.585] [pid:36332] [zcode-host] [rpc:call] off-peak-task.list OK (0.3ms)
[2026-08-23 23:16:34.577] [info] [pid:5220] [main] [host-log] (local-1) [host] [2026-08-23 23:16:34.576] [pid:36332] [zcode-host] [rpc:call] off-peak-task.list OK (0.2ms)
[2026-08-23 23:16:53.824] [info] [pid:5220] [main] [resource] perf_resource window flushed
[2026-08-23 23:16:53.844] [info] [pid:5220] [main] [network] perf_network flushed interfaces=1
[2026-08-23 23:17:34.572] [info] [pid:5220] [main] [host-log] (local-1) [host] [2026-08-23 23:17:34.571] [pid:36332] [zcode-host] [rpc:call] off-peak-task.list OK (0.2ms)
[2026-08-23 23:18:34.572] [info] [pid:5220] [main] [host-log] (local-1) [host] [2026-08-23 23:18:34.571] [pid:36332] [zcode-host] [rpc:call] off-peak-task.list OK (0.2ms)
[2026-08-23 23:19:34.575] [info] [pid:5220] [main] [host-log] (local-1) [host] [2026-08-23 23:19:34.572] [pid:36332] [zcode-host] [rpc:call] off-peak-task.list OK (0.3ms)
[2026-08-23 23:20:34.578] [info] [pid:5220] [main] [host-log] (local-1) [host] [2026-08-23 23:20:34.575] [pid:36332] [zcode-host] [rpc:call] off-peak-task.list OK (0.2ms)
[2026-08-23 23:21:34.576] [info] [pid:5220] [main] [host-log] (local-1) [host] [2026-08-23 23:21:34.574] [pid:36332] [zcode-host] [rpc:call] off-peak-task.list OK (0.5ms)
[2026-08-23 23:21:53.812] [info] [pid:5220] [main] [resource] perf_resource window flushed
[2026-08-23 23:21:53.845] [info] [pid:5220] [main] [network] perf_network flushed interfaces=1
[2026-08-23 23:22:34.587] [info] [pid:5220] [main] [host-log] (local-1) [host] [2026-08-23 23:22:34.585] [pid:36332] [zcode-host] [rpc:call] off-peak-task.list OK (0.3ms)
[2026-08-23 23:23:34.578] [info] [pid:5220] [main] [host-log] (local-1) [host] [2026-08-23 23:23:34.576] [pid:36332] [zcode-host] [rpc:call] off-peak-task.list OK (0.3ms)
[2026-08-23 23:24:34.580] [info] [pid:5220] [main] [host-log] (local-1) [host] [2026-08-23 23:24:34.577] [pid:36332] [zcode-host] [rpc:call] off-peak-task.list OK (0.2ms)
[2026-08-23 23:25:34.581] [info] [pid:5220] [main] [host-log] (local-1) [host] [2026-08-23 23:25:34.579] [pid:36332] [zcode-host] [rpc:call] off-peak-task.list OK (0.2ms)
[2026-08-23 23:25:49.843] [info] [pid:5220] [main] [host-log] (local-1) [host] [2026-08-23 23:25:49.833] [pid:36332] [zcode-host] [rpc:call] off-peak-task.list OK (0.2ms)
[2026-08-23 23:26:13.584] [info] [pid:5220] [main] [host-log] (local-1) [host] [2026-08-23 23:26:13.582] [pid:36332] [zcode-host] [rpc:call] off-peak-task.list OK (0.4ms)
[2026-08-23 23:26:43.579] [info] [pid:5220] [main] [host-log] (local-1) [host] [2026-08-23 23:26:43.574] [pid:36332] [zcode-host] [rpc:call] off-peak-task.list OK (0.5ms)
[2026-08-23 23:26:53.832] [info] [pid:5220] [main] [resource] perf_resource window flushed
[2026-08-23 23:26:53.847] [info] [pid:5220] [main] [network] perf_network flushed interfaces=1
[2026-08-23 23:27:34.585] [info] [pid:5220] [main] [host-log] (local-1) [host] [2026-08-23 23:27:34.581] [pid:36332] [zcode-host] [rpc:call] off-peak-task.list OK (0.3ms)
[2026-08-23 23:28:34.590] [info] [pid:5220] [main] [host-log] (local-1) [host] [2026-08-23 23:28:34.583] [pid:36332] [zcode-host] [rpc:call] off-peak-task.list OK (0.5ms)
[2026-08-23 23:29:34.581] [info] [pid:5220] [main] [host-log] (local-1) [host] [2026-08-23 23:29:34.574] [pid:36332] [zcode-host] [rpc:call] off-peak-task.list OK (0.2ms)
[2026-08-23 23:30:34.583] [info] [pid:5220] [main] [host-log] (local-1) [host] [2026-08-23 23:30:34.580] [pid:36332] [zcode-host] [rpc:call] off-peak-task.list OK (0.3ms)
[2026-08-23 23:31:34.578] [info] [pid:5220] [main] [host-log] (local-1) [host] [2026-08-23 23:31:34.576] [pid:36332] [zcode-host] [rpc:call] off-peak-task.list OK (0.3ms)
[2026-08-23 23:31:53.790] [info] [pid:5220] [main] Checking for update
[2026-08-23 23:31:53.791] [info] [pid:5220] [main] [auto-update] checking for update...
[2026-08-23 23:31:53.843] [info] [pid:5220] [main] [resource] perf_resource window flushed
[2026-08-23 23:31:53.862] [info] [pid:5220] [main] [network] perf_network flushed interfaces=1
[2026-08-23 23:31:54.286] [info] [pid:5220] [main] Found version 3.9.1 (url: https://cdn-zcode.z.ai/zcode/electron/releases/3.9.1/windows-x64/ZCode-3.9.1-win-x64.exe)
[2026-08-23 23:31:54.287] [info] [pid:5220] [main] [auto-update] new version available: 3.9.1
[2026-08-23 23:31:54.288] [info] [pid:5220] [main] [auto-update] keep downloaded update version=3.9.1; remote=3.9.1
[2026-08-23 23:32:34.587] [info] [pid:5220] [main] [host-log] (local-1) [host] [2026-08-23 23:32:34.584] [pid:36332] [zcode-host] [rpc:call] off-peak-task.list OK (0.5ms)
[2026-08-23 23:33:34.577] [info] [pid:5220] [main] [host-log] (local-1) [host] [2026-08-23 23:33:34.576] [pid:36332] [zcode-host] [rpc:call] off-peak-task.list OK (0.3ms)
[2026-08-23 23:34:34.589] [info] [pid:5220] [main] [host-log] (local-1) [host] [2026-08-23 23:34:34.580] [pid:36332] [zcode-host] [rpc:call] off-peak-task.list OK (0.1ms)
[2026-08-23 23:35:34.576] [info] [pid:5220] [main] [host-log] (local-1) [host] [2026-08-23 23:35:34.574] [pid:36332] [zcode-host] [rpc:call] off-peak-task.list OK (2.2ms)
[2026-08-23 23:36:34.582] [info] [pid:5220] [main] [host-log] (local-1) [host] [2026-08-23 23:36:34.579] [pid:36332] [zcode-host] [rpc:call] off-peak-task.list OK (0.3ms)
[2026-08-23 23:36:53.845] [info] [pid:5220] [main] [resource] perf_resource window flushed
[2026-08-23 23:36:53.870] [info] [pid:5220] [main] [network] perf_network flushed interfaces=1
[2026-08-23 23:37:34.588] [info] [pid:5220] [main] [host-log] (local-1) [host] [2026-08-23 23:37:34.582] [pid:36332] [zcode-host] [rpc:call] off-peak-task.list OK (0.2ms)
[2026-08-23 23:38:34.582] [info] [pid:5220] [main] [host-log] (local-1) [host] [2026-08-23 23:38:34.581] [pid:36332] [zcode-host] [rpc:call] off-peak-task.list OK (0.2ms)
[2026-08-23 23:39:34.583] [info] [pid:5220] [main] [host-log] (local-1) [host] [2026-08-23 23:39:34.581] [pid:36332] [zcode-host] [rpc:call] off-peak-task.list OK (1.0ms)
[2026-08-23 23:40:34.579] [info] [pid:5220] [main] [host-log] (local-1) [host] [2026-08-23 23:40:34.577] [pid:36332] [zcode-host] [rpc:call] off-peak-task.list OK (0.2ms)
[2026-08-23 23:41:34.582] [info] [pid:5220] [main] [host-log] (local-1) [host] [2026-08-23 23:41:34.581] [pid:36332] [zcode-host] [rpc:call] off-peak-task.list OK (0.2ms)
[2026-08-23 23:41:53.850] [info] [pid:5220] [main] [resource] perf_resource window flushed
[2026-08-23 23:41:53.881] [info] [pid:5220] [main] [network] perf_network flushed interfaces=1
[2026-08-23 23:42:34.589] [info] [pid:5220] [main] [host-log] (local-1) [host] [2026-08-23 23:42:34.583] [pid:36332] [zcode-host] [rpc:call] off-peak-task.list OK (1.1ms)
[2026-08-23 23:43:34.581] [info] [pid:5220] [main] [host-log] (local-1) [host] [2026-08-23 23:43:34.578] [pid:36332] [zcode-host] [rpc:call] off-peak-task.list OK (0.2ms)
[2026-08-23 23:44:34.581] [info] [pid:5220] [main] [host-log] (local-1) [host] [2026-08-23 23:44:34.579] [pid:36332] [zcode-host] [rpc:call] off-peak-task.list OK (0.4ms)
[2026-08-23 23:45:34.580] [info] [pid:5220] [main] [host-log] (local-1) [host] [2026-08-23 23:45:34.578] [pid:36332] [zcode-host] [rpc:call] off-peak-task.list OK (0.2ms)
[2026-08-23 23:46:34.572] [info] [pid:5220] [main] [host-log] (local-1) [host] [2026-08-23 23:46:34.570] [pid:36332] [zcode-host] [rpc:call] off-peak-task.list OK (0.2ms)
[2026-08-23 23:46:53.862] [info] [pid:5220] [main] [resource] perf_resource window flushed
[2026-08-23 23:46:53.895] [info] [pid:5220] [main] [network] perf_network flushed interfaces=1
[2026-08-23 23:47:34.581] [info] [pid:5220] [main] [host-log] (local-1) [host] [2026-08-23 23:47:34.579] [pid:36332] [zcode-host] [rpc:call] off-peak-task.list OK (0.2ms)
[2026-08-23 23:48:34.582] [info] [pid:5220] [main] [host-log] (local-1) [host] [2026-08-23 23:48:34.580] [pid:36332] [zcode-host] [rpc:call] off-peak-task.list OK (0.3ms)
[2026-08-23 23:49:34.578] [info] [pid:5220] [main] [host-log] (local-1) [host] [2026-08-23 23:49:34.575] [pid:36332] [zcode-host] [rpc:call] off-peak-task.list OK (0.4ms)
[2026-08-23 23:50:34.577] [info] [pid:5220] [main] [host-log] (local-1) [host] [2026-08-23 23:50:34.576] [pid:36332] [zcode-host] [rpc:call] off-peak-task.list OK (0.2ms)
[2026-08-23 23:51:34.575] [info] [pid:5220] [main] [host-log] (local-1) [host] [2026-08-23 23:51:34.573] [pid:36332] [zcode-host] [rpc:call] off-peak-task.list OK (0.2ms)
[2026-08-23 23:51:53.881] [info] [pid:5220] [main] [resource] perf_resource window flushed
[2026-08-23 23:51:53.904] [info] [pid:5220] [main] [network] perf_network flushed interfaces=1
[2026-08-23 23:52:25.089] [info] [pid:5220] [main] [host-log] (local-1) [host] [2026-08-23 23:52:25.067] [pid:36332] [zcode-host] [rpc:call] off-peak-task.list OK (0.2ms)
[2026-08-23 23:52:27.992] [info] [pid:5220] [main] [host-log] (local-1) [host] [2026-08-23 23:52:27.991] [pid:36332] [settingService] writing settings to: C:\Users\llh04\.zcode\v2\setting.json {"recentProjects":["C:\\Users\\llh04\\Desktop\\小说","D:\\公考","D:\\公考\\图形推理详解"],"locale":"zh-CN","localePreference":"zh-CN","terminalInheritSystemProfile":true,"embeddedBrowserAllowInsecureCertificates":false,"taskAutoArchiveEnabled":false,"taskAutoArchiveOlderThanDays":7,"closeToTrayOnWindows":true,"closeToTrayOnWindowsMigrationInitialized":true,"keepAwakeWhileRunning":false,"desktopWindowSize":{"width":1200,"height":800,"maximized":false},"desktopChromiumHardwareAccelerationEnabled":true,"messageStreamShowReasoning":false,"messageStreamShowTodos":false,"toolGroupingExploreEnabled":true,"toolGroupingTerminalEnabled":true,"toolGroupingChangesEnabled":false,"zcodeInteractionBehavior":"queue","askUserQuestionAutoResolutionEnabled":true,"modelIoFullRetentionEnabled":false,"optimizeAgentExperienceEnabled":false,"optimizeAgentExperienceMigrationInitialized":true,"enabledBuiltinAgentCliProviders":["glm"],"modelProviderFamilyModes":{"zai":"oauth"},"modelProviderFamilySelectedKeys":{"zai":"coding-plan:builtin:zai-start-plan"},"providerFamilyDomain":"zai","providerFamilyDomainUpdatedAt":1787116588334,"providerFamilyDomainMigrated":true,"repoSnapshotIndexingEnabled":false,"instantGrepIndexingEnabled":false,"nativeSearchEnhancementsEnabled":true,"memoryEnabled":false,"lastWorkspaceSession":[{"kind":"local","workspacePath":"C:\\Users\\llh04\\Desktop\\小说","workspacePurpose":"project"},{"kind":"local","workspacePath":"D:\\公考","workspacePurpose":"project"},{"kind":"local","workspacePath":"C:\\Users\\llh04\\.zcode\\workspace\\default","workspacePurpose":"conversation"}],"lastActiveTabIndex":0,"pendingPostUpdateReleaseNotes":{"version":"3.9.1","title":"Release v3.9.1","markdown":"## 新功能\n\n- 优化模型配置选项页面\n- 默认展示思考过程及实时耗时\n\n## 问题修复\n\n- 修复截图和网页工具图片在部分网关中无法显示的问题\n- 修复单冒号文件引用无法识别的问题","releaseDate":"2026-08-23T02:22:17.074Z","releaseNotesByLocale":{"zh-CN":{"title":"Release v3.9.1","markdown":"## 新功能\n\n- 优化模型配置选项页面\n- 默认展示思考过程及实时耗时\n\n## 问题修复\n\n- 修复截图和网页工具图片在部分网关中无法显示的问题\n- 修复单冒号文件引用无法识别的问题"},"en-US":{"title":"Release v3.9.1","markdown":"## New Features\n\n- Optimize the model configuration options page\n- By default, the thinking process and real-time time consumption are displayed\n\n## Issue Fix\n\n- Fixed the issue where screenshots and web tool images could not be displayed in some gateways\n- Fixed the issue where single-colon file references could not be recognized"}}},"receivePreviewUpdates":false,"autoDownloadAndInstallUpdates":true,"skippedElectronUpdateVersions":{},"settingsSyncFirstRunPromptHandled":true}
[2026-08-23 23:52:28.001] [info] [pid:5220] [main] [host-log] (local-1) [host] [2026-08-23 23:52:28.001] [pid:36332] [settingService] write done
[2026-08-23 23:52:28.003] [info] [pid:5220] [main] [host-log] (local-1) [host] [2026-08-23 23:52:28.001] [pid:36332] [zcode-host] [rpc:call] setting.update OK (44.8ms)
[2026-08-23 23:52:42.969] [info] [pid:5220] [main] [host-log] (local-1) [host] [2026-08-23 23:52:42.968] [pid:36332] [zcode-host] [rpc:call] off-peak-task.list OK (0.1ms)
[2026-08-23 23:53:09.202] [info] [pid:5220] [main] [host-log] (local-1) [host] [2026-08-23 23:53:09.201] [pid:36332] [settingService] writing settings to: C:\Users\llh04\.zcode\v2\setting.json {"recentProjects":["C:\\Users\\llh04\\Desktop\\小说","D:\\公考","D:\\公考\\图形推理详解"],"locale":"zh-CN","localePreference":"zh-CN","terminalInheritSystemProfile":true,"embeddedBrowserAllowInsecureCertificates":false,"taskAutoArchiveEnabled":false,"taskAutoArchiveOlderThanDays":7,"closeToTrayOnWindows":true,"closeToTrayOnWindowsMigrationInitialized":true,"keepAwakeWhileRunning":false,"desktopWindowSize":{"width":1200,"height":800,"maximized":false},"desktopChromiumHardwareAccelerationEnabled":true,"messageStreamShowReasoning":false,"messageStreamShowTodos":false,"toolGroupingExploreEnabled":true,"toolGroupingTerminalEnabled":true,"toolGroupingChangesEnabled":false,"zcodeInteractionBehavior":"queue","askUserQuestionAutoResolutionEnabled":true,"modelIoFullRetentionEnabled":false,"optimizeAgentExperienceEnabled":false,"optimizeAgentExperienceMigrationInitialized":true,"enabledBuiltinAgentCliProviders":["glm"],"modelProviderFamilyModes":{"zai":"oauth"},"modelProviderFamilySelectedKeys":{"zai":"coding-plan:builtin:zai-start-plan"},"providerFamilyDomain":"zai","providerFamilyDomainUpdatedAt":1787116588334,"providerFamilyDomainMigrated":true,"repoSnapshotIndexingEnabled":false,"instantGrepIndexingEnabled":false,"nativeSearchEnhancementsEnabled":true,"memoryEnabled":false,"lastWorkspaceSession":[{"kind":"local","workspacePath":"C:\\Users\\llh04\\Desktop\\小说","workspacePurpose":"project"},{"kind":"local","workspacePath":"D:\\公考","workspacePurpose":"project"},{"kind":"local","workspacePath":"C:\\Users\\llh04\\.zcode\\workspace\\default","workspacePurpose":"conversation"}],"lastActiveTabIndex":0,"pendingPostUpdateReleaseNotes":{"version":"3.9.1","title":"Release v3.9.1","markdown":"## 新功能\n\n- 优化模型配置选项页面\n- 默认展示思考过程及实时耗时\n\n## 问题修复\n\n- 修复截图和网页工具图片在部分网关中无法显示的问题\n- 修复单冒号文件引用无法识别的问题","releaseDate":"2026-08-23T02:22:17.074Z","releaseNotesByLocale":{"zh-CN":{"title":"Release v3.9.1","markdown":"## 新功能\n\n- 优化模型配置选项页面\n- 默认展示思考过程及实时耗时\n\n## 问题修复\n\n- 修复截图和网页工具图片在部分网关中无法显示的问题\n- 修复单冒号文件引用无法识别的问题"},"en-US":{"title":"Release v3.9.1","markdown":"## New Features\n\n- Optimize the model configuration options page\n- By default, the thinking process and real-time time consumption are displayed\n\n## Issue Fix\n\n- Fixed the issue where screenshots and web tool images could not be displayed in some gateways\n- Fixed the issue where single-colon file references could not be recognized"}}},"receivePreviewUpdates":false,"autoDownloadAndInstallUpdates":true,"skippedElectronUpdateVersions":{},"settingsSyncFirstRunPromptHandled":true}
[2026-08-23 23:53:09.205] [info] [pid:5220] [main] [host-log] (local-1) [host] [2026-08-23 23:53:09.204] [pid:36332] [settingService] write done
[2026-08-23 23:53:09.206] [info] [pid:5220] [main] [host-log] (local-1) [host] [2026-08-23 23:53:09.204] [pid:36332] [zcode-host] [rpc:call] setting.update OK (3.8ms)
[2026-08-23 23:53:09.865] [info] [pid:5220] [main] [host-log] (local-1) [host] [2026-08-23 23:53:09.863] [pid:36332] [settingService] writing settings to: C:\Users\llh04\.zcode\v2\setting.json {"recentProjects":["C:\\Users\\llh04\\Desktop\\小说","D:\\公考","D:\\公考\\图形推理详解"],"locale":"zh-CN","localePreference":"zh-CN","terminalInheritSystemProfile":true,"embeddedBrowserAllowInsecureCertificates":false,"taskAutoArchiveEnabled":false,"taskAutoArchiveOlderThanDays":7,"closeToTrayOnWindows":true,"closeToTrayOnWindowsMigrationInitialized":true,"keepAwakeWhileRunning":false,"desktopWindowSize":{"width":1200,"height":800,"maximized":false},"desktopChromiumHardwareAccelerationEnabled":true,"messageStreamShowReasoning":false,"messageStreamShowTodos":false,"toolGroupingExploreEnabled":true,"toolGroupingTerminalEnabled":true,"toolGroupingChangesEnabled":false,"zcodeInteractionBehavior":"queue","askUserQuestionAutoResolutionEnabled":true,"modelIoFullRetentionEnabled":false,"optimizeAgentExperienceEnabled":false,"optimizeAgentExperienceMigrationInitialized":true,"enabledBuiltinAgentCliProviders":["glm"],"modelProviderFamilyModes":{"zai":"oauth"},"modelProviderFamilySelectedKeys":{"zai":"coding-plan:builtin:zai-start-plan"},"providerFamilyDomain":"zai","providerFamilyDomainUpdatedAt":1787116588334,"providerFamilyDomainMigrated":true,"repoSnapshotIndexingEnabled":false,"instantGrepIndexingEnabled":false,"nativeSearchEnhancementsEnabled":true,"memoryEnabled":false,"lastWorkspaceSession":[{"kind":"local","workspacePath":"C:\\Users\\llh04\\Desktop\\小说","workspacePurpose":"project"},{"kind":"local","workspacePath":"D:\\公考","workspacePurpose":"project"},{"kind":"local","workspacePath":"C:\\Users\\llh04\\.zcode\\workspace\\default","workspacePurpose":"conversation"}],"lastActiveTabIndex":0,"pendingPostUpdateReleaseNotes":{"version":"3.9.1","title":"Release v3.9.1","markdown":"## 新功能\n\n- 优化模型配置选项页面\n- 默认展示思考过程及实时耗时\n\n## 问题修复\n\n- 修复截图和网页工具图片在部分网关中无法显示的问题\n- 修复单冒号文件引用无法识别的问题","releaseDate":"2026-08-23T02:22:17.074Z","releaseNotesByLocale":{"zh-CN":{"title":"Release v3.9.1","markdown":"## 新功能\n\n- 优化模型配置选项页面\n- 默认展示思考过程及实时耗时\n\n## 问题修复\n\n- 修复截图和网页工具图片在部分网关中无法显示的问题\n- 修复单冒号文件引用无法识别的问题"},"en-US":{"title":"Release v3.9.1","markdown":"## New Features\n\n- Optimize the model configuration options page\n- By default, the thinking process and real-time time consumption are displayed\n\n## Issue Fix\n\n- Fixed the issue where screenshots and web tool images could not be displayed in some gateways\n- Fixed the issue where single-colon file references could not be recognized"}}},"receivePreviewUpdates":false,"autoDownloadAndInstallUpdates":true,"skippedElectronUpdateVersions":{},"settingsSyncFirstRunPromptHandled":true}
[2026-08-23 23:53:09.868] [info] [pid:5220] [main] [host-log] (local-1) [host] [2026-08-23 23:53:09.867] [pid:36332] [settingService] write done
[2026-08-23 23:53:09.869] [info] [pid:5220] [main] [host-log] (local-1) [host] [2026-08-23 23:53:09.867] [pid:36332] [zcode-host] [rpc:call] setting.update OK (4.8ms)
[2026-08-23 23:53:12.972] [info] [pid:5220] [main] [host-log] (local-1) [host] [2026-08-23 23:53:12.969] [pid:36332] [zcode-host] [rpc:call] off-peak-task.list OK (0.1ms)
[2026-08-23 23:53:40.937] [debug] [pid:5220] [main] [browser-use] execute start browserId=iab:7549fd5b-e47b-47bd-a420-80d91325f717 sessionId=sess_9ac9f47e-224c-4ada-b806-e8c7d75367a5 method=list
[2026-08-23 23:53:40.938] [debug] [pid:5220] [main] [browser-use] execute requestId=30575ab0-8e22-4542-9ca7-e3725f76131b browserId=iab:7549fd5b-e47b-47bd-a420-80d91325f717 generation=1787488122677 windowId=1 sessionId=sess_9ac9f47e-224c-4ada-b806-e8c7d75367a5 method=list
[2026-08-23 23:53:40.938] [debug] [pid:5220] [main] [browser-use] execute done sessionId=sess_9ac9f47e-224c-4ada-b806-e8c7d75367a5 method=list ok=true elapsedMs=0
[2026-08-23 23:53:40.939] [debug] [pid:5220] [main] [browser-use] execute start browserId=iab:7549fd5b-e47b-47bd-a420-80d91325f717 sessionId=sess_9ac9f47e-224c-4ada-b806-e8c7d75367a5 method=listUserTabs
[2026-08-23 23:53:40.939] [debug] [pid:5220] [main] [browser-use] execute requestId=513e3955-7f39-409d-a8fa-a740d19c346d browserId=iab:7549fd5b-e47b-47bd-a420-80d91325f717 generation=1787488122677 windowId=1 sessionId=sess_9ac9f47e-224c-4ada-b806-e8c7d75367a5 method=listUserTabs
[2026-08-23 23:53:40.939] [debug] [pid:5220] [main] [browser-use] execute done sessionId=sess_9ac9f47e-224c-4ada-b806-e8c7d75367a5 method=listUserTabs ok=true elapsedMs=0
[2026-08-23 23:53:41.123] [info] [pid:5220] [main] [host-log] (local-1) [host] [2026-08-23 23:53:41.122] [pid:36332] [settingService] writing settings to: C:\Users\llh04\.zcode\v2\setting.json {"recentProjects":["C:\\Users\\llh04\\Desktop\\小说","D:\\公考","D:\\公考\\图形推理详解"],"locale":"zh-CN","localePreference":"zh-CN","terminalInheritSystemProfile":true,"embeddedBrowserAllowInsecureCertificates":false,"taskAutoArchiveEnabled":false,"taskAutoArchiveOlderThanDays":7,"closeToTrayOnWindows":true,"closeToTrayOnWindowsMigrationInitialized":true,"keepAwakeWhileRunning":false,"desktopWindowSize":{"width":1200,"height":800,"maximized":false},"desktopChromiumHardwareAccelerationEnabled":true,"messageStreamShowReasoning":false,"messageStreamShowTodos":false,"toolGroupingExploreEnabled":true,"toolGroupingTerminalEnabled":true,"toolGroupingChangesEnabled":false,"zcodeInteractionBehavior":"queue","askUserQuestionAutoResolutionEnabled":true,"modelIoFullRetentionEnabled":false,"optimizeAgentExperienceEnabled":false,"optimizeAgentExperienceMigrationInitialized":true,"enabledBuiltinAgentCliProviders":["glm"],"modelProviderFamilyModes":{"zai":"oauth"},"modelProviderFamilySelectedKeys":{"zai":"coding-plan:builtin:zai-start-plan"},"providerFamilyDomain":"zai","providerFamilyDomainUpdatedAt":1787116588334,"providerFamilyDomainMigrated":true,"repoSnapshotIndexingEnabled":false,"instantGrepIndexingEnabled":false,"nativeSearchEnhancementsEnabled":true,"memoryEnabled":false,"lastWorkspaceSession":[{"kind":"local","workspacePath":"C:\\Users\\llh04\\Desktop\\小说","workspacePurpose":"project"},{"kind":"local","workspacePath":"D:\\公考","workspacePurpose":"project"},{"kind":"local","workspacePath":"C:\\Users\\llh04\\.zcode\\workspace\\default","workspacePurpose":"conversation"}],"lastActiveTabIndex":0,"pendingPostUpdateReleaseNotes":{"version":"3.9.1","title":"Release v3.9.1","markdown":"## 新功能\n\n- 优化模型配置选项页面\n- 默认展示思考过程及实时耗时\n\n## 问题修复\n\n- 修复截图和网页工具图片在部分网关中无法显示的问题\n- 修复单冒号文件引用无法识别的问题","releaseDate":"2026-08-23T02:22:17.074Z","releaseNotesByLocale":{"zh-CN":{"title":"Release v3.9.1","markdown":"## 新功能\n\n- 优化模型配置选项页面\n- 默认展示思考过程及实时耗时\n\n## 问题修复\n\n- 修复截图和网页工具图片在部分网关中无法显示的问题\n- 修复单冒号文件引用无法识别的问题"},"en-US":{"title":"Release v3.9.1","markdown":"## New Features\n\n- Optimize the model configuration options page\n- By default, the thinking process and real-time time consumption are displayed\n\n## Issue Fix\n\n- Fixed the issue where screenshots and web tool images could not be displayed in some gateways\n- Fixed the issue where single-colon file references could not be recognized"}}},"receivePreviewUpdates":false,"autoDownloadAndInstallUpdates":true,"skippedElectronUpdateVersions":{},"settingsSyncFirstRunPromptHandled":true}
[2026-08-23 23:53:41.127] [info] [pid:5220] [main] [host-log] (local-1) [host] [2026-08-23 23:53:41.126] [pid:36332] [settingService] write done
[2026-08-23 23:53:41.128] [info] [pid:5220] [main] [host-log] (local-1) [host] [2026-08-23 23:53:41.126] [pid:36332] [zcode-host] [rpc:call] setting.update OK (5.8ms)
[2026-08-23 23:53:41.494] [info] [pid:5220] [main] [host-log] (local-1) [host] [2026-08-23 23:53:41.494] [pid:36332] [zcode-host] [rpc:call] zcode-agent.sendConversationCommandV4 OK (582.7ms)
[2026-08-23 23:53:41.824] [info] [pid:5220] [main] [host-log] (local-1) [host] [2026-08-23 23:53:41.823] [pid:36332] [settingService] writing settings to: C:\Users\llh04\.zcode\v2\setting.json {"recentProjects":["C:\\Users\\llh04\\Desktop\\小说","D:\\公考","D:\\公考\\图形推理详解"],"locale":"zh-CN","localePreference":"zh-CN","terminalInheritSystemProfile":true,"embeddedBrowserAllowInsecureCertificates":false,"taskAutoArchiveEnabled":false,"taskAutoArchiveOlderThanDays":7,"closeToTrayOnWindows":true,"closeToTrayOnWindowsMigrationInitialized":true,"keepAwakeWhileRunning":false,"desktopWindowSize":{"width":1200,"height":800,"maximized":false},"desktopChromiumHardwareAccelerationEnabled":true,"messageStreamShowReasoning":false,"messageStreamShowTodos":false,"toolGroupingExploreEnabled":true,"toolGroupingTerminalEnabled":true,"toolGroupingChangesEnabled":false,"zcodeInteractionBehavior":"queue","askUserQuestionAutoResolutionEnabled":true,"modelIoFullRetentionEnabled":false,"optimizeAgentExperienceEnabled":false,"optimizeAgentExperienceMigrationInitialized":true,"enabledBuiltinAgentCliProviders":["glm"],"modelProviderFamilyModes":{"zai":"oauth"},"modelProviderFamilySelectedKeys":{"zai":"coding-plan:builtin:zai-start-plan"},"providerFamilyDomain":"zai","providerFamilyDomainUpdatedAt":1787116588334,"providerFamilyDomainMigrated":true,"repoSnapshotIndexingEnabled":false,"instantGrepIndexingEnabled":false,"nativeSearchEnhancementsEnabled":true,"memoryEnabled":false,"lastWorkspaceSession":[{"kind":"local","workspacePath":"C:\\Users\\llh04\\Desktop\\小说","workspacePurpose":"project"},{"kind":"local","workspacePath":"D:\\公考","workspacePurpose":"project"},{"kind":"local","workspacePath":"C:\\Users\\llh04\\.zcode\\workspace\\default","workspacePurpose":"conversation"}],"lastActiveTabIndex":0,"pendingPostUpdateReleaseNotes":{"version":"3.9.1","title":"Release v3.9.1","markdown":"## 新功能\n\n- 优化模型配置选项页面\n- 默认展示思考过程及实时耗时\n\n## 问题修复\n\n- 修复截图和网页工具图片在部分网关中无法显示的问题\n- 修复单冒号文件引用无法识别的问题","releaseDate":"2026-08-23T02:22:17.074Z","releaseNotesByLocale":{"zh-CN":{"title":"Release v3.9.1","markdown":"## 新功能\n\n- 优化模型配置选项页面\n- 默认展示思考过程及实时耗时\n\n## 问题修复\n\n- 修复截图和网页工具图片在部分网关中无法显示的问题\n- 修复单冒号文件引用无法识别的问题"},"en-US":{"title":"Release v3.9.1","markdown":"## New Features\n\n- Optimize the model configuration options page\n- By default, the thinking process and real-time time consumption are displayed\n\n## Issue Fix\n\n- Fixed the issue where screenshots and web tool images could not be displayed in some gateways\n- Fixed the issue where single-colon file references could not be recognized"}}},"receivePreviewUpdates":false,"autoDownloadAndInstallUpdates":true,"skippedElectronUpdateVersions":{},"settingsSyncFirstRunPromptHandled":true}
[2026-08-23 23:53:41.830] [info] [pid:5220] [main] [host-log] (local-1) [host] [2026-08-23 23:53:41.829] [pid:36332] [settingService] write done
[2026-08-23 23:53:41.831] [info] [pid:5220] [main] [host-log] (local-1) [host] [2026-08-23 23:53:41.829] [pid:36332] [zcode-host] [rpc:call] setting.update OK (7.3ms)
[2026-08-23 23:53:42.973] [info] [pid:5220] [main] [host-log] (local-1) [host] [2026-08-23 23:53:42.972] [pid:36332] [zcode-host] [rpc:call] off-peak-task.list OK (0.2ms)
[2026-08-23 23:53:51.291] [info] [pid:5220] [main] [host-log] (local-1) [host] [2026-08-23 23:53:51.290] [pid:36332] [settingService] writing settings to: C:\Users\llh04\.zcode\v2\setting.json {"recentProjects":["C:\\Users\\llh04\\Desktop\\小说","D:\\公考","D:\\公考\\图形推理详解"],"locale":"zh-CN","localePreference":"zh-CN","terminalInheritSystemProfile":true,"embeddedBrowserAllowInsecureCertificates":false,"taskAutoArchiveEnabled":false,"taskAutoArchiveOlderThanDays":7,"closeToTrayOnWindows":true,"closeToTrayOnWindowsMigrationInitialized":true,"keepAwakeWhileRunning":false,"desktopWindowSize":{"width":1200,"height":800,"maximized":false},"desktopChromiumHardwareAccelerationEnabled":true,"messageStreamShowReasoning":false,"messageStreamShowTodos":false,"toolGroupingExploreEnabled":true,"toolGroupingTerminalEnabled":true,"toolGroupingChangesEnabled":false,"zcodeInteractionBehavior":"queue","askUserQuestionAutoResolutionEnabled":true,"modelIoFullRetentionEnabled":false,"optimizeAgentExperienceEnabled":false,"optimizeAgentExperienceMigrationInitialized":true,"enabledBuiltinAgentCliProviders":["glm"],"modelProviderFamilyModes":{"zai":"oauth"},"modelProviderFamilySelectedKeys":{"zai":"coding-plan:builtin:zai-start-plan"},"providerFamilyDomain":"zai","providerFamilyDomainUpdatedAt":1787116588334,"providerFamilyDomainMigrated":true,"repoSnapshotIndexingEnabled":false,"instantGrepIndexingEnabled":false,"nativeSearchEnhancementsEnabled":true,"memoryEnabled":false,"lastWorkspaceSession":[{"kind":"local","workspacePath":"C:\\Users\\llh04\\Desktop\\小说","workspacePurpose":"project"},{"kind":"local","workspacePath":"D:\\公考","workspacePurpose":"project"},{"kind":"local","workspacePath":"C:\\Users\\llh04\\.zcode\\workspace\\default","workspacePurpose":"conversation"}],"lastActiveTabIndex":0,"pendingPostUpdateReleaseNotes":{"version":"3.9.1","title":"Release v3.9.1","markdown":"## 新功能\n\n- 优化模型配置选项页面\n- 默认展示思考过程及实时耗时\n\n## 问题修复\n\n- 修复截图和网页工具图片在部分网关中无法显示的问题\n- 修复单冒号文件引用无法识别的问题","releaseDate":"2026-08-23T02:22:17.074Z","releaseNotesByLocale":{"zh-CN":{"title":"Release v3.9.1","markdown":"## 新功能\n\n- 优化模型配置选项页面\n- 默认展示思考过程及实时耗时\n\n## 问题修复\n\n- 修复截图和网页工具图片在部分网关中无法显示的问题\n- 修复单冒号文件引用无法识别的问题"},"en-US":{"title":"Release v3.9.1","markdown":"## New Features\n\n- Optimize the model configuration options page\n- By default, the thinking process and real-time time consumption are displayed\n\n## Issue Fix\n\n- Fixed the issue where screenshots and web tool images could not be displayed in some gateways\n- Fixed the issue where single-colon file references could not be recognized"}}},"receivePreviewUpdates":false,"autoDownloadAndInstallUpdates":true,"skippedElectronUpdateVersions":{},"settingsSyncFirstRunPromptHandled":true}
[2026-08-23 23:53:51.299] [info] [pid:5220] [main] [host-log] (local-1) [host] [2026-08-23 23:53:51.299] [pid:36332] [settingService] write done
[2026-08-23 23:53:51.300] [info] [pid:5220] [main] [host-log] (local-1) [host] [2026-08-23 23:53:51.299] [pid:36332] [zcode-host] [rpc:call] setting.update OK (9.8ms)
[2026-08-23 23:54:13.604] [info] [pid:5220] [main] [host-log] (local-1) [host] [2026-08-23 23:54:13.604] [pid:36332] [zcode-host] [rpc:call] off-peak-task.list OK (0.1ms)
[2026-08-23 23:54:43.624] [info] [pid:5220] [main] [host-log] (local-1) [host] [2026-08-23 23:54:43.625] [pid:36332] [zcode-host] [rpc:call] off-peak-task.list OK (0.2ms)
[2026-08-23 23:55:34.595] [info] [pid:5220] [main] [host-log] (local-1) [host] [2026-08-23 23:55:34.595] [pid:36332] [zcode-host] [rpc:call] off-peak-task.list OK (0.2ms)
[2026-08-23 23:56:15.373] [info] [pid:5220] [main] [host-log] (local-1) [host] [2026-08-23 23:56:15.355] [pid:36332] [zcode-host] [rpc:call] off-peak-task.list OK (0.2ms)
[2026-08-23 23:56:15.680] [info] [pid:5220] [main] [host-log] (local-1) [host] [2026-08-23 23:56:15.679] [pid:36332] [settingService] writing settings to: C:\Users\llh04\.zcode\v2\setting.json {"recentProjects":["C:\\Users\\llh04\\Desktop\\小说","D:\\公考","D:\\公考\\图形推理详解"],"locale":"zh-CN","localePreference":"zh-CN","terminalInheritSystemProfile":true,"embeddedBrowserAllowInsecureCertificates":false,"taskAutoArchiveEnabled":false,"taskAutoArchiveOlderThanDays":7,"closeToTrayOnWindows":true,"closeToTrayOnWindowsMigrationInitialized":true,"keepAwakeWhileRunning":false,"desktopWindowSize":{"width":1200,"height":800,"maximized":false},"desktopChromiumHardwareAccelerationEnabled":true,"messageStreamShowReasoning":false,"messageStreamShowTodos":false,"toolGroupingExploreEnabled":true,"toolGroupingTerminalEnabled":true,"toolGroupingChangesEnabled":false,"zcodeInteractionBehavior":"queue","askUserQuestionAutoResolutionEnabled":true,"modelIoFullRetentionEnabled":false,"optimizeAgentExperienceEnabled":false,"optimizeAgentExperienceMigrationInitialized":true,"enabledBuiltinAgentCliProviders":["glm"],"modelProviderFamilyModes":{"zai":"oauth"},"modelProviderFamilySelectedKeys":{"zai":"coding-plan:builtin:zai-start-plan"},"providerFamilyDomain":"zai","providerFamilyDomainUpdatedAt":1787116588334,"providerFamilyDomainMigrated":true,"repoSnapshotIndexingEnabled":false,"instantGrepIndexingEnabled":false,"nativeSearchEnhancementsEnabled":true,"memoryEnabled":false,"lastWorkspaceSession":[{"kind":"local","workspacePath":"C:\\Users\\llh04\\Desktop\\小说","workspacePurpose":"project"},{"kind":"local","workspacePath":"D:\\公考","workspacePurpose":"project"},{"kind":"local","workspacePath":"C:\\Users\\llh04\\.zcode\\workspace\\default","workspacePurpose":"conversation"}],"lastActiveTabIndex":0,"pendingPostUpdateReleaseNotes":{"version":"3.9.1","title":"Release v3.9.1","markdown":"## 新功能\n\n- 优化模型配置选项页面\n- 默认展示思考过程及实时耗时\n\n## 问题修复\n\n- 修复截图和网页工具图片在部分网关中无法显示的问题\n- 修复单冒号文件引用无法识别的问题","releaseDate":"2026-08-23T02:22:17.074Z","releaseNotesByLocale":{"zh-CN":{"title":"Release v3.9.1","markdown":"## 新功能\n\n- 优化模型配置选项页面\n- 默认展示思考过程及实时耗时\n\n## 问题修复\n\n- 修复截图和网页工具图片在部分网关中无法显示的问题\n- 修复单冒号文件引用无法识别的问题"},"en-US":{"title":"Release v3.9.1","markdown":"## New Features\n\n- Optimize the model configuration options page\n- By default, the thinking process and real-time time consumption are displayed\n\n## Issue Fix\n\n- Fixed the issue where screenshots and web tool images could not be displayed in some gateways\n- Fixed the issue where single-colon file references could not be recognized"}}},"receivePreviewUpdates":false,"autoDownloadAndInstallUpdates":true,"skippedElectronUpdateVersions":{},"settingsSyncFirstRunPromptHandled":true}
[2026-08-23 23:56:15.686] [info] [pid:5220] [main] [host-log] (local-1) [host] [2026-08-23 23:56:15.685] [pid:36332] [settingService] write done
[2026-08-23 23:56:15.687] [info] [pid:5220] [main] [host-log] (local-1) [host] [2026-08-23 23:56:15.685] [pid:36332] [zcode-host] [rpc:call] setting.update OK (6.8ms)
[2026-08-23 23:56:17.758] [info] [pid:5220] [main] [host-log] (local-1) [host] [2026-08-23 23:56:17.757] [pid:36332] [settingService] writing settings to: C:\Users\llh04\.zcode\v2\setting.json {"recentProjects":["C:\\Users\\llh04\\Desktop\\小说","D:\\公考","D:\\公考\\图形推理详解"],"locale":"zh-CN","localePreference":"zh-CN","terminalInheritSystemProfile":true,"embeddedBrowserAllowInsecureCertificates":false,"taskAutoArchiveEnabled":false,"taskAutoArchiveOlderThanDays":7,"closeToTrayOnWindows":true,"closeToTrayOnWindowsMigrationInitialized":true,"keepAwakeWhileRunning":false,"desktopWindowSize":{"width":1200,"height":800,"maximized":false},"desktopChromiumHardwareAccelerationEnabled":true,"messageStreamShowReasoning":false,"messageStreamShowTodos":false,"toolGroupingExploreEnabled":true,"toolGroupingTerminalEnabled":true,"toolGroupingChangesEnabled":false,"zcodeInteractionBehavior":"queue","askUserQuestionAutoResolutionEnabled":true,"modelIoFullRetentionEnabled":false,"optimizeAgentExperienceEnabled":false,"optimizeAgentExperienceMigrationInitialized":true,"enabledBuiltinAgentCliProviders":["glm"],"modelProviderFamilyModes":{"zai":"oauth"},"modelProviderFamilySelectedKeys":{"zai":"coding-plan:builtin:zai-start-plan"},"providerFamilyDomain":"zai","providerFamilyDomainUpdatedAt":1787116588334,"providerFamilyDomainMigrated":true,"repoSnapshotIndexingEnabled":false,"instantGrepIndexingEnabled":false,"nativeSearchEnhancementsEnabled":true,"memoryEnabled":false,"lastWorkspaceSession":[{"kind":"local","workspacePath":"C:\\Users\\llh04\\Desktop\\小说","workspacePurpose":"project"},{"kind":"local","workspacePath":"D:\\公考","workspacePurpose":"project"},{"kind":"local","workspacePath":"C:\\Users\\llh04\\.zcode\\workspace\\default","workspacePurpose":"conversation"}],"lastActiveTabIndex":0,"pendingPostUpdateReleaseNotes":{"version":"3.9.1","title":"Release v3.9.1","markdown":"## 新功能\n\n- 优化模型配置选项页面\n- 默认展示思考过程及实时耗时\n\n## 问题修复\n\n- 修复截图和网页工具图片在部分网关中无法显示的问题\n- 修复单冒号文件引用无法识别的问题","releaseDate":"2026-08-23T02:22:17.074Z","releaseNotesByLocale":{"zh-CN":{"title":"Release v3.9.1","markdown":"## 新功能\n\n- 优化模型配置选项页面\n- 默认展示思考过程及实时耗时\n\n## 问题修复\n\n- 修复截图和网页工具图片在部分网关中无法显示的问题\n- 修复单冒号文件引用无法识别的问题"},"en-US":{"title":"Release v3.9.1","markdown":"## New Features\n\n- Optimize the model configuration options page\n- By default, the thinking process and real-time time consumption are displayed\n\n## Issue Fix\n\n- Fixed the issue where screenshots and web tool images could not be displayed in some gateways\n- Fixed the issue where single-colon file references could not be recognized"}}},"receivePreviewUpdates":false,"autoDownloadAndInstallUpdates":true,"skippedElectronUpdateVersions":{},"settingsSyncFirstRunPromptHandled":true}
[2026-08-23 23:56:17.761] [info] [pid:5220] [main] [host-log] (local-1) [host] [2026-08-23 23:56:17.760] [pid:36332] [settingService] write done
[2026-08-23 23:56:17.761] [info] [pid:5220] [main] [host-log] (local-1) [host] [2026-08-23 23:56:17.760] [pid:36332] [zcode-host] [rpc:call] setting.update OK (4.0ms)
[2026-08-23 23:56:43.598] [info] [pid:5220] [main] [host-log] (local-1) [host] [2026-08-23 23:56:43.597] [pid:36332] [zcode-host] [rpc:call] off-peak-task.list OK (0.2ms)
[2026-08-23 23:56:53.889] [info] [pid:5220] [main] [resource] perf_resource window flushed
[2026-08-23 23:56:53.918] [info] [pid:5220] [main] [network] perf_network flushed interfaces=3
[2026-08-23 23:57:13.591] [info] [pid:5220] [main] [host-log] (local-1) [host] [2026-08-23 23:57:13.590] [pid:36332] [zcode-host] [rpc:call] off-peak-task.list OK (0.2ms)
[2026-08-23 23:58:34.593] [info] [pid:5220] [main] [host-log] (local-1) [host] [2026-08-23 23:58:34.593] [pid:36332] [zcode-host] [rpc:call] off-peak-task.list OK (0.2ms)
[2026-08-23 23:59:34.598] [info] [pid:5220] [main] [host-log] (local-1) [host] [2026-08-23 23:59:34.598] [pid:36332] [zcode-host] [rpc:call] off-peak-task.list OK (0.1ms)
