[2026-08-19 13:16:04.233] [info] [pid:15020] [main] [crash-capture] configured remoteCrashReporterEnabled=true stagingDir=C:\Users\llh04\.zcode\v2\crash\live archiveDir=C:\Users\llh04\.zcode\v2\crash\archive
[2026-08-19 13:16:04.259] [info] [pid:15020] [main] [deep-link] 注册协议成功 {"scheme":"zcode"}
[2026-08-19 13:16:04.309] [info] [pid:15020] [main] [startup] runtime process env prepared asynchronously id=1 in 65ms
[2026-08-19 13:16:04.310] [info] [pid:15020] [main] [arms] electron initialized env=prod version=3.7.7
[2026-08-19 13:16:04.613] [info] [pid:15020] [main] [cron-scheduler] forked scheduler process pid=undefined
[2026-08-19 13:16:05.023] [info] [pid:15020] [main] [open-folder] Windows Explorer 右键菜单已安装或更新 {"executablePath":"D:\\zcode\\ZCode.exe","hasDefaultAppEntry":false,"locale":"zh-CN"}
[2026-08-19 13:16:05.052] [info] [pid:15020] [main] [desktop-network] renderer proxy mode=direct bypass=disabled customCa=disabled
[2026-08-19 13:16:05.055] [warn] [pid:15020] [main] [startup] Windows bundled runtime missing providers: glm resources=[{"dir":"glm","path":"D:\\zcode\\resources\\glm","exists":true,"entries":[".node-bundle-meta.json","packages/","zcode.cjs"]},{"dir":"tools","path":"D:\\zcode\\resources\\tools","exists":true,"entries":["ripgrep/","ugrep/"]}]
[2026-08-19 13:16:05.056] [info] [pid:15020] [main] [auto-update] initializing, current version: 3.7.7
[2026-08-19 13:16:05.057] [info] [pid:15020] [main] [auto-update] service manifest provider applied platform=windows-x86_64
[2026-08-19 13:16:05.637] [info] [pid:15020] [main] [resource] sampling started interval=10000ms report=300000ms
[2026-08-19 13:16:05.637] [info] [pid:15020] [main] [network] reporting started interval=300000ms
[2026-08-19 13:16:05.638] [info] [pid:15020] [main] [cron-scheduler] cron scheduler started
[2026-08-19 13:16:05.640] [info] [pid:15020] [main] Checking for update
[2026-08-19 13:16:05.640] [info] [pid:15020] [main] [auto-update] checking for update...
[2026-08-19 13:16:05.644] [info] [pid:15020] [main] Generated new staging user ID: 9d6c485f-acbe-5598-8143-9fad060ee3cf
[2026-08-19 13:16:05.889] [info] [pid:15020] [main] Found version 3.8.1 (url: https://cdn-zcode.z.ai/zcode/electron/releases/3.8.1/windows-x64/ZCode-3.8.1-win-x64.exe)
[2026-08-19 13:16:05.890] [info] [pid:15020] [main] [auto-update] new version available: 3.8.1
[2026-08-19 13:16:05.982] [info] [pid:15020] [main] [startup] 创建主窗口
[2026-08-19 13:16:05.983] [info] [pid:15020] [main] [primary-window] creating main window (app-ready)
[2026-08-19 13:16:05.986] [info] [pid:15020] [main] [startup-workspace] using conversation workspace: C:\Users\llh04\.zcode\workspace\default
[2026-08-19 13:16:06.970] [info] [pid:15020] [main] [createWindow] dom-ready fired (local-1)
[2026-08-19 13:16:06.974] [info] [pid:15020] [main] [spawnHostProcess] forked host process for (local-1), pid=undefined
[2026-08-19 13:16:06.975] [info] [pid:15020] [main] [spawnHostProcess] host module path: D:\zcode\resources\app.asar\out\host\index.js
[2026-08-19 13:16:06.975] [info] [pid:15020] [main] [spawnHostProcess] glm binary path: <not found>
[2026-08-19 13:16:06.975] [info] [pid:15020] [main] [spawnHostProcess] BIGMODEL_OAUTH_APP_SECRET source: fallback
[2026-08-19 13:16:06.976] [info] [pid:15020] [main] [task-realtime] registered host {"hostId":"a2ca5c2b-9072-4614-ab22-3a03f7941949","windowId":1,"workspaceKeyCount":0,"deliveryKind":"desktop_window"}
[2026-08-19 13:16:07.025] [info] [pid:15020] [main] [task-realtime] updated host workspace scopes {"hostId":"a2ca5c2b-9072-4614-ab22-3a03f7941949","workspaceKeyCount":0}
[2026-08-19 13:16:07.307] [info] [pid:15020] [main] [open-folder] Windows Explorer 右键菜单已安装或更新 {"executablePath":"D:\\zcode\\ZCode.exe","hasDefaultAppEntry":false,"locale":"zh-CN"}
[2026-08-19 13:16:07.683] [warn] [pid:15020] [main] [host-log] (local-1) [host] [2026-08-19 13:16:07.680] [pid:22368] [zcode-host] ExperimentalWarning: SQLite is an experimental feature and might change at any time
[2026-08-19 13:16:07.685] [info] [pid:15020] [main] [host-log] (local-1) [host] [2026-08-19 13:16:07.684] [pid:22368] [zcode-host] initializing local services
[2026-08-19 13:16:07.891] [info] [pid:15020] [main] [host-log] (local-1) [host] [2026-08-19 13:16:07.890] [pid:22368] [zcode-agent-service] 开始初始化 ZCode agent {"workspaceKey":"C:\\Users\\llh04\\.zcode\\workspace\\default","workspacePath":"C:\\Users\\llh04\\.zcode\\workspace\\default"}
[2026-08-19 13:16:07.892] [info] [pid:15020] [main] [host-log] (local-1) [host] [2026-08-19 13:16:07.891] [pid:22368] [zcode-host] exposing services on ChannelServer...
[2026-08-19 13:16:07.893] [info] [pid:15020] [main] [host-log] (local-1) [host] [2026-08-19 13:16:07.891] [pid:22368] [zcode-host] creating ChannelServer (deferInit=false)
[2026-08-19 13:16:07.893] [info] [pid:15020] [main] [host-log] (local-1) [host] [2026-08-19 13:16:07.892] [pid:22368] [zcode-host] [rpc:register] channel "file"
[2026-08-19 13:16:07.893] [info] [pid:15020] [main] [host-log] (local-1) [host] [2026-08-19 13:16:07.893] [pid:22368] [zcode-host] [rpc:register] channel "git"
[2026-08-19 13:16:07.894] [info] [pid:15020] [main] [host-log] (local-1) [host] [2026-08-19 13:16:07.893] [pid:22368] [zcode-host] [rpc:register] channel "git-checkpoint"
[2026-08-19 13:16:07.894] [info] [pid:15020] [main] [host-log] (local-1) [host] [2026-08-19 13:16:07.893] [pid:22368] [zcode-host] [rpc:register] channel "system"
[2026-08-19 13:16:07.895] [info] [pid:15020] [main] [host-log] (local-1) [host] [2026-08-19 13:16:07.893] [pid:22368] [zcode-host] [rpc:register] channel "terminal"
[2026-08-19 13:16:07.895] [info] [pid:15020] [main] [host-log] (local-1) [host] [2026-08-19 13:16:07.893] [pid:22368] [zcode-host] [rpc:register] channel "setting"
[2026-08-19 13:16:07.896] [info] [pid:15020] [main] [host-log] (local-1) [host] [2026-08-19 13:16:07.893] [pid:22368] [zcode-host] [rpc:register] channel "credential"
[2026-08-19 13:16:07.897] [info] [pid:15020] [main] [host-log] (local-1) [host] [2026-08-19 13:16:07.893] [pid:22368] [zcode-host] [rpc:register] channel "broadcast"
[2026-08-19 13:16:07.897] [info] [pid:15020] [main] [host-log] (local-1) [host] [2026-08-19 13:16:07.893] [pid:22368] [zcode-host] [rpc:register] channel "zcode-task"
[2026-08-19 13:16:07.898] [info] [pid:15020] [main] [host-log] (local-1) [host] [2026-08-19 13:16:07.894] [pid:22368] [zcode-host] [rpc:register] channel "zcode-agent"
[2026-08-19 13:16:07.898] [info] [pid:15020] [main] [host-log] (local-1) [host] [2026-08-19 13:16:07.894] [pid:22368] [zcode-host] [rpc:register] channel "zcode-session"
[2026-08-19 13:16:07.899] [info] [pid:15020] [main] [host-log] (local-1) [host] [2026-08-19 13:16:07.894] [pid:22368] [zcode-host] [rpc:register] channel "bots"
[2026-08-19 13:16:07.900] [info] [pid:15020] [main] [host-log] (local-1) [host] [2026-08-19 13:16:07.894] [pid:22368] [zcode-host] [rpc:register] channel "file-watcher"
[2026-08-19 13:16:07.901] [info] [pid:15020] [main] [host-log] (local-1) [host] [2026-08-19 13:16:07.894] [pid:22368] [zcode-host] [rpc:register] channel "oauth"
[2026-08-19 13:16:07.902] [info] [pid:15020] [main] [host-log] (local-1) [host] [2026-08-19 13:16:07.894] [pid:22368] [zcode-host] [rpc:register] channel "model-provider"
[2026-08-19 13:16:07.903] [info] [pid:15020] [main] [host-log] (local-1) [host] [2026-08-19 13:16:07.894] [pid:22368] [zcode-host] [rpc:register] channel "usage-stats"
[2026-08-19 13:16:07.904] [info] [pid:15020] [main] [host-log] (local-1) [host] [2026-08-19 13:16:07.894] [pid:22368] [zcode-host] [rpc:register] channel "coding-plan-subscription"
[2026-08-19 13:16:07.904] [info] [pid:15020] [main] [host-log] (local-1) [host] [2026-08-19 13:16:07.894] [pid:22368] [zcode-host] [rpc:register] channel "off-peak-task"
[2026-08-19 13:16:07.905] [info] [pid:15020] [main] [host-log] (local-1) [host] [2026-08-19 13:16:07.894] [pid:22368] [zcode-host] [rpc:register] channel "skills"
[2026-08-19 13:16:07.905] [info] [pid:15020] [main] [host-log] (local-1) [host] [2026-08-19 13:16:07.894] [pid:22368] [zcode-host] [rpc:register] channel "skill-sync"
[2026-08-19 13:16:07.906] [info] [pid:15020] [main] [host-log] (local-1) [host] [2026-08-19 13:16:07.894] [pid:22368] [zcode-host] [rpc:register] channel "mcp-sync"
[2026-08-19 13:16:07.906] [info] [pid:15020] [main] [host-log] (local-1) [host] [2026-08-19 13:16:07.895] [pid:22368] [zcode-host] [rpc:register] channel "plugin-sync"
[2026-08-19 13:16:07.907] [info] [pid:15020] [main] [host-log] (local-1) [host] [2026-08-19 13:16:07.895] [pid:22368] [zcode-host] [rpc:register] channel "plugins"
[2026-08-19 13:16:07.907] [info] [pid:15020] [main] [host-log] (local-1) [host] [2026-08-19 13:16:07.895] [pid:22368] [zcode-host] [rpc:register] channel "plugin-management"
[2026-08-19 13:16:07.908] [info] [pid:15020] [main] [host-log] (local-1) [host] [2026-08-19 13:16:07.895] [pid:22368] [zcode-host] [rpc:register] channel "subagents"
[2026-08-19 13:16:07.908] [info] [pid:15020] [main] [host-log] (local-1) [host] [2026-08-19 13:16:07.895] [pid:22368] [zcode-host] [rpc:register] channel "commands"
[2026-08-19 13:16:07.908] [info] [pid:15020] [main] [host-log] (local-1) [host] [2026-08-19 13:16:07.895] [pid:22368] [zcode-host] [rpc:register] channel "hooks"
[2026-08-19 13:16:07.909] [info] [pid:15020] [main] [host-log] (local-1) [host] [2026-08-19 13:16:07.895] [pid:22368] [zcode-host] [rpc:register] channel "memory"
[2026-08-19 13:16:07.909] [info] [pid:15020] [main] [host-log] (local-1) [host] [2026-08-19 13:16:07.895] [pid:22368] [zcode-host] [rpc:register] channel "output-style"
[2026-08-19 13:16:07.910] [info] [pid:15020] [main] [host-log] (local-1) [host] [2026-08-19 13:16:07.895] [pid:22368] [zcode-host] [rpc:register] channel "settings-sync"
[2026-08-19 13:16:07.910] [info] [pid:15020] [main] [host-log] (local-1) [host] [2026-08-19 13:16:07.895] [pid:22368] [zcode-host] [rpc:register] channel "feedback"
[2026-08-19 13:16:07.910] [info] [pid:15020] [main] [host-log] (local-1) [host] [2026-08-19 13:16:07.895] [pid:22368] [zcode-host] [rpc:register] channel "repo-wiki"
[2026-08-19 13:16:07.911] [info] [pid:15020] [main] [host-log] (local-1) [host] [2026-08-19 13:16:07.895] [pid:22368] [zcode-host] [rpc:register] channel "prompt-attachment-transfer"
[2026-08-19 13:16:07.911] [info] [pid:15020] [main] [host-log] (local-1) [host] [2026-08-19 13:16:07.895] [pid:22368] [zcode-host] service connection ready mode=desktop-continuous
[2026-08-19 13:16:07.911] [info] [pid:15020] [main] [host-log] (local-1) [host] [2026-08-19 13:16:07.895] [pid:22368] [zcode-host] local services ready, all channels registered
[2026-08-19 13:16:07.912] [info] [pid:15020] [main] [host-log] (local-1) [host] [2026-08-19 13:16:07.902] [pid:22368] [zcode-host] [rpc:listen] broadcast.onMessage subscribed
[2026-08-19 13:16:07.934] [info] [pid:15020] [main] [host-log] (local-1) [host] [2026-08-19 13:16:07.933] [pid:22368] [zcode-host] [rpc:listen] broadcast.onMessage subscribed
[2026-08-19 13:16:07.935] [info] [pid:15020] [main] [host-log] (local-1) [host] [2026-08-19 13:16:07.933] [pid:22368] [zcode-host] [rpc:listen] broadcast.onMessage subscribed
[2026-08-19 13:16:07.935] [info] [pid:15020] [main] [host-log] (local-1) [host] [2026-08-19 13:16:07.934] [pid:22368] [zcode-host] [rpc:listen] broadcast.onMessage subscribed
[2026-08-19 13:16:07.951] [info] [pid:15020] [main] [host-log] (local-1) [host] [2026-08-19 13:16:07.950] [pid:22368] [zcode-host] [rpc:call] setting.get OK (16.9ms)
[2026-08-19 13:16:07.952] [info] [pid:15020] [main] [host-log] (local-1) [host] [2026-08-19 13:16:07.950] [pid:22368] [zcode-host] [rpc:call] setting.get OK (17.1ms)
[2026-08-19 13:16:07.953] [info] [pid:15020] [main] [host-log] (local-1) [host] [2026-08-19 13:16:07.950] [pid:22368] [oauthService] restoreCachedSession skipped: no active provider
[2026-08-19 13:16:07.953] [info] [pid:15020] [main] [host-log] (local-1) [host] [2026-08-19 13:16:07.950] [pid:22368] [zcode-host] [rpc:call] oauth.restoreCachedSessionState OK (17.1ms)
[2026-08-19 13:16:07.953] [info] [pid:15020] [main] [host-log] (local-1) [host] [2026-08-19 13:16:07.951] [pid:22368] [zcode-host] [rpc:call] model-provider.getDisplayOrder OK (16.7ms)
[2026-08-19 13:16:07.954] [info] [pid:15020] [main] [host-log] (local-1) [host] [2026-08-19 13:16:07.951] [pid:22368] [zcode-host] [rpc:call] setting.get OK (16.7ms)
[2026-08-19 13:16:07.954] [info] [pid:15020] [main] [host-log] (local-1) [host] [2026-08-19 13:16:07.952] [pid:22368] [zcode-agent-service] provider/model 尚未就绪，ZCode agent 保持未启动 {"providerCount":0,"revision":"sha256:4f53cda18c2baa0c0354bb5f9a3ecbe5ed12ab4d8e11ba873c2f11161202b945","workspaceKey":"C:\\Users\\llh04\\.zcode\\workspace\\default","workspacePath":"C:\\Users\\llh04\\.zcode\\workspace\\default"}
[2026-08-19 13:16:07.955] [info] [pid:15020] [main] [host-log] (local-1) [host] [2026-08-19 13:16:07.952] [pid:22368] [zcode-agent-service] ZCode agent 等待 provider/model 就绪 {"durationMs":62,"message":"当前没有可用的模型供应商和模型，请先登录或配置 API Key。","workspaceKey":"C:\\Users\\llh04\\.zcode\\workspace\\default","workspacePath":"C:\\Users\\llh04\\.zcode\\workspace\\default"}
[2026-08-19 13:16:07.955] [info] [pid:15020] [main] [host-log] (local-1) [host] [2026-08-19 13:16:07.953] [pid:22368] [zcode-host] ZCode agent warmup waiting for provider/model (local host init (1/1)) workspace=C:\Users\llh04\.zcode\workspace\default
[2026-08-19 13:16:07.956] [info] [pid:15020] [main] [host-log] (local-1) [host] [2026-08-19 13:16:07.953] [pid:22368] [zcode-host] [rpc:call] zcode-agent.syncAppRuntimePreferences OK (0.1ms)
[2026-08-19 13:16:07.956] [info] [pid:15020] [main] [host-log] (local-1) [host] [2026-08-19 13:16:07.954] [pid:22368] [zcode-host] [rpc:call] bots.syncAppRuntimePreferences OK (0.1ms)
[2026-08-19 13:16:07.957] [info] [pid:15020] [main] [host-log] (local-1) [host] [2026-08-19 13:16:07.954] [pid:22368] [zcode-host] [rpc:call] oauth.getActiveProvider OK (1.2ms)
[2026-08-19 13:16:07.957] [info] [pid:15020] [main] [host-log] (local-1) [host] [2026-08-19 13:16:07.954] [pid:22368] [zcode-host] [rpc:call] setting.get OK (1.3ms)
[2026-08-19 13:16:07.958] [info] [pid:15020] [main] [host-log] (local-1) [host] [2026-08-19 13:16:07.955] [pid:22368] [zcode-host] [rpc:call] model-provider.getAllCached OK (21.1ms)
[2026-08-19 13:16:07.958] [info] [pid:15020] [main] [host-log] (local-1) [host] [2026-08-19 13:16:07.956] [pid:22368] [zcode-host] [rpc:call] model-provider.getAllCached OK (1.0ms)
[2026-08-19 13:16:07.959] [info] [pid:15020] [main] [host-log] (local-1) [host] [2026-08-19 13:16:07.957] [pid:22368] [zcode-host] [rpc:call] setting.get OK (0.3ms)
[2026-08-19 13:16:07.963] [info] [pid:15020] [main] [host-log] (local-1) [host] [2026-08-19 13:16:07.962] [pid:22368] [zcode-host] [rpc:call] oauth.getProviders OK (0.1ms)
[2026-08-19 13:16:07.963] [info] [pid:15020] [main] [host-log] (local-1) [host] [2026-08-19 13:16:07.962] [pid:22368] [zcode-host] [rpc:call] oauth.getProviders OK (0.0ms)
[2026-08-19 13:16:07.964] [info] [pid:15020] [main] [host-log] (local-1) [host] [2026-08-19 13:16:07.963] [pid:22368] [zcode-host] [rpc:call] oauth.getActiveProvider OK (0.2ms)
[2026-08-19 13:16:07.964] [info] [pid:15020] [main] [host-log] (local-1) [host] [2026-08-19 13:16:07.963] [pid:22368] [zcode-host] [rpc:call] oauth.getActiveProvider OK (0.2ms)
[2026-08-19 13:16:08.398] [info] [pid:15020] [main] [host-log] (local-1) [host] [2026-08-19 13:16:08.397] [pid:22368] [zcode-host] [rpc:call] model-provider.getAll OK (439.4ms)
[2026-08-19 13:16:08.418] [info] [pid:15020] [main] [host-log] (local-1) [host] [2026-08-19 13:16:08.417] [pid:22368] [zcode-host] [rpc:call] model-provider.getAll OK (461.5ms)
[2026-08-19 13:16:10.183] [info] [pid:15020] [main] [stability] perf_app_start reported
[2026-08-19 13:16:11.242] [info] [pid:15020] [main] [host-log] (local-1) [host] [2026-08-19 13:16:11.242] [pid:22368] [zcode-host] [rpc:call] oauth.startOAuth OK (0.4ms)
[2026-08-19 13:16:17.986] [info] [pid:20040] [main] [crash-capture] configured remoteCrashReporterEnabled=true stagingDir=C:\Users\llh04\.zcode\v2\crash\live archiveDir=C:\Users\llh04\.zcode\v2\crash\archive
[2026-08-19 13:16:18.001] [info] [pid:20040] [main] [deep-link] 注册协议成功 {"scheme":"zcode"}
[2026-08-19 13:16:18.017] [info] [pid:15020] [main] [deep-link] OAuth 回调路由成功 {"state":"bbe7f1a79a6fbf85f12c0ae9eb4380f02c524aed7db27b7e3c6ec3d49a9a47e0","windowId":1,"provider":"zai","completed":true}
[2026-08-19 13:16:18.023] [info] [pid:15020] [main] [host-log] (local-1) [host] [2026-08-19 13:16:18.009] [pid:22368] [zaiOAuth] token request {"method":"POST","url":"https://zcode.z.ai/api/v1/oauth/token","headers":{"Content-Type":"application/json"},"body":{"provider":"zai","code":"code...4c36","codeLength":17,"redirect_uri":"https://zcode.z.ai/app/oauth/login?redirect=zcode%3A%2F%2Foauth%2Fcallback","state":"bbe7f1a79a6fbf85f12c0ae9eb4380f02c524aed7db27b7e3c6ec3d49a9a47e0"}}
[2026-08-19 13:16:18.057] [info] [pid:20040] [main] [startup] runtime process env prepared asynchronously id=1 in 64ms
[2026-08-19 13:16:18.058] [info] [pid:20040] [main] [arms] electron initialized env=prod version=3.7.7
[2026-08-19 13:16:18.226] [info] [pid:20040] [main] [cron-scheduler] forked scheduler process pid=undefined
[2026-08-19 13:16:18.303] [info] [pid:20040] [main] [cron-scheduler] scheduler process exited code=0
[2026-08-19 13:16:18.825] [info] [pid:15020] [main] [host-log] (local-1) [host] [2026-08-19 13:16:18.824] [pid:22368] [zaiOAuth] token final response body {"code":0,"msg":"","data":{"token":"eyJh...RZsY","user":{"user_id":"af5b4532-0029-4db5-86d0-61cd221c3070","email":"19177349152@phone.local","avatar":"https://chat.z.ai/user.png","name":"旅行者9152"},"zai":{"access_token":"eyJh...qwEE","accessTokenLength":404},"tokenLength":231}}
[2026-08-19 13:16:28.330] [info] [pid:15020] [main] [host-log] (local-1) [host] [2026-08-19 13:16:28.330] [pid:22368] [zcode-host] [rpc:call] oauth.handleCallback OK (10324.2ms)
[2026-08-19 13:16:28.332] [info] [pid:15020] [main] [host-log] (local-1) [host] [2026-08-19 13:16:28.331] [pid:22368] [zcode-host] [rpc:call] setting.get OK (0.3ms)
[2026-08-19 13:16:28.333] [info] [pid:15020] [main] [host-log] (local-1) [host] [2026-08-19 13:16:28.332] [pid:22368] [zcode-host] [rpc:call] setting.get OK (0.2ms)
[2026-08-19 13:16:28.336] [info] [pid:15020] [main] [host-log] (local-1) [host] [2026-08-19 13:16:28.336] [pid:22368] [settingService] writing settings to: C:\Users\llh04\.zcode\v2\setting.json {"recentProjects":[],"locale":"zh-CN","localePreference":"system","terminalInheritSystemProfile":true,"taskAutoArchiveEnabled":false,"taskAutoArchiveOlderThanDays":7,"closeToTrayOnWindows":true,"closeToTrayOnWindowsMigrationInitialized":true,"keepAwakeWhileRunning":false,"desktopChromiumHardwareAccelerationEnabled":true,"messageStreamShowReasoning":false,"messageStreamShowTodos":false,"zcodeInteractionBehavior":"queue","askUserQuestionAutoResolutionEnabled":true,"optimizeAgentExperienceEnabled":false,"optimizeAgentExperienceMigrationInitialized":true,"enabledBuiltinAgentCliProviders":["glm"],"modelProviderFamilyModes":{"zai":"oauth"},"modelProviderFamilySelectedKeys":{},"providerFamilyDomain":"zai","providerFamilyDomainUpdatedAt":1787116588334,"providerFamilyDomainMigrated":true,"repoSnapshotIndexingEnabled":false,"instantGrepIndexingEnabled":false,"nativeSearchEnhancementsEnabled":true,"memoryEnabled":false,"lastWorkspaceSession":[],"lastActiveTabIndex":0,"receivePreviewUpdates":false,"autoDownloadAndInstallUpdates":false,"skippedElectronUpdateVersions":{}}
[2026-08-19 13:16:28.337] [info] [pid:15020] [main] [host-log] (local-1) [host] [2026-08-19 13:16:28.336] [pid:22368] [zcode-host] [rpc:call] file.ensureConversationWorkspace OK (1.0ms)
[2026-08-19 13:16:28.338] [info] [pid:15020] [main] [task-realtime] updated host workspace scopes {"hostId":"a2ca5c2b-9072-4614-ab22-3a03f7941949","workspaceKeyCount":1}
[2026-08-19 13:16:28.343] [info] [pid:15020] [main] [host-log] (local-1) [host] [2026-08-19 13:16:28.340] [pid:22368] [settingService] write done
[2026-08-19 13:16:28.343] [info] [pid:15020] [main] [host-log] (local-1) [host] [2026-08-19 13:16:28.340] [pid:22368] [zcode-host] [rpc:call] setting.update OK (6.7ms)
[2026-08-19 13:16:28.349] [info] [pid:15020] [main] [host-log] (local-1) [host] [2026-08-19 13:16:28.348] [pid:22368] [zcode-host] [rpc:call] setting.get OK (10.1ms)
[2026-08-19 13:16:28.349] [info] [pid:15020] [main] [host-log] (local-1) [host] [2026-08-19 13:16:28.348] [pid:22368] [zcode-host] [rpc:call] setting.get OK (9.2ms)
[2026-08-19 13:16:28.352] [info] [pid:15020] [main] [host-log] (local-1) [host] [2026-08-19 13:16:28.351] [pid:22368] [zcode-host] [rpc:call] file.ensureConversationWorkspace OK (0.9ms)
[2026-08-19 13:16:28.354] [info] [pid:15020] [main] [task-realtime] updated host workspace scopes {"hostId":"a2ca5c2b-9072-4614-ab22-3a03f7941949","workspaceKeyCount":1}
[2026-08-19 13:16:28.383] [info] [pid:15020] [main] [host-log] (local-1) [host] [2026-08-19 13:16:28.382] [pid:22368] [zcode-host] [rpc:listen] zcode-agent.onDynamicConversationFrame subscribed
[2026-08-19 13:16:28.437] [info] [pid:15020] [main] [host-log] (local-1) [host] [2026-08-19 13:16:28.436] [pid:22368] [zcode-host] [rpc:listen] zcode-agent.onDynamicSessionsIndexFrame subscribed
[2026-08-19 13:16:28.438] [info] [pid:15020] [main] [host-log] (local-1) [host] [2026-08-19 13:16:28.436] [pid:22368] [zcode-host] [rpc:listen] zcode-agent.onAgentRuntimeLifecycle subscribed
[2026-08-19 13:16:28.438] [info] [pid:15020] [main] [host-log] (local-1) [host] [2026-08-19 13:16:28.436] [pid:22368] [zcode-host] [rpc:call] zcode-agent.helloConversationV4 OK (0.1ms)
[2026-08-19 13:16:28.438] [info] [pid:15020] [main] [host-log] (local-1) [host] [2026-08-19 13:16:28.437] [pid:22368] [zcode-host] [rpc:listen] zcode-task.onDynamicWorkspaceEvent subscribed
[2026-08-19 13:16:28.441] [info] [pid:15020] [main] [host-log] (local-1) [host] [2026-08-19 13:16:28.440] [pid:22368] [zcode-host] [rpc:call] zcode-task.listPinnedTaskIds OK (4.2ms)
[2026-08-19 13:16:28.442] [info] [pid:15020] [main] [host-log] (local-1) [host] [2026-08-19 13:16:28.441] [pid:22368] [zcode-host] [rpc:call] zcode-task.listDeletedTaskIds OK (3.9ms)
[2026-08-19 13:16:28.442] [info] [pid:15020] [main] [host-log] (local-1) [host] [2026-08-19 13:16:28.441] [pid:22368] [zcode-host] [rpc:call] zcode-task.listArchivedTasks OK (4.2ms)
[2026-08-19 13:16:28.442] [info] [pid:15020] [main] [host-log] (local-1) [host] [2026-08-19 13:16:28.441] [pid:22368] [zcode-host] [rpc:call] zcode-task.listTasks OK (4.2ms)
[2026-08-19 13:16:28.443] [info] [pid:15020] [main] [host-log] (local-1) [host] [2026-08-19 13:16:28.441] [pid:22368] [zcode-host] [rpc:call] zcode-task.listPinnedTasks OK (4.2ms)
[2026-08-19 13:16:28.443] [info] [pid:15020] [main] [host-log] (local-1) [host] [2026-08-19 13:16:28.442] [pid:22368] [zcode-host] [rpc:listen] zcode-agent.onAgentRuntimeRestarted subscribed
[2026-08-19 13:16:28.444] [info] [pid:15020] [main] [host-log] (local-1) [host] [2026-08-19 13:16:28.443] [pid:22368] [zcode-host] [rpc:call] off-peak-task.list OK (0.5ms)
[2026-08-19 13:16:28.444] [info] [pid:15020] [main] [host-log] (local-1) [host] [2026-08-19 13:16:28.444] [pid:22368] [zcode-host] [rpc:listen] model-provider.onDidChangeProviderRegistry subscribed
[2026-08-19 13:16:28.445] [info] [pid:15020] [main] [host-log] (local-1) [host] [2026-08-19 13:16:28.444] [pid:22368] [zcode-host] [rpc:listen] zcode-agent.onDynamicConversationTelemetryFact subscribed
[2026-08-19 13:16:28.446] [info] [pid:15020] [main] [host-log] (local-1) [host] [2026-08-19 13:16:28.445] [pid:22368] [zcode-host] [rpc:listen] model-provider.onDidChangeProviderRegistry subscribed
[2026-08-19 13:16:28.446] [info] [pid:15020] [main] [host-log] (local-1) [host] [2026-08-19 13:16:28.445] [pid:22368] [zcode-host] [rpc:call] setting.get OK (4.2ms)
[2026-08-19 13:16:28.448] [info] [pid:15020] [main] [host-log] (local-1) [host] [2026-08-19 13:16:28.447] [pid:22368] [zcode-host] [rpc:call] off-peak-task.getCodingPlanSupport OK (3.9ms)
[2026-08-19 13:16:28.451] [info] [pid:15020] [main] [host-log] (local-1) [host] [2026-08-19 13:16:28.448] [pid:22368] [zcode-host] [rpc:call] off-peak-task.list OK (0.2ms)
[2026-08-19 13:16:28.451] [info] [pid:15020] [main] [host-log] (local-1) [host] [2026-08-19 13:16:28.448] [pid:22368] [zcode-host] [rpc:call] zcode-task.getWorkspaceProviderConfigFile OK (0.0ms)
[2026-08-19 13:16:28.452] [info] [pid:15020] [main] [task-realtime] updated host workspace scopes {"hostId":"a2ca5c2b-9072-4614-ab22-3a03f7941949","workspaceKeyCount":1}
[2026-08-19 13:16:28.516] [info] [pid:15020] [main] [host-log] (local-1) [host] [2026-08-19 13:16:28.515] [pid:22368] [zcode-host] [rpc:call] zcode-agent.initializeConversationV4 OK (0.3ms)
[2026-08-19 13:16:28.519] [info] [pid:15020] [main] [host-log] (local-1) [host] [2026-08-19 13:16:28.518] [pid:22368] [zcode-host] [rpc:call] settings-sync.getFirstRunPromptState OK (3.6ms)
[2026-08-19 13:16:28.521] [info] [pid:15020] [main] [host-log] (local-1) [host] [2026-08-19 13:16:28.520] [pid:22368] [zcode-host] [rpc:call] subagents.list OK (78.8ms)
[2026-08-19 13:16:28.525] [warn] [pid:15020] [main] [host-log] (local-1) [host] [2026-08-19 13:16:28.521] [pid:22368] [zcode-host] [rpc:call] zcode-agent.subscribeSessionsIndexV4 FAIL (0.5ms) {"name":"Error","message":"ZCode Agent runtime is not running.","stack":"Error: ZCode Agent runtime is not running.\n    at createRuntimeUnavailableError (file:///D:/zcode/resources/app.asar/out/host/index.js:1045:25953)\n    at getReadOnlyClient (file:///D:/zcode/resources/app.asar/out/host/index.js:1045:54059)\n    at Object.subscribeSessionsIndexV4 (file:///D:/zcode/resources/app.asar/out/host/index.js:1045:90696)\n    at Proxy.subscribeSessionsIndexV4 (file:///D:/zcode/resources/app.asar/out/host/chunk-ZJVLE7L2.js:1:61299)\n    at Object.call (file:///D:/zcode/resources/app.asar/out/host/chunk-LVLFJXEE.js:3:4237)\n    at NetworkTelemetryServerChannel.call (file:///D:/zcode/resources/app.asar/out/host/chunk-LVLFJXEE.js:3:3500)\n    at LoggingServerChannel.call (file:///D:/zcode/resources/app.asar/out/host/chunk-LVLFJXEE.js:3:1939)\n    at ChannelServer.onPromise (file:///D:/zcode/resources/app.asar/out/host/chunk-LVLFJXEE.js:1:9576)\n    at ChannelServer.onRawMessage (file:///D:/zcode/resources/app.asar/out/host/chunk-LVLFJXEE.js:1:9246)\n    at file:///D:/zcode/resources/app.asar/out/host/chunk-LVLFJXEE.js:1:8603"}
[2026-08-19 13:16:28.526] [info] [pid:15020] [main] [host-log] (local-1) [host] [2026-08-19 13:16:28.524] [pid:22368] [zcode-host] [rpc:call] settings-sync.detect OK (0.1ms)
[2026-08-19 13:16:28.531] [info] [pid:15020] [main] [host-log] (local-1) [host] [2026-08-19 13:16:28.529] [pid:22368] [settingService] writing settings to: C:\Users\llh04\.zcode\v2\setting.json {"recentProjects":[],"locale":"zh-CN","localePreference":"system","terminalInheritSystemProfile":true,"taskAutoArchiveEnabled":false,"taskAutoArchiveOlderThanDays":7,"closeToTrayOnWindows":true,"closeToTrayOnWindowsMigrationInitialized":true,"keepAwakeWhileRunning":false,"desktopChromiumHardwareAccelerationEnabled":true,"messageStreamShowReasoning":false,"messageStreamShowTodos":false,"zcodeInteractionBehavior":"queue","askUserQuestionAutoResolutionEnabled":true,"optimizeAgentExperienceEnabled":false,"optimizeAgentExperienceMigrationInitialized":true,"enabledBuiltinAgentCliProviders":["glm"],"modelProviderFamilyModes":{"zai":"oauth"},"modelProviderFamilySelectedKeys":{},"providerFamilyDomain":"zai","providerFamilyDomainUpdatedAt":1787116588334,"providerFamilyDomainMigrated":true,"repoSnapshotIndexingEnabled":false,"instantGrepIndexingEnabled":false,"nativeSearchEnhancementsEnabled":true,"memoryEnabled":false,"lastWorkspaceSession":[],"lastActiveTabIndex":0,"receivePreviewUpdates":false,"autoDownloadAndInstallUpdates":false,"skippedElectronUpdateVersions":{},"settingsSyncFirstRunPromptHandled":true}
[2026-08-19 13:16:28.532] [info] [pid:15020] [main] [host-log] (local-1) [host] [2026-08-19 13:16:28.532] [pid:22368] [zcode-host] [rpc:call] skills.list OK (89.8ms)
[2026-08-19 13:16:28.537] [info] [pid:15020] [main] [host-log] (local-1) [host] [2026-08-19 13:16:28.536] [pid:22368] [settingService] write done
[2026-08-19 13:16:28.538] [info] [pid:15020] [main] [host-log] (local-1) [host] [2026-08-19 13:16:28.536] [pid:22368] [zcode-host] [rpc:call] settings-sync.markFirstRunPromptHandled OK (8.9ms)
[2026-08-19 13:16:28.552] [info] [pid:15020] [main] [host-log] (local-1) [host] [2026-08-19 13:16:28.551] [pid:22368] [zcode-host] [rpc:call] model-provider.getProviderRegistrySnapshot OK (107.1ms)
[2026-08-19 13:16:28.659] [info] [pid:15020] [main] [host-log] (local-1) [host] [2026-08-19 13:16:28.658] [pid:22368] [settingService] writing settings to: C:\Users\llh04\.zcode\v2\setting.json {"recentProjects":[],"locale":"zh-CN","localePreference":"system","terminalInheritSystemProfile":true,"taskAutoArchiveEnabled":false,"taskAutoArchiveOlderThanDays":7,"closeToTrayOnWindows":true,"closeToTrayOnWindowsMigrationInitialized":true,"keepAwakeWhileRunning":false,"desktopChromiumHardwareAccelerationEnabled":true,"messageStreamShowReasoning":false,"messageStreamShowTodos":false,"zcodeInteractionBehavior":"queue","askUserQuestionAutoResolutionEnabled":true,"optimizeAgentExperienceEnabled":false,"optimizeAgentExperienceMigrationInitialized":true,"enabledBuiltinAgentCliProviders":["glm"],"modelProviderFamilyModes":{"zai":"oauth"},"modelProviderFamilySelectedKeys":{},"providerFamilyDomain":"zai","providerFamilyDomainUpdatedAt":1787116588334,"providerFamilyDomainMigrated":true,"repoSnapshotIndexingEnabled":false,"instantGrepIndexingEnabled":false,"nativeSearchEnhancementsEnabled":true,"memoryEnabled":false,"lastWorkspaceSession":[{"kind":"local","workspacePath":"C:\\Users\\llh04\\.zcode\\workspace\\default","workspacePurpose":"conversation"}],"lastActiveTabIndex":0,"receivePreviewUpdates":false,"autoDownloadAndInstallUpdates":false,"skippedElectronUpdateVersions":{},"settingsSyncFirstRunPromptHandled":true}
[2026-08-19 13:16:28.664] [info] [pid:15020] [main] [host-log] (local-1) [host] [2026-08-19 13:16:28.663] [pid:22368] [settingService] write done
[2026-08-19 13:16:28.665] [info] [pid:15020] [main] [host-log] (local-1) [host] [2026-08-19 13:16:28.663] [pid:22368] [zcode-host] [rpc:call] setting.update OK (6.1ms)
[2026-08-19 13:16:28.926] [info] [pid:15020] [main] [host-log] (local-1) [host] [2026-08-19 13:16:28.925] [pid:22368] [zcode-host] [rpc:call] coding-plan-subscription.getOffPeakClientConfig OK (482.8ms)
[2026-08-19 13:16:28.926] [info] [pid:15020] [main] [host-log] (local-1) [host] [2026-08-19 13:16:28.925] [pid:22368] [zcode-host] [rpc:call] coding-plan-subscription.getBillingDiscount OK (481.5ms)
[2026-08-19 13:16:29.367] [info] [pid:15020] [main] [host-log] (local-1) [host] [2026-08-19 13:16:29.342] [pid:22368] [zcode-host] [rpc:call] git.refresh OK (893.9ms)
[2026-08-19 13:16:34.734] [info] [pid:15020] [main] [host-log] (local-1) [host] [2026-08-19 13:16:34.733] [pid:22368] [coding-plan-availability] billing/balance 请求完成 {"durationMs":265,"hasActiveStartPlan":true,"msg":"","payload":{"code":0,"msg":"","data":{"server_time":1787116593,"plans":[{"user_plan_id":"upl_2089944584870027264","plan_id":"zcode-v3-start-plan-0817","name":"ZCode Start Plan","description":"免费 GLM 旗舰模型体验","priority":90,"status":"active","starts_at":1787116592,"ends_at":1787500799,"entitlements":[{"entitlement_id":"ent_2_0817_glm_5p3","show_name":"GLM-5.3","meter":"model_usage","unit_type":"token","capabilities":["model:glm-5.3"],"grant_units":3000000,"period":"daily","priority":110},{"entitlement_id":"ent_2_0817_glm_5turbo","show_name":"GLM-5-Turbo","meter":"model_usage","unit_type":"token","capabilities":["model:GLM-5-Turbo"],"grant_units":2000000,"period":"daily","priority":80}]}],"balances":[{"bucket_id":"bucket_2089944584886804480","user_plan_id":"upl_2089944584870027264","plan_id":"zcode-v3-start-plan-0817","entitlement_id":"ent_2_0817_glm_5p3","show_name":"GLM-5.3","meter":"model_usage","unit_type":"token","capabilities":["model:glm-5.3"],"priority":110,"plan_priority":90,"entitlement_priority":110,"total_units":3000000,"used_units":0,"remaining_units":3000000,"available_units":3000000,"period_start":1787068800,"period_end":1787155199,"expires_at":1787155199},{"bucket_id":"bucket_2089944584895193088","user_plan_id":"upl_2089944584870027264","plan_id":"zcode-v3-start-plan-0817","entitlement_id":"ent_2_0817_glm_5turbo","show_name":"GLM-5-Turbo","meter":"model_usage","unit_type":"token","capabilities":["model:GLM-5-Turbo"],"priority":80,"plan_priority":90,"entitlement_priority":80,"total_units":2000000,"used_units":0,"remaining_units":2000000,"available_units":2000000,"period_start":1787068800,"period_end":1787155199,"expires_at":1787155199}]}},"planCount":1,"plans":[{"name":"ZCode Start Plan","plan_id":"zcode-v3-start-plan-0817","status":"active"}],"providerId":"builtin:zai-start-plan","success":true,"url":"https://zcode.z.ai/api/v1/zcode-plan/billing/balance?app_version=3.7.7","code":0}
[2026-08-19 13:16:37.272] [warn] [pid:15020] [main] [host-log] (local-1) [host] [2026-08-19 13:16:37.271] [pid:22368] [zcode-host] [rpc:call] usage-stats.getAppUsageSnapshot FAIL (0.1ms) {"name":"Error","message":"no_active_workspace","stack":"Error: no_active_workspace\n    at Object.getAppUsageStats (file:///D:/zcode/resources/app.asar/out/host/index.js:1045:62717)\n    at Object.getAppUsageSnapshot (file:///D:/zcode/resources/app.asar/out/host/index.js:1172:65139)\n    at Object.call (file:///D:/zcode/resources/app.asar/out/host/chunk-LVLFJXEE.js:3:4237)\n    at NetworkTelemetryServerChannel.call (file:///D:/zcode/resources/app.asar/out/host/chunk-LVLFJXEE.js:3:3500)\n    at LoggingServerChannel.call (file:///D:/zcode/resources/app.asar/out/host/chunk-LVLFJXEE.js:3:1939)\n    at ChannelServer.onPromise (file:///D:/zcode/resources/app.asar/out/host/chunk-LVLFJXEE.js:1:9576)\n    at ChannelServer.onRawMessage (file:///D:/zcode/resources/app.asar/out/host/chunk-LVLFJXEE.js:1:9246)\n    at file:///D:/zcode/resources/app.asar/out/host/chunk-LVLFJXEE.js:1:8603\n    at Emitter.fire (file:///D:/zcode/resources/app.asar/out/host/chunk-LVLFJXEE.js:1:1353)\n    at V.handler (file:///D:/zcode/resources/app.asar/out/host/chunk-LVLFJXEE.js:1:5389)"}
[2026-08-19 13:16:37.273] [info] [pid:15020] [main] [task-realtime] updated host workspace scopes {"hostId":"a2ca5c2b-9072-4614-ab22-3a03f7941949","workspaceKeyCount":1}
[2026-08-19 13:16:37.273] [info] [pid:15020] [main] [host-log] (local-1) [host] [2026-08-19 13:16:37.272] [pid:22368] [zcode-host] [rpc:call] system.info OK (0.0ms)
[2026-08-19 13:16:37.273] [info] [pid:15020] [main] [host-log] (local-1) [host] [2026-08-19 13:16:37.272] [pid:22368] [zcode-host] [rpc:call] setting.get OK (1.2ms)
[2026-08-19 13:16:37.274] [info] [pid:15020] [main] [host-log] (local-1) [host] [2026-08-19 13:16:37.273] [pid:22368] [zcode-host] [rpc:call] setting.get OK (0.9ms)
[2026-08-19 13:16:37.309] [info] [pid:15020] [main] [host-log] (local-1) [host] [2026-08-19 13:16:37.309] [pid:22368] [zcode-host] [rpc:call] system.listIntegratedTerminalShells OK (5.1ms)
[2026-08-19 13:16:37.533] [info] [pid:15020] [main] [host-log] (local-1) [host] [2026-08-19 13:16:37.532] [pid:22368] [settingService] writing settings to: C:\Users\llh04\.zcode\v2\setting.json {"recentProjects":[],"locale":"zh-CN","localePreference":"system","terminalInheritSystemProfile":true,"taskAutoArchiveEnabled":false,"taskAutoArchiveOlderThanDays":7,"closeToTrayOnWindows":true,"closeToTrayOnWindowsMigrationInitialized":true,"keepAwakeWhileRunning":false,"desktopChromiumHardwareAccelerationEnabled":true,"messageStreamShowReasoning":false,"messageStreamShowTodos":false,"zcodeInteractionBehavior":"queue","askUserQuestionAutoResolutionEnabled":true,"optimizeAgentExperienceEnabled":false,"optimizeAgentExperienceMigrationInitialized":true,"enabledBuiltinAgentCliProviders":["glm"],"modelProviderFamilyModes":{"zai":"oauth"},"modelProviderFamilySelectedKeys":{},"providerFamilyDomain":"zai","providerFamilyDomainUpdatedAt":1787116588334,"providerFamilyDomainMigrated":true,"repoSnapshotIndexingEnabled":false,"instantGrepIndexingEnabled":false,"nativeSearchEnhancementsEnabled":true,"memoryEnabled":false,"lastWorkspaceSession":[{"kind":"local","workspacePath":"C:\\Users\\llh04\\.zcode\\workspace\\default","workspacePurpose":"conversation"}],"lastActiveTabIndex":0,"receivePreviewUpdates":false,"autoDownloadAndInstallUpdates":false,"skippedElectronUpdateVersions":{},"settingsSyncFirstRunPromptHandled":true}
[2026-08-19 13:16:37.536] [info] [pid:15020] [main] [host-log] (local-1) [host] [2026-08-19 13:16:37.535] [pid:22368] [settingService] write done
[2026-08-19 13:16:37.536] [info] [pid:15020] [main] [host-log] (local-1) [host] [2026-08-19 13:16:37.535] [pid:22368] [zcode-host] [rpc:call] setting.update OK (3.7ms)
[2026-08-19 13:16:43.024] [info] [pid:15020] [main] [host-log] (local-1) [host] [2026-08-19 13:16:43.023] [pid:22368] [zcode-host] [rpc:call] coding-plan-subscription.getStaticProducts OK (0.1ms)
[2026-08-19 13:16:43.025] [info] [pid:15020] [main] [host-log] (local-1) [host] [2026-08-19 13:16:43.024] [pid:22368] [zcode-host] [rpc:call] coding-plan-subscription.getStartPlanPreview OK (0.1ms)
[2026-08-19 13:16:43.025] [info] [pid:15020] [main] [host-log] (local-1) [host] [2026-08-19 13:16:43.024] [pid:22368] [zcode-host] [rpc:call] credential.load OK (0.6ms)
[2026-08-19 13:16:43.026] [info] [pid:15020] [main] [host-log] (local-1) [host] [2026-08-19 13:16:43.025] [pid:22368] [zcode-host] [rpc:call] credential.load OK (0.7ms)
[2026-08-19 13:16:43.026] [info] [pid:15020] [main] [host-log] (local-1) [host] [2026-08-19 13:16:43.025] [pid:22368] [zcode-host] [rpc:call] credential.load OK (0.8ms)
[2026-08-19 13:16:49.512] [info] [pid:15020] [main] [host-log] (local-1) [host] [2026-08-19 13:16:49.512] [pid:22368] [zcode-host] [rpc:call] model-provider.refreshCodingPlanApiKey OK (21170.9ms)
[2026-08-19 13:16:49.513] [info] [pid:15020] [main] [host-log] (local-1) [host] [2026-08-19 13:16:49.512] [pid:22368] [zcode-host] [rpc:call] model-provider.refreshCodingPlanApiKey OK (21170.3ms)
[2026-08-19 13:16:49.535] [info] [pid:15020] [main] [host-log] (local-1) [host] [2026-08-19 13:16:49.534] [pid:22368] [zcode-agent] ZCode agent command resolved {"workspaceKey":"C:\\Users\\llh04\\.zcode\\workspace\\default","command":"D:\\zcode\\ZCode.exe","effectiveCommand":"D:\\zcode\\ZCode.exe","resolveCommandDurationMs":1}
[2026-08-19 13:16:49.537] [info] [pid:15020] [main] [host-log] (local-1) [host] [2026-08-19 13:16:49.537] [pid:22368] [zcode-agent] ZCode agent spawn preflight {"workspaceKey":"C:\\Users\\llh04\\.zcode\\workspace\\default","spawnPreflight":{"command":"D:\\zcode\\ZCode.exe","args":["D:\\zcode\\resources\\glm\\zcode.cjs","app-server","--stdio"],"requestedCwd":"C:\\Users\\llh04\\.zcode\\workspace\\default","cwd":"C:\\Users\\llh04\\.zcode\\workspace\\default","cwdSource":"command","commandPathKind":"absolute","commandExists":true,"cwdExists":true}}
[2026-08-19 13:16:49.554] [info] [pid:15020] [main] [stability] perf_agent_start reported {"pid":13848,"runtimeGeneration":1,"runtimeInstanceId":"agent-e63f96b8-2fb5-4ea2-9d28-ca7c23025435"}
[2026-08-19 13:16:49.555] [info] [pid:15020] [main] [host-log] (local-1) [host] [2026-08-19 13:16:49.553] [pid:22368] [zcode-agent] ZCode agent process started {"workspaceKey":"C:\\Users\\llh04\\.zcode\\workspace\\default","command":"D:\\zcode\\ZCode.exe","cwd":"C:\\Users\\llh04\\.zcode\\workspace\\default","pid":13848,"durationMs":20}
[2026-08-19 13:16:49.556] [info] [pid:15020] [main] [host-log] (local-1) [host] [2026-08-19 13:16:49.555] [pid:22368] [usage-stats] 读取 BigModel entitlement 已解析授权上下文 {"preferredProviderId":"builtin:zai-coding-plan","providerId":"builtin:zai-coding-plan","scope":"personal","organizationId":null,"projectId":null}
[2026-08-19 13:16:49.568] [info] [pid:15020] [main] [host-log] (local-1) [host] [2026-08-19 13:16:49.568] [pid:22368] [zcode-agent-service] 开始请求 ZCode Protocol workspace/readState {"hasRuntimeModel":true,"modelHint":null,"preferWorkspaceDefaults":false,"runtimeModel":{"apiFormat":"anthropic-messages","baseURL":"https://zcode.z.ai/api/v1/zcode-plan/anthropic","kind":"anthropic","model":"builtin:zai-start-plan/GLM-5.3","providerId":"builtin:zai-start-plan","revision":"model-runtime:15e09441d0edf89cce53314d","thoughtLevel":"max"},"workspaceKey":"C:\\Users\\llh04\\.zcode\\workspace\\default","workspacePath":"C:\\Users\\llh04\\.zcode\\workspace\\default"}
[2026-08-19 13:16:49.595] [info] [pid:15020] [main] [host-log] (local-1) [host] [2026-08-19 13:16:49.594] [pid:22368] [zcode-host] [rpc:call] model-provider.getAllCached OK (80.9ms)
[2026-08-19 13:16:49.839] [warn] [pid:15020] [main] [community] failed to fetch remote config: {}
[2026-08-19 13:16:49.883] [info] [pid:15020] [main] [host-log] (local-1) [host] [2026-08-19 13:16:49.882] [pid:22368] [usage-stats] billing/balance 请求完成 {"balanceCount":2,"balances":[{"entitlement_id":"ent_2_0817_glm_5p3","show_name":"GLM-5.3","total_units":3000000,"used_units":0,"remaining_units":3000000,"available_units":3000000,"reserved_units":null},{"entitlement_id":"ent_2_0817_glm_5turbo","show_name":"GLM-5-Turbo","total_units":2000000,"used_units":0,"remaining_units":2000000,"available_units":2000000,"reserved_units":null}],"code":0,"durationMs":226,"msg":"","payload":{"code":0,"msg":"","data":{"server_time":1787116608,"plans":[{"user_plan_id":"upl_2089944584870027264","plan_id":"zcode-v3-start-plan-0817","name":"ZCode Start Plan","description":"免费 GLM 旗舰模型体验","priority":90,"status":"active","starts_at":1787116592,"ends_at":1787500799,"entitlements":[{"entitlement_id":"ent_2_0817_glm_5p3","show_name":"GLM-5.3","meter":"model_usage","unit_type":"token","capabilities":["model:glm-5.3"],"grant_units":3000000,"period":"daily","priority":110},{"entitlement_id":"ent_2_0817_glm_5turbo","show_name":"GLM-5-Turbo","meter":"model_usage","unit_type":"token","capabilities":["model:GLM-5-Turbo"],"grant_units":2000000,"period":"daily","priority":80}]}],"balances":[{"bucket_id":"bucket_2089944584886804480","user_plan_id":"upl_2089944584870027264","plan_id":"zcode-v3-start-plan-0817","entitlement_id":"ent_2_0817_glm_5p3","show_name":"GLM-5.3","meter":"model_usage","unit_type":"token","capabilities":["model:glm-5.3"],"priority":110,"plan_priority":90,"entitlement_priority":110,"total_units":3000000,"used_units":0,"remaining_units":3000000,"available_units":3000000,"period_start":1787068800,"period_end":1787155199,"expires_at":1787155199},{"bucket_id":"bucket_2089944584895193088","user_plan_id":"upl_2089944584870027264","plan_id":"zcode-v3-start-plan-0817","entitlement_id":"ent_2_0817_glm_5turbo","show_name":"GLM-5-Turbo","meter":"model_usage","unit_type":"token","capabilities":["model:GLM-5-Turbo"],"priority":80,"plan_priority":90,"entitlement_priority":80,"total_units":2000000,"used_units":0,"remaining_units":2000000,"available_units":2000000,"period_start":1787068800,"period_end":1787155199,"expires_at":1787155199}]}},"planCount":1,"plans":[{"name":"ZCode Start Plan","plan_id":"zcode-v3-start-plan-0817","status":"active"}],"providerId":"builtin:zai-start-plan","success":true,"url":"https://zcode.z.ai/api/v1/zcode-plan/billing/balance?app_version=3.7.7"}
[2026-08-19 13:16:49.884] [info] [pid:15020] [main] [host-log] (local-1) [host] [2026-08-19 13:16:49.883] [pid:22368] [zcode-host] [rpc:call] usage-stats.getEntitlementSnapshot OK (369.4ms)
[2026-08-19 13:16:50.090] [warn] [pid:15020] [main] [community] failed to fetch remote config: {}
[2026-08-19 13:16:54.871] [info] [pid:15020] [main] [host-log] (local-1) [host] [2026-08-19 13:16:54.870] [pid:22368] [zcode-agent-service] 为只读会话控制面启动 ZCode agent {"workspaceKey":"C:\\Users\\llh04\\.zcode\\workspace\\default","workspacePath":"C:\\Users\\llh04\\.zcode\\workspace\\default"}
[2026-08-19 13:16:54.872] [info] [pid:15020] [main] [stability] perf_agent_ready reported {"pid":13848,"runtimeGeneration":1,"runtimeInstanceId":"agent-e63f96b8-2fb5-4ea2-9d28-ca7c23025435","startupDurationMs":5319}
[2026-08-19 13:16:54.872] [info] [pid:15020] [main] [host-log] (local-1) [host] [2026-08-19 13:16:54.870] [pid:22368] [zcode-agent-service] provider/model 就绪，允许 ZCode agent 模型执行 {"modelId":"GLM-5.3","providerId":"builtin:zai-start-plan","revision":"sha256:c3adf87375dac1a31e0e3c87273a6e565f48ae1358689ca082267661ed451514","workspaceKey":"C:\\Users\\llh04\\.zcode\\workspace\\default","workspacePath":"C:\\Users\\llh04\\.zcode\\workspace\\default"}
[2026-08-19 13:16:54.873] [info] [pid:15020] [main] [host-log] (local-1) [host] [2026-08-19 13:16:54.870] [pid:22368] [zcode-agent-service] provider/model 就绪，允许 ZCode agent 模型执行 {"modelId":"GLM-5.3","providerId":"builtin:zai-start-plan","revision":"sha256:c3adf87375dac1a31e0e3c87273a6e565f48ae1358689ca082267661ed451514","workspaceKey":"C:\\Users\\llh04\\.zcode\\workspace\\default","workspacePath":"C:\\Users\\llh04\\.zcode\\workspace\\default"}
[2026-08-19 13:16:54.873] [info] [pid:15020] [main] [host-log] (local-1) [host] [2026-08-19 13:16:54.870] [pid:22368] [zcode-agent-service] 开始同步本地 provider registry 到 ZCode agent {"providerCount":1,"reason":"startup_ready:codingPlanAvailability:builtin:zai-coding-plan","revision":"sha256:c3adf87375dac1a31e0e3c87273a6e565f48ae1358689ca082267661ed451514","workspaceKey":"C:\\Users\\llh04\\.zcode\\workspace\\default","workspacePath":"C:\\Users\\llh04\\.zcode\\workspace\\default"}
[2026-08-19 13:16:54.875] [info] [pid:15020] [main] [host-log] (local-1) [host] [2026-08-19 13:16:54.874] [pid:22368] [zcode-host] [rpc:call] zcode-agent.subscribeSessionsIndexV4 OK (5320.4ms)
[2026-08-19 13:16:54.918] [info] [pid:15020] [main] [host-log] (local-1) [host] [2026-08-19 13:16:54.918] [pid:22368] [zcode-agent-service] 本地 provider registry 已同步到 ZCode agent {"appliedProviderRevision":"sha256:c3adf87375dac1a31e0e3c87273a6e565f48ae1358689ca082267661ed451514","providerCount":1,"reason":"startup_ready:codingPlanAvailability:builtin:zai-coding-plan","status":"applied","workspaceKey":"C:\\Users\\llh04\\.zcode\\workspace\\default","workspacePath":"C:\\Users\\llh04\\.zcode\\workspace\\default"}
[2026-08-19 13:16:54.919] [info] [pid:15020] [main] [host-log] (local-1) [host] [2026-08-19 13:16:54.918] [pid:22368] [zcode-agent-service] provider/model 就绪后已启动等待中的 ZCode agent {"providerCount":1,"reason":"codingPlanAvailability:builtin:zai-coding-plan","revision":"sha256:c3adf87375dac1a31e0e3c87273a6e565f48ae1358689ca082267661ed451514","workspaceKey":"C:\\Users\\llh04\\.zcode\\workspace\\default","workspacePath":"C:\\Users\\llh04\\.zcode\\workspace\\default"}
[2026-08-19 13:16:57.627] [info] [pid:15020] [main] [host-log] (local-1) [host] [2026-08-19 13:16:57.626] [pid:22368] [zcode-host] [rpc:call] usage-stats.getEntitlementSnapshot OK (8113.3ms)
[2026-08-19 13:16:57.628] [info] [pid:15020] [main] [host-log] (local-1) [host] [2026-08-19 13:16:57.627] [pid:22368] [zcode-host] [rpc:call] setting.get OK (0.4ms)
[2026-08-19 13:16:57.629] [info] [pid:15020] [main] [host-log] (local-1) [host] [2026-08-19 13:16:57.628] [pid:22368] [settingService] writing settings to: C:\Users\llh04\.zcode\v2\setting.json {"recentProjects":[],"locale":"zh-CN","localePreference":"system","terminalInheritSystemProfile":true,"taskAutoArchiveEnabled":false,"taskAutoArchiveOlderThanDays":7,"closeToTrayOnWindows":true,"closeToTrayOnWindowsMigrationInitialized":true,"keepAwakeWhileRunning":false,"desktopChromiumHardwareAccelerationEnabled":true,"messageStreamShowReasoning":false,"messageStreamShowTodos":false,"zcodeInteractionBehavior":"queue","askUserQuestionAutoResolutionEnabled":true,"optimizeAgentExperienceEnabled":false,"optimizeAgentExperienceMigrationInitialized":true,"enabledBuiltinAgentCliProviders":["glm"],"modelProviderFamilyModes":{"zai":"oauth"},"modelProviderFamilySelectedKeys":{"zai":"coding-plan:builtin:zai-start-plan"},"providerFamilyDomain":"zai","providerFamilyDomainUpdatedAt":1787116588334,"providerFamilyDomainMigrated":true,"repoSnapshotIndexingEnabled":false,"instantGrepIndexingEnabled":false,"nativeSearchEnhancementsEnabled":true,"memoryEnabled":false,"lastWorkspaceSession":[{"kind":"local","workspacePath":"C:\\Users\\llh04\\.zcode\\workspace\\default","workspacePurpose":"conversation"}],"lastActiveTabIndex":0,"receivePreviewUpdates":false,"autoDownloadAndInstallUpdates":false,"skippedElectronUpdateVersions":{},"settingsSyncFirstRunPromptHandled":true}
[2026-08-19 13:16:57.632] [info] [pid:15020] [main] [host-log] (local-1) [host] [2026-08-19 13:16:57.631] [pid:22368] [settingService] write done
[2026-08-19 13:16:57.633] [info] [pid:15020] [main] [host-log] (local-1) [host] [2026-08-19 13:16:57.631] [pid:22368] [zcode-host] [rpc:call] setting.update OK (3.6ms)
[2026-08-19 13:16:57.647] [info] [pid:15020] [main] [host-log] (local-1) [host] [2026-08-19 13:16:57.646] [pid:22368] [zcode-host] [rpc:call] setting.get OK (14.0ms)
[2026-08-19 13:16:57.660] [info] [pid:15020] [main] [host-log] (local-1) [host] [2026-08-19 13:16:57.659] [pid:22368] [zcode-host] [rpc:call] off-peak-task.getCodingPlanSupport OK (0.6ms)
[2026-08-19 13:16:58.447] [info] [pid:15020] [main] [host-log] (local-1) [host] [2026-08-19 13:16:58.446] [pid:22368] [zcode-host] [rpc:call] off-peak-task.list OK (0.2ms)
[2026-08-19 13:16:59.651] [info] [pid:15020] [main] [host-log] (local-1) [host] [2026-08-19 13:16:59.650] [pid:22368] [zcode-agent-service] provider registry 变更已推送到本地 active workspace {"providerCount":1,"reason":"codingPlanApiKey:builtin:zai-start-plan","revision":"sha256:c3adf87375dac1a31e0e3c87273a6e565f48ae1358689ca082267661ed451514","workspaceKey":"C:\\Users\\llh04\\.zcode\\workspace\\default","workspacePath":"C:\\Users\\llh04\\.zcode\\workspace\\default"}
[2026-08-19 13:16:59.876] [info] [pid:15020] [main] [host-log] (local-1) [host] [2026-08-19 13:16:59.876] [pid:22368] [coding-plan-availability] billing/balance 请求完成 {"durationMs":223,"hasActiveStartPlan":true,"msg":"","payload":{"code":0,"msg":"","data":{"server_time":1787116618,"plans":[{"user_plan_id":"upl_2089944584870027264","plan_id":"zcode-v3-start-plan-0817","name":"ZCode Start Plan","description":"免费 GLM 旗舰模型体验","priority":90,"status":"active","starts_at":1787116592,"ends_at":1787500799,"entitlements":[{"entitlement_id":"ent_2_0817_glm_5p3","show_name":"GLM-5.3","meter":"model_usage","unit_type":"token","capabilities":["model:glm-5.3"],"grant_units":3000000,"period":"daily","priority":110},{"entitlement_id":"ent_2_0817_glm_5turbo","show_name":"GLM-5-Turbo","meter":"model_usage","unit_type":"token","capabilities":["model:GLM-5-Turbo"],"grant_units":2000000,"period":"daily","priority":80}]}],"balances":[{"bucket_id":"bucket_2089944584886804480","user_plan_id":"upl_2089944584870027264","plan_id":"zcode-v3-start-plan-0817","entitlement_id":"ent_2_0817_glm_5p3","show_name":"GLM-5.3","meter":"model_usage","unit_type":"token","capabilities":["model:glm-5.3"],"priority":110,"plan_priority":90,"entitlement_priority":110,"total_units":3000000,"used_units":0,"remaining_units":3000000,"available_units":3000000,"period_start":1787068800,"period_end":1787155199,"expires_at":1787155199},{"bucket_id":"bucket_2089944584895193088","user_plan_id":"upl_2089944584870027264","plan_id":"zcode-v3-start-plan-0817","entitlement_id":"ent_2_0817_glm_5turbo","show_name":"GLM-5-Turbo","meter":"model_usage","unit_type":"token","capabilities":["model:GLM-5-Turbo"],"priority":80,"plan_priority":90,"entitlement_priority":80,"total_units":2000000,"used_units":0,"remaining_units":2000000,"available_units":2000000,"period_start":1787068800,"period_end":1787155199,"expires_at":1787155199}]}},"planCount":1,"plans":[{"name":"ZCode Start Plan","plan_id":"zcode-v3-start-plan-0817","status":"active"}],"providerId":"builtin:zai-start-plan","success":true,"url":"https://zcode.z.ai/api/v1/zcode-plan/billing/balance?app_version=3.7.7","code":0}
[2026-08-19 13:17:00.084] [info] [pid:15020] [main] [host-log] (local-1) [host] [2026-08-19 13:17:00.084] [pid:22368] [zcode-host] [rpc:call] model-provider.refreshCodingPlanApiKey OK (2436.8ms)
[2026-08-19 13:17:00.098] [info] [pid:15020] [main] [host-log] (local-1) [host] [2026-08-19 13:17:00.098] [pid:22368] [zcode-agent-service] provider registry 变更已推送到本地 active workspace {"providerCount":1,"reason":"codingPlanAvailability:builtin:zai-start-plan","revision":"sha256:c3adf87375dac1a31e0e3c87273a6e565f48ae1358689ca082267661ed451514","workspaceKey":"C:\\Users\\llh04\\.zcode\\workspace\\default","workspacePath":"C:\\Users\\llh04\\.zcode\\workspace\\default"}
[2026-08-19 13:17:00.100] [info] [pid:15020] [main] [host-log] (local-1) [host] [2026-08-19 13:17:00.100] [pid:22368] [zcode-host] [rpc:call] model-provider.getAllCached OK (15.3ms)
[2026-08-19 13:17:00.131] [info] [pid:15020] [main] [host-log] (local-1) [host] [2026-08-19 13:17:00.131] [pid:22368] [usage-stats] 读取 BigModel entitlement 已解析授权上下文 {"preferredProviderId":"builtin:zai-coding-plan","providerId":"builtin:zai-coding-plan","scope":"personal","organizationId":null,"projectId":null}
[2026-08-19 13:17:00.164] [info] [pid:15020] [main] [host-log] (local-1) [host] [2026-08-19 13:17:00.163] [pid:22368] [usage-stats] 读取 BigModel entitlement 未找到可用授权 {"preferredProviderId":"builtin:zai-coding-plan","organizationId":null,"projectId":null}
[2026-08-19 13:17:00.165] [info] [pid:15020] [main] [host-log] (local-1) [host] [2026-08-19 13:17:00.163] [pid:22368] [zcode-host] [rpc:call] usage-stats.getEntitlementSnapshot OK (46.1ms)
[2026-08-19 13:17:00.327] [info] [pid:15020] [main] [host-log] (local-1) [host] [2026-08-19 13:17:00.326] [pid:22368] [zcode-agent-service] provider registry 变更已推送到本地 active workspace {"providerCount":1,"reason":"getAll","revision":"sha256:c3adf87375dac1a31e0e3c87273a6e565f48ae1358689ca082267661ed451514","workspaceKey":"C:\\Users\\llh04\\.zcode\\workspace\\default","workspacePath":"C:\\Users\\llh04\\.zcode\\workspace\\default"}
[2026-08-19 13:17:00.330] [info] [pid:15020] [main] [host-log] (local-1) [host] [2026-08-19 13:17:00.329] [pid:22368] [zcode-host] [rpc:call] model-provider.getAll OK (205.2ms)
[2026-08-19 13:17:00.591] [info] [pid:15020] [main] [createWindow] window close hidden to tray (local-1)
[2026-08-19 13:17:00.656] [info] [pid:15020] [main] [host-log] (local-1) [host] [2026-08-19 13:17:00.656] [pid:22368] [zcode-host] [rpc:call] coding-plan-subscription.batchPreview OK (532.2ms)
[2026-08-19 13:17:01.081] [info] [pid:15020] [main] [host-log] (local-1) [host] [2026-08-19 13:17:01.080] [pid:22368] [zcode-host] [rpc:call] usage-stats.getEntitlementSnapshot OK (963.8ms)
[2026-08-19 13:17:01.148] [info] [pid:15020] [main] [host-log] (local-1) [host] [2026-08-19 13:17:01.148] [pid:22368] [usage-stats] 读取 BigModel entitlement 已解析授权上下文 {"preferredProviderId":"builtin:zai-coding-plan","providerId":"builtin:zai-coding-plan","scope":"personal","organizationId":null,"projectId":null}
[2026-08-19 13:17:01.259] [info] [pid:15020] [main] [host-log] (local-1) [host] [2026-08-19 13:17:01.259] [pid:22368] [usage-stats] billing/balance 请求完成 {"balanceCount":2,"balances":[{"entitlement_id":"ent_2_0817_glm_5p3","show_name":"GLM-5.3","total_units":3000000,"used_units":0,"remaining_units":3000000,"available_units":3000000,"reserved_units":null},{"entitlement_id":"ent_2_0817_glm_5turbo","show_name":"GLM-5-Turbo","total_units":2000000,"used_units":0,"remaining_units":2000000,"available_units":2000000,"reserved_units":null}],"code":0,"durationMs":149,"msg":"","payload":{"code":0,"msg":"","data":{"server_time":1787116619,"plans":[{"user_plan_id":"upl_2089944584870027264","plan_id":"zcode-v3-start-plan-0817","name":"ZCode Start Plan","description":"免费 GLM 旗舰模型体验","priority":90,"status":"active","starts_at":1787116592,"ends_at":1787500799,"entitlements":[{"entitlement_id":"ent_2_0817_glm_5p3","show_name":"GLM-5.3","meter":"model_usage","unit_type":"token","capabilities":["model:glm-5.3"],"grant_units":3000000,"period":"daily","priority":110},{"entitlement_id":"ent_2_0817_glm_5turbo","show_name":"GLM-5-Turbo","meter":"model_usage","unit_type":"token","capabilities":["model:GLM-5-Turbo"],"grant_units":2000000,"period":"daily","priority":80}]}],"balances":[{"bucket_id":"bucket_2089944584886804480","user_plan_id":"upl_2089944584870027264","plan_id":"zcode-v3-start-plan-0817","entitlement_id":"ent_2_0817_glm_5p3","show_name":"GLM-5.3","meter":"model_usage","unit_type":"token","capabilities":["model:glm-5.3"],"priority":110,"plan_priority":90,"entitlement_priority":110,"total_units":3000000,"used_units":0,"remaining_units":3000000,"available_units":3000000,"period_start":1787068800,"period_end":1787155199,"expires_at":1787155199},{"bucket_id":"bucket_2089944584895193088","user_plan_id":"upl_2089944584870027264","plan_id":"zcode-v3-start-plan-0817","entitlement_id":"ent_2_0817_glm_5turbo","show_name":"GLM-5-Turbo","meter":"model_usage","unit_type":"token","capabilities":["model:GLM-5-Turbo"],"priority":80,"plan_priority":90,"entitlement_priority":80,"total_units":2000000,"used_units":0,"remaining_units":2000000,"available_units":2000000,"period_start":1787068800,"period_end":1787155199,"expires_at":1787155199}]}},"planCount":1,"plans":[{"name":"ZCode Start Plan","plan_id":"zcode-v3-start-plan-0817","status":"active"}],"providerId":"builtin:zai-start-plan","success":true,"url":"https://zcode.z.ai/api/v1/zcode-plan/billing/balance?app_version=3.7.7"}
[2026-08-19 13:17:01.260] [info] [pid:15020] [main] [host-log] (local-1) [host] [2026-08-19 13:17:01.259] [pid:22368] [zcode-host] [rpc:call] usage-stats.getEntitlementSnapshot OK (158.5ms)
[2026-08-19 13:17:01.599] [info] [pid:15020] [main] [host-log] (local-1) [host] [2026-08-19 13:17:01.598] [pid:22368] [zcode-agent-service] provider registry 变更已推送到本地 active workspace {"providerCount":1,"reason":"codingPlanApiKey:builtin:zai-coding-plan","revision":"sha256:c3adf87375dac1a31e0e3c87273a6e565f48ae1358689ca082267661ed451514","workspaceKey":"C:\\Users\\llh04\\.zcode\\workspace\\default","workspacePath":"C:\\Users\\llh04\\.zcode\\workspace\\default"}
[2026-08-19 13:17:01.757] [info] [pid:15020] [main] [host-log] (local-1) [host] [2026-08-19 13:17:01.756] [pid:22368] [coding-plan-availability] billing/balance 请求完成 {"durationMs":154,"hasActiveStartPlan":true,"msg":"","payload":{"code":0,"msg":"","data":{"server_time":1787116620,"plans":[{"user_plan_id":"upl_2089944584870027264","plan_id":"zcode-v3-start-plan-0817","name":"ZCode Start Plan","description":"免费 GLM 旗舰模型体验","priority":90,"status":"active","starts_at":1787116592,"ends_at":1787500799,"entitlements":[{"entitlement_id":"ent_2_0817_glm_5p3","show_name":"GLM-5.3","meter":"model_usage","unit_type":"token","capabilities":["model:glm-5.3"],"grant_units":3000000,"period":"daily","priority":110},{"entitlement_id":"ent_2_0817_glm_5turbo","show_name":"GLM-5-Turbo","meter":"model_usage","unit_type":"token","capabilities":["model:GLM-5-Turbo"],"grant_units":2000000,"period":"daily","priority":80}]}],"balances":[{"bucket_id":"bucket_2089944584886804480","user_plan_id":"upl_2089944584870027264","plan_id":"zcode-v3-start-plan-0817","entitlement_id":"ent_2_0817_glm_5p3","show_name":"GLM-5.3","meter":"model_usage","unit_type":"token","capabilities":["model:glm-5.3"],"priority":110,"plan_priority":90,"entitlement_priority":110,"total_units":3000000,"used_units":0,"remaining_units":3000000,"available_units":3000000,"period_start":1787068800,"period_end":1787155199,"expires_at":1787155199},{"bucket_id":"bucket_2089944584895193088","user_plan_id":"upl_2089944584870027264","plan_id":"zcode-v3-start-plan-0817","entitlement_id":"ent_2_0817_glm_5turbo","show_name":"GLM-5-Turbo","meter":"model_usage","unit_type":"token","capabilities":["model:GLM-5-Turbo"],"priority":80,"plan_priority":90,"entitlement_priority":80,"total_units":2000000,"used_units":0,"remaining_units":2000000,"available_units":2000000,"period_start":1787068800,"period_end":1787155199,"expires_at":1787155199}]}},"planCount":1,"plans":[{"name":"ZCode Start Plan","plan_id":"zcode-v3-start-plan-0817","status":"active"}],"providerId":"builtin:zai-start-plan","success":true,"url":"https://zcode.z.ai/api/v1/zcode-plan/billing/balance?app_version=3.7.7","code":0}
[2026-08-19 13:17:01.983] [info] [pid:15020] [main] [host-log] (local-1) [host] [2026-08-19 13:17:01.982] [pid:22368] [zcode-host] [rpc:call] model-provider.refreshCodingPlanApiKey OK (1857.6ms)
[2026-08-19 13:17:01.985] [info] [pid:15020] [main] [host-log] (local-1) [host] [2026-08-19 13:17:01.984] [pid:22368] [zcode-host] [rpc:call] credential.load OK (0.6ms)
[2026-08-19 13:17:01.985] [info] [pid:15020] [main] [host-log] (local-1) [host] [2026-08-19 13:17:01.984] [pid:22368] [zcode-host] [rpc:call] credential.load OK (0.9ms)
[2026-08-19 13:17:01.986] [info] [pid:15020] [main] [host-log] (local-1) [host] [2026-08-19 13:17:01.984] [pid:22368] [zcode-host] [rpc:call] credential.load OK (0.9ms)
[2026-08-19 13:17:01.999] [info] [pid:15020] [main] [host-log] (local-1) [host] [2026-08-19 13:17:01.998] [pid:22368] [zcode-agent-service] provider registry 变更已推送到本地 active workspace {"providerCount":1,"reason":"codingPlanAvailability:builtin:zai-coding-plan","revision":"sha256:c3adf87375dac1a31e0e3c87273a6e565f48ae1358689ca082267661ed451514","workspaceKey":"C:\\Users\\llh04\\.zcode\\workspace\\default","workspacePath":"C:\\Users\\llh04\\.zcode\\workspace\\default"}
[2026-08-19 13:17:02.037] [info] [pid:15020] [main] [host-log] (local-1) [host] [2026-08-19 13:17:02.036] [pid:22368] [zcode-host] [rpc:call] usage-stats.getEntitlementSnapshot OK (935.3ms)
[2026-08-19 13:17:02.437] [info] [pid:15020] [main] [host-log] (local-1) [host] [2026-08-19 13:17:02.436] [pid:22368] [zcode-host] [rpc:call] coding-plan-subscription.batchPreview OK (448.6ms)
[2026-08-19 13:17:05.753] [info] [pid:15020] [main] [host-log] (local-1) [host] [2026-08-19 13:17:05.753] [pid:22368] [zcode-agent-service] ZCode Protocol workspace/readState 完成 {"durationMs":16200,"modelCurrent":"builtin:zai-start-plan/GLM-5.3","modelCount":2,"preferWorkspaceDefaults":false,"providerCount":1,"workspaceKey":"C:\\Users\\llh04\\.zcode\\workspace\\default","workspacePath":"C:\\Users\\llh04\\.zcode\\workspace\\default"}
[2026-08-19 13:17:05.754] [info] [pid:15020] [main] [host-log] (local-1) [host] [2026-08-19 13:17:05.753] [pid:22368] [zcode-host] [rpc:call] zcode-session.readWorkspaceState OK (16200.1ms)
[2026-08-19 13:17:06.557] [info] [pid:15020] [main] [host-log] (local-1) [host] [2026-08-19 13:17:06.557] [pid:22368] [zcode-host] [rpc:call] zcode-agent.sendConversationCommandV4 OK (17003.3ms)
[2026-08-19 13:17:06.986] [info] [pid:15020] [main] [host-log] (local-1) [host] [2026-08-19 13:17:06.983] [pid:22368] [zcode-host] [rpc:call] zcode-agent.subscribeConversationV4 OK (395.3ms)
[2026-08-19 13:17:07.238] [info] [pid:15020] [main] [host-log] (local-1) [host] [2026-08-19 13:17:07.238] [pid:22368] [usage-stats] billing/balance 请求完成 {"balanceCount":2,"balances":[{"entitlement_id":"ent_2_0817_glm_5p3","show_name":"GLM-5.3","total_units":3000000,"used_units":0,"remaining_units":3000000,"available_units":3000000,"reserved_units":null},{"entitlement_id":"ent_2_0817_glm_5turbo","show_name":"GLM-5-Turbo","total_units":2000000,"used_units":0,"remaining_units":2000000,"available_units":2000000,"reserved_units":null}],"code":0,"durationMs":216,"msg":"","payload":{"code":0,"msg":"","data":{"server_time":1787116625,"plans":[{"user_plan_id":"upl_2089944584870027264","plan_id":"zcode-v3-start-plan-0817","name":"ZCode Start Plan","description":"免费 GLM 旗舰模型体验","priority":90,"status":"active","starts_at":1787116592,"ends_at":1787500799,"entitlements":[{"entitlement_id":"ent_2_0817_glm_5p3","show_name":"GLM-5.3","meter":"model_usage","unit_type":"token","capabilities":["model:glm-5.3"],"grant_units":3000000,"period":"daily","priority":110},{"entitlement_id":"ent_2_0817_glm_5turbo","show_name":"GLM-5-Turbo","meter":"model_usage","unit_type":"token","capabilities":["model:GLM-5-Turbo"],"grant_units":2000000,"period":"daily","priority":80}]}],"balances":[{"bucket_id":"bucket_2089944584886804480","user_plan_id":"upl_2089944584870027264","plan_id":"zcode-v3-start-plan-0817","entitlement_id":"ent_2_0817_glm_5p3","show_name":"GLM-5.3","meter":"model_usage","unit_type":"token","capabilities":["model:glm-5.3"],"priority":110,"plan_priority":90,"entitlement_priority":110,"total_units":3000000,"used_units":0,"remaining_units":3000000,"available_units":3000000,"period_start":1787068800,"period_end":1787155199,"expires_at":1787155199},{"bucket_id":"bucket_2089944584895193088","user_plan_id":"upl_2089944584870027264","plan_id":"zcode-v3-start-plan-0817","entitlement_id":"ent_2_0817_glm_5turbo","show_name":"GLM-5-Turbo","meter":"model_usage","unit_type":"token","capabilities":["model:GLM-5-Turbo"],"priority":80,"plan_priority":90,"entitlement_priority":80,"total_units":2000000,"used_units":0,"remaining_units":2000000,"available_units":2000000,"period_start":1787068800,"period_end":1787155199,"expires_at":1787155199}]}},"planCount":1,"plans":[{"name":"ZCode Start Plan","plan_id":"zcode-v3-start-plan-0817","status":"active"}],"providerId":"builtin:zai-start-plan","success":true,"url":"https://zcode.z.ai/api/v1/zcode-plan/billing/balance?app_version=3.7.7"}
[2026-08-19 13:17:07.239] [info] [pid:15020] [main] [host-log] (local-1) [host] [2026-08-19 13:17:07.238] [pid:22368] [zcode-host] [rpc:call] usage-stats.getEntitlementSnapshot OK (230.9ms)
[2026-08-19 13:17:09.533] [warn] [pid:15020] [main] [community] failed to fetch remote config: {}
[2026-08-19 13:17:10.052] [info] [pid:15020] [main] [primary-window] reused existing window (tray-show-current-window)
[2026-08-19 13:17:17.381] [info] [pid:15020] [main] [host-log] (local-1) [host] [2026-08-19 13:17:17.380] [pid:22368] [settingService] writing settings to: C:\Users\llh04\.zcode\v2\setting.json {"recentProjects":[],"locale":"zh-CN","localePreference":"system","terminalInheritSystemProfile":true,"taskAutoArchiveEnabled":false,"taskAutoArchiveOlderThanDays":7,"closeToTrayOnWindows":true,"closeToTrayOnWindowsMigrationInitialized":true,"keepAwakeWhileRunning":false,"desktopChromiumHardwareAccelerationEnabled":true,"messageStreamShowReasoning":false,"messageStreamShowTodos":false,"zcodeInteractionBehavior":"queue","askUserQuestionAutoResolutionEnabled":true,"optimizeAgentExperienceEnabled":false,"optimizeAgentExperienceMigrationInitialized":true,"enabledBuiltinAgentCliProviders":["glm"],"modelProviderFamilyModes":{"zai":"oauth"},"modelProviderFamilySelectedKeys":{"zai":"coding-plan:builtin:zai-start-plan"},"providerFamilyDomain":"zai","providerFamilyDomainUpdatedAt":1787116588334,"providerFamilyDomainMigrated":true,"repoSnapshotIndexingEnabled":false,"instantGrepIndexingEnabled":false,"nativeSearchEnhancementsEnabled":true,"memoryEnabled":false,"lastWorkspaceSession":[{"kind":"local","workspacePath":"C:\\Users\\llh04\\.zcode\\workspace\\default","workspacePurpose":"conversation"}],"lastActiveTabIndex":0,"receivePreviewUpdates":false,"autoDownloadAndInstallUpdates":false,"skippedElectronUpdateVersions":{},"settingsSyncFirstRunPromptHandled":true}
[2026-08-19 13:17:17.386] [info] [pid:15020] [main] [host-log] (local-1) [host] [2026-08-19 13:17:17.386] [pid:22368] [settingService] write done
[2026-08-19 13:17:17.387] [info] [pid:15020] [main] [host-log] (local-1) [host] [2026-08-19 13:17:17.386] [pid:22368] [zcode-host] [rpc:call] setting.update OK (6.9ms)
[2026-08-19 13:17:28.452] [info] [pid:15020] [main] [host-log] (local-1) [host] [2026-08-19 13:17:28.450] [pid:22368] [zcode-host] [rpc:call] off-peak-task.list OK (0.3ms)
[2026-08-19 13:17:32.669] [info] [pid:15020] [main] [host-log] (local-1) [host] [2026-08-19 13:17:32.669] [pid:22368] [zcode-host] [rpc:call] model-provider.getProviderRegistrySnapshot OK (0.5ms)
[2026-08-19 13:17:32.675] [debug] [pid:15020] [main] [browser-use] execute start browserId=iab:9e48cd6a-68b6-4a21-aacf-eee6de8b0d20 sessionId=sess_e9fa1d76-6ca1-4568-b369-0c57e9fde214 method=list
[2026-08-19 13:17:32.675] [debug] [pid:15020] [main] [browser-use] execute requestId=0fd0e484-2e80-4ef1-ad4d-ad25eba217eb browserId=iab:9e48cd6a-68b6-4a21-aacf-eee6de8b0d20 generation=1787116567676 windowId=1 sessionId=sess_e9fa1d76-6ca1-4568-b369-0c57e9fde214 method=list
[2026-08-19 13:17:32.676] [debug] [pid:15020] [main] [browser-use] execute done sessionId=sess_e9fa1d76-6ca1-4568-b369-0c57e9fde214 method=list ok=true elapsedMs=0
[2026-08-19 13:17:32.677] [debug] [pid:15020] [main] [browser-use] execute start browserId=iab:9e48cd6a-68b6-4a21-aacf-eee6de8b0d20 sessionId=sess_e9fa1d76-6ca1-4568-b369-0c57e9fde214 method=listUserTabs
[2026-08-19 13:17:32.677] [debug] [pid:15020] [main] [browser-use] execute requestId=a4d80f59-b04b-4d10-a70b-dfc069e8ffed browserId=iab:9e48cd6a-68b6-4a21-aacf-eee6de8b0d20 generation=1787116567676 windowId=1 sessionId=sess_e9fa1d76-6ca1-4568-b369-0c57e9fde214 method=listUserTabs
[2026-08-19 13:17:32.677] [debug] [pid:15020] [main] [browser-use] execute done sessionId=sess_e9fa1d76-6ca1-4568-b369-0c57e9fde214 method=listUserTabs ok=true elapsedMs=0
[2026-08-19 13:17:32.874] [info] [pid:15020] [main] [host-log] (local-1) [host] [2026-08-19 13:17:32.873] [pid:22368] [zcode-host] [rpc:call] zcode-agent.sendConversationCommandV4 OK (199.7ms)
[2026-08-19 13:17:32.876] [info] [pid:15020] [main] [host-log] (local-1) [host] [2026-08-19 13:17:32.873] [pid:22368] [zcode-agent-service] 开始请求 ZCode Protocol session/resume {"hasRuntimeModel":false,"mcpServerCount":0,"mcpServerNames":[],"modelHint":null,"runtimeModel":null,"sessionId":"sess_e9fa1d76-6ca1-4568-b369-0c57e9fde214","workspaceKey":"C:\\Users\\llh04\\.zcode\\workspace\\default","workspacePath":"C:\\Users\\llh04\\.zcode\\workspace\\default"}
[2026-08-19 13:17:32.885] [info] [pid:15020] [main] [host-log] (local-1) [host] [2026-08-19 13:17:32.884] [pid:22368] [zcode-agent-service][trace:ffdb96e3-9238-4c99-a7d6-65a05d950027] 收到 ZCode provider runtime headers 请求 {"modelId":"GLM-5.3","providerId":"builtin:zai-start-plan","requestId":"sess_e9fa1d76-6ca1-4568-b369-0c57e9fde214:provider-runtime-headers:1787116652883","sessionId":"sess_e9fa1d76-6ca1-4568-b369-0c57e9fde214","turnId":"turn_67263c17-9793-43c6-928f-e90bb1166b46","workspaceKey":"C:\\Users\\llh04\\.zcode\\workspace\\default","workspacePath":"C:\\Users\\llh04\\.zcode\\workspace\\default"}
[2026-08-19 13:17:33.186] [info] [pid:15020] [main] [host-log] (local-1) [host] [2026-08-19 13:17:32.902] [pid:22368] [zcode-host] [rpc:call] zcode-task.getTaskSessionFilePath OK (0.1ms)
[2026-08-19 13:17:33.208] [info] [pid:15020] [main] [host-log] (local-1) [host] [2026-08-19 13:17:32.903] [pid:22368] [zcode-host] [rpc:call] zcode-task.getTaskNativeSessionLogFile OK (0.2ms)
[2026-08-19 13:17:33.209] [info] [pid:15020] [main] [host-log] (local-1) [host] [2026-08-19 13:17:32.903] [pid:22368] [zcode-host] [rpc:call] zcode-task.getWorkspaceProviderConfigFile OK (0.0ms)
[2026-08-19 13:17:33.209] [info] [pid:15020] [main] [host-log] (local-1) [host] [2026-08-19 13:17:32.905] [pid:22368] [zcode-host] [rpc:listen] zcode-agent.onDynamicProviderRuntimeHeadersRequest subscribed
[2026-08-19 13:17:33.209] [info] [pid:15020] [main] [host-log] (local-1) [host] [2026-08-19 13:17:32.906] [pid:22368] [zcode-host] [rpc:call] zcode-task.getTaskNativeSessionLogFile OK (0.1ms)
[2026-08-19 13:17:33.210] [info] [pid:15020] [main] [host-log] (local-1) [host] [2026-08-19 13:17:32.906] [pid:22368] [zcode-host] [rpc:call] zcode-task.getTaskSessionFilePath OK (0.0ms)
[2026-08-19 13:17:33.210] [info] [pid:15020] [main] [host-log] (local-1) [host] [2026-08-19 13:17:32.943] [pid:22368] [zcode-host] [rpc:call] model-provider.getAllCached OK (21.0ms)
[2026-08-19 13:17:33.210] [info] [pid:15020] [main] [host-log] (local-1) [host] [2026-08-19 13:17:32.948] [pid:22368] [zcode-host] [rpc:call] coding-plan-subscription.getCaptchaConfig OK (0.1ms)
[2026-08-19 13:17:33.211] [info] [pid:15020] [main] [host-log] (local-1) [host] [2026-08-19 13:17:33.147] [pid:22368] [usage-stats] 读取 BigModel entitlement 已解析授权上下文 {"preferredProviderId":"builtin:zai-coding-plan","providerId":"builtin:zai-coding-plan","scope":"personal","organizationId":null,"projectId":null}
[2026-08-19 13:17:33.211] [info] [pid:15020] [main] [host-log] (local-1) [host] [2026-08-19 13:17:33.182] [pid:22368] [settingService] writing settings to: C:\Users\llh04\.zcode\v2\setting.json {"recentProjects":[],"locale":"zh-CN","localePreference":"system","terminalInheritSystemProfile":true,"taskAutoArchiveEnabled":false,"taskAutoArchiveOlderThanDays":7,"closeToTrayOnWindows":true,"closeToTrayOnWindowsMigrationInitialized":true,"keepAwakeWhileRunning":false,"desktopChromiumHardwareAccelerationEnabled":true,"messageStreamShowReasoning":false,"messageStreamShowTodos":false,"zcodeInteractionBehavior":"queue","askUserQuestionAutoResolutionEnabled":true,"optimizeAgentExperienceEnabled":false,"optimizeAgentExperienceMigrationInitialized":true,"enabledBuiltinAgentCliProviders":["glm"],"modelProviderFamilyModes":{"zai":"oauth"},"modelProviderFamilySelectedKeys":{"zai":"coding-plan:builtin:zai-start-plan"},"providerFamilyDomain":"zai","providerFamilyDomainUpdatedAt":1787116588334,"providerFamilyDomainMigrated":true,"repoSnapshotIndexingEnabled":false,"instantGrepIndexingEnabled":false,"nativeSearchEnhancementsEnabled":true,"memoryEnabled":false,"lastWorkspaceSession":[{"kind":"local","workspacePath":"C:\\Users\\llh04\\.zcode\\workspace\\default","workspacePurpose":"conversation"}],"lastActiveTabIndex":0,"receivePreviewUpdates":false,"autoDownloadAndInstallUpdates":false,"skippedElectronUpdateVersions":{},"settingsSyncFirstRunPromptHandled":true}
[2026-08-19 13:17:33.212] [info] [pid:15020] [main] [host-log] (local-1) [host] [2026-08-19 13:17:33.195] [pid:22368] [settingService] write done
[2026-08-19 13:17:33.212] [info] [pid:15020] [main] [host-log] (local-1) [host] [2026-08-19 13:17:33.196] [pid:22368] [zcode-host] [rpc:call] setting.update OK (15.0ms)
[2026-08-19 13:17:33.284] [info] [pid:15020] [main] [host-log] (local-1) [host] [2026-08-19 13:17:33.284] [pid:22368] [zcode-agent-service][trace:ffdb96e3-9238-4c99-a7d6-65a05d950027] ZCode Protocol session/resume 完成 {"durationMs":414,"hasRuntimeModel":false,"messageCount":2,"modelCurrent":"builtin:zai-start-plan/GLM-5.3","mcpServerCount":0,"sessionId":"sess_e9fa1d76-6ca1-4568-b369-0c57e9fde214","snapshotTraceId":"ffdb96e3-9238-4c99-a7d6-65a05d950027","workspaceKey":"C:\\Users\\llh04\\.zcode\\workspace\\default","workspacePath":"C:\\Users\\llh04\\.zcode\\workspace\\default"}
[2026-08-19 13:17:33.294] [info] [pid:15020] [main] [host-log] (local-1) [host] [2026-08-19 13:17:33.294] [pid:22368] [zcode-host] [rpc:call] zcode-task.listPinnedTaskIds OK (0.3ms)
[2026-08-19 13:17:33.296] [info] [pid:15020] [main] [host-log] (local-1) [host] [2026-08-19 13:17:33.294] [pid:22368] [zcode-host] [rpc:call] zcode-task.listArchivedTasks OK (0.3ms)
[2026-08-19 13:17:33.299] [info] [pid:15020] [main] [host-log] (local-1) [host] [2026-08-19 13:17:33.295] [pid:22368] [zcode-host] [rpc:call] zcode-task.listTasks OK (0.6ms)
[2026-08-19 13:17:33.300] [info] [pid:15020] [main] [host-log] (local-1) [host] [2026-08-19 13:17:33.296] [pid:22368] [zcode-host] [rpc:call] zcode-task.listPinnedTasks OK (0.2ms)
[2026-08-19 13:17:33.301] [info] [pid:15020] [main] [host-log] (local-1) [host] [2026-08-19 13:17:33.296] [pid:22368] [zcode-host] [rpc:call] zcode-task.listDeletedTaskIds OK (0.1ms)
[2026-08-19 13:17:33.326] [info] [pid:15020] [main] [host-log] (local-1) [host] [2026-08-19 13:17:33.311] [pid:22368] [zcode-host] [rpc:call] zcode-task.getTaskNativeSessionLogFile OK (0.3ms)
[2026-08-19 13:17:33.388] [info] [pid:15020] [main] [host-log] (local-1) [host] [2026-08-19 13:17:33.388] [pid:22368] [usage-stats] billing/balance 请求完成 {"balanceCount":2,"balances":[{"entitlement_id":"ent_2_0817_glm_5p3","show_name":"GLM-5.3","total_units":3000000,"used_units":0,"remaining_units":3000000,"available_units":3000000,"reserved_units":null},{"entitlement_id":"ent_2_0817_glm_5turbo","show_name":"GLM-5-Turbo","total_units":2000000,"used_units":0,"remaining_units":2000000,"available_units":2000000,"reserved_units":null}],"code":0,"durationMs":186,"msg":"","payload":{"code":0,"msg":"","data":{"server_time":1787116652,"plans":[{"user_plan_id":"upl_2089944584870027264","plan_id":"zcode-v3-start-plan-0817","name":"ZCode Start Plan","description":"免费 GLM 旗舰模型体验","priority":90,"status":"active","starts_at":1787116592,"ends_at":1787500799,"entitlements":[{"entitlement_id":"ent_2_0817_glm_5p3","show_name":"GLM-5.3","meter":"model_usage","unit_type":"token","capabilities":["model:glm-5.3"],"grant_units":3000000,"period":"daily","priority":110},{"entitlement_id":"ent_2_0817_glm_5turbo","show_name":"GLM-5-Turbo","meter":"model_usage","unit_type":"token","capabilities":["model:GLM-5-Turbo"],"grant_units":2000000,"period":"daily","priority":80}]}],"balances":[{"bucket_id":"bucket_2089944584886804480","user_plan_id":"upl_2089944584870027264","plan_id":"zcode-v3-start-plan-0817","entitlement_id":"ent_2_0817_glm_5p3","show_name":"GLM-5.3","meter":"model_usage","unit_type":"token","capabilities":["model:glm-5.3"],"priority":110,"plan_priority":90,"entitlement_priority":110,"total_units":3000000,"used_units":0,"remaining_units":3000000,"available_units":3000000,"period_start":1787068800,"period_end":1787155199,"expires_at":1787155199},{"bucket_id":"bucket_2089944584895193088","user_plan_id":"upl_2089944584870027264","plan_id":"zcode-v3-start-plan-0817","entitlement_id":"ent_2_0817_glm_5turbo","show_name":"GLM-5-Turbo","meter":"model_usage","unit_type":"token","capabilities":["model:GLM-5-Turbo"],"priority":80,"plan_priority":90,"entitlement_priority":80,"total_units":2000000,"used_units":0,"remaining_units":2000000,"available_units":2000000,"period_start":1787068800,"period_end":1787155199,"expires_at":1787155199}]}},"planCount":1,"plans":[{"name":"ZCode Start Plan","plan_id":"zcode-v3-start-plan-0817","status":"active"}],"providerId":"builtin:zai-start-plan","success":true,"url":"https://zcode.z.ai/api/v1/zcode-plan/billing/balance?app_version=3.7.7"}
[2026-08-19 13:17:33.389] [info] [pid:15020] [main] [host-log] (local-1) [host] [2026-08-19 13:17:33.388] [pid:22368] [usage-stats] billing/balance 请求完成 {"balanceCount":2,"balances":[{"entitlement_id":"ent_2_0817_glm_5p3","show_name":"GLM-5.3","total_units":3000000,"used_units":0,"remaining_units":3000000,"available_units":3000000,"reserved_units":null},{"entitlement_id":"ent_2_0817_glm_5turbo","show_name":"GLM-5-Turbo","total_units":2000000,"used_units":0,"remaining_units":2000000,"available_units":2000000,"reserved_units":null}],"code":0,"durationMs":127,"msg":"","payload":{"code":0,"msg":"","data":{"server_time":1787116652,"plans":[{"user_plan_id":"upl_2089944584870027264","plan_id":"zcode-v3-start-plan-0817","name":"ZCode Start Plan","description":"免费 GLM 旗舰模型体验","priority":90,"status":"active","starts_at":1787116592,"ends_at":1787500799,"entitlements":[{"entitlement_id":"ent_2_0817_glm_5p3","show_name":"GLM-5.3","meter":"model_usage","unit_type":"token","capabilities":["model:glm-5.3"],"grant_units":3000000,"period":"daily","priority":110},{"entitlement_id":"ent_2_0817_glm_5turbo","show_name":"GLM-5-Turbo","meter":"model_usage","unit_type":"token","capabilities":["model:GLM-5-Turbo"],"grant_units":2000000,"period":"daily","priority":80}]}],"balances":[{"bucket_id":"bucket_2089944584886804480","user_plan_id":"upl_2089944584870027264","plan_id":"zcode-v3-start-plan-0817","entitlement_id":"ent_2_0817_glm_5p3","show_name":"GLM-5.3","meter":"model_usage","unit_type":"token","capabilities":["model:glm-5.3"],"priority":110,"plan_priority":90,"entitlement_priority":110,"total_units":3000000,"used_units":0,"remaining_units":3000000,"available_units":3000000,"period_start":1787068800,"period_end":1787155199,"expires_at":1787155199},{"bucket_id":"bucket_2089944584895193088","user_plan_id":"upl_2089944584870027264","plan_id":"zcode-v3-start-plan-0817","entitlement_id":"ent_2_0817_glm_5turbo","show_name":"GLM-5-Turbo","meter":"model_usage","unit_type":"token","capabilities":["model:GLM-5-Turbo"],"priority":80,"plan_priority":90,"entitlement_priority":80,"total_units":2000000,"used_units":0,"remaining_units":2000000,"available_units":2000000,"period_start":1787068800,"period_end":1787155199,"expires_at":1787155199}]}},"planCount":1,"plans":[{"name":"ZCode Start Plan","plan_id":"zcode-v3-start-plan-0817","status":"active"}],"providerId":"builtin:zai-start-plan","success":true,"url":"https://zcode.z.ai/api/v1/zcode-plan/billing/balance?app_version=3.7.7"}
[2026-08-19 13:17:33.390] [info] [pid:15020] [main] [host-log] (local-1) [host] [2026-08-19 13:17:33.389] [pid:22368] [zcode-host] [rpc:call] usage-stats.getEntitlementSnapshot OK (252.7ms)
[2026-08-19 13:17:33.390] [info] [pid:15020] [main] [host-log] (local-1) [host] [2026-08-19 13:17:33.389] [pid:22368] [zcode-host] [rpc:call] usage-stats.getEntitlementSnapshot OK (252.7ms)
[2026-08-19 13:17:33.416] [info] [pid:15020] [main] [host-log] (local-1) [host] [2026-08-19 13:17:33.415] [pid:22368] [zcode-session-service] [zcode-session-service] readSession 历史快照读取完成 {"durationMs":509,"messageLimit":1,"sessionId":"sess_e9fa1d76-6ca1-4568-b369-0c57e9fde214","snapshot":{"activeTurnId":"turn_67263c17-9793-43c6-928f-e90bb1166b46","eventSeq":4,"messageCount":1,"pendingRequestCount":0,"sessionStatus":"running","stateRevision":0},"workspaceIdentity":null,"workspacePath":"C:\\Users\\llh04\\.zcode\\workspace\\default"}
[2026-08-19 13:17:33.417] [info] [pid:15020] [main] [host-log] (local-1) [host] [2026-08-19 13:17:33.415] [pid:22368] [zcode-host] [rpc:call] zcode-session.readSession OK (509.6ms)
[2026-08-19 13:17:33.417] [info] [pid:15020] [main] [host-log] (local-1) [host] [2026-08-19 13:17:33.416] [pid:22368] [zcode-host] [rpc:call] zcode-agent.conversationPlansV4 OK (501.8ms)
[2026-08-19 13:17:36.085] [info] [pid:15020] [main] [host-log] (local-1) [host] [2026-08-19 13:17:36.085] [pid:22368] [settingService] writing settings to: C:\Users\llh04\.zcode\v2\setting.json {"recentProjects":[],"locale":"zh-CN","localePreference":"system","terminalInheritSystemProfile":true,"taskAutoArchiveEnabled":false,"taskAutoArchiveOlderThanDays":7,"closeToTrayOnWindows":true,"closeToTrayOnWindowsMigrationInitialized":true,"keepAwakeWhileRunning":false,"desktopChromiumHardwareAccelerationEnabled":true,"messageStreamShowReasoning":false,"messageStreamShowTodos":false,"zcodeInteractionBehavior":"queue","askUserQuestionAutoResolutionEnabled":true,"optimizeAgentExperienceEnabled":false,"optimizeAgentExperienceMigrationInitialized":true,"enabledBuiltinAgentCliProviders":["glm"],"modelProviderFamilyModes":{"zai":"oauth"},"modelProviderFamilySelectedKeys":{"zai":"coding-plan:builtin:zai-start-plan"},"providerFamilyDomain":"zai","providerFamilyDomainUpdatedAt":1787116588334,"providerFamilyDomainMigrated":true,"repoSnapshotIndexingEnabled":false,"instantGrepIndexingEnabled":false,"nativeSearchEnhancementsEnabled":true,"memoryEnabled":false,"lastWorkspaceSession":[{"kind":"local","workspacePath":"C:\\Users\\llh04\\.zcode\\workspace\\default","workspacePurpose":"conversation"}],"lastActiveTabIndex":0,"receivePreviewUpdates":false,"autoDownloadAndInstallUpdates":false,"skippedElectronUpdateVersions":{},"settingsSyncFirstRunPromptHandled":true}
[2026-08-19 13:17:36.088] [info] [pid:15020] [main] [host-log] (local-1) [host] [2026-08-19 13:17:36.088] [pid:22368] [settingService] write done
[2026-08-19 13:17:36.089] [info] [pid:15020] [main] [host-log] (local-1) [host] [2026-08-19 13:17:36.088] [pid:22368] [zcode-host] [rpc:call] setting.update OK (4.0ms)
[2026-08-19 13:17:36.413] [info] [pid:15020] [main] [host-log] (local-1) [host] [2026-08-19 13:17:36.413] [pid:22368] [zcode-agent-service] 完成同步当前模型 runtime config 到 ZCode agent {"applyModelSelection":true,"appliedModelRuntimeRevision":"model-runtime:unapplied","changed":false,"model":"builtin:zai-start-plan/GLM-5.3","runtimeBaseURL":"https://zcode.z.ai/api/v1/zcode-plan/anthropic","runtimeProviderId":"builtin:zai-start-plan","sessionId":"sess_e9fa1d76-6ca1-4568-b369-0c57e9fde214","workspaceKey":"C:\\Users\\llh04\\.zcode\\workspace\\default","workspacePath":"C:\\Users\\llh04\\.zcode\\workspace\\default"}
[2026-08-19 13:17:36.414] [info] [pid:15020] [main] [host-log] (local-1) [host] [2026-08-19 13:17:36.413] [pid:22368] [zcode-host] [rpc:call] zcode-agent.respondProviderRuntimeHeaders OK (132.3ms)
[2026-08-19 13:17:38.560] [info] [pid:15020] [main] [host-log] (local-1) [host] [2026-08-19 13:17:38.547] [pid:22368] [zcode-agent-service][trace:ffdb96e3-9238-4c99-a7d6-65a05d950027] 开始请求 ZCode Protocol session/resume {"hasRuntimeModel":false,"mcpServerCount":0,"mcpServerNames":[],"modelHint":null,"runtimeModel":null,"sessionId":"sess_e9fa1d76-6ca1-4568-b369-0c57e9fde214","workspaceKey":"C:\\Users\\llh04\\.zcode\\workspace\\default","workspacePath":"C:\\Users\\llh04\\.zcode\\workspace\\default"}
[2026-08-19 13:17:38.817] [info] [pid:15020] [main] [host-log] (local-1) [host] [2026-08-19 13:17:38.817] [pid:22368] [zcode-agent-service][trace:ffdb96e3-9238-4c99-a7d6-65a05d950027] ZCode Protocol session/resume 完成 {"durationMs":271,"hasRuntimeModel":false,"messageCount":2,"modelCurrent":"builtin:zai-start-plan/GLM-5.3","mcpServerCount":0,"sessionId":"sess_e9fa1d76-6ca1-4568-b369-0c57e9fde214","snapshotTraceId":"ffdb96e3-9238-4c99-a7d6-65a05d950027","workspaceKey":"C:\\Users\\llh04\\.zcode\\workspace\\default","workspacePath":"C:\\Users\\llh04\\.zcode\\workspace\\default"}
[2026-08-19 13:17:38.918] [info] [pid:15020] [main] [host-log] (local-1) [host] [2026-08-19 13:17:38.918] [pid:22368] [usage-stats] billing/balance 请求完成 {"balanceCount":2,"balances":[{"entitlement_id":"ent_2_0817_glm_5p3","show_name":"GLM-5.3","total_units":3000000,"used_units":13703,"remaining_units":2986297,"available_units":2986297,"reserved_units":null},{"entitlement_id":"ent_2_0817_glm_5turbo","show_name":"GLM-5-Turbo","total_units":2000000,"used_units":0,"remaining_units":2000000,"available_units":2000000,"reserved_units":null}],"code":0,"durationMs":208,"msg":"","payload":{"code":0,"msg":"","data":{"server_time":1787116657,"plans":[{"user_plan_id":"upl_2089944584870027264","plan_id":"zcode-v3-start-plan-0817","name":"ZCode Start Plan","description":"免费 GLM 旗舰模型体验","priority":90,"status":"active","starts_at":1787116592,"ends_at":1787500799,"entitlements":[{"entitlement_id":"ent_2_0817_glm_5p3","show_name":"GLM-5.3","meter":"model_usage","unit_type":"token","capabilities":["model:glm-5.3"],"grant_units":3000000,"period":"daily","priority":110},{"entitlement_id":"ent_2_0817_glm_5turbo","show_name":"GLM-5-Turbo","meter":"model_usage","unit_type":"token","capabilities":["model:GLM-5-Turbo"],"grant_units":2000000,"period":"daily","priority":80}]}],"balances":[{"bucket_id":"bucket_2089944584886804480","user_plan_id":"upl_2089944584870027264","plan_id":"zcode-v3-start-plan-0817","entitlement_id":"ent_2_0817_glm_5p3","show_name":"GLM-5.3","meter":"model_usage","unit_type":"token","capabilities":["model:glm-5.3"],"priority":110,"plan_priority":90,"entitlement_priority":110,"total_units":3000000,"used_units":13703,"remaining_units":2986297,"available_units":2986297,"period_start":1787068800,"period_end":1787155199,"expires_at":1787155199},{"bucket_id":"bucket_2089944584895193088","user_plan_id":"upl_2089944584870027264","plan_id":"zcode-v3-start-plan-0817","entitlement_id":"ent_2_0817_glm_5turbo","show_name":"GLM-5-Turbo","meter":"model_usage","unit_type":"token","capabilities":["model:GLM-5-Turbo"],"priority":80,"plan_priority":90,"entitlement_priority":80,"total_units":2000000,"used_units":0,"remaining_units":2000000,"available_units":2000000,"period_start":1787068800,"period_end":1787155199,"expires_at":1787155199}]}},"planCount":1,"plans":[{"name":"ZCode Start Plan","plan_id":"zcode-v3-start-plan-0817","status":"active"}],"providerId":"builtin:zai-start-plan","success":true,"url":"https://zcode.z.ai/api/v1/zcode-plan/billing/balance?app_version=3.7.7"}
[2026-08-19 13:17:38.919] [info] [pid:15020] [main] [host-log] (local-1) [host] [2026-08-19 13:17:38.918] [pid:22368] [usage-stats] billing/balance 请求完成 {"balanceCount":2,"balances":[{"entitlement_id":"ent_2_0817_glm_5p3","show_name":"GLM-5.3","total_units":3000000,"used_units":13703,"remaining_units":2986297,"available_units":2986297,"reserved_units":null},{"entitlement_id":"ent_2_0817_glm_5turbo","show_name":"GLM-5-Turbo","total_units":2000000,"used_units":0,"remaining_units":2000000,"available_units":2000000,"reserved_units":null}],"code":0,"durationMs":164,"msg":"","payload":{"code":0,"msg":"","data":{"server_time":1787116657,"plans":[{"user_plan_id":"upl_2089944584870027264","plan_id":"zcode-v3-start-plan-0817","name":"ZCode Start Plan","description":"免费 GLM 旗舰模型体验","priority":90,"status":"active","starts_at":1787116592,"ends_at":1787500799,"entitlements":[{"entitlement_id":"ent_2_0817_glm_5p3","show_name":"GLM-5.3","meter":"model_usage","unit_type":"token","capabilities":["model:glm-5.3"],"grant_units":3000000,"period":"daily","priority":110},{"entitlement_id":"ent_2_0817_glm_5turbo","show_name":"GLM-5-Turbo","meter":"model_usage","unit_type":"token","capabilities":["model:GLM-5-Turbo"],"grant_units":2000000,"period":"daily","priority":80}]}],"balances":[{"bucket_id":"bucket_2089944584886804480","user_plan_id":"upl_2089944584870027264","plan_id":"zcode-v3-start-plan-0817","entitlement_id":"ent_2_0817_glm_5p3","show_name":"GLM-5.3","meter":"model_usage","unit_type":"token","capabilities":["model:glm-5.3"],"priority":110,"plan_priority":90,"entitlement_priority":110,"total_units":3000000,"used_units":13703,"remaining_units":2986297,"available_units":2986297,"period_start":1787068800,"period_end":1787155199,"expires_at":1787155199},{"bucket_id":"bucket_2089944584895193088","user_plan_id":"upl_2089944584870027264","plan_id":"zcode-v3-start-plan-0817","entitlement_id":"ent_2_0817_glm_5turbo","show_name":"GLM-5-Turbo","meter":"model_usage","unit_type":"token","capabilities":["model:GLM-5-Turbo"],"priority":80,"plan_priority":90,"entitlement_priority":80,"total_units":2000000,"used_units":0,"remaining_units":2000000,"available_units":2000000,"period_start":1787068800,"period_end":1787155199,"expires_at":1787155199}]}},"planCount":1,"plans":[{"name":"ZCode Start Plan","plan_id":"zcode-v3-start-plan-0817","status":"active"}],"providerId":"builtin:zai-start-plan","success":true,"url":"https://zcode.z.ai/api/v1/zcode-plan/billing/balance?app_version=3.7.7"}
[2026-08-19 13:17:38.920] [info] [pid:15020] [main] [host-log] (local-1) [host] [2026-08-19 13:17:38.918] [pid:22368] [zcode-host] [rpc:call] usage-stats.getEntitlementSnapshot OK (218.8ms)
[2026-08-19 13:17:38.922] [info] [pid:15020] [main] [host-log] (local-1) [host] [2026-08-19 13:17:38.918] [pid:22368] [zcode-host] [rpc:call] usage-stats.getEntitlementSnapshot OK (218.6ms)
[2026-08-19 13:17:39.861] [info] [pid:15020] [main] [host-log] (local-1) [host] [2026-08-19 13:17:39.860] [pid:22368] [settingService] writing settings to: C:\Users\llh04\.zcode\v2\setting.json {"recentProjects":[],"locale":"zh-CN","localePreference":"system","terminalInheritSystemProfile":true,"taskAutoArchiveEnabled":false,"taskAutoArchiveOlderThanDays":7,"closeToTrayOnWindows":true,"closeToTrayOnWindowsMigrationInitialized":true,"keepAwakeWhileRunning":false,"desktopChromiumHardwareAccelerationEnabled":true,"messageStreamShowReasoning":false,"messageStreamShowTodos":false,"zcodeInteractionBehavior":"queue","askUserQuestionAutoResolutionEnabled":true,"optimizeAgentExperienceEnabled":false,"optimizeAgentExperienceMigrationInitialized":true,"enabledBuiltinAgentCliProviders":["glm"],"modelProviderFamilyModes":{"zai":"oauth"},"modelProviderFamilySelectedKeys":{"zai":"coding-plan:builtin:zai-start-plan"},"providerFamilyDomain":"zai","providerFamilyDomainUpdatedAt":1787116588334,"providerFamilyDomainMigrated":true,"repoSnapshotIndexingEnabled":false,"instantGrepIndexingEnabled":false,"nativeSearchEnhancementsEnabled":true,"memoryEnabled":false,"lastWorkspaceSession":[{"kind":"local","workspacePath":"C:\\Users\\llh04\\.zcode\\workspace\\default","workspacePurpose":"conversation"}],"lastActiveTabIndex":0,"receivePreviewUpdates":false,"autoDownloadAndInstallUpdates":false,"skippedElectronUpdateVersions":{},"settingsSyncFirstRunPromptHandled":true}
[2026-08-19 13:17:39.865] [info] [pid:15020] [main] [host-log] (local-1) [host] [2026-08-19 13:17:39.865] [pid:22368] [settingService] write done
[2026-08-19 13:17:39.866] [info] [pid:15020] [main] [host-log] (local-1) [host] [2026-08-19 13:17:39.865] [pid:22368] [zcode-host] [rpc:call] setting.update OK (6.2ms)
[2026-08-19 13:17:40.254] [info] [pid:15020] [main] [host-log] (local-1) [host] [2026-08-19 13:17:40.254] [pid:22368] [zcode-host] [rpc:call] usage-stats.getEntitlementSnapshot OK (7118.3ms)
[2026-08-19 13:17:40.991] [info] [pid:15020] [main] [host-log] (local-1) [host] [2026-08-19 13:17:40.991] [pid:22368] [settingService] writing settings to: C:\Users\llh04\.zcode\v2\setting.json {"recentProjects":[],"locale":"zh-CN","localePreference":"system","terminalInheritSystemProfile":true,"taskAutoArchiveEnabled":false,"taskAutoArchiveOlderThanDays":7,"closeToTrayOnWindows":true,"closeToTrayOnWindowsMigrationInitialized":true,"keepAwakeWhileRunning":false,"desktopChromiumHardwareAccelerationEnabled":true,"messageStreamShowReasoning":false,"messageStreamShowTodos":false,"zcodeInteractionBehavior":"queue","askUserQuestionAutoResolutionEnabled":true,"optimizeAgentExperienceEnabled":false,"optimizeAgentExperienceMigrationInitialized":true,"enabledBuiltinAgentCliProviders":["glm"],"modelProviderFamilyModes":{"zai":"oauth"},"modelProviderFamilySelectedKeys":{"zai":"coding-plan:builtin:zai-start-plan"},"providerFamilyDomain":"zai","providerFamilyDomainUpdatedAt":1787116588334,"providerFamilyDomainMigrated":true,"repoSnapshotIndexingEnabled":false,"instantGrepIndexingEnabled":false,"nativeSearchEnhancementsEnabled":true,"memoryEnabled":false,"lastWorkspaceSession":[{"kind":"local","workspacePath":"C:\\Users\\llh04\\.zcode\\workspace\\default","workspacePurpose":"conversation"}],"lastActiveTabIndex":0,"receivePreviewUpdates":false,"autoDownloadAndInstallUpdates":false,"skippedElectronUpdateVersions":{},"settingsSyncFirstRunPromptHandled":true}
[2026-08-19 13:17:40.995] [info] [pid:15020] [main] [host-log] (local-1) [host] [2026-08-19 13:17:40.995] [pid:22368] [settingService] write done
[2026-08-19 13:17:40.996] [info] [pid:15020] [main] [host-log] (local-1) [host] [2026-08-19 13:17:40.995] [pid:22368] [zcode-host] [rpc:call] setting.update OK (4.8ms)
[2026-08-19 13:17:41.701] [info] [pid:15020] [main] [host-log] (local-1) [host] [2026-08-19 13:17:41.701] [pid:22368] [settingService] writing settings to: C:\Users\llh04\.zcode\v2\setting.json {"recentProjects":[],"locale":"zh-CN","localePreference":"system","terminalInheritSystemProfile":true,"taskAutoArchiveEnabled":false,"taskAutoArchiveOlderThanDays":7,"closeToTrayOnWindows":true,"closeToTrayOnWindowsMigrationInitialized":true,"keepAwakeWhileRunning":false,"desktopChromiumHardwareAccelerationEnabled":true,"messageStreamShowReasoning":false,"messageStreamShowTodos":false,"zcodeInteractionBehavior":"queue","askUserQuestionAutoResolutionEnabled":true,"optimizeAgentExperienceEnabled":false,"optimizeAgentExperienceMigrationInitialized":true,"enabledBuiltinAgentCliProviders":["glm"],"modelProviderFamilyModes":{"zai":"oauth"},"modelProviderFamilySelectedKeys":{"zai":"coding-plan:builtin:zai-start-plan"},"providerFamilyDomain":"zai","providerFamilyDomainUpdatedAt":1787116588334,"providerFamilyDomainMigrated":true,"repoSnapshotIndexingEnabled":false,"instantGrepIndexingEnabled":false,"nativeSearchEnhancementsEnabled":true,"memoryEnabled":false,"lastWorkspaceSession":[{"kind":"local","workspacePath":"C:\\Users\\llh04\\.zcode\\workspace\\default","workspacePurpose":"conversation"}],"lastActiveTabIndex":0,"receivePreviewUpdates":false,"autoDownloadAndInstallUpdates":false,"skippedElectronUpdateVersions":{},"settingsSyncFirstRunPromptHandled":true}
[2026-08-19 13:17:41.705] [info] [pid:15020] [main] [host-log] (local-1) [host] [2026-08-19 13:17:41.705] [pid:22368] [settingService] write done
[2026-08-19 13:17:41.705] [info] [pid:15020] [main] [host-log] (local-1) [host] [2026-08-19 13:17:41.705] [pid:22368] [zcode-host] [rpc:call] setting.update OK (4.3ms)
[2026-08-19 13:17:42.393] [info] [pid:15020] [main] [host-log] (local-1) [host] [2026-08-19 13:17:42.392] [pid:22368] [settingService] writing settings to: C:\Users\llh04\.zcode\v2\setting.json {"recentProjects":[],"locale":"zh-CN","localePreference":"system","terminalInheritSystemProfile":true,"taskAutoArchiveEnabled":false,"taskAutoArchiveOlderThanDays":7,"closeToTrayOnWindows":true,"closeToTrayOnWindowsMigrationInitialized":true,"keepAwakeWhileRunning":false,"desktopChromiumHardwareAccelerationEnabled":true,"messageStreamShowReasoning":false,"messageStreamShowTodos":false,"zcodeInteractionBehavior":"queue","askUserQuestionAutoResolutionEnabled":true,"optimizeAgentExperienceEnabled":false,"optimizeAgentExperienceMigrationInitialized":true,"enabledBuiltinAgentCliProviders":["glm"],"modelProviderFamilyModes":{"zai":"oauth"},"modelProviderFamilySelectedKeys":{"zai":"coding-plan:builtin:zai-start-plan"},"providerFamilyDomain":"zai","providerFamilyDomainUpdatedAt":1787116588334,"providerFamilyDomainMigrated":true,"repoSnapshotIndexingEnabled":false,"instantGrepIndexingEnabled":false,"nativeSearchEnhancementsEnabled":true,"memoryEnabled":false,"lastWorkspaceSession":[{"kind":"local","workspacePath":"C:\\Users\\llh04\\.zcode\\workspace\\default","workspacePurpose":"conversation"}],"lastActiveTabIndex":0,"receivePreviewUpdates":false,"autoDownloadAndInstallUpdates":false,"skippedElectronUpdateVersions":{},"settingsSyncFirstRunPromptHandled":true}
[2026-08-19 13:17:42.397] [info] [pid:15020] [main] [host-log] (local-1) [host] [2026-08-19 13:17:42.396] [pid:22368] [settingService] write done
[2026-08-19 13:17:42.397] [info] [pid:15020] [main] [host-log] (local-1) [host] [2026-08-19 13:17:42.397] [pid:22368] [zcode-host] [rpc:call] setting.update OK (5.4ms)
[2026-08-19 13:17:42.827] [info] [pid:15020] [main] [host-log] (local-1) [host] [2026-08-19 13:17:42.826] [pid:22368] [settingService] writing settings to: C:\Users\llh04\.zcode\v2\setting.json {"recentProjects":[],"locale":"zh-CN","localePreference":"system","terminalInheritSystemProfile":true,"taskAutoArchiveEnabled":false,"taskAutoArchiveOlderThanDays":7,"closeToTrayOnWindows":true,"closeToTrayOnWindowsMigrationInitialized":true,"keepAwakeWhileRunning":false,"desktopChromiumHardwareAccelerationEnabled":true,"messageStreamShowReasoning":false,"messageStreamShowTodos":false,"zcodeInteractionBehavior":"queue","askUserQuestionAutoResolutionEnabled":true,"optimizeAgentExperienceEnabled":false,"optimizeAgentExperienceMigrationInitialized":true,"enabledBuiltinAgentCliProviders":["glm"],"modelProviderFamilyModes":{"zai":"oauth"},"modelProviderFamilySelectedKeys":{"zai":"coding-plan:builtin:zai-start-plan"},"providerFamilyDomain":"zai","providerFamilyDomainUpdatedAt":1787116588334,"providerFamilyDomainMigrated":true,"repoSnapshotIndexingEnabled":false,"instantGrepIndexingEnabled":false,"nativeSearchEnhancementsEnabled":true,"memoryEnabled":false,"lastWorkspaceSession":[{"kind":"local","workspacePath":"C:\\Users\\llh04\\.zcode\\workspace\\default","workspacePurpose":"conversation"}],"lastActiveTabIndex":0,"receivePreviewUpdates":false,"autoDownloadAndInstallUpdates":false,"skippedElectronUpdateVersions":{},"settingsSyncFirstRunPromptHandled":true}
[2026-08-19 13:17:42.831] [info] [pid:15020] [main] [host-log] (local-1) [host] [2026-08-19 13:17:42.831] [pid:22368] [settingService] write done
[2026-08-19 13:17:42.832] [info] [pid:15020] [main] [host-log] (local-1) [host] [2026-08-19 13:17:42.831] [pid:22368] [zcode-host] [rpc:call] setting.update OK (5.3ms)
[2026-08-19 13:17:43.365] [info] [pid:15020] [main] [host-log] (local-1) [host] [2026-08-19 13:17:43.365] [pid:22368] [settingService] writing settings to: C:\Users\llh04\.zcode\v2\setting.json {"recentProjects":[],"locale":"zh-CN","localePreference":"system","terminalInheritSystemProfile":true,"taskAutoArchiveEnabled":false,"taskAutoArchiveOlderThanDays":7,"closeToTrayOnWindows":true,"closeToTrayOnWindowsMigrationInitialized":true,"keepAwakeWhileRunning":false,"desktopChromiumHardwareAccelerationEnabled":true,"messageStreamShowReasoning":false,"messageStreamShowTodos":false,"zcodeInteractionBehavior":"queue","askUserQuestionAutoResolutionEnabled":true,"optimizeAgentExperienceEnabled":false,"optimizeAgentExperienceMigrationInitialized":true,"enabledBuiltinAgentCliProviders":["glm"],"modelProviderFamilyModes":{"zai":"oauth"},"modelProviderFamilySelectedKeys":{"zai":"coding-plan:builtin:zai-start-plan"},"providerFamilyDomain":"zai","providerFamilyDomainUpdatedAt":1787116588334,"providerFamilyDomainMigrated":true,"repoSnapshotIndexingEnabled":false,"instantGrepIndexingEnabled":false,"nativeSearchEnhancementsEnabled":true,"memoryEnabled":false,"lastWorkspaceSession":[{"kind":"local","workspacePath":"C:\\Users\\llh04\\.zcode\\workspace\\default","workspacePurpose":"conversation"}],"lastActiveTabIndex":0,"receivePreviewUpdates":false,"autoDownloadAndInstallUpdates":false,"skippedElectronUpdateVersions":{},"settingsSyncFirstRunPromptHandled":true}
[2026-08-19 13:17:43.370] [info] [pid:15020] [main] [host-log] (local-1) [host] [2026-08-19 13:17:43.370] [pid:22368] [settingService] write done
[2026-08-19 13:17:43.371] [info] [pid:15020] [main] [host-log] (local-1) [host] [2026-08-19 13:17:43.370] [pid:22368] [zcode-host] [rpc:call] setting.update OK (5.6ms)
[2026-08-19 13:17:44.172] [info] [pid:15020] [main] [host-log] (local-1) [host] [2026-08-19 13:17:44.172] [pid:22368] [settingService] writing settings to: C:\Users\llh04\.zcode\v2\setting.json {"recentProjects":[],"locale":"zh-CN","localePreference":"system","terminalInheritSystemProfile":true,"taskAutoArchiveEnabled":false,"taskAutoArchiveOlderThanDays":7,"closeToTrayOnWindows":true,"closeToTrayOnWindowsMigrationInitialized":true,"keepAwakeWhileRunning":false,"desktopChromiumHardwareAccelerationEnabled":true,"messageStreamShowReasoning":false,"messageStreamShowTodos":false,"zcodeInteractionBehavior":"queue","askUserQuestionAutoResolutionEnabled":true,"optimizeAgentExperienceEnabled":false,"optimizeAgentExperienceMigrationInitialized":true,"enabledBuiltinAgentCliProviders":["glm"],"modelProviderFamilyModes":{"zai":"oauth"},"modelProviderFamilySelectedKeys":{"zai":"coding-plan:builtin:zai-start-plan"},"providerFamilyDomain":"zai","providerFamilyDomainUpdatedAt":1787116588334,"providerFamilyDomainMigrated":true,"repoSnapshotIndexingEnabled":false,"instantGrepIndexingEnabled":false,"nativeSearchEnhancementsEnabled":true,"memoryEnabled":false,"lastWorkspaceSession":[{"kind":"local","workspacePath":"C:\\Users\\llh04\\.zcode\\workspace\\default","workspacePurpose":"conversation"}],"lastActiveTabIndex":0,"receivePreviewUpdates":false,"autoDownloadAndInstallUpdates":false,"skippedElectronUpdateVersions":{},"settingsSyncFirstRunPromptHandled":true}
[2026-08-19 13:17:44.186] [info] [pid:15020] [main] [host-log] (local-1) [host] [2026-08-19 13:17:44.186] [pid:22368] [settingService] write done
[2026-08-19 13:17:44.186] [info] [pid:15020] [main] [host-log] (local-1) [host] [2026-08-19 13:17:44.186] [pid:22368] [zcode-host] [rpc:call] setting.update OK (15.1ms)
[2026-08-19 13:17:44.765] [info] [pid:15020] [main] [host-log] (local-1) [host] [2026-08-19 13:17:44.765] [pid:22368] [zcode-host] [rpc:call] setting.get OK (0.6ms)
[2026-08-19 13:17:44.766] [info] [pid:15020] [main] [host-log] (local-1) [host] [2026-08-19 13:17:44.766] [pid:22368] [zcode-host] [rpc:call] system.info OK (0.0ms)
[2026-08-19 13:17:44.768] [info] [pid:15020] [main] [host-log] (local-1) [host] [2026-08-19 13:17:44.768] [pid:22368] [zcode-host] [rpc:call] setting.get OK (2.3ms)
[2026-08-19 13:17:44.769] [info] [pid:15020] [main] [host-log] (local-1) [host] [2026-08-19 13:17:44.768] [pid:22368] [zcode-host] [rpc:call] credential.load OK (2.6ms)
[2026-08-19 13:17:44.769] [info] [pid:15020] [main] [host-log] (local-1) [host] [2026-08-19 13:17:44.769] [pid:22368] [zcode-host] [rpc:call] credential.load OK (2.7ms)
[2026-08-19 13:17:44.770] [info] [pid:15020] [main] [host-log] (local-1) [host] [2026-08-19 13:17:44.769] [pid:22368] [zcode-host] [rpc:call] credential.load OK (2.7ms)
[2026-08-19 13:17:44.778] [info] [pid:15020] [main] [host-log] (local-1) [host] [2026-08-19 13:17:44.775] [pid:22368] [usage-stats] 读取 BigModel entitlement 已解析授权上下文 {"preferredProviderId":"builtin:zai-coding-plan","providerId":"builtin:zai-coding-plan","scope":"personal","organizationId":null,"projectId":null}
[2026-08-19 13:17:44.840] [info] [pid:15020] [main] [host-log] (local-1) [host] [2026-08-19 13:17:44.840] [pid:22368] [zcode-host] [rpc:call] system.listIntegratedTerminalShells OK (4.6ms)
[2026-08-19 13:17:45.059] [info] [pid:15020] [main] [host-log] (local-1) [host] [2026-08-19 13:17:45.059] [pid:22368] [settingService] writing settings to: C:\Users\llh04\.zcode\v2\setting.json {"recentProjects":[],"locale":"zh-CN","localePreference":"system","terminalInheritSystemProfile":true,"taskAutoArchiveEnabled":false,"taskAutoArchiveOlderThanDays":7,"closeToTrayOnWindows":true,"closeToTrayOnWindowsMigrationInitialized":true,"keepAwakeWhileRunning":false,"desktopChromiumHardwareAccelerationEnabled":true,"messageStreamShowReasoning":false,"messageStreamShowTodos":false,"zcodeInteractionBehavior":"queue","askUserQuestionAutoResolutionEnabled":true,"optimizeAgentExperienceEnabled":false,"optimizeAgentExperienceMigrationInitialized":true,"enabledBuiltinAgentCliProviders":["glm"],"modelProviderFamilyModes":{"zai":"oauth"},"modelProviderFamilySelectedKeys":{"zai":"coding-plan:builtin:zai-start-plan"},"providerFamilyDomain":"zai","providerFamilyDomainUpdatedAt":1787116588334,"providerFamilyDomainMigrated":true,"repoSnapshotIndexingEnabled":false,"instantGrepIndexingEnabled":false,"nativeSearchEnhancementsEnabled":true,"memoryEnabled":false,"lastWorkspaceSession":[{"kind":"local","workspacePath":"C:\\Users\\llh04\\.zcode\\workspace\\default","workspacePurpose":"conversation"}],"lastActiveTabIndex":0,"receivePreviewUpdates":false,"autoDownloadAndInstallUpdates":false,"skippedElectronUpdateVersions":{},"settingsSyncFirstRunPromptHandled":true}
[2026-08-19 13:17:45.062] [info] [pid:15020] [main] [host-log] (local-1) [host] [2026-08-19 13:17:45.062] [pid:22368] [settingService] write done
[2026-08-19 13:17:45.063] [info] [pid:15020] [main] [host-log] (local-1) [host] [2026-08-19 13:17:45.062] [pid:22368] [zcode-host] [rpc:call] setting.update OK (4.3ms)
[2026-08-19 13:17:45.144] [info] [pid:15020] [main] [host-log] (local-1) [host] [2026-08-19 13:17:45.144] [pid:22368] [usage-stats] billing/balance 请求完成 {"balanceCount":2,"balances":[{"entitlement_id":"ent_2_0817_glm_5p3","show_name":"GLM-5.3","total_units":3000000,"used_units":13703,"remaining_units":2986297,"available_units":2986297,"reserved_units":null},{"entitlement_id":"ent_2_0817_glm_5turbo","show_name":"GLM-5-Turbo","total_units":2000000,"used_units":0,"remaining_units":2000000,"available_units":2000000,"reserved_units":null}],"code":0,"durationMs":351,"msg":"","payload":{"code":0,"msg":"","data":{"server_time":1787116663,"plans":[{"user_plan_id":"upl_2089944584870027264","plan_id":"zcode-v3-start-plan-0817","name":"ZCode Start Plan","description":"免费 GLM 旗舰模型体验","priority":90,"status":"active","starts_at":1787116592,"ends_at":1787500799,"entitlements":[{"entitlement_id":"ent_2_0817_glm_5p3","show_name":"GLM-5.3","meter":"model_usage","unit_type":"token","capabilities":["model:glm-5.3"],"grant_units":3000000,"period":"daily","priority":110},{"entitlement_id":"ent_2_0817_glm_5turbo","show_name":"GLM-5-Turbo","meter":"model_usage","unit_type":"token","capabilities":["model:GLM-5-Turbo"],"grant_units":2000000,"period":"daily","priority":80}]}],"balances":[{"bucket_id":"bucket_2089944584886804480","user_plan_id":"upl_2089944584870027264","plan_id":"zcode-v3-start-plan-0817","entitlement_id":"ent_2_0817_glm_5p3","show_name":"GLM-5.3","meter":"model_usage","unit_type":"token","capabilities":["model:glm-5.3"],"priority":110,"plan_priority":90,"entitlement_priority":110,"total_units":3000000,"used_units":13703,"remaining_units":2986297,"available_units":2986297,"period_start":1787068800,"period_end":1787155199,"expires_at":1787155199},{"bucket_id":"bucket_2089944584895193088","user_plan_id":"upl_2089944584870027264","plan_id":"zcode-v3-start-plan-0817","entitlement_id":"ent_2_0817_glm_5turbo","show_name":"GLM-5-Turbo","meter":"model_usage","unit_type":"token","capabilities":["model:GLM-5-Turbo"],"priority":80,"plan_priority":90,"entitlement_priority":80,"total_units":2000000,"used_units":0,"remaining_units":2000000,"available_units":2000000,"period_start":1787068800,"period_end":1787155199,"expires_at":1787155199}]}},"planCount":1,"plans":[{"name":"ZCode Start Plan","plan_id":"zcode-v3-start-plan-0817","status":"active"}],"providerId":"builtin:zai-start-plan","success":true,"url":"https://zcode.z.ai/api/v1/zcode-plan/billing/balance?app_version=3.7.7"}
[2026-08-19 13:17:45.145] [info] [pid:15020] [main] [host-log] (local-1) [host] [2026-08-19 13:17:45.144] [pid:22368] [zcode-host] [rpc:call] usage-stats.getEntitlementSnapshot OK (364.3ms)
[2026-08-19 13:17:45.838] [info] [pid:15020] [main] [host-log] (local-1) [host] [2026-08-19 13:17:45.838] [pid:22368] [zcode-host] [rpc:call] usage-stats.getEntitlementSnapshot OK (1072.4ms)
[2026-08-19 13:17:46.381] [info] [pid:15020] [main] [host-log] (local-1) [host] [2026-08-19 13:17:46.381] [pid:22368] [zcode-host] [rpc:call] system.probeIntranet OK (1615.8ms)
[2026-08-19 13:17:58.447] [info] [pid:15020] [main] [host-log] (local-1) [host] [2026-08-19 13:17:58.447] [pid:22368] [zcode-host] [rpc:call] off-peak-task.list OK (0.2ms)
[2026-08-19 13:18:21.891] [info] [pid:15020] [main] [host-log] (local-1) [host] [2026-08-19 13:18:21.891] [pid:22368] [settingService] writing settings to: C:\Users\llh04\.zcode\v2\setting.json {"recentProjects":[],"locale":"zh-CN","localePreference":"system","terminalInheritSystemProfile":true,"taskAutoArchiveEnabled":false,"taskAutoArchiveOlderThanDays":7,"closeToTrayOnWindows":true,"closeToTrayOnWindowsMigrationInitialized":true,"keepAwakeWhileRunning":false,"desktopChromiumHardwareAccelerationEnabled":true,"messageStreamShowReasoning":false,"messageStreamShowTodos":false,"zcodeInteractionBehavior":"queue","askUserQuestionAutoResolutionEnabled":true,"optimizeAgentExperienceEnabled":false,"optimizeAgentExperienceMigrationInitialized":true,"enabledBuiltinAgentCliProviders":["glm"],"modelProviderFamilyModes":{"zai":"oauth"},"modelProviderFamilySelectedKeys":{"zai":"coding-plan:builtin:zai-start-plan"},"providerFamilyDomain":"zai","providerFamilyDomainUpdatedAt":1787116588334,"providerFamilyDomainMigrated":true,"repoSnapshotIndexingEnabled":false,"instantGrepIndexingEnabled":false,"nativeSearchEnhancementsEnabled":true,"memoryEnabled":false,"lastWorkspaceSession":[{"kind":"local","workspacePath":"C:\\Users\\llh04\\.zcode\\workspace\\default","workspacePurpose":"conversation"}],"lastActiveTabIndex":0,"receivePreviewUpdates":false,"autoDownloadAndInstallUpdates":false,"skippedElectronUpdateVersions":{},"settingsSyncFirstRunPromptHandled":true}
[2026-08-19 13:18:21.894] [info] [pid:15020] [main] [host-log] (local-1) [host] [2026-08-19 13:18:21.894] [pid:22368] [settingService] write done
[2026-08-19 13:18:21.895] [info] [pid:15020] [main] [host-log] (local-1) [host] [2026-08-19 13:18:21.894] [pid:22368] [zcode-host] [rpc:call] setting.update OK (4.0ms)
[2026-08-19 13:18:28.771] [info] [pid:15020] [main] [host-log] (local-1) [host] [2026-08-19 13:18:28.771] [pid:22368] [zcode-host] [rpc:call] off-peak-task.list OK (0.3ms)
[2026-08-19 13:18:58.611] [info] [pid:15020] [main] [host-log] (local-1) [host] [2026-08-19 13:18:58.608] [pid:22368] [zcode-host] [rpc:call] off-peak-task.list OK (0.3ms)
[2026-08-19 13:19:00.702] [info] [pid:15020] [main] [host-log] (local-1) [host] [2026-08-19 13:19:00.702] [pid:22368] [settingService] writing settings to: C:\Users\llh04\.zcode\v2\setting.json {"recentProjects":[],"locale":"zh-CN","localePreference":"system","terminalInheritSystemProfile":true,"taskAutoArchiveEnabled":false,"taskAutoArchiveOlderThanDays":7,"closeToTrayOnWindows":true,"closeToTrayOnWindowsMigrationInitialized":true,"keepAwakeWhileRunning":false,"desktopChromiumHardwareAccelerationEnabled":true,"messageStreamShowReasoning":false,"messageStreamShowTodos":false,"zcodeInteractionBehavior":"queue","askUserQuestionAutoResolutionEnabled":true,"optimizeAgentExperienceEnabled":false,"optimizeAgentExperienceMigrationInitialized":true,"enabledBuiltinAgentCliProviders":["glm"],"modelProviderFamilyModes":{"zai":"oauth"},"modelProviderFamilySelectedKeys":{"zai":"coding-plan:builtin:zai-start-plan"},"providerFamilyDomain":"zai","providerFamilyDomainUpdatedAt":1787116588334,"providerFamilyDomainMigrated":true,"repoSnapshotIndexingEnabled":false,"instantGrepIndexingEnabled":false,"nativeSearchEnhancementsEnabled":true,"memoryEnabled":false,"lastWorkspaceSession":[{"kind":"local","workspacePath":"C:\\Users\\llh04\\.zcode\\workspace\\default","workspacePurpose":"conversation"}],"lastActiveTabIndex":0,"receivePreviewUpdates":false,"autoDownloadAndInstallUpdates":false,"skippedElectronUpdateVersions":{},"settingsSyncFirstRunPromptHandled":true}
[2026-08-19 13:19:00.705] [info] [pid:15020] [main] [host-log] (local-1) [host] [2026-08-19 13:19:00.705] [pid:22368] [settingService] write done
[2026-08-19 13:19:00.705] [info] [pid:15020] [main] [host-log] (local-1) [host] [2026-08-19 13:19:00.705] [pid:22368] [zcode-host] [rpc:call] setting.update OK (3.9ms)
[2026-08-19 13:19:01.112] [info] [pid:15020] [main] [host-log] (local-1) [host] [2026-08-19 13:19:01.112] [pid:22368] [settingService] writing settings to: C:\Users\llh04\.zcode\v2\setting.json {"recentProjects":[],"locale":"zh-CN","localePreference":"system","terminalInheritSystemProfile":true,"taskAutoArchiveEnabled":false,"taskAutoArchiveOlderThanDays":7,"closeToTrayOnWindows":true,"closeToTrayOnWindowsMigrationInitialized":true,"keepAwakeWhileRunning":false,"desktopChromiumHardwareAccelerationEnabled":true,"messageStreamShowReasoning":false,"messageStreamShowTodos":false,"zcodeInteractionBehavior":"queue","askUserQuestionAutoResolutionEnabled":true,"optimizeAgentExperienceEnabled":false,"optimizeAgentExperienceMigrationInitialized":true,"enabledBuiltinAgentCliProviders":["glm"],"modelProviderFamilyModes":{"zai":"oauth"},"modelProviderFamilySelectedKeys":{"zai":"coding-plan:builtin:zai-start-plan"},"providerFamilyDomain":"zai","providerFamilyDomainUpdatedAt":1787116588334,"providerFamilyDomainMigrated":true,"repoSnapshotIndexingEnabled":false,"instantGrepIndexingEnabled":false,"nativeSearchEnhancementsEnabled":true,"memoryEnabled":false,"lastWorkspaceSession":[{"kind":"local","workspacePath":"C:\\Users\\llh04\\.zcode\\workspace\\default","workspacePurpose":"conversation"}],"lastActiveTabIndex":0,"receivePreviewUpdates":false,"autoDownloadAndInstallUpdates":false,"skippedElectronUpdateVersions":{},"settingsSyncFirstRunPromptHandled":true}
[2026-08-19 13:19:01.115] [info] [pid:15020] [main] [host-log] (local-1) [host] [2026-08-19 13:19:01.116] [pid:22368] [settingService] write done
[2026-08-19 13:19:01.116] [info] [pid:15020] [main] [host-log] (local-1) [host] [2026-08-19 13:19:01.116] [pid:22368] [zcode-host] [rpc:call] setting.update OK (4.5ms)
[2026-08-19 13:19:01.681] [info] [pid:15020] [main] [host-log] (local-1) [host] [2026-08-19 13:19:01.682] [pid:22368] [zcode-host] [rpc:call] zcode-agent.sendConversationCommandV4 OK (139.1ms)
[2026-08-19 13:19:01.863] [info] [pid:15020] [main] [host-log] (local-1) [host] [2026-08-19 13:19:01.863] [pid:22368] [settingService] writing settings to: C:\Users\llh04\.zcode\v2\setting.json {"recentProjects":[],"locale":"zh-CN","localePreference":"system","terminalInheritSystemProfile":true,"taskAutoArchiveEnabled":false,"taskAutoArchiveOlderThanDays":7,"closeToTrayOnWindows":true,"closeToTrayOnWindowsMigrationInitialized":true,"keepAwakeWhileRunning":false,"desktopChromiumHardwareAccelerationEnabled":true,"messageStreamShowReasoning":false,"messageStreamShowTodos":false,"zcodeInteractionBehavior":"queue","askUserQuestionAutoResolutionEnabled":true,"optimizeAgentExperienceEnabled":false,"optimizeAgentExperienceMigrationInitialized":true,"enabledBuiltinAgentCliProviders":["glm"],"modelProviderFamilyModes":{"zai":"oauth"},"modelProviderFamilySelectedKeys":{"zai":"coding-plan:builtin:zai-start-plan"},"providerFamilyDomain":"zai","providerFamilyDomainUpdatedAt":1787116588334,"providerFamilyDomainMigrated":true,"repoSnapshotIndexingEnabled":false,"instantGrepIndexingEnabled":false,"nativeSearchEnhancementsEnabled":true,"memoryEnabled":false,"lastWorkspaceSession":[{"kind":"local","workspacePath":"C:\\Users\\llh04\\.zcode\\workspace\\default","workspacePurpose":"conversation"}],"lastActiveTabIndex":0,"receivePreviewUpdates":false,"autoDownloadAndInstallUpdates":false,"skippedElectronUpdateVersions":{},"settingsSyncFirstRunPromptHandled":true}
[2026-08-19 13:19:01.867] [info] [pid:15020] [main] [host-log] (local-1) [host] [2026-08-19 13:19:01.868] [pid:22368] [settingService] write done
[2026-08-19 13:19:01.868] [info] [pid:15020] [main] [host-log] (local-1) [host] [2026-08-19 13:19:01.868] [pid:22368] [zcode-host] [rpc:call] setting.update OK (5.5ms)
[2026-08-19 13:19:05.242] [info] [pid:15020] [main] [host-log] (local-1) [host] [2026-08-19 13:19:05.243] [pid:22368] [settingService] writing settings to: C:\Users\llh04\.zcode\v2\setting.json {"recentProjects":[],"locale":"zh-CN","localePreference":"system","terminalInheritSystemProfile":true,"taskAutoArchiveEnabled":false,"taskAutoArchiveOlderThanDays":7,"closeToTrayOnWindows":true,"closeToTrayOnWindowsMigrationInitialized":true,"keepAwakeWhileRunning":false,"desktopChromiumHardwareAccelerationEnabled":true,"messageStreamShowReasoning":false,"messageStreamShowTodos":false,"zcodeInteractionBehavior":"queue","askUserQuestionAutoResolutionEnabled":true,"optimizeAgentExperienceEnabled":false,"optimizeAgentExperienceMigrationInitialized":true,"enabledBuiltinAgentCliProviders":["glm"],"modelProviderFamilyModes":{"zai":"oauth"},"modelProviderFamilySelectedKeys":{"zai":"coding-plan:builtin:zai-start-plan"},"providerFamilyDomain":"zai","providerFamilyDomainUpdatedAt":1787116588334,"providerFamilyDomainMigrated":true,"repoSnapshotIndexingEnabled":false,"instantGrepIndexingEnabled":false,"nativeSearchEnhancementsEnabled":true,"memoryEnabled":false,"lastWorkspaceSession":[{"kind":"local","workspacePath":"C:\\Users\\llh04\\.zcode\\workspace\\default","workspacePurpose":"conversation"}],"lastActiveTabIndex":0,"receivePreviewUpdates":false,"autoDownloadAndInstallUpdates":false,"skippedElectronUpdateVersions":{},"settingsSyncFirstRunPromptHandled":true}
[2026-08-19 13:19:05.245] [info] [pid:15020] [main] [host-log] (local-1) [host] [2026-08-19 13:19:05.246] [pid:22368] [settingService] write done
[2026-08-19 13:19:05.246] [info] [pid:15020] [main] [host-log] (local-1) [host] [2026-08-19 13:19:05.246] [pid:22368] [zcode-host] [rpc:call] setting.update OK (3.9ms)
[2026-08-19 13:19:06.275] [info] [pid:15020] [main] [host-log] (local-1) [host] [2026-08-19 13:19:06.275] [pid:22368] [settingService] writing settings to: C:\Users\llh04\.zcode\v2\setting.json {"recentProjects":[],"locale":"zh-CN","localePreference":"system","terminalInheritSystemProfile":true,"taskAutoArchiveEnabled":false,"taskAutoArchiveOlderThanDays":7,"closeToTrayOnWindows":true,"closeToTrayOnWindowsMigrationInitialized":true,"keepAwakeWhileRunning":false,"desktopChromiumHardwareAccelerationEnabled":true,"messageStreamShowReasoning":false,"messageStreamShowTodos":false,"zcodeInteractionBehavior":"queue","askUserQuestionAutoResolutionEnabled":true,"optimizeAgentExperienceEnabled":false,"optimizeAgentExperienceMigrationInitialized":true,"enabledBuiltinAgentCliProviders":["glm"],"modelProviderFamilyModes":{"zai":"oauth"},"modelProviderFamilySelectedKeys":{"zai":"coding-plan:builtin:zai-start-plan"},"providerFamilyDomain":"zai","providerFamilyDomainUpdatedAt":1787116588334,"providerFamilyDomainMigrated":true,"repoSnapshotIndexingEnabled":false,"instantGrepIndexingEnabled":false,"nativeSearchEnhancementsEnabled":true,"memoryEnabled":false,"lastWorkspaceSession":[{"kind":"local","workspacePath":"C:\\Users\\llh04\\.zcode\\workspace\\default","workspacePurpose":"conversation"}],"lastActiveTabIndex":0,"receivePreviewUpdates":false,"autoDownloadAndInstallUpdates":false,"skippedElectronUpdateVersions":{},"settingsSyncFirstRunPromptHandled":true}
[2026-08-19 13:19:06.278] [info] [pid:15020] [main] [host-log] (local-1) [host] [2026-08-19 13:19:06.278] [pid:22368] [settingService] write done
[2026-08-19 13:19:06.279] [info] [pid:15020] [main] [host-log] (local-1) [host] [2026-08-19 13:19:06.278] [pid:22368] [zcode-host] [rpc:call] setting.update OK (5.1ms)
[2026-08-19 13:19:06.684] [info] [pid:15020] [main] [host-log] (local-1) [host] [2026-08-19 13:19:06.685] [pid:22368] [zcode-host] [rpc:call] setting.get OK (0.6ms)
[2026-08-19 13:19:06.686] [info] [pid:15020] [main] [host-log] (local-1) [host] [2026-08-19 13:19:06.686] [pid:22368] [zcode-host] [rpc:call] system.info OK (0.0ms)
[2026-08-19 13:19:06.687] [info] [pid:15020] [main] [host-log] (local-1) [host] [2026-08-19 13:19:06.687] [pid:22368] [zcode-host] [rpc:call] credential.load OK (1.8ms)
[2026-08-19 13:19:06.688] [info] [pid:15020] [main] [host-log] (local-1) [host] [2026-08-19 13:19:06.688] [pid:22368] [zcode-host] [rpc:call] setting.get OK (2.0ms)
[2026-08-19 13:19:06.688] [info] [pid:15020] [main] [host-log] (local-1) [host] [2026-08-19 13:19:06.688] [pid:22368] [zcode-host] [rpc:call] credential.load OK (2.2ms)
[2026-08-19 13:19:06.689] [info] [pid:15020] [main] [host-log] (local-1) [host] [2026-08-19 13:19:06.688] [pid:22368] [zcode-host] [rpc:call] credential.load OK (2.4ms)
[2026-08-19 13:19:06.694] [info] [pid:15020] [main] [host-log] (local-1) [host] [2026-08-19 13:19:06.694] [pid:22368] [usage-stats] 读取 BigModel entitlement 已解析授权上下文 {"preferredProviderId":"builtin:zai-coding-plan","providerId":"builtin:zai-coding-plan","scope":"personal","organizationId":null,"projectId":null}
[2026-08-19 13:19:06.741] [info] [pid:15020] [main] [host-log] (local-1) [host] [2026-08-19 13:19:06.741] [pid:22368] [zcode-host] [rpc:call] system.listIntegratedTerminalShells OK (4.9ms)
[2026-08-19 13:19:06.981] [info] [pid:15020] [main] [host-log] (local-1) [host] [2026-08-19 13:19:06.981] [pid:22368] [settingService] writing settings to: C:\Users\llh04\.zcode\v2\setting.json {"recentProjects":[],"locale":"zh-CN","localePreference":"system","terminalInheritSystemProfile":true,"taskAutoArchiveEnabled":false,"taskAutoArchiveOlderThanDays":7,"closeToTrayOnWindows":true,"closeToTrayOnWindowsMigrationInitialized":true,"keepAwakeWhileRunning":false,"desktopChromiumHardwareAccelerationEnabled":true,"messageStreamShowReasoning":false,"messageStreamShowTodos":false,"zcodeInteractionBehavior":"queue","askUserQuestionAutoResolutionEnabled":true,"optimizeAgentExperienceEnabled":false,"optimizeAgentExperienceMigrationInitialized":true,"enabledBuiltinAgentCliProviders":["glm"],"modelProviderFamilyModes":{"zai":"oauth"},"modelProviderFamilySelectedKeys":{"zai":"coding-plan:builtin:zai-start-plan"},"providerFamilyDomain":"zai","providerFamilyDomainUpdatedAt":1787116588334,"providerFamilyDomainMigrated":true,"repoSnapshotIndexingEnabled":false,"instantGrepIndexingEnabled":false,"nativeSearchEnhancementsEnabled":true,"memoryEnabled":false,"lastWorkspaceSession":[{"kind":"local","workspacePath":"C:\\Users\\llh04\\.zcode\\workspace\\default","workspacePurpose":"conversation"}],"lastActiveTabIndex":0,"receivePreviewUpdates":false,"autoDownloadAndInstallUpdates":false,"skippedElectronUpdateVersions":{},"settingsSyncFirstRunPromptHandled":true}
[2026-08-19 13:19:06.984] [info] [pid:15020] [main] [host-log] (local-1) [host] [2026-08-19 13:19:06.984] [pid:22368] [settingService] write done
[2026-08-19 13:19:06.984] [info] [pid:15020] [main] [host-log] (local-1) [host] [2026-08-19 13:19:06.984] [pid:22368] [zcode-host] [rpc:call] setting.update OK (5.8ms)
[2026-08-19 13:19:07.174] [info] [pid:15020] [main] [host-log] (local-1) [host] [2026-08-19 13:19:07.174] [pid:22368] [usage-stats] billing/balance 请求完成 {"balanceCount":2,"balances":[{"entitlement_id":"ent_2_0817_glm_5p3","show_name":"GLM-5.3","total_units":3000000,"used_units":13703,"remaining_units":2986297,"available_units":2986297,"reserved_units":null},{"entitlement_id":"ent_2_0817_glm_5turbo","show_name":"GLM-5-Turbo","total_units":2000000,"used_units":0,"remaining_units":2000000,"available_units":2000000,"reserved_units":null}],"code":0,"durationMs":456,"msg":"","payload":{"code":0,"msg":"","data":{"server_time":1787116745,"plans":[{"user_plan_id":"upl_2089944584870027264","plan_id":"zcode-v3-start-plan-0817","name":"ZCode Start Plan","description":"免费 GLM 旗舰模型体验","priority":90,"status":"active","starts_at":1787116592,"ends_at":1787500799,"entitlements":[{"entitlement_id":"ent_2_0817_glm_5p3","show_name":"GLM-5.3","meter":"model_usage","unit_type":"token","capabilities":["model:glm-5.3"],"grant_units":3000000,"period":"daily","priority":110},{"entitlement_id":"ent_2_0817_glm_5turbo","show_name":"GLM-5-Turbo","meter":"model_usage","unit_type":"token","capabilities":["model:GLM-5-Turbo"],"grant_units":2000000,"period":"daily","priority":80}]}],"balances":[{"bucket_id":"bucket_2089944584886804480","user_plan_id":"upl_2089944584870027264","plan_id":"zcode-v3-start-plan-0817","entitlement_id":"ent_2_0817_glm_5p3","show_name":"GLM-5.3","meter":"model_usage","unit_type":"token","capabilities":["model:glm-5.3"],"priority":110,"plan_priority":90,"entitlement_priority":110,"total_units":3000000,"used_units":13703,"remaining_units":2986297,"available_units":2986297,"period_start":1787068800,"period_end":1787155199,"expires_at":1787155199},{"bucket_id":"bucket_2089944584895193088","user_plan_id":"upl_2089944584870027264","plan_id":"zcode-v3-start-plan-0817","entitlement_id":"ent_2_0817_glm_5turbo","show_name":"GLM-5-Turbo","meter":"model_usage","unit_type":"token","capabilities":["model:GLM-5-Turbo"],"priority":80,"plan_priority":90,"entitlement_priority":80,"total_units":2000000,"used_units":0,"remaining_units":2000000,"available_units":2000000,"period_start":1787068800,"period_end":1787155199,"expires_at":1787155199}]}},"planCount":1,"plans":[{"name":"ZCode Start Plan","plan_id":"zcode-v3-start-plan-0817","status":"active"}],"providerId":"builtin:zai-start-plan","success":true,"url":"https://zcode.z.ai/api/v1/zcode-plan/billing/balance?app_version=3.7.7"}
[2026-08-19 13:19:07.175] [info] [pid:15020] [main] [host-log] (local-1) [host] [2026-08-19 13:19:07.175] [pid:22368] [zcode-host] [rpc:call] usage-stats.getEntitlementSnapshot OK (474.6ms)
[2026-08-19 13:19:08.011] [info] [pid:15020] [main] [host-log] (local-1) [host] [2026-08-19 13:19:08.010] [pid:22368] [zcode-host] [rpc:call] usage-stats.getEntitlementSnapshot OK (1324.4ms)
[2026-08-19 13:19:08.305] [info] [pid:15020] [main] [host-log] (local-1) [host] [2026-08-19 13:19:08.305] [pid:22368] [zcode-host] [rpc:call] system.probeIntranet OK (1620.4ms)
[2026-08-19 13:19:28.773] [info] [pid:15020] [main] [host-log] (local-1) [host] [2026-08-19 13:19:28.772] [pid:22368] [zcode-host] [rpc:call] off-peak-task.list OK (0.2ms)
[2026-08-19 13:19:44.572] [info] [pid:15020] [main] [host-log] (local-1) [host] [2026-08-19 13:19:44.573] [pid:22368] [settingService] writing settings to: C:\Users\llh04\.zcode\v2\setting.json {"recentProjects":[],"locale":"zh-CN","localePreference":"system","terminalInheritSystemProfile":true,"taskAutoArchiveEnabled":false,"taskAutoArchiveOlderThanDays":7,"closeToTrayOnWindows":true,"closeToTrayOnWindowsMigrationInitialized":true,"keepAwakeWhileRunning":false,"desktopChromiumHardwareAccelerationEnabled":true,"messageStreamShowReasoning":false,"messageStreamShowTodos":false,"zcodeInteractionBehavior":"queue","askUserQuestionAutoResolutionEnabled":true,"optimizeAgentExperienceEnabled":false,"optimizeAgentExperienceMigrationInitialized":true,"enabledBuiltinAgentCliProviders":["glm"],"modelProviderFamilyModes":{"zai":"apiKey"},"modelProviderFamilySelectedKeys":{"zai":"preset:builtin:zai"},"providerFamilyDomain":"zai","providerFamilyDomainUpdatedAt":1787116588334,"providerFamilyDomainMigrated":true,"repoSnapshotIndexingEnabled":false,"instantGrepIndexingEnabled":false,"nativeSearchEnhancementsEnabled":true,"memoryEnabled":false,"lastWorkspaceSession":[{"kind":"local","workspacePath":"C:\\Users\\llh04\\.zcode\\workspace\\default","workspacePurpose":"conversation"}],"lastActiveTabIndex":0,"receivePreviewUpdates":false,"autoDownloadAndInstallUpdates":false,"skippedElectronUpdateVersions":{},"settingsSyncFirstRunPromptHandled":true}
[2026-08-19 13:19:44.578] [info] [pid:15020] [main] [host-log] (local-1) [host] [2026-08-19 13:19:44.579] [pid:22368] [settingService] write done
[2026-08-19 13:19:44.579] [info] [pid:15020] [main] [host-log] (local-1) [host] [2026-08-19 13:19:44.579] [pid:22368] [zcode-host] [rpc:call] setting.update OK (6.9ms)
[2026-08-19 13:19:44.596] [info] [pid:15020] [main] [host-log] (local-1) [host] [2026-08-19 13:19:44.596] [pid:22368] [zcode-host] [rpc:call] setting.get OK (1.0ms)
[2026-08-19 13:19:51.757] [info] [pid:15020] [main] [host-log] (local-1) [host] [2026-08-19 13:19:51.758] [pid:22368] [settingService] writing settings to: C:\Users\llh04\.zcode\v2\setting.json {"recentProjects":[],"locale":"zh-CN","localePreference":"system","terminalInheritSystemProfile":true,"taskAutoArchiveEnabled":false,"taskAutoArchiveOlderThanDays":7,"closeToTrayOnWindows":true,"closeToTrayOnWindowsMigrationInitialized":true,"keepAwakeWhileRunning":false,"desktopChromiumHardwareAccelerationEnabled":true,"messageStreamShowReasoning":false,"messageStreamShowTodos":false,"zcodeInteractionBehavior":"queue","askUserQuestionAutoResolutionEnabled":true,"optimizeAgentExperienceEnabled":false,"optimizeAgentExperienceMigrationInitialized":true,"enabledBuiltinAgentCliProviders":["glm"],"modelProviderFamilyModes":{"zai":"oauth"},"modelProviderFamilySelectedKeys":{"zai":"coding-plan:builtin:zai-start-plan"},"providerFamilyDomain":"zai","providerFamilyDomainUpdatedAt":1787116588334,"providerFamilyDomainMigrated":true,"repoSnapshotIndexingEnabled":false,"instantGrepIndexingEnabled":false,"nativeSearchEnhancementsEnabled":true,"memoryEnabled":false,"lastWorkspaceSession":[{"kind":"local","workspacePath":"C:\\Users\\llh04\\.zcode\\workspace\\default","workspacePurpose":"conversation"}],"lastActiveTabIndex":0,"receivePreviewUpdates":false,"autoDownloadAndInstallUpdates":false,"skippedElectronUpdateVersions":{},"settingsSyncFirstRunPromptHandled":true}
[2026-08-19 13:19:51.762] [info] [pid:15020] [main] [host-log] (local-1) [host] [2026-08-19 13:19:51.763] [pid:22368] [settingService] write done
[2026-08-19 13:19:51.763] [info] [pid:15020] [main] [host-log] (local-1) [host] [2026-08-19 13:19:51.763] [pid:22368] [zcode-host] [rpc:call] setting.update OK (5.9ms)
[2026-08-19 13:19:51.777] [info] [pid:15020] [main] [host-log] (local-1) [host] [2026-08-19 13:19:51.778] [pid:22368] [zcode-host] [rpc:call] setting.get OK (0.7ms)
[2026-08-19 13:19:56.477] [info] [pid:15020] [main] [host-log] (local-1) [host] [2026-08-19 13:19:56.477] [pid:22368] [zcode-agent-service] provider registry 变更已推送到本地 active workspace {"providerCount":1,"reason":"codingPlanApiKey:builtin:zai-start-plan","revision":"sha256:c3adf87375dac1a31e0e3c87273a6e565f48ae1358689ca082267661ed451514","workspaceKey":"C:\\Users\\llh04\\.zcode\\workspace\\default","workspacePath":"C:\\Users\\llh04\\.zcode\\workspace\\default"}
[2026-08-19 13:19:56.634] [info] [pid:15020] [main] [host-log] (local-1) [host] [2026-08-19 13:19:56.634] [pid:22368] [coding-plan-availability] billing/balance 请求完成 {"durationMs":154,"hasActiveStartPlan":true,"msg":"","payload":{"code":0,"msg":"","data":{"server_time":1787116795,"plans":[{"user_plan_id":"upl_2089944584870027264","plan_id":"zcode-v3-start-plan-0817","name":"ZCode Start Plan","description":"免费 GLM 旗舰模型体验","priority":90,"status":"active","starts_at":1787116592,"ends_at":1787500799,"entitlements":[{"entitlement_id":"ent_2_0817_glm_5p3","show_name":"GLM-5.3","meter":"model_usage","unit_type":"token","capabilities":["model:glm-5.3"],"grant_units":3000000,"period":"daily","priority":110},{"entitlement_id":"ent_2_0817_glm_5turbo","show_name":"GLM-5-Turbo","meter":"model_usage","unit_type":"token","capabilities":["model:GLM-5-Turbo"],"grant_units":2000000,"period":"daily","priority":80}]}],"balances":[{"bucket_id":"bucket_2089944584886804480","user_plan_id":"upl_2089944584870027264","plan_id":"zcode-v3-start-plan-0817","entitlement_id":"ent_2_0817_glm_5p3","show_name":"GLM-5.3","meter":"model_usage","unit_type":"token","capabilities":["model:glm-5.3"],"priority":110,"plan_priority":90,"entitlement_priority":110,"total_units":3000000,"used_units":13703,"remaining_units":2986297,"available_units":2986297,"period_start":1787068800,"period_end":1787155199,"expires_at":1787155199},{"bucket_id":"bucket_2089944584895193088","user_plan_id":"upl_2089944584870027264","plan_id":"zcode-v3-start-plan-0817","entitlement_id":"ent_2_0817_glm_5turbo","show_name":"GLM-5-Turbo","meter":"model_usage","unit_type":"token","capabilities":["model:GLM-5-Turbo"],"priority":80,"plan_priority":90,"entitlement_priority":80,"total_units":2000000,"used_units":0,"remaining_units":2000000,"available_units":2000000,"period_start":1787068800,"period_end":1787155199,"expires_at":1787155199}]}},"planCount":1,"plans":[{"name":"ZCode Start Plan","plan_id":"zcode-v3-start-plan-0817","status":"active"}],"providerId":"builtin:zai-start-plan","success":true,"url":"https://zcode.z.ai/api/v1/zcode-plan/billing/balance?app_version=3.7.7","code":0}
[2026-08-19 13:19:56.785] [info] [pid:15020] [main] [host-log] (local-1) [host] [2026-08-19 13:19:56.785] [pid:22368] [zcode-host] [rpc:call] model-provider.refreshCodingPlanApiKey OK (4995.5ms)
[2026-08-19 13:19:56.785] [info] [pid:15020] [main] [host-log] (local-1) [host] [2026-08-19 13:19:56.786] [pid:22368] [zcode-host] [rpc:call] credential.load OK (0.3ms)
[2026-08-19 13:19:56.786] [info] [pid:15020] [main] [host-log] (local-1) [host] [2026-08-19 13:19:56.786] [pid:22368] [zcode-host] [rpc:call] credential.load OK (0.4ms)
[2026-08-19 13:19:56.787] [info] [pid:15020] [main] [host-log] (local-1) [host] [2026-08-19 13:19:56.786] [pid:22368] [zcode-host] [rpc:call] credential.load OK (0.5ms)
[2026-08-19 13:19:56.804] [info] [pid:15020] [main] [host-log] (local-1) [host] [2026-08-19 13:19:56.805] [pid:22368] [zcode-agent-service] provider registry 变更已推送到本地 active workspace {"providerCount":1,"reason":"codingPlanAvailability:builtin:zai-start-plan","revision":"sha256:c3adf87375dac1a31e0e3c87273a6e565f48ae1358689ca082267661ed451514","workspaceKey":"C:\\Users\\llh04\\.zcode\\workspace\\default","workspacePath":"C:\\Users\\llh04\\.zcode\\workspace\\default"}
[2026-08-19 13:19:56.989] [info] [pid:15020] [main] [host-log] (local-1) [host] [2026-08-19 13:19:56.989] [pid:22368] [zcode-agent-service] provider registry 变更已推送到本地 active workspace {"providerCount":1,"reason":"getAll","revision":"sha256:c3adf87375dac1a31e0e3c87273a6e565f48ae1358689ca082267661ed451514","workspaceKey":"C:\\Users\\llh04\\.zcode\\workspace\\default","workspacePath":"C:\\Users\\llh04\\.zcode\\workspace\\default"}
[2026-08-19 13:19:56.993] [info] [pid:15020] [main] [host-log] (local-1) [host] [2026-08-19 13:19:56.993] [pid:22368] [zcode-host] [rpc:call] model-provider.getAll OK (206.5ms)
[2026-08-19 13:19:57.028] [info] [pid:15020] [main] [host-log] (local-1) [host] [2026-08-19 13:19:57.028] [pid:22368] [zcode-host] [rpc:call] credential.load OK (0.7ms)
[2026-08-19 13:19:57.029] [info] [pid:15020] [main] [host-log] (local-1) [host] [2026-08-19 13:19:57.029] [pid:22368] [zcode-host] [rpc:call] credential.load OK (0.9ms)
[2026-08-19 13:19:57.030] [info] [pid:15020] [main] [host-log] (local-1) [host] [2026-08-19 13:19:57.029] [pid:22368] [zcode-host] [rpc:call] credential.load OK (0.9ms)
[2026-08-19 13:19:58.767] [info] [pid:15020] [main] [host-log] (local-1) [host] [2026-08-19 13:19:58.766] [pid:22368] [zcode-host] [rpc:call] off-peak-task.list OK (0.3ms)
[2026-08-19 13:20:28.446] [info] [pid:15020] [main] [host-log] (local-1) [host] [2026-08-19 13:20:28.446] [pid:22368] [zcode-host] [rpc:call] off-peak-task.list OK (0.2ms)
[2026-08-19 13:20:35.569] [info] [pid:15020] [main] [host-log] (local-1) [host] [2026-08-19 13:20:35.568] [pid:22368] [zcode-host] [rpc:call] usage-stats.getAppUsageSnapshot OK (4.9ms)
[2026-08-19 13:20:58.765] [info] [pid:15020] [main] [host-log] (local-1) [host] [2026-08-19 13:20:58.763] [pid:22368] [zcode-host] [rpc:call] off-peak-task.list OK (0.3ms)
[2026-08-19 13:21:05.667] [info] [pid:15020] [main] [resource] perf_resource window flushed
[2026-08-19 13:21:05.714] [info] [pid:15020] [main] [network] perf_network flushed interfaces=42
[2026-08-19 13:21:22.491] [info] [pid:15020] [main] [host-log] (local-1) [host] [2026-08-19 13:21:22.490] [pid:22368] [zcode-host] [rpc:call] credential.load OK (0.5ms)
[2026-08-19 13:21:22.491] [info] [pid:15020] [main] [host-log] (local-1) [host] [2026-08-19 13:21:22.490] [pid:22368] [zcode-host] [rpc:call] credential.load OK (0.9ms)
[2026-08-19 13:21:22.492] [info] [pid:15020] [main] [host-log] (local-1) [host] [2026-08-19 13:21:22.490] [pid:22368] [zcode-host] [rpc:call] credential.load OK (0.7ms)
[2026-08-19 13:21:28.457] [info] [pid:15020] [main] [host-log] (local-1) [host] [2026-08-19 13:21:28.454] [pid:22368] [zcode-host] [rpc:call] off-peak-task.list OK (0.3ms)
[2026-08-19 13:21:36.438] [info] [pid:15020] [main] [host-log] (local-1) [host] [2026-08-19 13:21:36.439] [pid:22368] [settingService] writing settings to: C:\Users\llh04\.zcode\v2\setting.json {"recentProjects":[],"locale":"zh-CN","localePreference":"system","terminalInheritSystemProfile":true,"taskAutoArchiveEnabled":false,"taskAutoArchiveOlderThanDays":7,"closeToTrayOnWindows":true,"closeToTrayOnWindowsMigrationInitialized":true,"keepAwakeWhileRunning":false,"desktopChromiumHardwareAccelerationEnabled":true,"messageStreamShowReasoning":false,"messageStreamShowTodos":false,"zcodeInteractionBehavior":"queue","askUserQuestionAutoResolutionEnabled":true,"optimizeAgentExperienceEnabled":false,"optimizeAgentExperienceMigrationInitialized":true,"enabledBuiltinAgentCliProviders":["glm"],"modelProviderFamilyModes":{"zai":"oauth"},"modelProviderFamilySelectedKeys":{"zai":"coding-plan:builtin:zai-start-plan"},"providerFamilyDomain":"zai","providerFamilyDomainUpdatedAt":1787116588334,"providerFamilyDomainMigrated":true,"repoSnapshotIndexingEnabled":false,"instantGrepIndexingEnabled":false,"nativeSearchEnhancementsEnabled":true,"memoryEnabled":false,"lastWorkspaceSession":[{"kind":"local","workspacePath":"C:\\Users\\llh04\\.zcode\\workspace\\default","workspacePurpose":"conversation"}],"lastActiveTabIndex":0,"receivePreviewUpdates":false,"autoDownloadAndInstallUpdates":false,"skippedElectronUpdateVersions":{},"settingsSyncFirstRunPromptHandled":true}
[2026-08-19 13:21:36.442] [info] [pid:15020] [main] [host-log] (local-1) [host] [2026-08-19 13:21:36.443] [pid:22368] [settingService] write done
[2026-08-19 13:21:36.443] [info] [pid:15020] [main] [host-log] (local-1) [host] [2026-08-19 13:21:36.443] [pid:22368] [zcode-host] [rpc:call] setting.update OK (4.9ms)
[2026-08-19 13:21:37.459] [info] [pid:15020] [main] [host-log] (local-1) [host] [2026-08-19 13:21:37.459] [pid:22368] [settingService] writing settings to: C:\Users\llh04\.zcode\v2\setting.json {"recentProjects":[],"locale":"zh-CN","localePreference":"system","terminalInheritSystemProfile":true,"taskAutoArchiveEnabled":false,"taskAutoArchiveOlderThanDays":7,"closeToTrayOnWindows":true,"closeToTrayOnWindowsMigrationInitialized":true,"keepAwakeWhileRunning":false,"desktopChromiumHardwareAccelerationEnabled":true,"messageStreamShowReasoning":false,"messageStreamShowTodos":false,"zcodeInteractionBehavior":"queue","askUserQuestionAutoResolutionEnabled":true,"optimizeAgentExperienceEnabled":false,"optimizeAgentExperienceMigrationInitialized":true,"enabledBuiltinAgentCliProviders":["glm"],"modelProviderFamilyModes":{"zai":"oauth"},"modelProviderFamilySelectedKeys":{"zai":"coding-plan:builtin:zai-start-plan"},"providerFamilyDomain":"zai","providerFamilyDomainUpdatedAt":1787116588334,"providerFamilyDomainMigrated":true,"repoSnapshotIndexingEnabled":false,"instantGrepIndexingEnabled":false,"nativeSearchEnhancementsEnabled":true,"memoryEnabled":false,"lastWorkspaceSession":[{"kind":"local","workspacePath":"C:\\Users\\llh04\\.zcode\\workspace\\default","workspacePurpose":"conversation"}],"lastActiveTabIndex":0,"receivePreviewUpdates":false,"autoDownloadAndInstallUpdates":false,"skippedElectronUpdateVersions":{},"settingsSyncFirstRunPromptHandled":true}
[2026-08-19 13:21:37.462] [info] [pid:15020] [main] [host-log] (local-1) [host] [2026-08-19 13:21:37.462] [pid:22368] [settingService] write done
[2026-08-19 13:21:37.462] [info] [pid:15020] [main] [host-log] (local-1) [host] [2026-08-19 13:21:37.462] [pid:22368] [zcode-host] [rpc:call] setting.update OK (4.3ms)
[2026-08-19 13:21:37.522] [warn] [pid:15020] [main] [host-log] (local-1) [host] [2026-08-19 13:21:37.521] [pid:22368] [zcode-host] [rpc:call] coding-plan-subscription.batchPreview FAIL (15016.1ms) {"name":"ApiError","message":"Request timed out after 15000ms","stack":"ApiError: Request timed out after 15000ms\n    at NodeApiClient.request (file:///D:/zcode/resources/app.asar/out/host/index.js:1170:107612)\n    at process.processTicksAndRejections (node:internal/process/task_queues:104:5)\n    at async readApiJson (file:///D:/zcode/resources/app.asar/out/host/index.js:1170:27687)\n    at async readCodingPlanApiJson (file:///D:/zcode/resources/app.asar/out/host/index.js:1172:81807)\n    at async BigModelCodingPlanSubscriptionProvider.post (file:///D:/zcode/resources/app.asar/out/host/index.js:1172:70749)\n    at async NetworkTelemetryServerChannel.call (file:///D:/zcode/resources/app.asar/out/host/chunk-LVLFJXEE.js:3:3483)\n    at async LoggingServerChannel.call (file:///D:/zcode/resources/app.asar/out/host/chunk-LVLFJXEE.js:3:1922)","cause":{"name":"AbortError","message":"This operation was aborted","stack":"AbortError: This operation was aborted"}}
[2026-08-19 13:21:38.240] [info] [pid:15020] [main] [host-log] (local-1) [host] [2026-08-19 13:21:38.240] [pid:22368] [settingService] writing settings to: C:\Users\llh04\.zcode\v2\setting.json {"recentProjects":[],"locale":"zh-CN","localePreference":"system","terminalInheritSystemProfile":true,"taskAutoArchiveEnabled":false,"taskAutoArchiveOlderThanDays":7,"closeToTrayOnWindows":true,"closeToTrayOnWindowsMigrationInitialized":true,"keepAwakeWhileRunning":false,"desktopChromiumHardwareAccelerationEnabled":true,"messageStreamShowReasoning":false,"messageStreamShowTodos":false,"zcodeInteractionBehavior":"queue","askUserQuestionAutoResolutionEnabled":true,"optimizeAgentExperienceEnabled":false,"optimizeAgentExperienceMigrationInitialized":true,"enabledBuiltinAgentCliProviders":["glm"],"modelProviderFamilyModes":{"zai":"oauth"},"modelProviderFamilySelectedKeys":{"zai":"coding-plan:builtin:zai-start-plan"},"providerFamilyDomain":"zai","providerFamilyDomainUpdatedAt":1787116588334,"providerFamilyDomainMigrated":true,"repoSnapshotIndexingEnabled":false,"instantGrepIndexingEnabled":false,"nativeSearchEnhancementsEnabled":true,"memoryEnabled":false,"lastWorkspaceSession":[{"kind":"local","workspacePath":"C:\\Users\\llh04\\.zcode\\workspace\\default","workspacePurpose":"conversation"}],"lastActiveTabIndex":0,"receivePreviewUpdates":false,"autoDownloadAndInstallUpdates":false,"skippedElectronUpdateVersions":{},"settingsSyncFirstRunPromptHandled":true}
[2026-08-19 13:21:38.243] [info] [pid:15020] [main] [host-log] (local-1) [host] [2026-08-19 13:21:38.243] [pid:22368] [settingService] write done
[2026-08-19 13:21:38.243] [info] [pid:15020] [main] [host-log] (local-1) [host] [2026-08-19 13:21:38.243] [pid:22368] [zcode-host] [rpc:call] setting.update OK (3.9ms)
[2026-08-19 13:21:39.503] [info] [pid:15020] [main] [host-log] (local-1) [host] [2026-08-19 13:21:39.502] [pid:22368] [settingService] writing settings to: C:\Users\llh04\.zcode\v2\setting.json {"recentProjects":[],"locale":"zh-CN","localePreference":"system","terminalInheritSystemProfile":true,"taskAutoArchiveEnabled":false,"taskAutoArchiveOlderThanDays":7,"closeToTrayOnWindows":true,"closeToTrayOnWindowsMigrationInitialized":true,"keepAwakeWhileRunning":false,"desktopChromiumHardwareAccelerationEnabled":true,"messageStreamShowReasoning":false,"messageStreamShowTodos":false,"zcodeInteractionBehavior":"queue","askUserQuestionAutoResolutionEnabled":true,"optimizeAgentExperienceEnabled":false,"optimizeAgentExperienceMigrationInitialized":true,"enabledBuiltinAgentCliProviders":["glm"],"modelProviderFamilyModes":{"zai":"oauth"},"modelProviderFamilySelectedKeys":{"zai":"coding-plan:builtin:zai-start-plan"},"providerFamilyDomain":"zai","providerFamilyDomainUpdatedAt":1787116588334,"providerFamilyDomainMigrated":true,"repoSnapshotIndexingEnabled":false,"instantGrepIndexingEnabled":false,"nativeSearchEnhancementsEnabled":true,"memoryEnabled":false,"lastWorkspaceSession":[{"kind":"local","workspacePath":"C:\\Users\\llh04\\.zcode\\workspace\\default","workspacePurpose":"conversation"}],"lastActiveTabIndex":0,"receivePreviewUpdates":false,"autoDownloadAndInstallUpdates":false,"skippedElectronUpdateVersions":{},"settingsSyncFirstRunPromptHandled":true}
[2026-08-19 13:21:39.508] [info] [pid:15020] [main] [host-log] (local-1) [host] [2026-08-19 13:21:39.509] [pid:22368] [settingService] write done
[2026-08-19 13:21:39.509] [info] [pid:15020] [main] [host-log] (local-1) [host] [2026-08-19 13:21:39.509] [pid:22368] [zcode-host] [rpc:call] setting.update OK (7.5ms)
[2026-08-19 13:21:40.141] [info] [pid:15020] [main] [host-log] (local-1) [host] [2026-08-19 13:21:40.140] [pid:22368] [zcode-host] [rpc:call] system.info OK (0.0ms)
[2026-08-19 13:21:40.142] [info] [pid:15020] [main] [host-log] (local-1) [host] [2026-08-19 13:21:40.140] [pid:22368] [zcode-host] [rpc:call] setting.get OK (1.2ms)
[2026-08-19 13:21:40.142] [info] [pid:15020] [main] [host-log] (local-1) [host] [2026-08-19 13:21:40.141] [pid:22368] [zcode-host] [rpc:call] setting.get OK (0.9ms)
[2026-08-19 13:21:40.142] [info] [pid:15020] [main] [host-log] (local-1) [host] [2026-08-19 13:21:40.141] [pid:22368] [zcode-host] [rpc:call] usage-stats.getAppUsageSnapshot OK (1.9ms)
[2026-08-19 13:21:40.167] [info] [pid:15020] [main] [host-log] (local-1) [host] [2026-08-19 13:21:40.167] [pid:22368] [zcode-host] [rpc:call] system.listIntegratedTerminalShells OK (4.5ms)
[2026-08-19 13:21:40.439] [info] [pid:15020] [main] [host-log] (local-1) [host] [2026-08-19 13:21:40.437] [pid:22368] [settingService] writing settings to: C:\Users\llh04\.zcode\v2\setting.json {"recentProjects":[],"locale":"zh-CN","localePreference":"system","terminalInheritSystemProfile":true,"taskAutoArchiveEnabled":false,"taskAutoArchiveOlderThanDays":7,"closeToTrayOnWindows":true,"closeToTrayOnWindowsMigrationInitialized":true,"keepAwakeWhileRunning":false,"desktopChromiumHardwareAccelerationEnabled":true,"messageStreamShowReasoning":false,"messageStreamShowTodos":false,"zcodeInteractionBehavior":"queue","askUserQuestionAutoResolutionEnabled":true,"optimizeAgentExperienceEnabled":false,"optimizeAgentExperienceMigrationInitialized":true,"enabledBuiltinAgentCliProviders":["glm"],"modelProviderFamilyModes":{"zai":"oauth"},"modelProviderFamilySelectedKeys":{"zai":"coding-plan:builtin:zai-start-plan"},"providerFamilyDomain":"zai","providerFamilyDomainUpdatedAt":1787116588334,"providerFamilyDomainMigrated":true,"repoSnapshotIndexingEnabled":false,"instantGrepIndexingEnabled":false,"nativeSearchEnhancementsEnabled":true,"memoryEnabled":false,"lastWorkspaceSession":[{"kind":"local","workspacePath":"C:\\Users\\llh04\\.zcode\\workspace\\default","workspacePurpose":"conversation"}],"lastActiveTabIndex":0,"receivePreviewUpdates":false,"autoDownloadAndInstallUpdates":false,"skippedElectronUpdateVersions":{},"settingsSyncFirstRunPromptHandled":true}
[2026-08-19 13:21:40.440] [info] [pid:15020] [main] [host-log] (local-1) [host] [2026-08-19 13:21:40.440] [pid:22368] [settingService] write done
[2026-08-19 13:21:40.441] [info] [pid:15020] [main] [host-log] (local-1) [host] [2026-08-19 13:21:40.440] [pid:22368] [zcode-host] [rpc:call] setting.update OK (5.0ms)
[2026-08-19 13:21:46.627] [info] [pid:15020] [main] [host-log] (local-1) [host] [2026-08-19 13:21:46.627] [pid:22368] [zcode-host] [rpc:call] setting.get OK (0.6ms)
[2026-08-19 13:21:46.628] [info] [pid:15020] [main] [host-log] (local-1) [host] [2026-08-19 13:21:46.627] [pid:22368] [zcode-host] [rpc:call] credential.load OK (0.7ms)
[2026-08-19 13:21:46.629] [info] [pid:15020] [main] [host-log] (local-1) [host] [2026-08-19 13:21:46.627] [pid:22368] [zcode-host] [rpc:call] credential.load OK (0.7ms)
[2026-08-19 13:21:46.629] [info] [pid:15020] [main] [host-log] (local-1) [host] [2026-08-19 13:21:46.628] [pid:22368] [zcode-host] [rpc:call] credential.load OK (0.8ms)
[2026-08-19 13:21:46.636] [info] [pid:15020] [main] [host-log] (local-1) [host] [2026-08-19 13:21:46.637] [pid:22368] [usage-stats] 读取 BigModel entitlement 已解析授权上下文 {"preferredProviderId":"builtin:zai-coding-plan","providerId":"builtin:zai-coding-plan","scope":"personal","organizationId":null,"projectId":null}
[2026-08-19 13:21:46.873] [info] [pid:15020] [main] [host-log] (local-1) [host] [2026-08-19 13:21:46.873] [pid:22368] [usage-stats] billing/balance 请求完成 {"balanceCount":2,"balances":[{"entitlement_id":"ent_2_0817_glm_5p3","show_name":"GLM-5.3","total_units":3000000,"used_units":13703,"remaining_units":2986297,"available_units":2986297,"reserved_units":null},{"entitlement_id":"ent_2_0817_glm_5turbo","show_name":"GLM-5-Turbo","total_units":2000000,"used_units":0,"remaining_units":2000000,"available_units":2000000,"reserved_units":null}],"code":0,"durationMs":220,"msg":"","payload":{"code":0,"msg":"","data":{"server_time":1787116905,"plans":[{"user_plan_id":"upl_2089944584870027264","plan_id":"zcode-v3-start-plan-0817","name":"ZCode Start Plan","description":"免费 GLM 旗舰模型体验","priority":90,"status":"active","starts_at":1787116592,"ends_at":1787500799,"entitlements":[{"entitlement_id":"ent_2_0817_glm_5p3","show_name":"GLM-5.3","meter":"model_usage","unit_type":"token","capabilities":["model:glm-5.3"],"grant_units":3000000,"period":"daily","priority":110},{"entitlement_id":"ent_2_0817_glm_5turbo","show_name":"GLM-5-Turbo","meter":"model_usage","unit_type":"token","capabilities":["model:GLM-5-Turbo"],"grant_units":2000000,"period":"daily","priority":80}]}],"balances":[{"bucket_id":"bucket_2089944584886804480","user_plan_id":"upl_2089944584870027264","plan_id":"zcode-v3-start-plan-0817","entitlement_id":"ent_2_0817_glm_5p3","show_name":"GLM-5.3","meter":"model_usage","unit_type":"token","capabilities":["model:glm-5.3"],"priority":110,"plan_priority":90,"entitlement_priority":110,"total_units":3000000,"used_units":13703,"remaining_units":2986297,"available_units":2986297,"period_start":1787068800,"period_end":1787155199,"expires_at":1787155199},{"bucket_id":"bucket_2089944584895193088","user_plan_id":"upl_2089944584870027264","plan_id":"zcode-v3-start-plan-0817","entitlement_id":"ent_2_0817_glm_5turbo","show_name":"GLM-5-Turbo","meter":"model_usage","unit_type":"token","capabilities":["model:GLM-5-Turbo"],"priority":80,"plan_priority":90,"entitlement_priority":80,"total_units":2000000,"used_units":0,"remaining_units":2000000,"available_units":2000000,"period_start":1787068800,"period_end":1787155199,"expires_at":1787155199}]}},"planCount":1,"plans":[{"name":"ZCode Start Plan","plan_id":"zcode-v3-start-plan-0817","status":"active"}],"providerId":"builtin:zai-start-plan","success":true,"url":"https://zcode.z.ai/api/v1/zcode-plan/billing/balance?app_version=3.7.7"}
[2026-08-19 13:21:46.873] [info] [pid:15020] [main] [host-log] (local-1) [host] [2026-08-19 13:21:46.873] [pid:22368] [zcode-host] [rpc:call] usage-stats.getEntitlementSnapshot OK (230.9ms)
[2026-08-19 13:21:48.247] [info] [pid:15020] [main] [host-log] (local-1) [host] [2026-08-19 13:21:48.245] [pid:22368] [zcode-host] [rpc:call] system.probeIntranet OK (1619.0ms)
[2026-08-19 13:21:51.449] [info] [pid:15020] [main] [host-log] (local-1) [host] [2026-08-19 13:21:51.449] [pid:22368] [zcode-host] [rpc:call] usage-stats.getEntitlementSnapshot OK (4822.7ms)
[2026-08-19 13:21:57.268] [info] [pid:15020] [main] [host-log] (local-1) [host] [2026-08-19 13:21:57.268] [pid:22368] [zcode-host] [rpc:call] broadcast.send OK (0.3ms)
[2026-08-19 13:21:57.269] [info] [pid:15020] [main] [host-log] (local-1) [host] [2026-08-19 13:21:57.269] [pid:22368] [settingService] writing settings to: C:\Users\llh04\.zcode\v2\setting.json {"recentProjects":[],"locale":"zh-CN","localePreference":"zh-CN","terminalInheritSystemProfile":true,"taskAutoArchiveEnabled":false,"taskAutoArchiveOlderThanDays":7,"closeToTrayOnWindows":true,"closeToTrayOnWindowsMigrationInitialized":true,"keepAwakeWhileRunning":false,"desktopChromiumHardwareAccelerationEnabled":true,"messageStreamShowReasoning":false,"messageStreamShowTodos":false,"zcodeInteractionBehavior":"queue","askUserQuestionAutoResolutionEnabled":true,"optimizeAgentExperienceEnabled":false,"optimizeAgentExperienceMigrationInitialized":true,"enabledBuiltinAgentCliProviders":["glm"],"modelProviderFamilyModes":{"zai":"oauth"},"modelProviderFamilySelectedKeys":{"zai":"coding-plan:builtin:zai-start-plan"},"providerFamilyDomain":"zai","providerFamilyDomainUpdatedAt":1787116588334,"providerFamilyDomainMigrated":true,"repoSnapshotIndexingEnabled":false,"instantGrepIndexingEnabled":false,"nativeSearchEnhancementsEnabled":true,"memoryEnabled":false,"lastWorkspaceSession":[{"kind":"local","workspacePath":"C:\\Users\\llh04\\.zcode\\workspace\\default","workspacePurpose":"conversation"}],"lastActiveTabIndex":0,"receivePreviewUpdates":false,"autoDownloadAndInstallUpdates":false,"skippedElectronUpdateVersions":{},"settingsSyncFirstRunPromptHandled":true}
[2026-08-19 13:21:57.272] [info] [pid:15020] [main] [host-log] (local-1) [host] [2026-08-19 13:21:57.272] [pid:22368] [settingService] write done
[2026-08-19 13:21:57.273] [info] [pid:15020] [main] [host-log] (local-1) [host] [2026-08-19 13:21:57.272] [pid:22368] [zcode-host] [rpc:call] setting.update OK (4.2ms)
[2026-08-19 13:21:58.454] [info] [pid:15020] [main] [host-log] (local-1) [host] [2026-08-19 13:21:58.454] [pid:22368] [zcode-host] [rpc:call] off-peak-task.list OK (0.1ms)
[2026-08-19 13:22:01.311] [info] [pid:15020] [main] [host-log] (local-1) [host] [2026-08-19 13:22:01.311] [pid:22368] [settingService] writing settings to: C:\Users\llh04\.zcode\v2\setting.json {"recentProjects":[],"locale":"zh-CN","localePreference":"zh-CN","terminalInheritSystemProfile":true,"taskAutoArchiveEnabled":false,"taskAutoArchiveOlderThanDays":7,"closeToTrayOnWindows":true,"closeToTrayOnWindowsMigrationInitialized":true,"keepAwakeWhileRunning":false,"desktopChromiumHardwareAccelerationEnabled":true,"messageStreamShowReasoning":false,"messageStreamShowTodos":false,"zcodeInteractionBehavior":"queue","askUserQuestionAutoResolutionEnabled":true,"optimizeAgentExperienceEnabled":false,"optimizeAgentExperienceMigrationInitialized":true,"enabledBuiltinAgentCliProviders":["glm"],"modelProviderFamilyModes":{"zai":"oauth"},"modelProviderFamilySelectedKeys":{"zai":"coding-plan:builtin:zai-start-plan"},"providerFamilyDomain":"zai","providerFamilyDomainUpdatedAt":1787116588334,"providerFamilyDomainMigrated":true,"repoSnapshotIndexingEnabled":false,"instantGrepIndexingEnabled":false,"nativeSearchEnhancementsEnabled":true,"memoryEnabled":false,"lastWorkspaceSession":[{"kind":"local","workspacePath":"C:\\Users\\llh04\\.zcode\\workspace\\default","workspacePurpose":"conversation"}],"lastActiveTabIndex":0,"receivePreviewUpdates":false,"autoDownloadAndInstallUpdates":false,"skippedElectronUpdateVersions":{},"settingsSyncFirstRunPromptHandled":true}
[2026-08-19 13:22:01.314] [info] [pid:15020] [main] [host-log] (local-1) [host] [2026-08-19 13:22:01.314] [pid:22368] [settingService] write done
[2026-08-19 13:22:01.315] [info] [pid:15020] [main] [host-log] (local-1) [host] [2026-08-19 13:22:01.315] [pid:22368] [zcode-host] [rpc:call] setting.update OK (4.7ms)
[2026-08-19 13:22:02.819] [info] [pid:15020] [main] [host-log] (local-1) [host] [2026-08-19 13:22:02.819] [pid:22368] [settingService] writing settings to: C:\Users\llh04\.zcode\v2\setting.json {"recentProjects":[],"locale":"zh-CN","localePreference":"zh-CN","terminalInheritSystemProfile":true,"taskAutoArchiveEnabled":false,"taskAutoArchiveOlderThanDays":7,"closeToTrayOnWindows":true,"closeToTrayOnWindowsMigrationInitialized":true,"keepAwakeWhileRunning":false,"desktopChromiumHardwareAccelerationEnabled":true,"messageStreamShowReasoning":false,"messageStreamShowTodos":false,"zcodeInteractionBehavior":"queue","askUserQuestionAutoResolutionEnabled":true,"optimizeAgentExperienceEnabled":false,"optimizeAgentExperienceMigrationInitialized":true,"enabledBuiltinAgentCliProviders":["glm"],"modelProviderFamilyModes":{"zai":"oauth"},"modelProviderFamilySelectedKeys":{"zai":"coding-plan:builtin:zai-start-plan"},"providerFamilyDomain":"zai","providerFamilyDomainUpdatedAt":1787116588334,"providerFamilyDomainMigrated":true,"repoSnapshotIndexingEnabled":false,"instantGrepIndexingEnabled":false,"nativeSearchEnhancementsEnabled":true,"memoryEnabled":false,"lastWorkspaceSession":[{"kind":"local","workspacePath":"C:\\Users\\llh04\\.zcode\\workspace\\default","workspacePurpose":"conversation"}],"lastActiveTabIndex":0,"receivePreviewUpdates":false,"autoDownloadAndInstallUpdates":false,"skippedElectronUpdateVersions":{},"settingsSyncFirstRunPromptHandled":true}
[2026-08-19 13:22:02.825] [info] [pid:15020] [main] [host-log] (local-1) [host] [2026-08-19 13:22:02.825] [pid:22368] [settingService] write done
[2026-08-19 13:22:02.826] [info] [pid:15020] [main] [host-log] (local-1) [host] [2026-08-19 13:22:02.825] [pid:22368] [zcode-host] [rpc:call] setting.update OK (7.2ms)
[2026-08-19 13:22:04.189] [info] [pid:15020] [main] [host-log] (local-1) [host] [2026-08-19 13:22:04.189] [pid:22368] [settingService] writing settings to: C:\Users\llh04\.zcode\v2\setting.json {"recentProjects":[],"locale":"zh-CN","localePreference":"zh-CN","terminalInheritSystemProfile":true,"taskAutoArchiveEnabled":false,"taskAutoArchiveOlderThanDays":7,"closeToTrayOnWindows":true,"closeToTrayOnWindowsMigrationInitialized":true,"keepAwakeWhileRunning":false,"desktopChromiumHardwareAccelerationEnabled":true,"messageStreamShowReasoning":false,"messageStreamShowTodos":false,"zcodeInteractionBehavior":"queue","askUserQuestionAutoResolutionEnabled":true,"optimizeAgentExperienceEnabled":false,"optimizeAgentExperienceMigrationInitialized":true,"enabledBuiltinAgentCliProviders":["glm"],"modelProviderFamilyModes":{"zai":"oauth"},"modelProviderFamilySelectedKeys":{"zai":"coding-plan:builtin:zai-start-plan"},"providerFamilyDomain":"zai","providerFamilyDomainUpdatedAt":1787116588334,"providerFamilyDomainMigrated":true,"repoSnapshotIndexingEnabled":false,"instantGrepIndexingEnabled":false,"nativeSearchEnhancementsEnabled":true,"memoryEnabled":false,"lastWorkspaceSession":[{"kind":"local","workspacePath":"C:\\Users\\llh04\\.zcode\\workspace\\default","workspacePurpose":"conversation"}],"lastActiveTabIndex":0,"receivePreviewUpdates":false,"autoDownloadAndInstallUpdates":false,"skippedElectronUpdateVersions":{},"settingsSyncFirstRunPromptHandled":true}
[2026-08-19 13:22:04.194] [info] [pid:15020] [main] [host-log] (local-1) [host] [2026-08-19 13:22:04.193] [pid:22368] [settingService] write done
[2026-08-19 13:22:04.195] [info] [pid:15020] [main] [host-log] (local-1) [host] [2026-08-19 13:22:04.193] [pid:22368] [zcode-host] [rpc:call] setting.update OK (4.8ms)
[2026-08-19 13:22:28.761] [info] [pid:15020] [main] [host-log] (local-1) [host] [2026-08-19 13:22:28.761] [pid:22368] [zcode-host] [rpc:call] off-peak-task.list OK (0.4ms)
[2026-08-19 13:22:58.777] [info] [pid:15020] [main] [host-log] (local-1) [host] [2026-08-19 13:22:58.771] [pid:22368] [zcode-host] [rpc:call] off-peak-task.list OK (0.2ms)
[2026-08-19 13:23:35.762] [info] [pid:15020] [main] [host-log] (local-1) [host] [2026-08-19 13:23:35.760] [pid:22368] [zcode-host] [rpc:call] off-peak-task.list OK (0.3ms)
[2026-08-19 13:24:23.420] [info] [pid:15020] [main] [host-log] (local-1) [host] [2026-08-19 13:24:23.415] [pid:22368] [zcode-host] [rpc:call] off-peak-task.list OK (0.2ms)
[2026-08-19 13:24:23.723] [info] [pid:15020] [main] [host-log] (local-1) [host] [2026-08-19 13:24:23.724] [pid:22368] [settingService] writing settings to: C:\Users\llh04\.zcode\v2\setting.json {"recentProjects":[],"locale":"zh-CN","localePreference":"zh-CN","terminalInheritSystemProfile":true,"taskAutoArchiveEnabled":false,"taskAutoArchiveOlderThanDays":7,"closeToTrayOnWindows":true,"closeToTrayOnWindowsMigrationInitialized":true,"keepAwakeWhileRunning":false,"desktopChromiumHardwareAccelerationEnabled":true,"messageStreamShowReasoning":false,"messageStreamShowTodos":false,"zcodeInteractionBehavior":"queue","askUserQuestionAutoResolutionEnabled":true,"optimizeAgentExperienceEnabled":false,"optimizeAgentExperienceMigrationInitialized":true,"enabledBuiltinAgentCliProviders":["glm"],"modelProviderFamilyModes":{"zai":"oauth"},"modelProviderFamilySelectedKeys":{"zai":"coding-plan:builtin:zai-start-plan"},"providerFamilyDomain":"zai","providerFamilyDomainUpdatedAt":1787116588334,"providerFamilyDomainMigrated":true,"repoSnapshotIndexingEnabled":false,"instantGrepIndexingEnabled":false,"nativeSearchEnhancementsEnabled":true,"memoryEnabled":false,"lastWorkspaceSession":[{"kind":"local","workspacePath":"C:\\Users\\llh04\\.zcode\\workspace\\default","workspacePurpose":"conversation"}],"lastActiveTabIndex":0,"receivePreviewUpdates":false,"autoDownloadAndInstallUpdates":false,"skippedElectronUpdateVersions":{},"settingsSyncFirstRunPromptHandled":true}
[2026-08-19 13:24:23.728] [info] [pid:15020] [main] [host-log] (local-1) [host] [2026-08-19 13:24:23.728] [pid:22368] [settingService] write done
[2026-08-19 13:24:23.728] [info] [pid:15020] [main] [host-log] (local-1) [host] [2026-08-19 13:24:23.728] [pid:22368] [zcode-host] [rpc:call] setting.update OK (7.8ms)
[2026-08-19 13:24:28.450] [info] [pid:15020] [main] [host-log] (local-1) [host] [2026-08-19 13:24:28.449] [pid:22368] [zcode-host] [rpc:call] off-peak-task.list OK (0.2ms)
[2026-08-19 13:24:35.873] [info] [pid:15020] [main] [host-log] (local-1) [host] [2026-08-19 13:24:35.874] [pid:22368] [settingService] writing settings to: C:\Users\llh04\.zcode\v2\setting.json {"recentProjects":[],"locale":"zh-CN","localePreference":"zh-CN","terminalInheritSystemProfile":true,"taskAutoArchiveEnabled":false,"taskAutoArchiveOlderThanDays":7,"closeToTrayOnWindows":true,"closeToTrayOnWindowsMigrationInitialized":true,"keepAwakeWhileRunning":false,"desktopChromiumHardwareAccelerationEnabled":true,"messageStreamShowReasoning":false,"messageStreamShowTodos":false,"zcodeInteractionBehavior":"queue","askUserQuestionAutoResolutionEnabled":true,"optimizeAgentExperienceEnabled":false,"optimizeAgentExperienceMigrationInitialized":true,"enabledBuiltinAgentCliProviders":["glm"],"modelProviderFamilyModes":{"zai":"oauth"},"modelProviderFamilySelectedKeys":{"zai":"coding-plan:builtin:zai-start-plan"},"providerFamilyDomain":"zai","providerFamilyDomainUpdatedAt":1787116588334,"providerFamilyDomainMigrated":true,"repoSnapshotIndexingEnabled":false,"instantGrepIndexingEnabled":false,"nativeSearchEnhancementsEnabled":true,"memoryEnabled":false,"lastWorkspaceSession":[{"kind":"local","workspacePath":"C:\\Users\\llh04\\.zcode\\workspace\\default","workspacePurpose":"conversation"}],"lastActiveTabIndex":0,"receivePreviewUpdates":false,"autoDownloadAndInstallUpdates":false,"skippedElectronUpdateVersions":{},"settingsSyncFirstRunPromptHandled":true}
[2026-08-19 13:24:35.879] [info] [pid:15020] [main] [host-log] (local-1) [host] [2026-08-19 13:24:35.879] [pid:22368] [settingService] write done
[2026-08-19 13:24:35.879] [info] [pid:15020] [main] [host-log] (local-1) [host] [2026-08-19 13:24:35.879] [pid:22368] [zcode-host] [rpc:call] setting.update OK (7.5ms)
[2026-08-19 13:24:36.386] [info] [pid:15020] [main] [host-log] (local-1) [host] [2026-08-19 13:24:36.386] [pid:22368] [settingService] writing settings to: C:\Users\llh04\.zcode\v2\setting.json {"recentProjects":[],"locale":"zh-CN","localePreference":"zh-CN","terminalInheritSystemProfile":true,"taskAutoArchiveEnabled":false,"taskAutoArchiveOlderThanDays":7,"closeToTrayOnWindows":true,"closeToTrayOnWindowsMigrationInitialized":true,"keepAwakeWhileRunning":false,"desktopChromiumHardwareAccelerationEnabled":true,"messageStreamShowReasoning":false,"messageStreamShowTodos":false,"zcodeInteractionBehavior":"queue","askUserQuestionAutoResolutionEnabled":true,"optimizeAgentExperienceEnabled":false,"optimizeAgentExperienceMigrationInitialized":true,"enabledBuiltinAgentCliProviders":["glm"],"modelProviderFamilyModes":{"zai":"oauth"},"modelProviderFamilySelectedKeys":{"zai":"coding-plan:builtin:zai-start-plan"},"providerFamilyDomain":"zai","providerFamilyDomainUpdatedAt":1787116588334,"providerFamilyDomainMigrated":true,"repoSnapshotIndexingEnabled":false,"instantGrepIndexingEnabled":false,"nativeSearchEnhancementsEnabled":true,"memoryEnabled":false,"lastWorkspaceSession":[{"kind":"local","workspacePath":"C:\\Users\\llh04\\.zcode\\workspace\\default","workspacePurpose":"conversation"}],"lastActiveTabIndex":0,"receivePreviewUpdates":false,"autoDownloadAndInstallUpdates":false,"skippedElectronUpdateVersions":{},"settingsSyncFirstRunPromptHandled":true}
[2026-08-19 13:24:36.389] [info] [pid:15020] [main] [host-log] (local-1) [host] [2026-08-19 13:24:36.390] [pid:22368] [settingService] write done
[2026-08-19 13:24:36.390] [info] [pid:15020] [main] [host-log] (local-1) [host] [2026-08-19 13:24:36.390] [pid:22368] [zcode-host] [rpc:call] setting.update OK (4.4ms)
[2026-08-19 13:24:37.103] [info] [pid:15020] [main] [host-log] (local-1) [host] [2026-08-19 13:24:37.103] [pid:22368] [settingService] writing settings to: C:\Users\llh04\.zcode\v2\setting.json {"recentProjects":[],"locale":"zh-CN","localePreference":"zh-CN","terminalInheritSystemProfile":true,"taskAutoArchiveEnabled":false,"taskAutoArchiveOlderThanDays":7,"closeToTrayOnWindows":true,"closeToTrayOnWindowsMigrationInitialized":true,"keepAwakeWhileRunning":false,"desktopChromiumHardwareAccelerationEnabled":true,"messageStreamShowReasoning":false,"messageStreamShowTodos":false,"zcodeInteractionBehavior":"queue","askUserQuestionAutoResolutionEnabled":true,"optimizeAgentExperienceEnabled":false,"optimizeAgentExperienceMigrationInitialized":true,"enabledBuiltinAgentCliProviders":["glm"],"modelProviderFamilyModes":{"zai":"oauth"},"modelProviderFamilySelectedKeys":{"zai":"coding-plan:builtin:zai-start-plan"},"providerFamilyDomain":"zai","providerFamilyDomainUpdatedAt":1787116588334,"providerFamilyDomainMigrated":true,"repoSnapshotIndexingEnabled":false,"instantGrepIndexingEnabled":false,"nativeSearchEnhancementsEnabled":true,"memoryEnabled":false,"lastWorkspaceSession":[{"kind":"local","workspacePath":"C:\\Users\\llh04\\.zcode\\workspace\\default","workspacePurpose":"conversation"}],"lastActiveTabIndex":0,"receivePreviewUpdates":false,"autoDownloadAndInstallUpdates":false,"skippedElectronUpdateVersions":{},"settingsSyncFirstRunPromptHandled":true}
[2026-08-19 13:24:37.108] [info] [pid:15020] [main] [host-log] (local-1) [host] [2026-08-19 13:24:37.108] [pid:22368] [settingService] write done
[2026-08-19 13:24:37.108] [info] [pid:15020] [main] [host-log] (local-1) [host] [2026-08-19 13:24:37.108] [pid:22368] [zcode-host] [rpc:call] setting.update OK (5.6ms)
[2026-08-19 13:24:37.580] [info] [pid:15020] [main] [host-log] (local-1) [host] [2026-08-19 13:24:37.580] [pid:22368] [settingService] writing settings to: C:\Users\llh04\.zcode\v2\setting.json {"recentProjects":[],"locale":"zh-CN","localePreference":"zh-CN","terminalInheritSystemProfile":true,"taskAutoArchiveEnabled":false,"taskAutoArchiveOlderThanDays":7,"closeToTrayOnWindows":true,"closeToTrayOnWindowsMigrationInitialized":true,"keepAwakeWhileRunning":false,"desktopChromiumHardwareAccelerationEnabled":true,"messageStreamShowReasoning":false,"messageStreamShowTodos":false,"zcodeInteractionBehavior":"queue","askUserQuestionAutoResolutionEnabled":true,"optimizeAgentExperienceEnabled":false,"optimizeAgentExperienceMigrationInitialized":true,"enabledBuiltinAgentCliProviders":["glm"],"modelProviderFamilyModes":{"zai":"oauth"},"modelProviderFamilySelectedKeys":{"zai":"coding-plan:builtin:zai-start-plan"},"providerFamilyDomain":"zai","providerFamilyDomainUpdatedAt":1787116588334,"providerFamilyDomainMigrated":true,"repoSnapshotIndexingEnabled":false,"instantGrepIndexingEnabled":false,"nativeSearchEnhancementsEnabled":true,"memoryEnabled":false,"lastWorkspaceSession":[{"kind":"local","workspacePath":"C:\\Users\\llh04\\.zcode\\workspace\\default","workspacePurpose":"conversation"}],"lastActiveTabIndex":0,"receivePreviewUpdates":false,"autoDownloadAndInstallUpdates":false,"skippedElectronUpdateVersions":{},"settingsSyncFirstRunPromptHandled":true}
[2026-08-19 13:24:37.584] [info] [pid:15020] [main] [host-log] (local-1) [host] [2026-08-19 13:24:37.584] [pid:22368] [settingService] write done
[2026-08-19 13:24:37.585] [info] [pid:15020] [main] [host-log] (local-1) [host] [2026-08-19 13:24:37.585] [pid:22368] [zcode-host] [rpc:call] setting.update OK (5.6ms)
[2026-08-19 13:24:38.581] [info] [pid:15020] [main] [host-log] (local-1) [host] [2026-08-19 13:24:38.571] [pid:22368] [settingService] writing settings to: C:\Users\llh04\.zcode\v2\setting.json {"recentProjects":[],"locale":"zh-CN","localePreference":"zh-CN","terminalInheritSystemProfile":true,"taskAutoArchiveEnabled":false,"taskAutoArchiveOlderThanDays":7,"closeToTrayOnWindows":true,"closeToTrayOnWindowsMigrationInitialized":true,"keepAwakeWhileRunning":false,"desktopChromiumHardwareAccelerationEnabled":true,"messageStreamShowReasoning":false,"messageStreamShowTodos":false,"zcodeInteractionBehavior":"queue","askUserQuestionAutoResolutionEnabled":true,"optimizeAgentExperienceEnabled":false,"optimizeAgentExperienceMigrationInitialized":true,"enabledBuiltinAgentCliProviders":["glm"],"modelProviderFamilyModes":{"zai":"oauth"},"modelProviderFamilySelectedKeys":{"zai":"coding-plan:builtin:zai-start-plan"},"providerFamilyDomain":"zai","providerFamilyDomainUpdatedAt":1787116588334,"providerFamilyDomainMigrated":true,"repoSnapshotIndexingEnabled":false,"instantGrepIndexingEnabled":false,"nativeSearchEnhancementsEnabled":true,"memoryEnabled":false,"lastWorkspaceSession":[{"kind":"local","workspacePath":"C:\\Users\\llh04\\.zcode\\workspace\\default","workspacePurpose":"conversation"}],"lastActiveTabIndex":0,"receivePreviewUpdates":false,"autoDownloadAndInstallUpdates":false,"skippedElectronUpdateVersions":{},"settingsSyncFirstRunPromptHandled":true}
[2026-08-19 13:24:38.588] [info] [pid:15020] [main] [host-log] (local-1) [host] [2026-08-19 13:24:38.588] [pid:22368] [settingService] write done
[2026-08-19 13:24:38.588] [info] [pid:15020] [main] [host-log] (local-1) [host] [2026-08-19 13:24:38.588] [pid:22368] [zcode-host] [rpc:call] setting.update OK (19.8ms)
[2026-08-19 13:24:39.182] [info] [pid:15020] [main] [host-log] (local-1) [host] [2026-08-19 13:24:39.182] [pid:22368] [settingService] writing settings to: C:\Users\llh04\.zcode\v2\setting.json {"recentProjects":[],"locale":"zh-CN","localePreference":"zh-CN","terminalInheritSystemProfile":true,"taskAutoArchiveEnabled":false,"taskAutoArchiveOlderThanDays":7,"closeToTrayOnWindows":true,"closeToTrayOnWindowsMigrationInitialized":true,"keepAwakeWhileRunning":false,"desktopChromiumHardwareAccelerationEnabled":true,"messageStreamShowReasoning":false,"messageStreamShowTodos":false,"zcodeInteractionBehavior":"queue","askUserQuestionAutoResolutionEnabled":true,"optimizeAgentExperienceEnabled":false,"optimizeAgentExperienceMigrationInitialized":true,"enabledBuiltinAgentCliProviders":["glm"],"modelProviderFamilyModes":{"zai":"oauth"},"modelProviderFamilySelectedKeys":{"zai":"coding-plan:builtin:zai-start-plan"},"providerFamilyDomain":"zai","providerFamilyDomainUpdatedAt":1787116588334,"providerFamilyDomainMigrated":true,"repoSnapshotIndexingEnabled":false,"instantGrepIndexingEnabled":false,"nativeSearchEnhancementsEnabled":true,"memoryEnabled":false,"lastWorkspaceSession":[{"kind":"local","workspacePath":"C:\\Users\\llh04\\.zcode\\workspace\\default","workspacePurpose":"conversation"}],"lastActiveTabIndex":0,"receivePreviewUpdates":false,"autoDownloadAndInstallUpdates":false,"skippedElectronUpdateVersions":{},"settingsSyncFirstRunPromptHandled":true}
[2026-08-19 13:24:39.185] [info] [pid:15020] [main] [host-log] (local-1) [host] [2026-08-19 13:24:39.186] [pid:22368] [settingService] write done
[2026-08-19 13:24:39.186] [info] [pid:15020] [main] [host-log] (local-1) [host] [2026-08-19 13:24:39.186] [pid:22368] [zcode-host] [rpc:call] setting.update OK (4.0ms)
[2026-08-19 13:24:39.537] [info] [pid:15020] [main] [host-log] (local-1) [host] [2026-08-19 13:24:39.537] [pid:22368] [settingService] writing settings to: C:\Users\llh04\.zcode\v2\setting.json {"recentProjects":[],"locale":"zh-CN","localePreference":"zh-CN","terminalInheritSystemProfile":true,"taskAutoArchiveEnabled":false,"taskAutoArchiveOlderThanDays":7,"closeToTrayOnWindows":true,"closeToTrayOnWindowsMigrationInitialized":true,"keepAwakeWhileRunning":false,"desktopChromiumHardwareAccelerationEnabled":true,"messageStreamShowReasoning":false,"messageStreamShowTodos":false,"zcodeInteractionBehavior":"queue","askUserQuestionAutoResolutionEnabled":true,"optimizeAgentExperienceEnabled":false,"optimizeAgentExperienceMigrationInitialized":true,"enabledBuiltinAgentCliProviders":["glm"],"modelProviderFamilyModes":{"zai":"oauth"},"modelProviderFamilySelectedKeys":{"zai":"coding-plan:builtin:zai-start-plan"},"providerFamilyDomain":"zai","providerFamilyDomainUpdatedAt":1787116588334,"providerFamilyDomainMigrated":true,"repoSnapshotIndexingEnabled":false,"instantGrepIndexingEnabled":false,"nativeSearchEnhancementsEnabled":true,"memoryEnabled":false,"lastWorkspaceSession":[{"kind":"local","workspacePath":"C:\\Users\\llh04\\.zcode\\workspace\\default","workspacePurpose":"conversation"}],"lastActiveTabIndex":0,"receivePreviewUpdates":false,"autoDownloadAndInstallUpdates":false,"skippedElectronUpdateVersions":{},"settingsSyncFirstRunPromptHandled":true}
[2026-08-19 13:24:39.542] [info] [pid:15020] [main] [host-log] (local-1) [host] [2026-08-19 13:24:39.542] [pid:22368] [settingService] write done
[2026-08-19 13:24:39.542] [info] [pid:15020] [main] [host-log] (local-1) [host] [2026-08-19 13:24:39.542] [pid:22368] [zcode-host] [rpc:call] setting.update OK (7.5ms)
[2026-08-19 13:24:40.124] [info] [pid:15020] [main] [host-log] (local-1) [host] [2026-08-19 13:24:40.121] [pid:22368] [zcode-host] [rpc:call] zcode-agent.sendConversationCommandV4 OK (9.5ms)
[2026-08-19 13:24:40.421] [info] [pid:15020] [main] [host-log] (local-1) [host] [2026-08-19 13:24:40.421] [pid:22368] [settingService] writing settings to: C:\Users\llh04\.zcode\v2\setting.json {"recentProjects":[],"locale":"zh-CN","localePreference":"zh-CN","terminalInheritSystemProfile":true,"taskAutoArchiveEnabled":false,"taskAutoArchiveOlderThanDays":7,"closeToTrayOnWindows":true,"closeToTrayOnWindowsMigrationInitialized":true,"keepAwakeWhileRunning":false,"desktopChromiumHardwareAccelerationEnabled":true,"messageStreamShowReasoning":false,"messageStreamShowTodos":false,"zcodeInteractionBehavior":"queue","askUserQuestionAutoResolutionEnabled":true,"optimizeAgentExperienceEnabled":false,"optimizeAgentExperienceMigrationInitialized":true,"enabledBuiltinAgentCliProviders":["glm"],"modelProviderFamilyModes":{"zai":"oauth"},"modelProviderFamilySelectedKeys":{"zai":"coding-plan:builtin:zai-start-plan"},"providerFamilyDomain":"zai","providerFamilyDomainUpdatedAt":1787116588334,"providerFamilyDomainMigrated":true,"repoSnapshotIndexingEnabled":false,"instantGrepIndexingEnabled":false,"nativeSearchEnhancementsEnabled":true,"memoryEnabled":false,"lastWorkspaceSession":[{"kind":"local","workspacePath":"C:\\Users\\llh04\\.zcode\\workspace\\default","workspacePurpose":"conversation"}],"lastActiveTabIndex":0,"receivePreviewUpdates":false,"autoDownloadAndInstallUpdates":false,"skippedElectronUpdateVersions":{},"settingsSyncFirstRunPromptHandled":true}
[2026-08-19 13:24:40.424] [info] [pid:15020] [main] [host-log] (local-1) [host] [2026-08-19 13:24:40.425] [pid:22368] [settingService] write done
[2026-08-19 13:24:40.425] [info] [pid:15020] [main] [host-log] (local-1) [host] [2026-08-19 13:24:40.425] [pid:22368] [zcode-host] [rpc:call] setting.update OK (4.0ms)
[2026-08-19 13:24:41.470] [info] [pid:15020] [main] [host-log] (local-1) [host] [2026-08-19 13:24:41.470] [pid:22368] [settingService] writing settings to: C:\Users\llh04\.zcode\v2\setting.json {"recentProjects":[],"locale":"zh-CN","localePreference":"zh-CN","terminalInheritSystemProfile":true,"taskAutoArchiveEnabled":false,"taskAutoArchiveOlderThanDays":7,"closeToTrayOnWindows":true,"closeToTrayOnWindowsMigrationInitialized":true,"keepAwakeWhileRunning":false,"desktopChromiumHardwareAccelerationEnabled":true,"messageStreamShowReasoning":false,"messageStreamShowTodos":false,"zcodeInteractionBehavior":"queue","askUserQuestionAutoResolutionEnabled":true,"optimizeAgentExperienceEnabled":false,"optimizeAgentExperienceMigrationInitialized":true,"enabledBuiltinAgentCliProviders":["glm"],"modelProviderFamilyModes":{"zai":"oauth"},"modelProviderFamilySelectedKeys":{"zai":"coding-plan:builtin:zai-start-plan"},"providerFamilyDomain":"zai","providerFamilyDomainUpdatedAt":1787116588334,"providerFamilyDomainMigrated":true,"repoSnapshotIndexingEnabled":false,"instantGrepIndexingEnabled":false,"nativeSearchEnhancementsEnabled":true,"memoryEnabled":false,"lastWorkspaceSession":[{"kind":"local","workspacePath":"C:\\Users\\llh04\\.zcode\\workspace\\default","workspacePurpose":"conversation"}],"lastActiveTabIndex":0,"receivePreviewUpdates":false,"autoDownloadAndInstallUpdates":false,"skippedElectronUpdateVersions":{},"settingsSyncFirstRunPromptHandled":true}
[2026-08-19 13:24:41.474] [info] [pid:15020] [main] [host-log] (local-1) [host] [2026-08-19 13:24:41.474] [pid:22368] [settingService] write done
[2026-08-19 13:24:41.474] [info] [pid:15020] [main] [host-log] (local-1) [host] [2026-08-19 13:24:41.474] [pid:22368] [zcode-host] [rpc:call] setting.update OK (5.1ms)
[2026-08-19 13:24:42.457] [info] [pid:15020] [main] [host-log] (local-1) [host] [2026-08-19 13:24:42.457] [pid:22368] [settingService] writing settings to: C:\Users\llh04\.zcode\v2\setting.json {"recentProjects":[],"locale":"zh-CN","localePreference":"zh-CN","terminalInheritSystemProfile":true,"taskAutoArchiveEnabled":false,"taskAutoArchiveOlderThanDays":7,"closeToTrayOnWindows":true,"closeToTrayOnWindowsMigrationInitialized":true,"keepAwakeWhileRunning":false,"desktopChromiumHardwareAccelerationEnabled":true,"messageStreamShowReasoning":false,"messageStreamShowTodos":false,"zcodeInteractionBehavior":"queue","askUserQuestionAutoResolutionEnabled":true,"optimizeAgentExperienceEnabled":false,"optimizeAgentExperienceMigrationInitialized":true,"enabledBuiltinAgentCliProviders":["glm"],"modelProviderFamilyModes":{"zai":"oauth"},"modelProviderFamilySelectedKeys":{"zai":"coding-plan:builtin:zai-start-plan"},"providerFamilyDomain":"zai","providerFamilyDomainUpdatedAt":1787116588334,"providerFamilyDomainMigrated":true,"repoSnapshotIndexingEnabled":false,"instantGrepIndexingEnabled":false,"nativeSearchEnhancementsEnabled":true,"memoryEnabled":false,"lastWorkspaceSession":[{"kind":"local","workspacePath":"C:\\Users\\llh04\\.zcode\\workspace\\default","workspacePurpose":"conversation"}],"lastActiveTabIndex":0,"receivePreviewUpdates":false,"autoDownloadAndInstallUpdates":false,"skippedElectronUpdateVersions":{},"settingsSyncFirstRunPromptHandled":true}
[2026-08-19 13:24:42.462] [info] [pid:15020] [main] [host-log] (local-1) [host] [2026-08-19 13:24:42.462] [pid:22368] [settingService] write done
[2026-08-19 13:24:42.462] [info] [pid:15020] [main] [host-log] (local-1) [host] [2026-08-19 13:24:42.462] [pid:22368] [zcode-host] [rpc:call] setting.update OK (7.2ms)
[2026-08-19 13:24:43.161] [info] [pid:15020] [main] [host-log] (local-1) [host] [2026-08-19 13:24:43.161] [pid:22368] [settingService] writing settings to: C:\Users\llh04\.zcode\v2\setting.json {"recentProjects":[],"locale":"zh-CN","localePreference":"zh-CN","terminalInheritSystemProfile":true,"taskAutoArchiveEnabled":false,"taskAutoArchiveOlderThanDays":7,"closeToTrayOnWindows":true,"closeToTrayOnWindowsMigrationInitialized":true,"keepAwakeWhileRunning":false,"desktopChromiumHardwareAccelerationEnabled":true,"messageStreamShowReasoning":false,"messageStreamShowTodos":false,"zcodeInteractionBehavior":"queue","askUserQuestionAutoResolutionEnabled":true,"optimizeAgentExperienceEnabled":false,"optimizeAgentExperienceMigrationInitialized":true,"enabledBuiltinAgentCliProviders":["glm"],"modelProviderFamilyModes":{"zai":"oauth"},"modelProviderFamilySelectedKeys":{"zai":"coding-plan:builtin:zai-start-plan"},"providerFamilyDomain":"zai","providerFamilyDomainUpdatedAt":1787116588334,"providerFamilyDomainMigrated":true,"repoSnapshotIndexingEnabled":false,"instantGrepIndexingEnabled":false,"nativeSearchEnhancementsEnabled":true,"memoryEnabled":false,"lastWorkspaceSession":[{"kind":"local","workspacePath":"C:\\Users\\llh04\\.zcode\\workspace\\default","workspacePurpose":"conversation"}],"lastActiveTabIndex":0,"receivePreviewUpdates":false,"autoDownloadAndInstallUpdates":false,"skippedElectronUpdateVersions":{},"settingsSyncFirstRunPromptHandled":true}
[2026-08-19 13:24:43.170] [info] [pid:15020] [main] [host-log] (local-1) [host] [2026-08-19 13:24:43.164] [pid:22368] [settingService] write done
[2026-08-19 13:24:43.171] [info] [pid:15020] [main] [host-log] (local-1) [host] [2026-08-19 13:24:43.164] [pid:22368] [zcode-host] [rpc:call] setting.update OK (4.3ms)
[2026-08-19 13:24:43.742] [info] [pid:15020] [main] [host-log] (local-1) [host] [2026-08-19 13:24:43.743] [pid:22368] [settingService] writing settings to: C:\Users\llh04\.zcode\v2\setting.json {"recentProjects":[],"locale":"zh-CN","localePreference":"zh-CN","terminalInheritSystemProfile":true,"taskAutoArchiveEnabled":false,"taskAutoArchiveOlderThanDays":7,"closeToTrayOnWindows":true,"closeToTrayOnWindowsMigrationInitialized":true,"keepAwakeWhileRunning":false,"desktopChromiumHardwareAccelerationEnabled":true,"messageStreamShowReasoning":false,"messageStreamShowTodos":false,"zcodeInteractionBehavior":"queue","askUserQuestionAutoResolutionEnabled":true,"optimizeAgentExperienceEnabled":false,"optimizeAgentExperienceMigrationInitialized":true,"enabledBuiltinAgentCliProviders":["glm"],"modelProviderFamilyModes":{"zai":"oauth"},"modelProviderFamilySelectedKeys":{"zai":"coding-plan:builtin:zai-start-plan"},"providerFamilyDomain":"zai","providerFamilyDomainUpdatedAt":1787116588334,"providerFamilyDomainMigrated":true,"repoSnapshotIndexingEnabled":false,"instantGrepIndexingEnabled":false,"nativeSearchEnhancementsEnabled":true,"memoryEnabled":false,"lastWorkspaceSession":[{"kind":"local","workspacePath":"C:\\Users\\llh04\\.zcode\\workspace\\default","workspacePurpose":"conversation"}],"lastActiveTabIndex":0,"receivePreviewUpdates":false,"autoDownloadAndInstallUpdates":false,"skippedElectronUpdateVersions":{},"settingsSyncFirstRunPromptHandled":true}
[2026-08-19 13:24:43.745] [info] [pid:15020] [main] [host-log] (local-1) [host] [2026-08-19 13:24:43.746] [pid:22368] [settingService] write done
[2026-08-19 13:24:43.746] [info] [pid:15020] [main] [host-log] (local-1) [host] [2026-08-19 13:24:43.746] [pid:22368] [zcode-host] [rpc:call] setting.update OK (3.7ms)
[2026-08-19 13:24:45.496] [info] [pid:15020] [main] [host-log] (local-1) [host] [2026-08-19 13:24:45.494] [pid:22368] [settingService] writing settings to: C:\Users\llh04\.zcode\v2\setting.json {"recentProjects":[],"locale":"zh-CN","localePreference":"zh-CN","terminalInheritSystemProfile":true,"taskAutoArchiveEnabled":false,"taskAutoArchiveOlderThanDays":7,"closeToTrayOnWindows":true,"closeToTrayOnWindowsMigrationInitialized":true,"keepAwakeWhileRunning":false,"desktopChromiumHardwareAccelerationEnabled":true,"messageStreamShowReasoning":false,"messageStreamShowTodos":false,"zcodeInteractionBehavior":"queue","askUserQuestionAutoResolutionEnabled":true,"optimizeAgentExperienceEnabled":false,"optimizeAgentExperienceMigrationInitialized":true,"enabledBuiltinAgentCliProviders":["glm"],"modelProviderFamilyModes":{"zai":"oauth"},"modelProviderFamilySelectedKeys":{"zai":"coding-plan:builtin:zai-start-plan"},"providerFamilyDomain":"zai","providerFamilyDomainUpdatedAt":1787116588334,"providerFamilyDomainMigrated":true,"repoSnapshotIndexingEnabled":false,"instantGrepIndexingEnabled":false,"nativeSearchEnhancementsEnabled":true,"memoryEnabled":false,"lastWorkspaceSession":[{"kind":"local","workspacePath":"C:\\Users\\llh04\\.zcode\\workspace\\default","workspacePurpose":"conversation"}],"lastActiveTabIndex":0,"receivePreviewUpdates":false,"autoDownloadAndInstallUpdates":false,"skippedElectronUpdateVersions":{},"settingsSyncFirstRunPromptHandled":true}
[2026-08-19 13:24:45.497] [info] [pid:15020] [main] [host-log] (local-1) [host] [2026-08-19 13:24:45.498] [pid:22368] [settingService] write done
[2026-08-19 13:24:45.498] [info] [pid:15020] [main] [host-log] (local-1) [host] [2026-08-19 13:24:45.498] [pid:22368] [zcode-host] [rpc:call] setting.update OK (4.2ms)
[2026-08-19 13:24:46.664] [info] [pid:15020] [main] [host-log] (local-1) [host] [2026-08-19 13:24:46.664] [pid:22368] [settingService] writing settings to: C:\Users\llh04\.zcode\v2\setting.json {"recentProjects":[],"locale":"zh-CN","localePreference":"zh-CN","terminalInheritSystemProfile":true,"taskAutoArchiveEnabled":false,"taskAutoArchiveOlderThanDays":7,"closeToTrayOnWindows":true,"closeToTrayOnWindowsMigrationInitialized":true,"keepAwakeWhileRunning":false,"desktopChromiumHardwareAccelerationEnabled":true,"messageStreamShowReasoning":false,"messageStreamShowTodos":false,"zcodeInteractionBehavior":"queue","askUserQuestionAutoResolutionEnabled":true,"optimizeAgentExperienceEnabled":false,"optimizeAgentExperienceMigrationInitialized":true,"enabledBuiltinAgentCliProviders":["glm"],"modelProviderFamilyModes":{"zai":"oauth"},"modelProviderFamilySelectedKeys":{"zai":"coding-plan:builtin:zai-start-plan"},"providerFamilyDomain":"zai","providerFamilyDomainUpdatedAt":1787116588334,"providerFamilyDomainMigrated":true,"repoSnapshotIndexingEnabled":false,"instantGrepIndexingEnabled":false,"nativeSearchEnhancementsEnabled":true,"memoryEnabled":false,"lastWorkspaceSession":[{"kind":"local","workspacePath":"C:\\Users\\llh04\\.zcode\\workspace\\default","workspacePurpose":"conversation"}],"lastActiveTabIndex":0,"receivePreviewUpdates":false,"autoDownloadAndInstallUpdates":false,"skippedElectronUpdateVersions":{},"settingsSyncFirstRunPromptHandled":true}
[2026-08-19 13:24:46.668] [info] [pid:15020] [main] [host-log] (local-1) [host] [2026-08-19 13:24:46.668] [pid:22368] [settingService] write done
[2026-08-19 13:24:46.668] [info] [pid:15020] [main] [host-log] (local-1) [host] [2026-08-19 13:24:46.668] [pid:22368] [zcode-host] [rpc:call] setting.update OK (4.9ms)
[2026-08-19 13:24:50.457] [info] [pid:15020] [main] [host-log] (local-1) [host] [2026-08-19 13:24:50.456] [pid:22368] [settingService] writing settings to: C:\Users\llh04\.zcode\v2\setting.json {"recentProjects":[],"locale":"zh-CN","localePreference":"zh-CN","terminalInheritSystemProfile":true,"taskAutoArchiveEnabled":false,"taskAutoArchiveOlderThanDays":7,"closeToTrayOnWindows":true,"closeToTrayOnWindowsMigrationInitialized":true,"keepAwakeWhileRunning":false,"desktopChromiumHardwareAccelerationEnabled":true,"messageStreamShowReasoning":false,"messageStreamShowTodos":false,"zcodeInteractionBehavior":"queue","askUserQuestionAutoResolutionEnabled":true,"optimizeAgentExperienceEnabled":false,"optimizeAgentExperienceMigrationInitialized":true,"enabledBuiltinAgentCliProviders":["glm"],"modelProviderFamilyModes":{"zai":"oauth"},"modelProviderFamilySelectedKeys":{"zai":"coding-plan:builtin:zai-start-plan"},"providerFamilyDomain":"zai","providerFamilyDomainUpdatedAt":1787116588334,"providerFamilyDomainMigrated":true,"repoSnapshotIndexingEnabled":false,"instantGrepIndexingEnabled":false,"nativeSearchEnhancementsEnabled":true,"memoryEnabled":false,"lastWorkspaceSession":[{"kind":"local","workspacePath":"C:\\Users\\llh04\\.zcode\\workspace\\default","workspacePurpose":"conversation"}],"lastActiveTabIndex":0,"receivePreviewUpdates":false,"autoDownloadAndInstallUpdates":false,"skippedElectronUpdateVersions":{},"settingsSyncFirstRunPromptHandled":true}
[2026-08-19 13:24:50.460] [info] [pid:15020] [main] [host-log] (local-1) [host] [2026-08-19 13:24:50.461] [pid:22368] [settingService] write done
[2026-08-19 13:24:50.461] [info] [pid:15020] [main] [host-log] (local-1) [host] [2026-08-19 13:24:50.461] [pid:22368] [zcode-host] [rpc:call] setting.update OK (6.3ms)
[2026-08-19 13:24:51.720] [info] [pid:15020] [main] [host-log] (local-1) [host] [2026-08-19 13:24:51.721] [pid:22368] [settingService] writing settings to: C:\Users\llh04\.zcode\v2\setting.json {"recentProjects":[],"locale":"zh-CN","localePreference":"zh-CN","terminalInheritSystemProfile":true,"taskAutoArchiveEnabled":false,"taskAutoArchiveOlderThanDays":7,"closeToTrayOnWindows":true,"closeToTrayOnWindowsMigrationInitialized":true,"keepAwakeWhileRunning":false,"desktopChromiumHardwareAccelerationEnabled":true,"messageStreamShowReasoning":false,"messageStreamShowTodos":false,"zcodeInteractionBehavior":"queue","askUserQuestionAutoResolutionEnabled":true,"optimizeAgentExperienceEnabled":false,"optimizeAgentExperienceMigrationInitialized":true,"enabledBuiltinAgentCliProviders":["glm"],"modelProviderFamilyModes":{"zai":"oauth"},"modelProviderFamilySelectedKeys":{"zai":"coding-plan:builtin:zai-start-plan"},"providerFamilyDomain":"zai","providerFamilyDomainUpdatedAt":1787116588334,"providerFamilyDomainMigrated":true,"repoSnapshotIndexingEnabled":false,"instantGrepIndexingEnabled":false,"nativeSearchEnhancementsEnabled":true,"memoryEnabled":false,"lastWorkspaceSession":[{"kind":"local","workspacePath":"C:\\Users\\llh04\\.zcode\\workspace\\default","workspacePurpose":"conversation"}],"lastActiveTabIndex":0,"receivePreviewUpdates":false,"autoDownloadAndInstallUpdates":false,"skippedElectronUpdateVersions":{},"settingsSyncFirstRunPromptHandled":true}
[2026-08-19 13:24:51.724] [info] [pid:15020] [main] [host-log] (local-1) [host] [2026-08-19 13:24:51.724] [pid:22368] [settingService] write done
[2026-08-19 13:24:51.725] [info] [pid:15020] [main] [host-log] (local-1) [host] [2026-08-19 13:24:51.725] [pid:22368] [zcode-host] [rpc:call] setting.update OK (4.7ms)
[2026-08-19 13:24:52.594] [info] [pid:15020] [main] [host-log] (local-1) [host] [2026-08-19 13:24:52.593] [pid:22368] [settingService] writing settings to: C:\Users\llh04\.zcode\v2\setting.json {"recentProjects":[],"locale":"zh-CN","localePreference":"zh-CN","terminalInheritSystemProfile":true,"taskAutoArchiveEnabled":false,"taskAutoArchiveOlderThanDays":7,"closeToTrayOnWindows":true,"closeToTrayOnWindowsMigrationInitialized":true,"keepAwakeWhileRunning":false,"desktopChromiumHardwareAccelerationEnabled":true,"messageStreamShowReasoning":false,"messageStreamShowTodos":false,"zcodeInteractionBehavior":"queue","askUserQuestionAutoResolutionEnabled":true,"optimizeAgentExperienceEnabled":false,"optimizeAgentExperienceMigrationInitialized":true,"enabledBuiltinAgentCliProviders":["glm"],"modelProviderFamilyModes":{"zai":"oauth"},"modelProviderFamilySelectedKeys":{"zai":"coding-plan:builtin:zai-start-plan"},"providerFamilyDomain":"zai","providerFamilyDomainUpdatedAt":1787116588334,"providerFamilyDomainMigrated":true,"repoSnapshotIndexingEnabled":false,"instantGrepIndexingEnabled":false,"nativeSearchEnhancementsEnabled":true,"memoryEnabled":false,"lastWorkspaceSession":[{"kind":"local","workspacePath":"C:\\Users\\llh04\\.zcode\\workspace\\default","workspacePurpose":"conversation"}],"lastActiveTabIndex":0,"receivePreviewUpdates":false,"autoDownloadAndInstallUpdates":false,"skippedElectronUpdateVersions":{},"settingsSyncFirstRunPromptHandled":true}
[2026-08-19 13:24:52.597] [info] [pid:15020] [main] [host-log] (local-1) [host] [2026-08-19 13:24:52.597] [pid:22368] [settingService] write done
[2026-08-19 13:24:52.598] [info] [pid:15020] [main] [host-log] (local-1) [host] [2026-08-19 13:24:52.597] [pid:22368] [zcode-host] [rpc:call] setting.update OK (6.3ms)
[2026-08-19 13:24:53.250] [info] [pid:15020] [main] [host-log] (local-1) [host] [2026-08-19 13:24:53.245] [pid:22368] [settingService] writing settings to: C:\Users\llh04\.zcode\v2\setting.json {"recentProjects":[],"locale":"zh-CN","localePreference":"zh-CN","terminalInheritSystemProfile":true,"taskAutoArchiveEnabled":false,"taskAutoArchiveOlderThanDays":7,"closeToTrayOnWindows":true,"closeToTrayOnWindowsMigrationInitialized":true,"keepAwakeWhileRunning":false,"desktopChromiumHardwareAccelerationEnabled":true,"messageStreamShowReasoning":false,"messageStreamShowTodos":false,"zcodeInteractionBehavior":"queue","askUserQuestionAutoResolutionEnabled":true,"optimizeAgentExperienceEnabled":false,"optimizeAgentExperienceMigrationInitialized":true,"enabledBuiltinAgentCliProviders":["glm"],"modelProviderFamilyModes":{"zai":"oauth"},"modelProviderFamilySelectedKeys":{"zai":"coding-plan:builtin:zai-start-plan"},"providerFamilyDomain":"zai","providerFamilyDomainUpdatedAt":1787116588334,"providerFamilyDomainMigrated":true,"repoSnapshotIndexingEnabled":false,"instantGrepIndexingEnabled":false,"nativeSearchEnhancementsEnabled":true,"memoryEnabled":false,"lastWorkspaceSession":[{"kind":"local","workspacePath":"C:\\Users\\llh04\\.zcode\\workspace\\default","workspacePurpose":"conversation"}],"lastActiveTabIndex":0,"receivePreviewUpdates":false,"autoDownloadAndInstallUpdates":false,"skippedElectronUpdateVersions":{},"settingsSyncFirstRunPromptHandled":true}
[2026-08-19 13:24:53.251] [info] [pid:15020] [main] [host-log] (local-1) [host] [2026-08-19 13:24:53.248] [pid:22368] [settingService] write done
[2026-08-19 13:24:53.252] [info] [pid:15020] [main] [host-log] (local-1) [host] [2026-08-19 13:24:53.248] [pid:22368] [zcode-host] [rpc:call] setting.update OK (4.9ms)
[2026-08-19 13:24:58.457] [info] [pid:15020] [main] [host-log] (local-1) [host] [2026-08-19 13:24:58.455] [pid:22368] [zcode-host] [rpc:call] off-peak-task.list OK (0.2ms)
[2026-08-19 13:25:16.707] [info] [pid:15020] [main] [host-log] (local-1) [host] [2026-08-19 13:25:16.707] [pid:22368] [zcode-host] [rpc:listen] zcode-task.onDynamicWorkspaceEvent subscribed
[2026-08-19 13:25:16.722] [info] [pid:15020] [main] [host-log] (local-1) [host] [2026-08-19 13:25:16.722] [pid:22368] [zcode-host] [rpc:call] zcode-task.listPinnedTaskIds OK (0.2ms)
[2026-08-19 13:25:16.722] [info] [pid:15020] [main] [host-log] (local-1) [host] [2026-08-19 13:25:16.722] [pid:22368] [zcode-host] [rpc:call] zcode-task.listArchivedTasks OK (0.1ms)
[2026-08-19 13:25:16.723] [info] [pid:15020] [main] [host-log] (local-1) [host] [2026-08-19 13:25:16.723] [pid:22368] [zcode-host] [rpc:call] zcode-task.listTasks OK (0.3ms)
[2026-08-19 13:25:16.723] [info] [pid:15020] [main] [host-log] (local-1) [host] [2026-08-19 13:25:16.723] [pid:22368] [zcode-host] [rpc:call] zcode-task.listPinnedTasks OK (0.1ms)
[2026-08-19 13:25:16.724] [info] [pid:15020] [main] [host-log] (local-1) [host] [2026-08-19 13:25:16.723] [pid:22368] [zcode-host] [rpc:call] zcode-task.listDeletedTaskIds OK (0.1ms)
[2026-08-19 13:25:16.724] [info] [pid:15020] [main] [host-log] (local-1) [host] [2026-08-19 13:25:16.724] [pid:22368] [zcode-host] [rpc:call] zcode-task.listGroupedTaskViewStructure OK (2.9ms)
[2026-08-19 13:25:28.447] [info] [pid:15020] [main] [host-log] (local-1) [host] [2026-08-19 13:25:28.448] [pid:22368] [zcode-host] [rpc:call] off-peak-task.list OK (0.2ms)
[2026-08-19 13:25:32.871] [info] [pid:15020] [main] [host-log] (local-1) [host] [2026-08-19 13:25:32.872] [pid:22368] [zcode-host] [rpc:call] off-peak-task.list OK (0.1ms)
[2026-08-19 13:25:32.872] [info] [pid:15020] [main] [host-log] (local-1) [host] [2026-08-19 13:25:32.872] [pid:22368] [zcode-host] [rpc:listen] model-provider.onDidChangeProviderRegistry subscribed
[2026-08-19 13:25:32.873] [info] [pid:15020] [main] [host-log] (local-1) [host] [2026-08-19 13:25:32.873] [pid:22368] [zcode-host] [rpc:call] setting.get OK (1.5ms)
[2026-08-19 13:25:32.874] [info] [pid:15020] [main] [host-log] (local-1) [host] [2026-08-19 13:25:32.875] [pid:22368] [zcode-host] [rpc:call] off-peak-task.getCodingPlanSupport OK (2.6ms)
[2026-08-19 13:25:32.886] [info] [pid:15020] [main] [host-log] (local-1) [host] [2026-08-19 13:25:32.886] [pid:22368] [zcode-host] [rpc:call] model-provider.getProviderRegistrySnapshot OK (13.6ms)
[2026-08-19 13:25:32.886] [info] [pid:15020] [main] [host-log] (local-1) [host] [2026-08-19 13:25:32.886] [pid:22368] [zcode-agent-service] 开始请求 ZCode Protocol workspace/readState {"hasRuntimeModel":true,"modelHint":null,"preferWorkspaceDefaults":false,"runtimeModel":{"apiFormat":"anthropic-messages","baseURL":"https://zcode.z.ai/api/v1/zcode-plan/anthropic","kind":"anthropic","model":"builtin:zai-start-plan/GLM-5.3","providerId":"builtin:zai-start-plan","revision":"model-runtime:15e09441d0edf89cce53314d","thoughtLevel":"max"},"workspaceKey":"C:\\Users\\llh04\\.zcode\\workspace\\default","workspacePath":"C:\\Users\\llh04\\.zcode\\workspace\\default"}
[2026-08-19 13:25:32.887] [info] [pid:15020] [main] [host-log] (local-1) [host] [2026-08-19 13:25:32.886] [pid:22368] [zcode-host] [rpc:call] zcode-session.resolveRuntimeModelForV4 OK (13.9ms)
[2026-08-19 13:25:32.912] [info] [pid:15020] [main] [host-log] (local-1) [host] [2026-08-19 13:25:32.912] [pid:22368] [zcode-host] [rpc:call] zcode-session.resolveRuntimeModelForV4 OK (0.9ms)
[2026-08-19 13:25:33.085] [info] [pid:15020] [main] [host-log] (local-1) [host] [2026-08-19 13:25:33.085] [pid:22368] [zcode-host] [rpc:call] coding-plan-subscription.getOffPeakClientConfig OK (213.9ms)
[2026-08-19 13:25:33.135] [info] [pid:15020] [main] [host-log] (local-1) [host] [2026-08-19 13:25:33.135] [pid:22368] [settingService] writing settings to: C:\Users\llh04\.zcode\v2\setting.json {"recentProjects":[],"locale":"zh-CN","localePreference":"zh-CN","terminalInheritSystemProfile":true,"taskAutoArchiveEnabled":false,"taskAutoArchiveOlderThanDays":7,"closeToTrayOnWindows":true,"closeToTrayOnWindowsMigrationInitialized":true,"keepAwakeWhileRunning":false,"desktopChromiumHardwareAccelerationEnabled":true,"messageStreamShowReasoning":false,"messageStreamShowTodos":false,"zcodeInteractionBehavior":"queue","askUserQuestionAutoResolutionEnabled":true,"optimizeAgentExperienceEnabled":false,"optimizeAgentExperienceMigrationInitialized":true,"enabledBuiltinAgentCliProviders":["glm"],"modelProviderFamilyModes":{"zai":"oauth"},"modelProviderFamilySelectedKeys":{"zai":"coding-plan:builtin:zai-start-plan"},"providerFamilyDomain":"zai","providerFamilyDomainUpdatedAt":1787116588334,"providerFamilyDomainMigrated":true,"repoSnapshotIndexingEnabled":false,"instantGrepIndexingEnabled":false,"nativeSearchEnhancementsEnabled":true,"memoryEnabled":false,"lastWorkspaceSession":[{"kind":"local","workspacePath":"C:\\Users\\llh04\\.zcode\\workspace\\default","workspacePurpose":"conversation"}],"lastActiveTabIndex":0,"receivePreviewUpdates":false,"autoDownloadAndInstallUpdates":false,"skippedElectronUpdateVersions":{},"settingsSyncFirstRunPromptHandled":true}
[2026-08-19 13:25:33.139] [info] [pid:15020] [main] [host-log] (local-1) [host] [2026-08-19 13:25:33.139] [pid:22368] [settingService] write done
[2026-08-19 13:25:33.139] [info] [pid:15020] [main] [host-log] (local-1) [host] [2026-08-19 13:25:33.139] [pid:22368] [zcode-host] [rpc:call] setting.update OK (4.5ms)
[2026-08-19 13:25:33.222] [info] [pid:15020] [main] [host-log] (local-1) [host] [2026-08-19 13:25:33.222] [pid:22368] [zcode-agent-service] ZCode Protocol workspace/readState 完成 {"durationMs":350,"modelCurrent":"builtin:zai-start-plan/GLM-5.3","modelCount":2,"preferWorkspaceDefaults":false,"providerCount":1,"workspaceKey":"C:\\Users\\llh04\\.zcode\\workspace\\default","workspacePath":"C:\\Users\\llh04\\.zcode\\workspace\\default"}
[2026-08-19 13:25:33.223] [info] [pid:15020] [main] [host-log] (local-1) [host] [2026-08-19 13:25:33.223] [pid:22368] [zcode-host] [rpc:call] zcode-session.readWorkspaceState OK (350.4ms)
[2026-08-19 13:25:33.715] [info] [pid:15020] [main] [host-log] (local-1) [host] [2026-08-19 13:25:33.715] [pid:22368] [zcode-host] [rpc:call] zcode-agent.sendConversationCommandV4 OK (799.5ms)
[2026-08-19 13:25:33.810] [info] [pid:15020] [main] [host-log] (local-1) [host] [2026-08-19 13:25:33.809] [pid:22368] [zcode-host] [rpc:call] zcode-agent.subscribeConversationV4 OK (87.6ms)
[2026-08-19 13:25:50.480] [info] [pid:15020] [main] [task-realtime] updated host workspace scopes {"hostId":"a2ca5c2b-9072-4614-ab22-3a03f7941949","workspaceKeyCount":2}
[2026-08-19 13:25:50.482] [info] [pid:15020] [main] [host-log] (local-1) [host] [2026-08-19 13:25:50.483] [pid:22368] [zcode-host] [rpc:call] setting.get OK (0.5ms)
[2026-08-19 13:25:50.491] [info] [pid:15020] [main] [host-log] (local-1) [host] [2026-08-19 13:25:50.492] [pid:22368] [zcode-host] [rpc:listen] zcode-agent.onDynamicConversationFrame subscribed
[2026-08-19 13:25:50.510] [info] [pid:15020] [main] [host-log] (local-1) [host] [2026-08-19 13:25:50.511] [pid:22368] [zcode-host] [rpc:listen] zcode-agent.onDynamicSessionsIndexFrame subscribed
[2026-08-19 13:25:50.511] [info] [pid:15020] [main] [host-log] (local-1) [host] [2026-08-19 13:25:50.511] [pid:22368] [zcode-host] [rpc:listen] zcode-agent.onAgentRuntimeLifecycle subscribed
[2026-08-19 13:25:50.512] [info] [pid:15020] [main] [host-log] (local-1) [host] [2026-08-19 13:25:50.511] [pid:22368] [zcode-host] [rpc:call] zcode-task.listPinnedTaskIds OK (0.2ms)
[2026-08-19 13:25:50.513] [info] [pid:15020] [main] [host-log] (local-1) [host] [2026-08-19 13:25:50.511] [pid:22368] [zcode-host] [rpc:call] zcode-task.listArchivedTasks OK (0.1ms)
[2026-08-19 13:25:50.514] [info] [pid:15020] [main] [host-log] (local-1) [host] [2026-08-19 13:25:50.511] [pid:22368] [zcode-host] [rpc:call] zcode-task.listArchivedTasks OK (0.1ms)
[2026-08-19 13:25:50.514] [info] [pid:15020] [main] [host-log] (local-1) [host] [2026-08-19 13:25:50.512] [pid:22368] [zcode-host] [rpc:call] zcode-task.listTasks OK (0.4ms)
[2026-08-19 13:25:50.515] [info] [pid:15020] [main] [host-log] (local-1) [host] [2026-08-19 13:25:50.512] [pid:22368] [zcode-host] [rpc:call] zcode-task.listTasks OK (0.1ms)
[2026-08-19 13:25:50.515] [info] [pid:15020] [main] [host-log] (local-1) [host] [2026-08-19 13:25:50.513] [pid:22368] [zcode-host] [rpc:call] zcode-task.listPinnedTasks OK (0.1ms)
[2026-08-19 13:25:50.515] [info] [pid:15020] [main] [host-log] (local-1) [host] [2026-08-19 13:25:50.513] [pid:22368] [zcode-host] [rpc:call] zcode-task.listPinnedTasks OK (0.1ms)
[2026-08-19 13:25:50.516] [info] [pid:15020] [main] [host-log] (local-1) [host] [2026-08-19 13:25:50.513] [pid:22368] [zcode-host] [rpc:call] zcode-task.listDeletedTaskIds OK (0.1ms)
[2026-08-19 13:25:50.516] [info] [pid:15020] [main] [host-log] (local-1) [host] [2026-08-19 13:25:50.513] [pid:22368] [zcode-host] [rpc:call] zcode-task.listDeletedTaskIds OK (0.1ms)
[2026-08-19 13:25:50.516] [info] [pid:15020] [main] [host-log] (local-1) [host] [2026-08-19 13:25:50.513] [pid:22368] [zcode-host] [rpc:listen] zcode-task.onDynamicWorkspaceEvent subscribed
[2026-08-19 13:25:50.517] [info] [pid:15020] [main] [host-log] (local-1) [host] [2026-08-19 13:25:50.514] [pid:22368] [zcode-host] [rpc:call] zcode-task.listPinnedTaskIds OK (0.3ms)
[2026-08-19 13:25:50.517] [info] [pid:15020] [main] [host-log] (local-1) [host] [2026-08-19 13:25:50.514] [pid:22368] [zcode-host] [rpc:call] zcode-task.listArchivedTasks OK (0.1ms)
[2026-08-19 13:25:50.517] [info] [pid:15020] [main] [host-log] (local-1) [host] [2026-08-19 13:25:50.514] [pid:22368] [zcode-host] [rpc:call] zcode-task.listTasks OK (0.1ms)
[2026-08-19 13:25:50.518] [info] [pid:15020] [main] [host-log] (local-1) [host] [2026-08-19 13:25:50.515] [pid:22368] [zcode-host] [rpc:call] zcode-task.listPinnedTasks OK (0.1ms)
[2026-08-19 13:25:50.518] [info] [pid:15020] [main] [host-log] (local-1) [host] [2026-08-19 13:25:50.515] [pid:22368] [zcode-host] [rpc:call] zcode-task.listDeletedTaskIds OK (0.1ms)
[2026-08-19 13:25:50.518] [info] [pid:15020] [main] [host-log] (local-1) [host] [2026-08-19 13:25:50.515] [pid:22368] [zcode-host] [rpc:listen] zcode-task.onDynamicWorkspaceEvent subscribed
[2026-08-19 13:25:50.519] [info] [pid:15020] [main] [host-log] (local-1) [host] [2026-08-19 13:25:50.515] [pid:22368] [zcode-host] [rpc:listen] zcode-agent.onAgentRuntimeRestarted subscribed
[2026-08-19 13:25:50.519] [info] [pid:15020] [main] [host-log] (local-1) [host] [2026-08-19 13:25:50.515] [pid:22368] [zcode-host] [rpc:listen] model-provider.onDidChangeProviderRegistry subscribed
[2026-08-19 13:25:50.519] [info] [pid:15020] [main] [host-log] (local-1) [host] [2026-08-19 13:25:50.515] [pid:22368] [zcode-host] [rpc:listen] zcode-agent.onDynamicConversationTelemetryFact subscribed
[2026-08-19 13:25:50.520] [info] [pid:15020] [main] [host-log] (local-1) [host] [2026-08-19 13:25:50.515] [pid:22368] [zcode-host] [rpc:call] zcode-task.getWorkspaceProviderConfigFile OK (0.0ms)
[2026-08-19 13:25:50.520] [info] [pid:15020] [main] [task-realtime] updated host workspace scopes {"hostId":"a2ca5c2b-9072-4614-ab22-3a03f7941949","workspaceKeyCount":2}
[2026-08-19 13:25:50.526] [info] [pid:15020] [main] [host-log] (local-1) [host] [2026-08-19 13:25:50.526] [pid:22368] [zcode-host] [rpc:call] model-provider.getProviderRegistrySnapshot OK (10.9ms)
[2026-08-19 13:25:50.526] [info] [pid:15020] [main] [host-log] (local-1) [host] [2026-08-19 13:25:50.527] [pid:22368] [zcode-host] [rpc:call] settings-sync.getFirstRunPromptState OK (1.3ms)
[2026-08-19 13:25:50.528] [info] [pid:15020] [main] [host-log] (local-1) [host] [2026-08-19 13:25:50.528] [pid:22368] [zcode-host] [rpc:call] subagents.list OK (12.9ms)
[2026-08-19 13:25:50.533] [warn] [pid:15020] [main] [host-log] (local-1) [host] [2026-08-19 13:25:50.533] [pid:22368] [zcode-host] [rpc:call] zcode-agent.subscribeSessionsIndexV4 FAIL (0.1ms) {"name":"Error","message":"ZCode Agent runtime is not running.","stack":"Error: ZCode Agent runtime is not running.\n    at createRuntimeUnavailableError (file:///D:/zcode/resources/app.asar/out/host/index.js:1045:25953)\n    at getReadOnlyClient (file:///D:/zcode/resources/app.asar/out/host/index.js:1045:54059)\n    at Object.subscribeSessionsIndexV4 (file:///D:/zcode/resources/app.asar/out/host/index.js:1045:90696)\n    at Proxy.subscribeSessionsIndexV4 (file:///D:/zcode/resources/app.asar/out/host/chunk-ZJVLE7L2.js:1:61299)\n    at Object.call (file:///D:/zcode/resources/app.asar/out/host/chunk-LVLFJXEE.js:3:4237)\n    at NetworkTelemetryServerChannel.call (file:///D:/zcode/resources/app.asar/out/host/chunk-LVLFJXEE.js:3:3500)\n    at LoggingServerChannel.call (file:///D:/zcode/resources/app.asar/out/host/chunk-LVLFJXEE.js:3:1939)\n    at ChannelServer.onPromise (file:///D:/zcode/resources/app.asar/out/host/chunk-LVLFJXEE.js:1:9576)\n    at ChannelServer.onRawMessage (file:///D:/zcode/resources/app.asar/out/host/chunk-LVLFJXEE.js:1:9246)\n    at file:///D:/zcode/resources/app.asar/out/host/chunk-LVLFJXEE.js:1:8603"}
[2026-08-19 13:25:50.543] [info] [pid:15020] [main] [host-log] (local-1) [host] [2026-08-19 13:25:50.540] [pid:22368] [settingService] writing settings to: C:\Users\llh04\.zcode\v2\setting.json {"recentProjects":["D:\\公考\\图形推理详解"],"locale":"zh-CN","localePreference":"zh-CN","terminalInheritSystemProfile":true,"taskAutoArchiveEnabled":false,"taskAutoArchiveOlderThanDays":7,"closeToTrayOnWindows":true,"closeToTrayOnWindowsMigrationInitialized":true,"keepAwakeWhileRunning":false,"desktopChromiumHardwareAccelerationEnabled":true,"messageStreamShowReasoning":false,"messageStreamShowTodos":false,"zcodeInteractionBehavior":"queue","askUserQuestionAutoResolutionEnabled":true,"optimizeAgentExperienceEnabled":false,"optimizeAgentExperienceMigrationInitialized":true,"enabledBuiltinAgentCliProviders":["glm"],"modelProviderFamilyModes":{"zai":"oauth"},"modelProviderFamilySelectedKeys":{"zai":"coding-plan:builtin:zai-start-plan"},"providerFamilyDomain":"zai","providerFamilyDomainUpdatedAt":1787116588334,"providerFamilyDomainMigrated":true,"repoSnapshotIndexingEnabled":false,"instantGrepIndexingEnabled":false,"nativeSearchEnhancementsEnabled":true,"memoryEnabled":false,"lastWorkspaceSession":[{"kind":"local","workspacePath":"C:\\Users\\llh04\\.zcode\\workspace\\default","workspacePurpose":"conversation"}],"lastActiveTabIndex":0,"receivePreviewUpdates":false,"autoDownloadAndInstallUpdates":false,"skippedElectronUpdateVersions":{},"settingsSyncFirstRunPromptHandled":true}
[2026-08-19 13:25:50.548] [info] [pid:15020] [main] [host-log] (local-1) [host] [2026-08-19 13:25:50.548] [pid:22368] [zcode-host] [rpc:call] zcode-agent.sendConversationCommandV4 OK (9.2ms)
[2026-08-19 13:25:50.555] [info] [pid:15020] [main] [host-log] (local-1) [host] [2026-08-19 13:25:50.555] [pid:22368] [settingService] write done
[2026-08-19 13:25:50.556] [info] [pid:15020] [main] [host-log] (local-1) [host] [2026-08-19 13:25:50.555] [pid:22368] [zcode-host] [rpc:call] setting.update OK (17.3ms)
[2026-08-19 13:25:50.563] [info] [pid:15020] [main] [host-log] (local-1) [host] [2026-08-19 13:25:50.564] [pid:22368] [zcode-host] [rpc:call] zcode-session.resolveRuntimeModelForV4 OK (4.8ms)
[2026-08-19 13:25:50.564] [info] [pid:15020] [main] [host-log] (local-1) [host] [2026-08-19 13:25:50.564] [pid:22368] [zcode-agent-service] 开始请求 ZCode Protocol workspace/readState {"hasRuntimeModel":true,"modelHint":null,"preferWorkspaceDefaults":false,"runtimeModel":{"apiFormat":"anthropic-messages","baseURL":"https://zcode.z.ai/api/v1/zcode-plan/anthropic","kind":"anthropic","model":"builtin:zai-start-plan/GLM-5.3","providerId":"builtin:zai-start-plan","revision":"model-runtime:15e09441d0edf89cce53314d","thoughtLevel":"max"},"workspaceKey":"D:\\公考\\图形推理详解","workspacePath":"D:\\公考\\图形推理详解"}
[2026-08-19 13:25:50.565] [info] [pid:15020] [main] [host-log] (local-1) [host] [2026-08-19 13:25:50.564] [pid:22368] [zcode-agent] ZCode agent command resolved {"workspaceKey":"D:\\公考\\图形推理详解","command":"D:\\zcode\\ZCode.exe","effectiveCommand":"D:\\zcode\\ZCode.exe","resolveCommandDurationMs":0}
[2026-08-19 13:25:50.567] [info] [pid:15020] [main] [host-log] (local-1) [host] [2026-08-19 13:25:50.567] [pid:22368] [zcode-agent] ZCode agent spawn preflight {"workspaceKey":"D:\\公考\\图形推理详解","spawnPreflight":{"command":"D:\\zcode\\ZCode.exe","args":["D:\\zcode\\resources\\glm\\zcode.cjs","app-server","--stdio"],"requestedCwd":"D:\\公考\\图形推理详解","cwd":"D:\\公考\\图形推理详解","cwdSource":"command","commandPathKind":"absolute","commandExists":true,"cwdExists":true}}
[2026-08-19 13:25:50.584] [info] [pid:15020] [main] [stability] perf_agent_start reported {"pid":35880,"runtimeGeneration":1,"runtimeInstanceId":"agent-58b24d02-d311-46c5-abe6-e8b1b895e192"}
[2026-08-19 13:25:50.585] [info] [pid:15020] [main] [host-log] (local-1) [host] [2026-08-19 13:25:50.584] [pid:22368] [zcode-agent] ZCode agent process started {"workspaceKey":"D:\\公考\\图形推理详解","command":"D:\\zcode\\ZCode.exe","cwd":"D:\\公考\\图形推理详解","pid":35880,"durationMs":20}
[2026-08-19 13:25:50.600] [info] [pid:15020] [main] [host-log] (local-1) [host] [2026-08-19 13:25:50.600] [pid:22368] [zcode-host] [rpc:call] skills.list OK (85.1ms)
[2026-08-19 13:25:50.657] [info] [pid:15020] [main] [host-log] (local-1) [host] [2026-08-19 13:25:50.657] [pid:22368] [zcode-host] [rpc:call] git.refresh OK (142.1ms)
[2026-08-19 13:25:50.783] [info] [pid:15020] [main] [host-log] (local-1) [host] [2026-08-19 13:25:50.784] [pid:22368] [settingService] writing settings to: C:\Users\llh04\.zcode\v2\setting.json {"recentProjects":["D:\\公考\\图形推理详解"],"locale":"zh-CN","localePreference":"zh-CN","terminalInheritSystemProfile":true,"taskAutoArchiveEnabled":false,"taskAutoArchiveOlderThanDays":7,"closeToTrayOnWindows":true,"closeToTrayOnWindowsMigrationInitialized":true,"keepAwakeWhileRunning":false,"desktopChromiumHardwareAccelerationEnabled":true,"messageStreamShowReasoning":false,"messageStreamShowTodos":false,"zcodeInteractionBehavior":"queue","askUserQuestionAutoResolutionEnabled":true,"optimizeAgentExperienceEnabled":false,"optimizeAgentExperienceMigrationInitialized":true,"enabledBuiltinAgentCliProviders":["glm"],"modelProviderFamilyModes":{"zai":"oauth"},"modelProviderFamilySelectedKeys":{"zai":"coding-plan:builtin:zai-start-plan"},"providerFamilyDomain":"zai","providerFamilyDomainUpdatedAt":1787116588334,"providerFamilyDomainMigrated":true,"repoSnapshotIndexingEnabled":false,"instantGrepIndexingEnabled":false,"nativeSearchEnhancementsEnabled":true,"memoryEnabled":false,"lastWorkspaceSession":[{"kind":"local","workspacePath":"D:\\公考\\图形推理详解","workspacePurpose":"project"},{"kind":"local","workspacePath":"C:\\Users\\llh04\\.zcode\\workspace\\default","workspacePurpose":"conversation"}],"lastActiveTabIndex":0,"receivePreviewUpdates":false,"autoDownloadAndInstallUpdates":false,"skippedElectronUpdateVersions":{},"settingsSyncFirstRunPromptHandled":true}
[2026-08-19 13:25:50.787] [info] [pid:15020] [main] [host-log] (local-1) [host] [2026-08-19 13:25:50.787] [pid:22368] [settingService] write done
[2026-08-19 13:25:50.788] [info] [pid:15020] [main] [host-log] (local-1) [host] [2026-08-19 13:25:50.788] [pid:22368] [zcode-host] [rpc:call] setting.update OK (4.7ms)
[2026-08-19 13:25:51.360] [info] [pid:15020] [main] [host-log] (local-1) [host] [2026-08-19 13:25:51.360] [pid:22368] [zcode-agent-service] 为只读会话控制面启动 ZCode agent {"workspaceKey":"D:\\公考\\图形推理详解","workspacePath":"D:\\公考\\图形推理详解"}
[2026-08-19 13:25:51.361] [info] [pid:15020] [main] [stability] perf_agent_ready reported {"pid":35880,"runtimeGeneration":1,"runtimeInstanceId":"agent-58b24d02-d311-46c5-abe6-e8b1b895e192","startupDurationMs":777}
[2026-08-19 13:25:51.361] [info] [pid:15020] [main] [host-log] (local-1) [host] [2026-08-19 13:25:51.360] [pid:22368] [zcode-agent-service] provider/model 就绪，允许 ZCode agent 模型执行 {"modelId":"GLM-5.3","providerId":"builtin:zai-start-plan","revision":"sha256:c3adf87375dac1a31e0e3c87273a6e565f48ae1358689ca082267661ed451514","workspaceKey":"D:\\公考\\图形推理详解","workspacePath":"D:\\公考\\图形推理详解"}
[2026-08-19 13:25:51.361] [info] [pid:15020] [main] [host-log] (local-1) [host] [2026-08-19 13:25:51.361] [pid:22368] [zcode-agent-service] 开始同步本地 provider registry 到 ZCode agent {"providerCount":1,"reason":"workspace_read_state","revision":"sha256:c3adf87375dac1a31e0e3c87273a6e565f48ae1358689ca082267661ed451514","workspaceKey":"D:\\公考\\图形推理详解","workspacePath":"D:\\公考\\图形推理详解"}
[2026-08-19 13:25:51.362] [info] [pid:15020] [main] [host-log] (local-1) [host] [2026-08-19 13:25:51.362] [pid:22368] [zcode-host] [rpc:call] zcode-agent.subscribeSessionsIndexV4 OK (740.7ms)
[2026-08-19 13:25:51.415] [info] [pid:15020] [main] [host-log] (local-1) [host] [2026-08-19 13:25:51.415] [pid:22368] [zcode-agent-service] 本地 provider registry 已同步到 ZCode agent {"appliedProviderRevision":"sha256:c3adf87375dac1a31e0e3c87273a6e565f48ae1358689ca082267661ed451514","providerCount":1,"reason":"workspace_read_state","status":"applied","workspaceKey":"D:\\公考\\图形推理详解","workspacePath":"D:\\公考\\图形推理详解"}
[2026-08-19 13:25:51.760] [info] [pid:15020] [main] [host-log] (local-1) [host] [2026-08-19 13:25:51.760] [pid:22368] [zcode-agent-service] ZCode Protocol workspace/readState 完成 {"durationMs":1201,"modelCurrent":"builtin:zai-start-plan/GLM-5.3","modelCount":2,"preferWorkspaceDefaults":false,"providerCount":1,"workspaceKey":"D:\\公考\\图形推理详解","workspacePath":"D:\\公考\\图形推理详解"}
[2026-08-19 13:25:51.761] [info] [pid:15020] [main] [host-log] (local-1) [host] [2026-08-19 13:25:51.760] [pid:22368] [zcode-host] [rpc:call] zcode-session.readWorkspaceState OK (1201.9ms)
[2026-08-19 13:25:52.317] [info] [pid:15020] [main] [host-log] (local-1) [host] [2026-08-19 13:25:52.317] [pid:22368] [zcode-host] [rpc:call] zcode-agent.sendConversationCommandV4 OK (1732.5ms)
[2026-08-19 13:25:52.411] [info] [pid:15020] [main] [host-log] (local-1) [host] [2026-08-19 13:25:52.411] [pid:22368] [zcode-host] [rpc:call] zcode-agent.subscribeConversationV4 OK (88.0ms)
[2026-08-19 13:25:53.670] [info] [pid:15020] [main] [host-log] (local-1) [host] [2026-08-19 13:25:53.668] [pid:22368] [zcode-host] [rpc:call] zcode-agent.sendConversationCommandV4 OK (4.8ms)
[2026-08-19 13:25:58.447] [info] [pid:15020] [main] [host-log] (local-1) [host] [2026-08-19 13:25:58.447] [pid:22368] [zcode-host] [rpc:call] off-peak-task.list OK (0.2ms)
[2026-08-19 13:26:02.886] [info] [pid:15020] [main] [host-log] (local-1) [host] [2026-08-19 13:26:02.885] [pid:22368] [zcode-host] [rpc:call] zcode-agent.unsubscribeConversationV4 OK (4.9ms)
[2026-08-19 13:26:05.663] [info] [pid:15020] [main] [resource] perf_resource window flushed
[2026-08-19 13:26:05.685] [info] [pid:15020] [main] [network] perf_network flushed interfaces=24
[2026-08-19 13:26:20.519] [info] [pid:15020] [main] [host-log] (local-1) [host] [2026-08-19 13:26:20.519] [pid:22368] [zcode-host] [rpc:call] zcode-agent.unsubscribeConversationV4 OK (1.1ms)
[2026-08-19 13:26:28.459] [info] [pid:15020] [main] [host-log] (local-1) [host] [2026-08-19 13:26:28.458] [pid:22368] [zcode-host] [rpc:call] off-peak-task.list OK (0.3ms)
[2026-08-19 13:26:58.448] [info] [pid:15020] [main] [host-log] (local-1) [host] [2026-08-19 13:26:58.446] [pid:22368] [zcode-host] [rpc:call] off-peak-task.list OK (0.2ms)
[2026-08-19 13:27:28.452] [info] [pid:15020] [main] [host-log] (local-1) [host] [2026-08-19 13:27:28.448] [pid:22368] [zcode-host] [rpc:call] off-peak-task.list OK (0.3ms)
[2026-08-19 13:27:58.454] [info] [pid:15020] [main] [host-log] (local-1) [host] [2026-08-19 13:27:58.448] [pid:22368] [zcode-host] [rpc:call] off-peak-task.list OK (0.4ms)
[2026-08-19 13:28:28.456] [info] [pid:15020] [main] [host-log] (local-1) [host] [2026-08-19 13:28:28.456] [pid:22368] [zcode-host] [rpc:call] off-peak-task.list OK (0.2ms)
[2026-08-19 13:28:58.459] [info] [pid:15020] [main] [host-log] (local-1) [host] [2026-08-19 13:28:58.457] [pid:22368] [zcode-host] [rpc:call] off-peak-task.list OK (0.2ms)
[2026-08-19 13:29:28.449] [info] [pid:15020] [main] [host-log] (local-1) [host] [2026-08-19 13:29:28.447] [pid:22368] [zcode-host] [rpc:call] off-peak-task.list OK (0.2ms)
[2026-08-19 13:29:58.455] [info] [pid:15020] [main] [host-log] (local-1) [host] [2026-08-19 13:29:58.452] [pid:22368] [zcode-host] [rpc:call] off-peak-task.list OK (0.4ms)
[2026-08-19 13:30:28.459] [info] [pid:15020] [main] [host-log] (local-1) [host] [2026-08-19 13:30:28.458] [pid:22368] [zcode-host] [rpc:call] off-peak-task.list OK (0.3ms)
[2026-08-19 13:30:58.449] [info] [pid:15020] [main] [host-log] (local-1) [host] [2026-08-19 13:30:58.448] [pid:22368] [zcode-host] [rpc:call] off-peak-task.list OK (0.2ms)
[2026-08-19 13:31:05.667] [info] [pid:15020] [main] [resource] perf_resource window flushed
[2026-08-19 13:31:05.686] [info] [pid:15020] [main] [network] perf_network flushed interfaces=20
[2026-08-19 13:31:28.450] [info] [pid:15020] [main] [host-log] (local-1) [host] [2026-08-19 13:31:28.448] [pid:22368] [zcode-host] [rpc:call] off-peak-task.list OK (0.4ms)
[2026-08-19 13:31:58.455] [info] [pid:15020] [main] [host-log] (local-1) [host] [2026-08-19 13:31:58.453] [pid:22368] [zcode-host] [rpc:call] off-peak-task.list OK (0.3ms)
[2026-08-19 13:32:28.455] [info] [pid:15020] [main] [host-log] (local-1) [host] [2026-08-19 13:32:28.454] [pid:22368] [zcode-host] [rpc:call] off-peak-task.list OK (0.2ms)
[2026-08-19 13:32:58.447] [info] [pid:15020] [main] [host-log] (local-1) [host] [2026-08-19 13:32:58.447] [pid:22368] [zcode-host] [rpc:call] off-peak-task.list OK (0.2ms)
[2026-08-19 13:33:28.448] [info] [pid:15020] [main] [host-log] (local-1) [host] [2026-08-19 13:33:28.446] [pid:22368] [zcode-host] [rpc:call] off-peak-task.list OK (0.3ms)
[2026-08-19 13:33:58.454] [info] [pid:15020] [main] [host-log] (local-1) [host] [2026-08-19 13:33:58.452] [pid:22368] [zcode-host] [rpc:call] off-peak-task.list OK (0.6ms)
[2026-08-19 13:34:28.461] [info] [pid:15020] [main] [host-log] (local-1) [host] [2026-08-19 13:34:28.460] [pid:22368] [zcode-host] [rpc:call] off-peak-task.list OK (0.7ms)
[2026-08-19 13:34:58.452] [info] [pid:15020] [main] [host-log] (local-1) [host] [2026-08-19 13:34:58.450] [pid:22368] [zcode-host] [rpc:call] off-peak-task.list OK (0.2ms)
[2026-08-19 13:35:28.462] [info] [pid:15020] [main] [host-log] (local-1) [host] [2026-08-19 13:35:28.460] [pid:22368] [zcode-host] [rpc:call] off-peak-task.list OK (0.5ms)
[2026-08-19 13:35:58.458] [info] [pid:15020] [main] [host-log] (local-1) [host] [2026-08-19 13:35:58.456] [pid:22368] [zcode-host] [rpc:call] off-peak-task.list OK (0.2ms)
[2026-08-19 13:36:05.680] [info] [pid:15020] [main] [resource] perf_resource window flushed
[2026-08-19 13:36:05.680] [info] [pid:15020] [main] [network] perf_network flushed interfaces=1
[2026-08-19 13:36:28.454] [info] [pid:15020] [main] [host-log] (local-1) [host] [2026-08-19 13:36:28.451] [pid:22368] [zcode-host] [rpc:call] off-peak-task.list OK (0.4ms)
[2026-08-19 13:36:58.451] [info] [pid:15020] [main] [host-log] (local-1) [host] [2026-08-19 13:36:58.449] [pid:22368] [zcode-host] [rpc:call] off-peak-task.list OK (0.5ms)
[2026-08-19 13:37:16.392] [info] [pid:15020] [main] [host-log] (local-1) [host] [2026-08-19 13:37:16.391] [pid:22368] [zcode-host] [rpc:call] model-provider.getProviderRegistrySnapshot OK (4.1ms)
[2026-08-19 13:37:16.396] [debug] [pid:15020] [main] [browser-use] execute start browserId=iab:9e48cd6a-68b6-4a21-aacf-eee6de8b0d20 sessionId=sess_d017ce3b-c68d-4792-a885-74202017ca74 method=list
[2026-08-19 13:37:16.397] [debug] [pid:15020] [main] [browser-use] execute requestId=80714a90-1608-4d8d-bf46-8b52151702f5 browserId=iab:9e48cd6a-68b6-4a21-aacf-eee6de8b0d20 generation=1787116567676 windowId=1 sessionId=sess_d017ce3b-c68d-4792-a885-74202017ca74 method=list
[2026-08-19 13:37:16.397] [debug] [pid:15020] [main] [browser-use] execute done sessionId=sess_d017ce3b-c68d-4792-a885-74202017ca74 method=list ok=true elapsedMs=0
[2026-08-19 13:37:16.398] [debug] [pid:15020] [main] [browser-use] execute start browserId=iab:9e48cd6a-68b6-4a21-aacf-eee6de8b0d20 sessionId=sess_d017ce3b-c68d-4792-a885-74202017ca74 method=listUserTabs
[2026-08-19 13:37:16.398] [debug] [pid:15020] [main] [browser-use] execute requestId=6e1a702c-d908-483b-9f31-3063a2212d82 browserId=iab:9e48cd6a-68b6-4a21-aacf-eee6de8b0d20 generation=1787116567676 windowId=1 sessionId=sess_d017ce3b-c68d-4792-a885-74202017ca74 method=listUserTabs
[2026-08-19 13:37:16.398] [debug] [pid:15020] [main] [browser-use] execute done sessionId=sess_d017ce3b-c68d-4792-a885-74202017ca74 method=listUserTabs ok=true elapsedMs=0
[2026-08-19 13:37:16.584] [info] [pid:15020] [main] [host-log] (local-1) [host] [2026-08-19 13:37:16.584] [pid:22368] [zcode-host] [rpc:call] zcode-agent.sendConversationCommandV4 OK (189.1ms)
[2026-08-19 13:37:16.585] [info] [pid:15020] [main] [host-log] (local-1) [host] [2026-08-19 13:37:16.585] [pid:22368] [zcode-agent-service] 开始请求 ZCode Protocol session/resume {"hasRuntimeModel":false,"mcpServerCount":0,"mcpServerNames":[],"modelHint":null,"runtimeModel":null,"sessionId":"sess_d017ce3b-c68d-4792-a885-74202017ca74","workspaceKey":"D:\\公考\\图形推理详解","workspacePath":"D:\\公考\\图形推理详解"}
[2026-08-19 13:37:16.615] [info] [pid:15020] [main] [host-log] (local-1) [host] [2026-08-19 13:37:16.615] [pid:22368] [zcode-host] [rpc:call] zcode-task.getTaskSessionFilePath OK (0.1ms)
[2026-08-19 13:37:16.616] [info] [pid:15020] [main] [host-log] (local-1) [host] [2026-08-19 13:37:16.615] [pid:22368] [zcode-host] [rpc:call] zcode-task.getTaskNativeSessionLogFile OK (0.3ms)
[2026-08-19 13:37:16.616] [info] [pid:15020] [main] [host-log] (local-1) [host] [2026-08-19 13:37:16.615] [pid:22368] [zcode-host] [rpc:call] zcode-task.getWorkspaceProviderConfigFile OK (0.1ms)
[2026-08-19 13:37:16.617] [info] [pid:15020] [main] [host-log] (local-1) [host] [2026-08-19 13:37:16.615] [pid:22368] [zcode-host] [rpc:listen] zcode-agent.onDynamicProviderRuntimeHeadersRequest subscribed
[2026-08-19 13:37:16.617] [info] [pid:15020] [main] [host-log] (local-1) [host] [2026-08-19 13:37:16.616] [pid:22368] [zcode-host] [rpc:call] zcode-task.getTaskNativeSessionLogFile OK (0.1ms)
[2026-08-19 13:37:16.618] [info] [pid:15020] [main] [host-log] (local-1) [host] [2026-08-19 13:37:16.616] [pid:22368] [zcode-host] [rpc:call] zcode-task.getTaskSessionFilePath OK (0.0ms)
[2026-08-19 13:37:16.842] [info] [pid:15020] [main] [host-log] (local-1) [host] [2026-08-19 13:37:16.842] [pid:22368] [zcode-agent-service][trace:94a42337-5ce9-4303-8baa-97a1f0a4377b] 收到 ZCode provider runtime headers 请求 {"modelId":"GLM-5.3","providerId":"builtin:zai-start-plan","requestId":"sess_d017ce3b-c68d-4792-a885-74202017ca74:provider-runtime-headers:1787117836837","sessionId":"sess_d017ce3b-c68d-4792-a885-74202017ca74","turnId":"turn_48f3e80c-ed00-46a1-ae18-37c15f27df5d","workspaceKey":"D:\\公考\\图形推理详解","workspacePath":"D:\\公考\\图形推理详解"}
[2026-08-19 13:37:16.862] [info] [pid:15020] [main] [host-log] (local-1) [host] [2026-08-19 13:37:16.862] [pid:22368] [usage-stats] 读取 BigModel entitlement 已解析授权上下文 {"preferredProviderId":"builtin:zai-coding-plan","providerId":"builtin:zai-coding-plan","scope":"personal","organizationId":null,"projectId":null}
[2026-08-19 13:37:16.892] [info] [pid:15020] [main] [host-log] (local-1) [host] [2026-08-19 13:37:16.892] [pid:22368] [zcode-host] [rpc:call] model-provider.getAllCached OK (30.1ms)
[2026-08-19 13:37:16.894] [info] [pid:15020] [main] [host-log] (local-1) [host] [2026-08-19 13:37:16.894] [pid:22368] [zcode-host] [rpc:call] coding-plan-subscription.getCaptchaConfig OK (0.1ms)
[2026-08-19 13:37:16.933] [info] [pid:15020] [main] [host-log] (local-1) [host] [2026-08-19 13:37:16.933] [pid:22368] [settingService] writing settings to: C:\Users\llh04\.zcode\v2\setting.json {"recentProjects":["D:\\公考\\图形推理详解"],"locale":"zh-CN","localePreference":"zh-CN","terminalInheritSystemProfile":true,"taskAutoArchiveEnabled":false,"taskAutoArchiveOlderThanDays":7,"closeToTrayOnWindows":true,"closeToTrayOnWindowsMigrationInitialized":true,"keepAwakeWhileRunning":false,"desktopChromiumHardwareAccelerationEnabled":true,"messageStreamShowReasoning":false,"messageStreamShowTodos":false,"zcodeInteractionBehavior":"queue","askUserQuestionAutoResolutionEnabled":true,"optimizeAgentExperienceEnabled":false,"optimizeAgentExperienceMigrationInitialized":true,"enabledBuiltinAgentCliProviders":["glm"],"modelProviderFamilyModes":{"zai":"oauth"},"modelProviderFamilySelectedKeys":{"zai":"coding-plan:builtin:zai-start-plan"},"providerFamilyDomain":"zai","providerFamilyDomainUpdatedAt":1787116588334,"providerFamilyDomainMigrated":true,"repoSnapshotIndexingEnabled":false,"instantGrepIndexingEnabled":false,"nativeSearchEnhancementsEnabled":true,"memoryEnabled":false,"lastWorkspaceSession":[{"kind":"local","workspacePath":"D:\\公考\\图形推理详解","workspacePurpose":"project"},{"kind":"local","workspacePath":"C:\\Users\\llh04\\.zcode\\workspace\\default","workspacePurpose":"conversation"}],"lastActiveTabIndex":0,"receivePreviewUpdates":false,"autoDownloadAndInstallUpdates":false,"skippedElectronUpdateVersions":{},"settingsSyncFirstRunPromptHandled":true}
[2026-08-19 13:37:16.937] [info] [pid:15020] [main] [host-log] (local-1) [host] [2026-08-19 13:37:16.936] [pid:22368] [settingService] write done
[2026-08-19 13:37:16.938] [info] [pid:15020] [main] [host-log] (local-1) [host] [2026-08-19 13:37:16.936] [pid:22368] [zcode-host] [rpc:call] setting.update OK (4.6ms)
[2026-08-19 13:37:16.995] [info] [pid:15020] [main] [host-log] (local-1) [host] [2026-08-19 13:37:16.992] [pid:22368] [zcode-agent-service][trace:94a42337-5ce9-4303-8baa-97a1f0a4377b] ZCode Protocol session/resume 完成 {"durationMs":409,"hasRuntimeModel":false,"messageCount":2,"modelCurrent":"builtin:zai-start-plan/GLM-5.3","mcpServerCount":0,"sessionId":"sess_d017ce3b-c68d-4792-a885-74202017ca74","snapshotTraceId":"94a42337-5ce9-4303-8baa-97a1f0a4377b","workspaceKey":"D:\\公考\\图形推理详解","workspacePath":"D:\\公考\\图形推理详解"}
[2026-08-19 13:37:17.003] [info] [pid:15020] [main] [host-log] (local-1) [host] [2026-08-19 13:37:17.003] [pid:22368] [zcode-host] [rpc:call] zcode-task.listPinnedTaskIds OK (0.4ms)
[2026-08-19 13:37:17.004] [info] [pid:15020] [main] [host-log] (local-1) [host] [2026-08-19 13:37:17.004] [pid:22368] [zcode-host] [rpc:call] zcode-task.listArchivedTasks OK (0.2ms)
[2026-08-19 13:37:17.004] [info] [pid:15020] [main] [host-log] (local-1) [host] [2026-08-19 13:37:17.004] [pid:22368] [zcode-host] [rpc:call] zcode-task.listArchivedTasks OK (0.1ms)
[2026-08-19 13:37:17.005] [info] [pid:15020] [main] [host-log] (local-1) [host] [2026-08-19 13:37:17.005] [pid:22368] [zcode-host] [rpc:call] zcode-task.listTasks OK (0.5ms)
[2026-08-19 13:37:17.005] [info] [pid:15020] [main] [host-log] (local-1) [host] [2026-08-19 13:37:17.005] [pid:22368] [zcode-host] [rpc:call] zcode-task.listTasks OK (0.4ms)
[2026-08-19 13:37:17.005] [info] [pid:15020] [main] [host-log] (local-1) [host] [2026-08-19 13:37:17.006] [pid:22368] [zcode-host] [rpc:call] zcode-task.listPinnedTasks OK (0.2ms)
[2026-08-19 13:37:17.006] [info] [pid:15020] [main] [host-log] (local-1) [host] [2026-08-19 13:37:17.006] [pid:22368] [zcode-host] [rpc:call] zcode-task.listPinnedTasks OK (0.2ms)
[2026-08-19 13:37:17.006] [info] [pid:15020] [main] [host-log] (local-1) [host] [2026-08-19 13:37:17.006] [pid:22368] [zcode-host] [rpc:call] zcode-task.listDeletedTaskIds OK (0.1ms)
[2026-08-19 13:37:17.007] [info] [pid:15020] [main] [host-log] (local-1) [host] [2026-08-19 13:37:17.006] [pid:22368] [zcode-host] [rpc:call] zcode-task.listDeletedTaskIds OK (0.1ms)
[2026-08-19 13:37:17.007] [info] [pid:15020] [main] [host-log] (local-1) [host] [2026-08-19 13:37:17.007] [pid:22368] [zcode-host] [rpc:call] zcode-task.listPinnedTaskIds OK (0.1ms)
[2026-08-19 13:37:17.007] [info] [pid:15020] [main] [host-log] (local-1) [host] [2026-08-19 13:37:17.007] [pid:22368] [zcode-host] [rpc:call] zcode-task.listArchivedTasks OK (0.1ms)
[2026-08-19 13:37:17.008] [info] [pid:15020] [main] [host-log] (local-1) [host] [2026-08-19 13:37:17.007] [pid:22368] [zcode-host] [rpc:call] zcode-task.listTasks OK (0.3ms)
[2026-08-19 13:37:17.008] [info] [pid:15020] [main] [host-log] (local-1) [host] [2026-08-19 13:37:17.008] [pid:22368] [zcode-host] [rpc:call] zcode-task.listPinnedTasks OK (0.1ms)
[2026-08-19 13:37:17.009] [info] [pid:15020] [main] [host-log] (local-1) [host] [2026-08-19 13:37:17.008] [pid:22368] [zcode-host] [rpc:call] zcode-task.listDeletedTaskIds OK (0.1ms)
[2026-08-19 13:37:17.009] [info] [pid:15020] [main] [host-log] (local-1) [host] [2026-08-19 13:37:17.008] [pid:22368] [zcode-host] [rpc:call] zcode-task.listPinnedTaskIds OK (0.1ms)
[2026-08-19 13:37:17.009] [info] [pid:15020] [main] [host-log] (local-1) [host] [2026-08-19 13:37:17.008] [pid:22368] [zcode-host] [rpc:call] zcode-task.listArchivedTasks OK (0.1ms)
[2026-08-19 13:37:17.010] [info] [pid:15020] [main] [host-log] (local-1) [host] [2026-08-19 13:37:17.008] [pid:22368] [zcode-host] [rpc:call] zcode-task.listTasks OK (0.3ms)
[2026-08-19 13:37:17.011] [info] [pid:15020] [main] [host-log] (local-1) [host] [2026-08-19 13:37:17.009] [pid:22368] [zcode-host] [rpc:call] zcode-task.listPinnedTasks OK (0.1ms)
[2026-08-19 13:37:17.011] [info] [pid:15020] [main] [host-log] (local-1) [host] [2026-08-19 13:37:17.009] [pid:22368] [zcode-host] [rpc:call] zcode-task.listDeletedTaskIds OK (0.1ms)
[2026-08-19 13:37:17.033] [info] [pid:15020] [main] [host-log] (local-1) [host] [2026-08-19 13:37:17.033] [pid:22368] [zcode-host] [rpc:call] zcode-task.getTaskNativeSessionLogFile OK (0.2ms)
[2026-08-19 13:37:17.121] [info] [pid:15020] [main] [host-log] (local-1) [host] [2026-08-19 13:37:17.121] [pid:22368] [zcode-session-service] [zcode-session-service] readSession 历史快照读取完成 {"durationMs":505,"messageLimit":1,"sessionId":"sess_d017ce3b-c68d-4792-a885-74202017ca74","snapshot":{"activeTurnId":"turn_48f3e80c-ed00-46a1-ae18-37c15f27df5d","eventSeq":6,"messageCount":1,"pendingRequestCount":0,"sessionStatus":"running","stateRevision":0},"workspaceIdentity":null,"workspacePath":"D:\\公考\\图形推理详解"}
[2026-08-19 13:37:17.122] [info] [pid:15020] [main] [host-log] (local-1) [host] [2026-08-19 13:37:17.121] [pid:22368] [zcode-host] [rpc:call] zcode-session.readSession OK (505.3ms)
[2026-08-19 13:37:17.122] [info] [pid:15020] [main] [host-log] (local-1) [host] [2026-08-19 13:37:17.122] [pid:22368] [zcode-host] [rpc:call] zcode-agent.conversationPlansV4 OK (498.2ms)
[2026-08-19 13:37:17.155] [info] [pid:15020] [main] [host-log] (local-1) [host] [2026-08-19 13:37:17.154] [pid:22368] [usage-stats] billing/balance 请求完成 {"balanceCount":2,"balances":[{"entitlement_id":"ent_2_0817_glm_5p3","show_name":"GLM-5.3","total_units":3000000,"used_units":13703,"remaining_units":2986297,"available_units":2986297,"reserved_units":null},{"entitlement_id":"ent_2_0817_glm_5turbo","show_name":"GLM-5-Turbo","total_units":2000000,"used_units":0,"remaining_units":2000000,"available_units":2000000,"reserved_units":null}],"code":0,"durationMs":208,"msg":"","payload":{"code":0,"msg":"","data":{"server_time":1787117835,"plans":[{"user_plan_id":"upl_2089944584870027264","plan_id":"zcode-v3-start-plan-0817","name":"ZCode Start Plan","description":"免费 GLM 旗舰模型体验","priority":90,"status":"active","starts_at":1787116592,"ends_at":1787500799,"entitlements":[{"entitlement_id":"ent_2_0817_glm_5p3","show_name":"GLM-5.3","meter":"model_usage","unit_type":"token","capabilities":["model:glm-5.3"],"grant_units":3000000,"period":"daily","priority":110},{"entitlement_id":"ent_2_0817_glm_5turbo","show_name":"GLM-5-Turbo","meter":"model_usage","unit_type":"token","capabilities":["model:GLM-5-Turbo"],"grant_units":2000000,"period":"daily","priority":80}]}],"balances":[{"bucket_id":"bucket_2089944584886804480","user_plan_id":"upl_2089944584870027264","plan_id":"zcode-v3-start-plan-0817","entitlement_id":"ent_2_0817_glm_5p3","show_name":"GLM-5.3","meter":"model_usage","unit_type":"token","capabilities":["model:glm-5.3"],"priority":110,"plan_priority":90,"entitlement_priority":110,"total_units":3000000,"used_units":13703,"remaining_units":2986297,"available_units":2986297,"period_start":1787068800,"period_end":1787155199,"expires_at":1787155199},{"bucket_id":"bucket_2089944584895193088","user_plan_id":"upl_2089944584870027264","plan_id":"zcode-v3-start-plan-0817","entitlement_id":"ent_2_0817_glm_5turbo","show_name":"GLM-5-Turbo","meter":"model_usage","unit_type":"token","capabilities":["model:GLM-5-Turbo"],"priority":80,"plan_priority":90,"entitlement_priority":80,"total_units":2000000,"used_units":0,"remaining_units":2000000,"available_units":2000000,"period_start":1787068800,"period_end":1787155199,"expires_at":1787155199}]}},"planCount":1,"plans":[{"name":"ZCode Start Plan","plan_id":"zcode-v3-start-plan-0817","status":"active"}],"providerId":"builtin:zai-start-plan","success":true,"url":"https://zcode.z.ai/api/v1/zcode-plan/billing/balance?app_version=3.7.7"}
[2026-08-19 13:37:17.156] [info] [pid:15020] [main] [host-log] (local-1) [host] [2026-08-19 13:37:17.154] [pid:22368] [usage-stats] billing/balance 请求完成 {"balanceCount":2,"balances":[{"entitlement_id":"ent_2_0817_glm_5p3","show_name":"GLM-5.3","total_units":3000000,"used_units":13703,"remaining_units":2986297,"available_units":2986297,"reserved_units":null},{"entitlement_id":"ent_2_0817_glm_5turbo","show_name":"GLM-5-Turbo","total_units":2000000,"used_units":0,"remaining_units":2000000,"available_units":2000000,"reserved_units":null}],"code":0,"durationMs":89,"msg":"","payload":{"code":0,"msg":"","data":{"server_time":1787117835,"plans":[{"user_plan_id":"upl_2089944584870027264","plan_id":"zcode-v3-start-plan-0817","name":"ZCode Start Plan","description":"免费 GLM 旗舰模型体验","priority":90,"status":"active","starts_at":1787116592,"ends_at":1787500799,"entitlements":[{"entitlement_id":"ent_2_0817_glm_5p3","show_name":"GLM-5.3","meter":"model_usage","unit_type":"token","capabilities":["model:glm-5.3"],"grant_units":3000000,"period":"daily","priority":110},{"entitlement_id":"ent_2_0817_glm_5turbo","show_name":"GLM-5-Turbo","meter":"model_usage","unit_type":"token","capabilities":["model:GLM-5-Turbo"],"grant_units":2000000,"period":"daily","priority":80}]}],"balances":[{"bucket_id":"bucket_2089944584886804480","user_plan_id":"upl_2089944584870027264","plan_id":"zcode-v3-start-plan-0817","entitlement_id":"ent_2_0817_glm_5p3","show_name":"GLM-5.3","meter":"model_usage","unit_type":"token","capabilities":["model:glm-5.3"],"priority":110,"plan_priority":90,"entitlement_priority":110,"total_units":3000000,"used_units":13703,"remaining_units":2986297,"available_units":2986297,"period_start":1787068800,"period_end":1787155199,"expires_at":1787155199},{"bucket_id":"bucket_2089944584895193088","user_plan_id":"upl_2089944584870027264","plan_id":"zcode-v3-start-plan-0817","entitlement_id":"ent_2_0817_glm_5turbo","show_name":"GLM-5-Turbo","meter":"model_usage","unit_type":"token","capabilities":["model:GLM-5-Turbo"],"priority":80,"plan_priority":90,"entitlement_priority":80,"total_units":2000000,"used_units":0,"remaining_units":2000000,"available_units":2000000,"period_start":1787068800,"period_end":1787155199,"expires_at":1787155199}]}},"planCount":1,"plans":[{"name":"ZCode Start Plan","plan_id":"zcode-v3-start-plan-0817","status":"active"}],"providerId":"builtin:zai-start-plan","success":true,"url":"https://zcode.z.ai/api/v1/zcode-plan/billing/balance?app_version=3.7.7"}
[2026-08-19 13:37:17.156] [info] [pid:15020] [main] [host-log] (local-1) [host] [2026-08-19 13:37:17.154] [pid:22368] [zcode-host] [rpc:call] usage-stats.getEntitlementSnapshot OK (323.3ms)
[2026-08-19 13:37:17.157] [info] [pid:15020] [main] [host-log] (local-1) [host] [2026-08-19 13:37:17.154] [pid:22368] [zcode-host] [rpc:call] usage-stats.getEntitlementSnapshot OK (323.2ms)
[2026-08-19 13:37:18.008] [info] [pid:15020] [main] [host-log] (local-1) [host] [2026-08-19 13:37:18.008] [pid:22368] [zcode-agent-service] 完成同步当前模型 runtime config 到 ZCode agent {"applyModelSelection":true,"appliedModelRuntimeRevision":"model-runtime:c767ee8b6e8101a3b2f9dfd5","changed":true,"model":"builtin:zai-start-plan/GLM-5.3$max","runtimeBaseURL":"https://zcode.z.ai/api/v1/zcode-plan/anthropic","runtimeProviderId":"builtin:zai-start-plan","sessionId":"sess_d017ce3b-c68d-4792-a885-74202017ca74","workspaceKey":"D:\\公考\\图形推理详解","workspacePath":"D:\\公考\\图形推理详解"}
[2026-08-19 13:37:18.008] [info] [pid:15020] [main] [host-log] (local-1) [host] [2026-08-19 13:37:18.008] [pid:22368] [zcode-host] [rpc:call] zcode-agent.respondProviderRuntimeHeaders OK (243.4ms)
[2026-08-19 13:37:20.134] [info] [pid:15020] [main] [host-log] (local-1) [host] [2026-08-19 13:37:20.134] [pid:22368] [zcode-host] [rpc:call] usage-stats.getEntitlementSnapshot OK (3303.6ms)
[2026-08-19 13:37:28.313] [info] [pid:15020] [main] [host-log] (local-1) [host] [2026-08-19 13:37:28.313] [pid:22368] [zcode-agent-service][trace:94a42337-5ce9-4303-8baa-97a1f0a4377b] 收到 ZCode provider runtime headers 请求 {"modelId":"GLM-5.3","providerId":"builtin:zai-start-plan","requestId":"sess_d017ce3b-c68d-4792-a885-74202017ca74:provider-runtime-headers:1787117848313","sessionId":"sess_d017ce3b-c68d-4792-a885-74202017ca74","turnId":"turn_48f3e80c-ed00-46a1-ae18-37c15f27df5d","workspaceKey":"D:\\公考\\图形推理详解","workspacePath":"D:\\公考\\图形推理详解"}
[2026-08-19 13:37:28.335] [info] [pid:15020] [main] [host-log] (local-1) [host] [2026-08-19 13:37:28.335] [pid:22368] [zcode-host] [rpc:call] model-provider.getAllCached OK (5.9ms)
[2026-08-19 13:37:28.453] [info] [pid:15020] [main] [host-log] (local-1) [host] [2026-08-19 13:37:28.452] [pid:22368] [zcode-host] [rpc:call] off-peak-task.list OK (0.3ms)
[2026-08-19 13:37:29.114] [info] [pid:15020] [main] [host-log] (local-1) [host] [2026-08-19 13:37:29.114] [pid:22368] [zcode-agent-service] 完成同步当前模型 runtime config 到 ZCode agent {"applyModelSelection":true,"appliedModelRuntimeRevision":"model-runtime:cb8fcc5dc65a18e0370e9a17","changed":true,"model":"builtin:zai-start-plan/GLM-5.3$max","runtimeBaseURL":"https://zcode.z.ai/api/v1/zcode-plan/anthropic","runtimeProviderId":"builtin:zai-start-plan","sessionId":"sess_d017ce3b-c68d-4792-a885-74202017ca74","workspaceKey":"D:\\公考\\图形推理详解","workspacePath":"D:\\公考\\图形推理详解"}
[2026-08-19 13:37:29.115] [info] [pid:15020] [main] [host-log] (local-1) [host] [2026-08-19 13:37:29.115] [pid:22368] [zcode-host] [rpc:call] zcode-agent.respondProviderRuntimeHeaders OK (233.3ms)
[2026-08-19 13:37:29.443] [info] [pid:15020] [main] [host-log] (local-1) [host] [2026-08-19 13:37:29.443] [pid:22368] [zcode-agent-service][trace:94a42337-5ce9-4303-8baa-97a1f0a4377b] 开始请求 ZCode Protocol session/resume {"hasRuntimeModel":true,"mcpServerCount":0,"mcpServerNames":[],"modelHint":null,"runtimeModel":{"apiFormat":"anthropic-messages","baseURL":"https://zcode.z.ai/api/v1/zcode-plan/anthropic","kind":"anthropic","model":"builtin:zai-start-plan/GLM-5.3$max","providerId":"builtin:zai-start-plan","revision":"model-runtime:989ada045261065258118ad1","thoughtLevel":"max"},"sessionId":"sess_d017ce3b-c68d-4792-a885-74202017ca74","workspaceKey":"D:\\公考\\图形推理详解","workspacePath":"D:\\公考\\图形推理详解"}
[2026-08-19 13:37:29.612] [info] [pid:15020] [main] [host-log] (local-1) [host] [2026-08-19 13:37:29.612] [pid:22368] [settingService] writing settings to: C:\Users\llh04\.zcode\v2\setting.json {"recentProjects":["D:\\公考\\图形推理详解"],"locale":"zh-CN","localePreference":"zh-CN","terminalInheritSystemProfile":true,"taskAutoArchiveEnabled":false,"taskAutoArchiveOlderThanDays":7,"closeToTrayOnWindows":true,"closeToTrayOnWindowsMigrationInitialized":true,"keepAwakeWhileRunning":false,"desktopChromiumHardwareAccelerationEnabled":true,"messageStreamShowReasoning":false,"messageStreamShowTodos":false,"zcodeInteractionBehavior":"queue","askUserQuestionAutoResolutionEnabled":true,"optimizeAgentExperienceEnabled":false,"optimizeAgentExperienceMigrationInitialized":true,"enabledBuiltinAgentCliProviders":["glm"],"modelProviderFamilyModes":{"zai":"oauth"},"modelProviderFamilySelectedKeys":{"zai":"coding-plan:builtin:zai-start-plan"},"providerFamilyDomain":"zai","providerFamilyDomainUpdatedAt":1787116588334,"providerFamilyDomainMigrated":true,"repoSnapshotIndexingEnabled":false,"instantGrepIndexingEnabled":false,"nativeSearchEnhancementsEnabled":true,"memoryEnabled":false,"lastWorkspaceSession":[{"kind":"local","workspacePath":"D:\\公考\\图形推理详解","workspacePurpose":"project"},{"kind":"local","workspacePath":"C:\\Users\\llh04\\.zcode\\workspace\\default","workspacePurpose":"conversation"}],"lastActiveTabIndex":0,"receivePreviewUpdates":false,"autoDownloadAndInstallUpdates":false,"skippedElectronUpdateVersions":{},"settingsSyncFirstRunPromptHandled":true}
[2026-08-19 13:37:29.618] [info] [pid:15020] [main] [host-log] (local-1) [host] [2026-08-19 13:37:29.618] [pid:22368] [settingService] write done
[2026-08-19 13:37:29.619] [info] [pid:15020] [main] [host-log] (local-1) [host] [2026-08-19 13:37:29.618] [pid:22368] [zcode-host] [rpc:call] setting.update OK (6.6ms)
[2026-08-19 13:37:29.619] [info] [pid:15020] [main] [host-log] (local-1) [host] [2026-08-19 13:37:29.619] [pid:22368] [usage-stats] 读取 BigModel entitlement 已解析授权上下文 {"preferredProviderId":"builtin:zai-coding-plan","providerId":"builtin:zai-coding-plan","scope":"personal","organizationId":null,"projectId":null}
[2026-08-19 13:37:29.853] [info] [pid:15020] [main] [host-log] (local-1) [host] [2026-08-19 13:37:29.852] [pid:22368] [usage-stats] billing/balance 请求完成 {"balanceCount":2,"balances":[{"entitlement_id":"ent_2_0817_glm_5p3","show_name":"GLM-5.3","total_units":3000000,"used_units":29623,"remaining_units":2970377,"available_units":2970377,"reserved_units":null},{"entitlement_id":"ent_2_0817_glm_5turbo","show_name":"GLM-5-Turbo","total_units":2000000,"used_units":0,"remaining_units":2000000,"available_units":2000000,"reserved_units":null}],"code":0,"durationMs":204,"msg":"","payload":{"code":0,"msg":"","data":{"server_time":1787117848,"plans":[{"user_plan_id":"upl_2089944584870027264","plan_id":"zcode-v3-start-plan-0817","name":"ZCode Start Plan","description":"免费 GLM 旗舰模型体验","priority":90,"status":"active","starts_at":1787116592,"ends_at":1787500799,"entitlements":[{"entitlement_id":"ent_2_0817_glm_5p3","show_name":"GLM-5.3","meter":"model_usage","unit_type":"token","capabilities":["model:glm-5.3"],"grant_units":3000000,"period":"daily","priority":110},{"entitlement_id":"ent_2_0817_glm_5turbo","show_name":"GLM-5-Turbo","meter":"model_usage","unit_type":"token","capabilities":["model:GLM-5-Turbo"],"grant_units":2000000,"period":"daily","priority":80}]}],"balances":[{"bucket_id":"bucket_2089944584886804480","user_plan_id":"upl_2089944584870027264","plan_id":"zcode-v3-start-plan-0817","entitlement_id":"ent_2_0817_glm_5p3","show_name":"GLM-5.3","meter":"model_usage","unit_type":"token","capabilities":["model:glm-5.3"],"priority":110,"plan_priority":90,"entitlement_priority":110,"total_units":3000000,"used_units":29623,"remaining_units":2970377,"available_units":2970377,"period_start":1787068800,"period_end":1787155199,"expires_at":1787155199},{"bucket_id":"bucket_2089944584895193088","user_plan_id":"upl_2089944584870027264","plan_id":"zcode-v3-start-plan-0817","entitlement_id":"ent_2_0817_glm_5turbo","show_name":"GLM-5-Turbo","meter":"model_usage","unit_type":"token","capabilities":["model:GLM-5-Turbo"],"priority":80,"plan_priority":90,"entitlement_priority":80,"total_units":2000000,"used_units":0,"remaining_units":2000000,"available_units":2000000,"period_start":1787068800,"period_end":1787155199,"expires_at":1787155199}]}},"planCount":1,"plans":[{"name":"ZCode Start Plan","plan_id":"zcode-v3-start-plan-0817","status":"active"}],"providerId":"builtin:zai-start-plan","success":true,"url":"https://zcode.z.ai/api/v1/zcode-plan/billing/balance?app_version=3.7.7"}
[2026-08-19 13:37:29.854] [info] [pid:15020] [main] [host-log] (local-1) [host] [2026-08-19 13:37:29.853] [pid:22368] [usage-stats] billing/balance 请求完成 {"balanceCount":2,"balances":[{"entitlement_id":"ent_2_0817_glm_5p3","show_name":"GLM-5.3","total_units":3000000,"used_units":29623,"remaining_units":2970377,"available_units":2970377,"reserved_units":null},{"entitlement_id":"ent_2_0817_glm_5turbo","show_name":"GLM-5-Turbo","total_units":2000000,"used_units":0,"remaining_units":2000000,"available_units":2000000,"reserved_units":null}],"code":0,"durationMs":198,"msg":"","payload":{"code":0,"msg":"","data":{"server_time":1787117848,"plans":[{"user_plan_id":"upl_2089944584870027264","plan_id":"zcode-v3-start-plan-0817","name":"ZCode Start Plan","description":"免费 GLM 旗舰模型体验","priority":90,"status":"active","starts_at":1787116592,"ends_at":1787500799,"entitlements":[{"entitlement_id":"ent_2_0817_glm_5p3","show_name":"GLM-5.3","meter":"model_usage","unit_type":"token","capabilities":["model:glm-5.3"],"grant_units":3000000,"period":"daily","priority":110},{"entitlement_id":"ent_2_0817_glm_5turbo","show_name":"GLM-5-Turbo","meter":"model_usage","unit_type":"token","capabilities":["model:GLM-5-Turbo"],"grant_units":2000000,"period":"daily","priority":80}]}],"balances":[{"bucket_id":"bucket_2089944584886804480","user_plan_id":"upl_2089944584870027264","plan_id":"zcode-v3-start-plan-0817","entitlement_id":"ent_2_0817_glm_5p3","show_name":"GLM-5.3","meter":"model_usage","unit_type":"token","capabilities":["model:glm-5.3"],"priority":110,"plan_priority":90,"entitlement_priority":110,"total_units":3000000,"used_units":29623,"remaining_units":2970377,"available_units":2970377,"period_start":1787068800,"period_end":1787155199,"expires_at":1787155199},{"bucket_id":"bucket_2089944584895193088","user_plan_id":"upl_2089944584870027264","plan_id":"zcode-v3-start-plan-0817","entitlement_id":"ent_2_0817_glm_5turbo","show_name":"GLM-5-Turbo","meter":"model_usage","unit_type":"token","capabilities":["model:GLM-5-Turbo"],"priority":80,"plan_priority":90,"entitlement_priority":80,"total_units":2000000,"used_units":0,"remaining_units":2000000,"available_units":2000000,"period_start":1787068800,"period_end":1787155199,"expires_at":1787155199}]}},"planCount":1,"plans":[{"name":"ZCode Start Plan","plan_id":"zcode-v3-start-plan-0817","status":"active"}],"providerId":"builtin:zai-start-plan","success":true,"url":"https://zcode.z.ai/api/v1/zcode-plan/billing/balance?app_version=3.7.7"}
[2026-08-19 13:37:29.855] [info] [pid:15020] [main] [host-log] (local-1) [host] [2026-08-19 13:37:29.853] [pid:22368] [zcode-host] [rpc:call] usage-stats.getEntitlementSnapshot OK (249.6ms)
[2026-08-19 13:37:29.856] [info] [pid:15020] [main] [host-log] (local-1) [host] [2026-08-19 13:37:29.853] [pid:22368] [zcode-host] [rpc:call] usage-stats.getEntitlementSnapshot OK (249.5ms)
[2026-08-19 13:37:29.884] [info] [pid:15020] [main] [host-log] (local-1) [host] [2026-08-19 13:37:29.884] [pid:22368] [zcode-agent-service][trace:94a42337-5ce9-4303-8baa-97a1f0a4377b] ZCode Protocol session/resume 完成 {"durationMs":443,"hasRuntimeModel":true,"messageCount":3,"modelCurrent":"builtin:zai-start-plan/GLM-5.3","mcpServerCount":0,"sessionId":"sess_d017ce3b-c68d-4792-a885-74202017ca74","snapshotTraceId":"94a42337-5ce9-4303-8baa-97a1f0a4377b","workspaceKey":"D:\\公考\\图形推理详解","workspacePath":"D:\\公考\\图形推理详解"}
[2026-08-19 13:37:30.641] [info] [pid:15020] [main] [host-log] (local-1) [host] [2026-08-19 13:37:30.641] [pid:22368] [zcode-host] [rpc:call] usage-stats.getEntitlementSnapshot OK (1038.0ms)
[2026-08-19 13:37:35.013] [info] [pid:15020] [main] [host-log] (local-1) [host] [2026-08-19 13:37:35.013] [pid:22368] [settingService] writing settings to: C:\Users\llh04\.zcode\v2\setting.json {"recentProjects":["D:\\公考\\图形推理详解"],"locale":"zh-CN","localePreference":"zh-CN","terminalInheritSystemProfile":true,"taskAutoArchiveEnabled":false,"taskAutoArchiveOlderThanDays":7,"closeToTrayOnWindows":true,"closeToTrayOnWindowsMigrationInitialized":true,"keepAwakeWhileRunning":false,"desktopChromiumHardwareAccelerationEnabled":true,"messageStreamShowReasoning":false,"messageStreamShowTodos":false,"zcodeInteractionBehavior":"queue","askUserQuestionAutoResolutionEnabled":true,"optimizeAgentExperienceEnabled":false,"optimizeAgentExperienceMigrationInitialized":true,"enabledBuiltinAgentCliProviders":["glm"],"modelProviderFamilyModes":{"zai":"oauth"},"modelProviderFamilySelectedKeys":{"zai":"coding-plan:builtin:zai-start-plan"},"providerFamilyDomain":"zai","providerFamilyDomainUpdatedAt":1787116588334,"providerFamilyDomainMigrated":true,"repoSnapshotIndexingEnabled":false,"instantGrepIndexingEnabled":false,"nativeSearchEnhancementsEnabled":true,"memoryEnabled":false,"lastWorkspaceSession":[{"kind":"local","workspacePath":"D:\\公考\\图形推理详解","workspacePurpose":"project"},{"kind":"local","workspacePath":"C:\\Users\\llh04\\.zcode\\workspace\\default","workspacePurpose":"conversation"}],"lastActiveTabIndex":0,"receivePreviewUpdates":false,"autoDownloadAndInstallUpdates":false,"skippedElectronUpdateVersions":{},"settingsSyncFirstRunPromptHandled":true}
[2026-08-19 13:37:35.016] [info] [pid:15020] [main] [host-log] (local-1) [host] [2026-08-19 13:37:35.017] [pid:22368] [settingService] write done
[2026-08-19 13:37:35.017] [info] [pid:15020] [main] [host-log] (local-1) [host] [2026-08-19 13:37:35.017] [pid:22368] [zcode-host] [rpc:call] setting.update OK (4.8ms)
[2026-08-19 13:37:36.171] [info] [pid:15020] [main] [host-log] (local-1) [host] [2026-08-19 13:37:36.171] [pid:22368] [settingService] writing settings to: C:\Users\llh04\.zcode\v2\setting.json {"recentProjects":["D:\\公考\\图形推理详解"],"locale":"zh-CN","localePreference":"zh-CN","terminalInheritSystemProfile":true,"taskAutoArchiveEnabled":false,"taskAutoArchiveOlderThanDays":7,"closeToTrayOnWindows":true,"closeToTrayOnWindowsMigrationInitialized":true,"keepAwakeWhileRunning":false,"desktopChromiumHardwareAccelerationEnabled":true,"messageStreamShowReasoning":false,"messageStreamShowTodos":false,"zcodeInteractionBehavior":"queue","askUserQuestionAutoResolutionEnabled":true,"optimizeAgentExperienceEnabled":false,"optimizeAgentExperienceMigrationInitialized":true,"enabledBuiltinAgentCliProviders":["glm"],"modelProviderFamilyModes":{"zai":"oauth"},"modelProviderFamilySelectedKeys":{"zai":"coding-plan:builtin:zai-start-plan"},"providerFamilyDomain":"zai","providerFamilyDomainUpdatedAt":1787116588334,"providerFamilyDomainMigrated":true,"repoSnapshotIndexingEnabled":false,"instantGrepIndexingEnabled":false,"nativeSearchEnhancementsEnabled":true,"memoryEnabled":false,"lastWorkspaceSession":[{"kind":"local","workspacePath":"D:\\公考\\图形推理详解","workspacePurpose":"project"},{"kind":"local","workspacePath":"C:\\Users\\llh04\\.zcode\\workspace\\default","workspacePurpose":"conversation"}],"lastActiveTabIndex":0,"receivePreviewUpdates":false,"autoDownloadAndInstallUpdates":false,"skippedElectronUpdateVersions":{},"settingsSyncFirstRunPromptHandled":true}
[2026-08-19 13:37:36.175] [info] [pid:15020] [main] [host-log] (local-1) [host] [2026-08-19 13:37:36.175] [pid:22368] [settingService] write done
[2026-08-19 13:37:36.175] [info] [pid:15020] [main] [host-log] (local-1) [host] [2026-08-19 13:37:36.175] [pid:22368] [zcode-host] [rpc:call] setting.update OK (5.4ms)
[2026-08-19 13:37:36.855] [info] [pid:15020] [main] [host-log] (local-1) [host] [2026-08-19 13:37:36.855] [pid:22368] [settingService] writing settings to: C:\Users\llh04\.zcode\v2\setting.json {"recentProjects":["D:\\公考\\图形推理详解"],"locale":"zh-CN","localePreference":"zh-CN","terminalInheritSystemProfile":true,"taskAutoArchiveEnabled":false,"taskAutoArchiveOlderThanDays":7,"closeToTrayOnWindows":true,"closeToTrayOnWindowsMigrationInitialized":true,"keepAwakeWhileRunning":false,"desktopChromiumHardwareAccelerationEnabled":true,"messageStreamShowReasoning":false,"messageStreamShowTodos":false,"zcodeInteractionBehavior":"queue","askUserQuestionAutoResolutionEnabled":true,"optimizeAgentExperienceEnabled":false,"optimizeAgentExperienceMigrationInitialized":true,"enabledBuiltinAgentCliProviders":["glm"],"modelProviderFamilyModes":{"zai":"oauth"},"modelProviderFamilySelectedKeys":{"zai":"coding-plan:builtin:zai-start-plan"},"providerFamilyDomain":"zai","providerFamilyDomainUpdatedAt":1787116588334,"providerFamilyDomainMigrated":true,"repoSnapshotIndexingEnabled":false,"instantGrepIndexingEnabled":false,"nativeSearchEnhancementsEnabled":true,"memoryEnabled":false,"lastWorkspaceSession":[{"kind":"local","workspacePath":"D:\\公考\\图形推理详解","workspacePurpose":"project"},{"kind":"local","workspacePath":"C:\\Users\\llh04\\.zcode\\workspace\\default","workspacePurpose":"conversation"}],"lastActiveTabIndex":0,"receivePreviewUpdates":false,"autoDownloadAndInstallUpdates":false,"skippedElectronUpdateVersions":{},"settingsSyncFirstRunPromptHandled":true}
[2026-08-19 13:37:36.859] [info] [pid:15020] [main] [host-log] (local-1) [host] [2026-08-19 13:37:36.858] [pid:22368] [settingService] write done
[2026-08-19 13:37:36.859] [info] [pid:15020] [main] [host-log] (local-1) [host] [2026-08-19 13:37:36.858] [pid:22368] [zcode-host] [rpc:call] setting.update OK (4.5ms)
[2026-08-19 13:37:41.908] [info] [pid:15020] [main] [host-log] (local-1) [host] [2026-08-19 13:37:41.908] [pid:22368] [settingService] writing settings to: C:\Users\llh04\.zcode\v2\setting.json {"recentProjects":["D:\\公考\\图形推理详解"],"locale":"zh-CN","localePreference":"zh-CN","terminalInheritSystemProfile":true,"taskAutoArchiveEnabled":false,"taskAutoArchiveOlderThanDays":7,"closeToTrayOnWindows":true,"closeToTrayOnWindowsMigrationInitialized":true,"keepAwakeWhileRunning":false,"desktopChromiumHardwareAccelerationEnabled":true,"messageStreamShowReasoning":false,"messageStreamShowTodos":false,"zcodeInteractionBehavior":"queue","askUserQuestionAutoResolutionEnabled":true,"optimizeAgentExperienceEnabled":false,"optimizeAgentExperienceMigrationInitialized":true,"enabledBuiltinAgentCliProviders":["glm"],"modelProviderFamilyModes":{"zai":"oauth"},"modelProviderFamilySelectedKeys":{"zai":"coding-plan:builtin:zai-start-plan"},"providerFamilyDomain":"zai","providerFamilyDomainUpdatedAt":1787116588334,"providerFamilyDomainMigrated":true,"repoSnapshotIndexingEnabled":false,"instantGrepIndexingEnabled":false,"nativeSearchEnhancementsEnabled":true,"memoryEnabled":false,"lastWorkspaceSession":[{"kind":"local","workspacePath":"D:\\公考\\图形推理详解","workspacePurpose":"project"},{"kind":"local","workspacePath":"C:\\Users\\llh04\\.zcode\\workspace\\default","workspacePurpose":"conversation"}],"lastActiveTabIndex":0,"receivePreviewUpdates":false,"autoDownloadAndInstallUpdates":false,"skippedElectronUpdateVersions":{},"settingsSyncFirstRunPromptHandled":true}
[2026-08-19 13:37:41.912] [info] [pid:15020] [main] [host-log] (local-1) [host] [2026-08-19 13:37:41.912] [pid:22368] [settingService] write done
[2026-08-19 13:37:41.913] [info] [pid:15020] [main] [host-log] (local-1) [host] [2026-08-19 13:37:41.912] [pid:22368] [zcode-host] [rpc:call] setting.update OK (5.4ms)
[2026-08-19 13:37:43.866] [debug] [pid:15020] [main] [browser-use] execute start browserId=iab:9e48cd6a-68b6-4a21-aacf-eee6de8b0d20 sessionId=sess_d017ce3b-c68d-4792-a885-74202017ca74 method=list
[2026-08-19 13:37:43.866] [debug] [pid:15020] [main] [browser-use] execute requestId=f989685a-c283-4333-95b3-ba74befe98ff browserId=iab:9e48cd6a-68b6-4a21-aacf-eee6de8b0d20 generation=1787116567676 windowId=1 sessionId=sess_d017ce3b-c68d-4792-a885-74202017ca74 method=list
[2026-08-19 13:37:43.867] [debug] [pid:15020] [main] [browser-use] execute done sessionId=sess_d017ce3b-c68d-4792-a885-74202017ca74 method=list ok=true elapsedMs=1
[2026-08-19 13:37:43.867] [debug] [pid:15020] [main] [browser-use] execute start browserId=iab:9e48cd6a-68b6-4a21-aacf-eee6de8b0d20 sessionId=sess_d017ce3b-c68d-4792-a885-74202017ca74 method=listUserTabs
[2026-08-19 13:37:43.867] [debug] [pid:15020] [main] [browser-use] execute requestId=0b6f5053-d285-4357-b074-2f8c12bd6b4e browserId=iab:9e48cd6a-68b6-4a21-aacf-eee6de8b0d20 generation=1787116567676 windowId=1 sessionId=sess_d017ce3b-c68d-4792-a885-74202017ca74 method=listUserTabs
[2026-08-19 13:37:43.867] [debug] [pid:15020] [main] [browser-use] execute done sessionId=sess_d017ce3b-c68d-4792-a885-74202017ca74 method=listUserTabs ok=true elapsedMs=0
[2026-08-19 13:37:43.900] [info] [pid:15020] [main] [host-log] (local-1) [host] [2026-08-19 13:37:43.900] [pid:22368] [zcode-host] [rpc:call] zcode-agent.sendConversationCommandV4 OK (34.1ms)
[2026-08-19 13:37:43.905] [info] [pid:15020] [main] [host-log] (local-1) [host] [2026-08-19 13:37:43.905] [pid:22368] [zcode-agent-service][trace:94a42337-5ce9-4303-8baa-97a1f0a4377b] 收到 ZCode provider runtime headers 请求 {"modelId":"GLM-5.3","providerId":"builtin:zai-start-plan","requestId":"sess_d017ce3b-c68d-4792-a885-74202017ca74:provider-runtime-headers:1787117863905","sessionId":"sess_d017ce3b-c68d-4792-a885-74202017ca74","turnId":"turn_ca469190-451a-45e8-940b-3cf82ffecbe3","workspaceKey":"D:\\公考\\图形推理详解","workspacePath":"D:\\公考\\图形推理详解"}
[2026-08-19 13:37:43.932] [info] [pid:15020] [main] [host-log] (local-1) [host] [2026-08-19 13:37:43.932] [pid:22368] [zcode-host] [rpc:call] model-provider.getAllCached OK (8.3ms)
[2026-08-19 13:37:44.202] [info] [pid:15020] [main] [host-log] (local-1) [host] [2026-08-19 13:37:44.202] [pid:22368] [usage-stats] 读取 BigModel entitlement 已解析授权上下文 {"preferredProviderId":"builtin:zai-coding-plan","providerId":"builtin:zai-coding-plan","scope":"personal","organizationId":null,"projectId":null}
[2026-08-19 13:37:44.313] [info] [pid:15020] [main] [host-log] (local-1) [host] [2026-08-19 13:37:44.313] [pid:22368] [usage-stats] billing/balance 请求完成 {"balanceCount":2,"balances":[{"entitlement_id":"ent_2_0817_glm_5p3","show_name":"GLM-5.3","total_units":3000000,"used_units":29623,"remaining_units":2970377,"available_units":2970377,"reserved_units":null},{"entitlement_id":"ent_2_0817_glm_5turbo","show_name":"GLM-5-Turbo","total_units":2000000,"used_units":0,"remaining_units":2000000,"available_units":2000000,"reserved_units":null}],"code":0,"durationMs":211,"msg":"","payload":{"code":0,"msg":"","data":{"server_time":1787117862,"plans":[{"user_plan_id":"upl_2089944584870027264","plan_id":"zcode-v3-start-plan-0817","name":"ZCode Start Plan","description":"免费 GLM 旗舰模型体验","priority":90,"status":"active","starts_at":1787116592,"ends_at":1787500799,"entitlements":[{"entitlement_id":"ent_2_0817_glm_5p3","show_name":"GLM-5.3","meter":"model_usage","unit_type":"token","capabilities":["model:glm-5.3"],"grant_units":3000000,"period":"daily","priority":110},{"entitlement_id":"ent_2_0817_glm_5turbo","show_name":"GLM-5-Turbo","meter":"model_usage","unit_type":"token","capabilities":["model:GLM-5-Turbo"],"grant_units":2000000,"period":"daily","priority":80}]}],"balances":[{"bucket_id":"bucket_2089944584886804480","user_plan_id":"upl_2089944584870027264","plan_id":"zcode-v3-start-plan-0817","entitlement_id":"ent_2_0817_glm_5p3","show_name":"GLM-5.3","meter":"model_usage","unit_type":"token","capabilities":["model:glm-5.3"],"priority":110,"plan_priority":90,"entitlement_priority":110,"total_units":3000000,"used_units":29623,"remaining_units":2970377,"available_units":2970377,"period_start":1787068800,"period_end":1787155199,"expires_at":1787155199},{"bucket_id":"bucket_2089944584895193088","user_plan_id":"upl_2089944584870027264","plan_id":"zcode-v3-start-plan-0817","entitlement_id":"ent_2_0817_glm_5turbo","show_name":"GLM-5-Turbo","meter":"model_usage","unit_type":"token","capabilities":["model:GLM-5-Turbo"],"priority":80,"plan_priority":90,"entitlement_priority":80,"total_units":2000000,"used_units":0,"remaining_units":2000000,"available_units":2000000,"period_start":1787068800,"period_end":1787155199,"expires_at":1787155199}]}},"planCount":1,"plans":[{"name":"ZCode Start Plan","plan_id":"zcode-v3-start-plan-0817","status":"active"}],"providerId":"builtin:zai-start-plan","success":true,"url":"https://zcode.z.ai/api/v1/zcode-plan/billing/balance?app_version=3.7.7"}
[2026-08-19 13:37:44.315] [info] [pid:15020] [main] [host-log] (local-1) [host] [2026-08-19 13:37:44.313] [pid:22368] [usage-stats] billing/balance 请求完成 {"balanceCount":2,"balances":[{"entitlement_id":"ent_2_0817_glm_5p3","show_name":"GLM-5.3","total_units":3000000,"used_units":29623,"remaining_units":2970377,"available_units":2970377,"reserved_units":null},{"entitlement_id":"ent_2_0817_glm_5turbo","show_name":"GLM-5-Turbo","total_units":2000000,"used_units":0,"remaining_units":2000000,"available_units":2000000,"reserved_units":null}],"code":0,"durationMs":175,"msg":"","payload":{"code":0,"msg":"","data":{"server_time":1787117862,"plans":[{"user_plan_id":"upl_2089944584870027264","plan_id":"zcode-v3-start-plan-0817","name":"ZCode Start Plan","description":"免费 GLM 旗舰模型体验","priority":90,"status":"active","starts_at":1787116592,"ends_at":1787500799,"entitlements":[{"entitlement_id":"ent_2_0817_glm_5p3","show_name":"GLM-5.3","meter":"model_usage","unit_type":"token","capabilities":["model:glm-5.3"],"grant_units":3000000,"period":"daily","priority":110},{"entitlement_id":"ent_2_0817_glm_5turbo","show_name":"GLM-5-Turbo","meter":"model_usage","unit_type":"token","capabilities":["model:GLM-5-Turbo"],"grant_units":2000000,"period":"daily","priority":80}]}],"balances":[{"bucket_id":"bucket_2089944584886804480","user_plan_id":"upl_2089944584870027264","plan_id":"zcode-v3-start-plan-0817","entitlement_id":"ent_2_0817_glm_5p3","show_name":"GLM-5.3","meter":"model_usage","unit_type":"token","capabilities":["model:glm-5.3"],"priority":110,"plan_priority":90,"entitlement_priority":110,"total_units":3000000,"used_units":29623,"remaining_units":2970377,"available_units":2970377,"period_start":1787068800,"period_end":1787155199,"expires_at":1787155199},{"bucket_id":"bucket_2089944584895193088","user_plan_id":"upl_2089944584870027264","plan_id":"zcode-v3-start-plan-0817","entitlement_id":"ent_2_0817_glm_5turbo","show_name":"GLM-5-Turbo","meter":"model_usage","unit_type":"token","capabilities":["model:GLM-5-Turbo"],"priority":80,"plan_priority":90,"entitlement_priority":80,"total_units":2000000,"used_units":0,"remaining_units":2000000,"available_units":2000000,"period_start":1787068800,"period_end":1787155199,"expires_at":1787155199}]}},"planCount":1,"plans":[{"name":"ZCode Start Plan","plan_id":"zcode-v3-start-plan-0817","status":"active"}],"providerId":"builtin:zai-start-plan","success":true,"url":"https://zcode.z.ai/api/v1/zcode-plan/billing/balance?app_version=3.7.7"}
[2026-08-19 13:37:44.315] [info] [pid:15020] [main] [host-log] (local-1) [host] [2026-08-19 13:37:44.313] [pid:22368] [zcode-host] [rpc:call] usage-stats.getEntitlementSnapshot OK (231.9ms)
[2026-08-19 13:37:44.316] [info] [pid:15020] [main] [host-log] (local-1) [host] [2026-08-19 13:37:44.313] [pid:22368] [zcode-host] [rpc:call] usage-stats.getEntitlementSnapshot OK (231.8ms)
[2026-08-19 13:37:44.757] [info] [pid:15020] [main] [host-log] (local-1) [host] [2026-08-19 13:37:44.757] [pid:22368] [zcode-agent-service] 完成同步当前模型 runtime config 到 ZCode agent {"applyModelSelection":true,"appliedModelRuntimeRevision":"model-runtime:a68460a68bf703c93705c352","changed":true,"model":"builtin:zai-start-plan/GLM-5.3$max","runtimeBaseURL":"https://zcode.z.ai/api/v1/zcode-plan/anthropic","runtimeProviderId":"builtin:zai-start-plan","sessionId":"sess_d017ce3b-c68d-4792-a885-74202017ca74","workspaceKey":"D:\\公考\\图形推理详解","workspacePath":"D:\\公考\\图形推理详解"}
[2026-08-19 13:37:44.758] [info] [pid:15020] [main] [host-log] (local-1) [host] [2026-08-19 13:37:44.757] [pid:22368] [zcode-host] [rpc:call] zcode-agent.respondProviderRuntimeHeaders OK (231.9ms)
[2026-08-19 13:37:45.234] [info] [pid:15020] [main] [host-log] (local-1) [host] [2026-08-19 13:37:45.235] [pid:22368] [zcode-host] [rpc:call] usage-stats.getEntitlementSnapshot OK (1153.6ms)
[2026-08-19 13:37:56.054] [info] [pid:15020] [main] [host-log] (local-1) [host] [2026-08-19 13:37:56.054] [pid:22368] [zcode-agent-service][trace:94a42337-5ce9-4303-8baa-97a1f0a4377b] 收到 ZCode provider runtime headers 请求 {"modelId":"GLM-5.3","providerId":"builtin:zai-start-plan","requestId":"sess_d017ce3b-c68d-4792-a885-74202017ca74:provider-runtime-headers:1787117876054","sessionId":"sess_d017ce3b-c68d-4792-a885-74202017ca74","turnId":"turn_ca469190-451a-45e8-940b-3cf82ffecbe3","workspaceKey":"D:\\公考\\图形推理详解","workspacePath":"D:\\公考\\图形推理详解"}
[2026-08-19 13:37:56.078] [info] [pid:15020] [main] [host-log] (local-1) [host] [2026-08-19 13:37:56.078] [pid:22368] [zcode-host] [rpc:call] model-provider.getAllCached OK (8.3ms)
[2026-08-19 13:37:56.767] [info] [pid:15020] [main] [host-log] (local-1) [host] [2026-08-19 13:37:56.766] [pid:22368] [zcode-agent-service] 完成同步当前模型 runtime config 到 ZCode agent {"applyModelSelection":true,"appliedModelRuntimeRevision":"model-runtime:c0fb0a21c1bce22a987a2470","changed":true,"model":"builtin:zai-start-plan/GLM-5.3$max","runtimeBaseURL":"https://zcode.z.ai/api/v1/zcode-plan/anthropic","runtimeProviderId":"builtin:zai-start-plan","sessionId":"sess_d017ce3b-c68d-4792-a885-74202017ca74","workspaceKey":"D:\\公考\\图形推理详解","workspacePath":"D:\\公考\\图形推理详解"}
[2026-08-19 13:37:56.767] [info] [pid:15020] [main] [host-log] (local-1) [host] [2026-08-19 13:37:56.766] [pid:22368] [zcode-host] [rpc:call] zcode-agent.respondProviderRuntimeHeaders OK (239.0ms)
[2026-08-19 13:37:57.034] [info] [pid:15020] [main] [host-log] (local-1) [host] [2026-08-19 13:37:57.033] [pid:22368] [zcode-agent-service][trace:94a42337-5ce9-4303-8baa-97a1f0a4377b] 开始请求 ZCode Protocol session/resume {"hasRuntimeModel":true,"mcpServerCount":0,"mcpServerNames":[],"modelHint":null,"runtimeModel":{"apiFormat":"anthropic-messages","baseURL":"https://zcode.z.ai/api/v1/zcode-plan/anthropic","kind":"anthropic","model":"builtin:zai-start-plan/GLM-5.3$max","providerId":"builtin:zai-start-plan","revision":"model-runtime:989ada045261065258118ad1","thoughtLevel":"max"},"sessionId":"sess_d017ce3b-c68d-4792-a885-74202017ca74","workspaceKey":"D:\\公考\\图形推理详解","workspacePath":"D:\\公考\\图形推理详解"}
[2026-08-19 13:37:57.250] [info] [pid:15020] [main] [host-log] (local-1) [host] [2026-08-19 13:37:57.250] [pid:22368] [usage-stats] 读取 BigModel entitlement 已解析授权上下文 {"preferredProviderId":"builtin:zai-coding-plan","providerId":"builtin:zai-coding-plan","scope":"personal","organizationId":null,"projectId":null}
[2026-08-19 13:37:57.437] [info] [pid:15020] [main] [host-log] (local-1) [host] [2026-08-19 13:37:57.437] [pid:22368] [usage-stats] billing/balance 请求完成 {"balanceCount":2,"balances":[{"entitlement_id":"ent_2_0817_glm_5p3","show_name":"GLM-5.3","total_units":3000000,"used_units":46729,"remaining_units":2953271,"available_units":2953271,"reserved_units":null},{"entitlement_id":"ent_2_0817_glm_5turbo","show_name":"GLM-5-Turbo","total_units":2000000,"used_units":0,"remaining_units":2000000,"available_units":2000000,"reserved_units":null}],"code":0,"durationMs":221,"msg":"","payload":{"code":0,"msg":"","data":{"server_time":1787117876,"plans":[{"user_plan_id":"upl_2089944584870027264","plan_id":"zcode-v3-start-plan-0817","name":"ZCode Start Plan","description":"免费 GLM 旗舰模型体验","priority":90,"status":"active","starts_at":1787116592,"ends_at":1787500799,"entitlements":[{"entitlement_id":"ent_2_0817_glm_5p3","show_name":"GLM-5.3","meter":"model_usage","unit_type":"token","capabilities":["model:glm-5.3"],"grant_units":3000000,"period":"daily","priority":110},{"entitlement_id":"ent_2_0817_glm_5turbo","show_name":"GLM-5-Turbo","meter":"model_usage","unit_type":"token","capabilities":["model:GLM-5-Turbo"],"grant_units":2000000,"period":"daily","priority":80}]}],"balances":[{"bucket_id":"bucket_2089944584886804480","user_plan_id":"upl_2089944584870027264","plan_id":"zcode-v3-start-plan-0817","entitlement_id":"ent_2_0817_glm_5p3","show_name":"GLM-5.3","meter":"model_usage","unit_type":"token","capabilities":["model:glm-5.3"],"priority":110,"plan_priority":90,"entitlement_priority":110,"total_units":3000000,"used_units":46729,"remaining_units":2953271,"available_units":2953271,"period_start":1787068800,"period_end":1787155199,"expires_at":1787155199},{"bucket_id":"bucket_2089944584895193088","user_plan_id":"upl_2089944584870027264","plan_id":"zcode-v3-start-plan-0817","entitlement_id":"ent_2_0817_glm_5turbo","show_name":"GLM-5-Turbo","meter":"model_usage","unit_type":"token","capabilities":["model:GLM-5-Turbo"],"priority":80,"plan_priority":90,"entitlement_priority":80,"total_units":2000000,"used_units":0,"remaining_units":2000000,"available_units":2000000,"period_start":1787068800,"period_end":1787155199,"expires_at":1787155199}]}},"planCount":1,"plans":[{"name":"ZCode Start Plan","plan_id":"zcode-v3-start-plan-0817","status":"active"}],"providerId":"builtin:zai-start-plan","success":true,"url":"https://zcode.z.ai/api/v1/zcode-plan/billing/balance?app_version=3.7.7"}
[2026-08-19 13:37:57.438] [info] [pid:15020] [main] [host-log] (local-1) [host] [2026-08-19 13:37:57.437] [pid:22368] [usage-stats] billing/balance 请求完成 {"balanceCount":2,"balances":[{"entitlement_id":"ent_2_0817_glm_5p3","show_name":"GLM-5.3","total_units":3000000,"used_units":46729,"remaining_units":2953271,"available_units":2953271,"reserved_units":null},{"entitlement_id":"ent_2_0817_glm_5turbo","show_name":"GLM-5-Turbo","total_units":2000000,"used_units":0,"remaining_units":2000000,"available_units":2000000,"reserved_units":null}],"code":0,"durationMs":107,"msg":"","payload":{"code":0,"msg":"","data":{"server_time":1787117876,"plans":[{"user_plan_id":"upl_2089944584870027264","plan_id":"zcode-v3-start-plan-0817","name":"ZCode Start Plan","description":"免费 GLM 旗舰模型体验","priority":90,"status":"active","starts_at":1787116592,"ends_at":1787500799,"entitlements":[{"entitlement_id":"ent_2_0817_glm_5p3","show_name":"GLM-5.3","meter":"model_usage","unit_type":"token","capabilities":["model:glm-5.3"],"grant_units":3000000,"period":"daily","priority":110},{"entitlement_id":"ent_2_0817_glm_5turbo","show_name":"GLM-5-Turbo","meter":"model_usage","unit_type":"token","capabilities":["model:GLM-5-Turbo"],"grant_units":2000000,"period":"daily","priority":80}]}],"balances":[{"bucket_id":"bucket_2089944584886804480","user_plan_id":"upl_2089944584870027264","plan_id":"zcode-v3-start-plan-0817","entitlement_id":"ent_2_0817_glm_5p3","show_name":"GLM-5.3","meter":"model_usage","unit_type":"token","capabilities":["model:glm-5.3"],"priority":110,"plan_priority":90,"entitlement_priority":110,"total_units":3000000,"used_units":46729,"remaining_units":2953271,"available_units":2953271,"period_start":1787068800,"period_end":1787155199,"expires_at":1787155199},{"bucket_id":"bucket_2089944584895193088","user_plan_id":"upl_2089944584870027264","plan_id":"zcode-v3-start-plan-0817","entitlement_id":"ent_2_0817_glm_5turbo","show_name":"GLM-5-Turbo","meter":"model_usage","unit_type":"token","capabilities":["model:GLM-5-Turbo"],"priority":80,"plan_priority":90,"entitlement_priority":80,"total_units":2000000,"used_units":0,"remaining_units":2000000,"available_units":2000000,"period_start":1787068800,"period_end":1787155199,"expires_at":1787155199}]}},"planCount":1,"plans":[{"name":"ZCode Start Plan","plan_id":"zcode-v3-start-plan-0817","status":"active"}],"providerId":"builtin:zai-start-plan","success":true,"url":"https://zcode.z.ai/api/v1/zcode-plan/billing/balance?app_version=3.7.7"}
[2026-08-19 13:37:57.438] [info] [pid:15020] [main] [host-log] (local-1) [host] [2026-08-19 13:37:57.437] [pid:22368] [zcode-host] [rpc:call] usage-stats.getEntitlementSnapshot OK (234.0ms)
[2026-08-19 13:37:57.439] [info] [pid:15020] [main] [host-log] (local-1) [host] [2026-08-19 13:37:57.437] [pid:22368] [zcode-host] [rpc:call] usage-stats.getEntitlementSnapshot OK (234.1ms)
[2026-08-19 13:37:57.492] [info] [pid:15020] [main] [host-log] (local-1) [host] [2026-08-19 13:37:57.491] [pid:22368] [zcode-agent-service][trace:94a42337-5ce9-4303-8baa-97a1f0a4377b] ZCode Protocol session/resume 完成 {"durationMs":458,"hasRuntimeModel":true,"messageCount":6,"modelCurrent":"builtin:zai-start-plan/GLM-5.3","mcpServerCount":0,"sessionId":"sess_d017ce3b-c68d-4792-a885-74202017ca74","snapshotTraceId":"94a42337-5ce9-4303-8baa-97a1f0a4377b","workspaceKey":"D:\\公考\\图形推理详解","workspacePath":"D:\\公考\\图形推理详解"}
[2026-08-19 13:37:58.449] [info] [pid:15020] [main] [host-log] (local-1) [host] [2026-08-19 13:37:58.448] [pid:22368] [zcode-host] [rpc:call] off-peak-task.list OK (0.2ms)
[2026-08-19 13:38:00.166] [info] [pid:15020] [main] [createWindow] window close hidden to tray (local-1)
[2026-08-19 13:38:01.058] [info] [pid:15020] [main] [host-log] (local-1) [host] [2026-08-19 13:38:01.057] [pid:22368] [zcode-host] [rpc:call] usage-stats.getEntitlementSnapshot OK (3854.8ms)
[2026-08-19 13:38:28.783] [info] [pid:15020] [main] [host-log] (local-1) [host] [2026-08-19 13:38:28.782] [pid:22368] [zcode-host] [rpc:call] off-peak-task.list OK (1.2ms)
[2026-08-19 13:38:57.312] [info] [pid:15020] [main] [primary-window] reused existing window (tray-show-current-window)
[2026-08-19 13:38:57.620] [info] [pid:15020] [main] [host-log] (local-1) [host] [2026-08-19 13:38:57.618] [pid:22368] [settingService] writing settings to: C:\Users\llh04\.zcode\v2\setting.json {"recentProjects":["D:\\公考\\图形推理详解"],"locale":"zh-CN","localePreference":"zh-CN","terminalInheritSystemProfile":true,"taskAutoArchiveEnabled":false,"taskAutoArchiveOlderThanDays":7,"closeToTrayOnWindows":true,"closeToTrayOnWindowsMigrationInitialized":true,"keepAwakeWhileRunning":false,"desktopChromiumHardwareAccelerationEnabled":true,"messageStreamShowReasoning":false,"messageStreamShowTodos":false,"zcodeInteractionBehavior":"queue","askUserQuestionAutoResolutionEnabled":true,"optimizeAgentExperienceEnabled":false,"optimizeAgentExperienceMigrationInitialized":true,"enabledBuiltinAgentCliProviders":["glm"],"modelProviderFamilyModes":{"zai":"oauth"},"modelProviderFamilySelectedKeys":{"zai":"coding-plan:builtin:zai-start-plan"},"providerFamilyDomain":"zai","providerFamilyDomainUpdatedAt":1787116588334,"providerFamilyDomainMigrated":true,"repoSnapshotIndexingEnabled":false,"instantGrepIndexingEnabled":false,"nativeSearchEnhancementsEnabled":true,"memoryEnabled":false,"lastWorkspaceSession":[{"kind":"local","workspacePath":"D:\\公考\\图形推理详解","workspacePurpose":"project"},{"kind":"local","workspacePath":"C:\\Users\\llh04\\.zcode\\workspace\\default","workspacePurpose":"conversation"}],"lastActiveTabIndex":0,"receivePreviewUpdates":false,"autoDownloadAndInstallUpdates":false,"skippedElectronUpdateVersions":{},"settingsSyncFirstRunPromptHandled":true}
[2026-08-19 13:38:57.623] [info] [pid:15020] [main] [host-log] (local-1) [host] [2026-08-19 13:38:57.623] [pid:22368] [settingService] write done
[2026-08-19 13:38:57.624] [info] [pid:15020] [main] [host-log] (local-1) [host] [2026-08-19 13:38:57.623] [pid:22368] [zcode-host] [rpc:call] setting.update OK (7.0ms)
[2026-08-19 13:38:58.461] [info] [pid:15020] [main] [host-log] (local-1) [host] [2026-08-19 13:38:58.459] [pid:22368] [zcode-host] [rpc:call] off-peak-task.list OK (0.5ms)
[2026-08-19 13:39:28.770] [info] [pid:15020] [main] [host-log] (local-1) [host] [2026-08-19 13:39:28.770] [pid:22368] [zcode-host] [rpc:call] off-peak-task.list OK (0.4ms)
[2026-08-19 13:39:58.770] [info] [pid:15020] [main] [host-log] (local-1) [host] [2026-08-19 13:39:58.769] [pid:22368] [zcode-host] [rpc:call] off-peak-task.list OK (0.2ms)
[2026-08-19 13:40:35.768] [info] [pid:15020] [main] [host-log] (local-1) [host] [2026-08-19 13:40:35.767] [pid:22368] [zcode-host] [rpc:call] off-peak-task.list OK (0.2ms)
[2026-08-19 13:41:05.688] [info] [pid:15020] [main] [resource] perf_resource window flushed
[2026-08-19 13:41:05.701] [info] [pid:15020] [main] [network] perf_network flushed interfaces=19
[2026-08-19 13:41:35.774] [info] [pid:15020] [main] [host-log] (local-1) [host] [2026-08-19 13:41:35.774] [pid:22368] [zcode-host] [rpc:call] off-peak-task.list OK (0.2ms)
[2026-08-19 13:42:35.769] [info] [pid:15020] [main] [host-log] (local-1) [host] [2026-08-19 13:42:35.769] [pid:22368] [zcode-host] [rpc:call] off-peak-task.list OK (0.2ms)
[2026-08-19 13:43:35.770] [info] [pid:15020] [main] [host-log] (local-1) [host] [2026-08-19 13:43:35.769] [pid:22368] [zcode-host] [rpc:call] off-peak-task.list OK (0.2ms)
[2026-08-19 13:44:35.767] [info] [pid:15020] [main] [host-log] (local-1) [host] [2026-08-19 13:44:35.768] [pid:22368] [zcode-host] [rpc:call] off-peak-task.list OK (0.2ms)
[2026-08-19 13:45:35.767] [info] [pid:15020] [main] [host-log] (local-1) [host] [2026-08-19 13:45:35.767] [pid:22368] [zcode-host] [rpc:call] off-peak-task.list OK (0.2ms)
[2026-08-19 13:46:05.691] [info] [pid:15020] [main] [resource] perf_resource window flushed
[2026-08-19 13:46:05.691] [info] [pid:15020] [main] [network] perf_network flushed interfaces=1
[2026-08-19 13:46:35.769] [info] [pid:15020] [main] [host-log] (local-1) [host] [2026-08-19 13:46:35.768] [pid:22368] [zcode-host] [rpc:call] off-peak-task.list OK (0.1ms)
[2026-08-19 13:47:35.769] [info] [pid:15020] [main] [host-log] (local-1) [host] [2026-08-19 13:47:35.768] [pid:22368] [zcode-host] [rpc:call] off-peak-task.list OK (0.2ms)
[2026-08-19 13:48:35.768] [info] [pid:15020] [main] [host-log] (local-1) [host] [2026-08-19 13:48:35.768] [pid:22368] [zcode-host] [rpc:call] off-peak-task.list OK (0.3ms)
[2026-08-19 13:49:35.777] [info] [pid:15020] [main] [host-log] (local-1) [host] [2026-08-19 13:49:35.776] [pid:22368] [zcode-host] [rpc:call] off-peak-task.list OK (0.1ms)
[2026-08-19 13:50:35.777] [info] [pid:15020] [main] [host-log] (local-1) [host] [2026-08-19 13:50:35.777] [pid:22368] [zcode-host] [rpc:call] off-peak-task.list OK (0.3ms)
[2026-08-19 13:51:05.705] [info] [pid:15020] [main] [resource] perf_resource window flushed
[2026-08-19 13:51:05.706] [info] [pid:15020] [main] [network] perf_network flushed interfaces=1
[2026-08-19 13:51:35.775] [info] [pid:15020] [main] [host-log] (local-1) [host] [2026-08-19 13:51:35.774] [pid:22368] [zcode-host] [rpc:call] off-peak-task.list OK (0.2ms)
[2026-08-19 13:52:35.766] [info] [pid:15020] [main] [host-log] (local-1) [host] [2026-08-19 13:52:35.766] [pid:22368] [zcode-host] [rpc:call] off-peak-task.list OK (0.1ms)
[2026-08-19 13:53:35.766] [info] [pid:15020] [main] [host-log] (local-1) [host] [2026-08-19 13:53:35.767] [pid:22368] [zcode-host] [rpc:call] off-peak-task.list OK (0.3ms)
[2026-08-19 13:54:35.780] [info] [pid:15020] [main] [host-log] (local-1) [host] [2026-08-19 13:54:35.770] [pid:22368] [zcode-host] [rpc:call] off-peak-task.list OK (0.2ms)
[2026-08-19 13:55:35.765] [info] [pid:15020] [main] [host-log] (local-1) [host] [2026-08-19 13:55:35.762] [pid:22368] [zcode-host] [rpc:call] off-peak-task.list OK (0.2ms)
[2026-08-19 13:56:05.714] [info] [pid:15020] [main] [resource] perf_resource window flushed
[2026-08-19 13:56:05.715] [info] [pid:15020] [main] [network] perf_network flushed interfaces=1
[2026-08-19 13:56:35.767] [info] [pid:15020] [main] [host-log] (local-1) [host] [2026-08-19 13:56:35.767] [pid:22368] [zcode-host] [rpc:call] off-peak-task.list OK (0.2ms)
[2026-08-19 13:57:35.766] [info] [pid:15020] [main] [host-log] (local-1) [host] [2026-08-19 13:57:35.766] [pid:22368] [zcode-host] [rpc:call] off-peak-task.list OK (0.2ms)
[2026-08-19 13:58:35.777] [info] [pid:15020] [main] [host-log] (local-1) [host] [2026-08-19 13:58:35.777] [pid:22368] [zcode-host] [rpc:call] off-peak-task.list OK (0.4ms)
[2026-08-19 13:59:35.773] [info] [pid:15020] [main] [host-log] (local-1) [host] [2026-08-19 13:59:35.773] [pid:22368] [zcode-host] [rpc:call] off-peak-task.list OK (0.2ms)
[2026-08-19 14:00:35.773] [info] [pid:15020] [main] [host-log] (local-1) [host] [2026-08-19 14:00:35.772] [pid:22368] [zcode-host] [rpc:call] off-peak-task.list OK (0.2ms)
[2026-08-19 14:01:05.720] [info] [pid:15020] [main] [resource] perf_resource window flushed
[2026-08-19 14:01:05.721] [info] [pid:15020] [main] [network] perf_network flushed interfaces=1
[2026-08-19 14:01:35.770] [info] [pid:15020] [main] [host-log] (local-1) [host] [2026-08-19 14:01:35.767] [pid:22368] [zcode-host] [rpc:call] off-peak-task.list OK (0.2ms)
[2026-08-19 14:02:35.765] [info] [pid:15020] [main] [host-log] (local-1) [host] [2026-08-19 14:02:35.764] [pid:22368] [zcode-host] [rpc:call] off-peak-task.list OK (0.2ms)
[2026-08-19 14:03:35.765] [info] [pid:15020] [main] [host-log] (local-1) [host] [2026-08-19 14:03:35.766] [pid:22368] [zcode-host] [rpc:call] off-peak-task.list OK (0.2ms)
[2026-08-19 14:04:35.774] [info] [pid:15020] [main] [host-log] (local-1) [host] [2026-08-19 14:04:35.771] [pid:22368] [zcode-host] [rpc:call] off-peak-task.list OK (0.2ms)
[2026-08-19 14:05:35.777] [info] [pid:15020] [main] [host-log] (local-1) [host] [2026-08-19 14:05:35.772] [pid:22368] [zcode-host] [rpc:call] off-peak-task.list OK (0.4ms)
[2026-08-19 14:06:05.725] [info] [pid:15020] [main] [resource] perf_resource window flushed
[2026-08-19 14:06:05.726] [info] [pid:15020] [main] [network] perf_network flushed interfaces=1
[2026-08-19 14:06:35.772] [info] [pid:15020] [main] [host-log] (local-1) [host] [2026-08-19 14:06:35.771] [pid:22368] [zcode-host] [rpc:call] off-peak-task.list OK (0.2ms)
[2026-08-19 14:07:35.776] [info] [pid:15020] [main] [host-log] (local-1) [host] [2026-08-19 14:07:35.776] [pid:22368] [zcode-host] [rpc:call] off-peak-task.list OK (0.2ms)
[2026-08-19 14:08:35.773] [info] [pid:15020] [main] [host-log] (local-1) [host] [2026-08-19 14:08:35.772] [pid:22368] [zcode-host] [rpc:call] off-peak-task.list OK (0.2ms)
[2026-08-19 14:09:35.777] [info] [pid:15020] [main] [host-log] (local-1) [host] [2026-08-19 14:09:35.776] [pid:22368] [zcode-host] [rpc:call] off-peak-task.list OK (0.1ms)
[2026-08-19 14:52:43.146] [info] [pid:15020] [main] [resource] perf_resource window flushed
[2026-08-19 14:52:43.146] [info] [pid:15020] [main] [network] perf_network flushed interfaces=1
[2026-08-19 14:52:43.148] [info] [pid:15020] [main] [auto-update] skip poll: state=update-available
[2026-08-19 14:52:43.832] [info] [pid:15020] [main] [host-log] (local-1) [host] [2026-08-19 14:52:43.831] [pid:22368] [zcode-host] [rpc:call] off-peak-task.list OK (0.3ms)
[2026-08-19 14:53:35.774] [info] [pid:15020] [main] [host-log] (local-1) [host] [2026-08-19 14:53:35.773] [pid:22368] [zcode-host] [rpc:call] off-peak-task.list OK (0.6ms)
[2026-08-19 14:54:35.766] [info] [pid:15020] [main] [host-log] (local-1) [host] [2026-08-19 14:54:35.765] [pid:22368] [zcode-host] [rpc:call] off-peak-task.list OK (0.2ms)
[2026-08-19 14:55:35.766] [info] [pid:15020] [main] [host-log] (local-1) [host] [2026-08-19 14:55:35.767] [pid:22368] [zcode-host] [rpc:call] off-peak-task.list OK (0.3ms)
[2026-08-19 14:56:35.769] [info] [pid:15020] [main] [host-log] (local-1) [host] [2026-08-19 14:56:35.767] [pid:22368] [zcode-host] [rpc:call] off-peak-task.list OK (0.2ms)
[2026-08-19 14:57:35.777] [info] [pid:15020] [main] [host-log] (local-1) [host] [2026-08-19 14:57:35.776] [pid:22368] [zcode-host] [rpc:call] off-peak-task.list OK (0.5ms)
[2026-08-19 14:57:43.161] [info] [pid:15020] [main] [resource] perf_resource window flushed
[2026-08-19 14:57:43.162] [info] [pid:15020] [main] [network] perf_network flushed interfaces=1
[2026-08-19 14:58:35.770] [info] [pid:15020] [main] [host-log] (local-1) [host] [2026-08-19 14:58:35.769] [pid:22368] [zcode-host] [rpc:call] off-peak-task.list OK (0.2ms)
[2026-08-19 14:59:35.784] [info] [pid:15020] [main] [host-log] (local-1) [host] [2026-08-19 14:59:35.784] [pid:22368] [zcode-host] [rpc:call] off-peak-task.list OK (9.2ms)
[2026-08-19 15:00:35.777] [info] [pid:15020] [main] [host-log] (local-1) [host] [2026-08-19 15:00:35.776] [pid:22368] [zcode-host] [rpc:call] off-peak-task.list OK (0.3ms)
[2026-08-19 15:01:35.768] [info] [pid:15020] [main] [host-log] (local-1) [host] [2026-08-19 15:01:35.767] [pid:22368] [zcode-host] [rpc:call] off-peak-task.list OK (0.2ms)
[2026-08-19 15:02:35.771] [info] [pid:15020] [main] [host-log] (local-1) [host] [2026-08-19 15:02:35.772] [pid:22368] [zcode-host] [rpc:call] off-peak-task.list OK (0.1ms)
[2026-08-19 15:02:43.166] [info] [pid:15020] [main] [resource] perf_resource window flushed
[2026-08-19 15:02:43.168] [info] [pid:15020] [main] [network] perf_network flushed interfaces=1
[2026-08-19 15:03:35.776] [info] [pid:15020] [main] [host-log] (local-1) [host] [2026-08-19 15:03:35.775] [pid:22368] [zcode-host] [rpc:call] off-peak-task.list OK (0.3ms)
[2026-08-19 15:04:35.738] [info] [pid:15020] [main] [host-log] (local-1) [host] [2026-08-19 15:04:35.737] [pid:22368] [zcode-host] [rpc:call] off-peak-task.list OK (0.5ms)
[2026-08-19 15:04:35.989] [info] [pid:15020] [main] [host-log] (local-1) [host] [2026-08-19 15:04:35.988] [pid:22368] [settingService] writing settings to: C:\Users\llh04\.zcode\v2\setting.json {"recentProjects":["D:\\公考\\图形推理详解"],"locale":"zh-CN","localePreference":"zh-CN","terminalInheritSystemProfile":true,"taskAutoArchiveEnabled":false,"taskAutoArchiveOlderThanDays":7,"closeToTrayOnWindows":true,"closeToTrayOnWindowsMigrationInitialized":true,"keepAwakeWhileRunning":false,"desktopChromiumHardwareAccelerationEnabled":true,"messageStreamShowReasoning":false,"messageStreamShowTodos":false,"zcodeInteractionBehavior":"queue","askUserQuestionAutoResolutionEnabled":true,"optimizeAgentExperienceEnabled":false,"optimizeAgentExperienceMigrationInitialized":true,"enabledBuiltinAgentCliProviders":["glm"],"modelProviderFamilyModes":{"zai":"oauth"},"modelProviderFamilySelectedKeys":{"zai":"coding-plan:builtin:zai-start-plan"},"providerFamilyDomain":"zai","providerFamilyDomainUpdatedAt":1787116588334,"providerFamilyDomainMigrated":true,"repoSnapshotIndexingEnabled":false,"instantGrepIndexingEnabled":false,"nativeSearchEnhancementsEnabled":true,"memoryEnabled":false,"lastWorkspaceSession":[{"kind":"local","workspacePath":"D:\\公考\\图形推理详解","workspacePurpose":"project"},{"kind":"local","workspacePath":"C:\\Users\\llh04\\.zcode\\workspace\\default","workspacePurpose":"conversation"}],"lastActiveTabIndex":0,"receivePreviewUpdates":false,"autoDownloadAndInstallUpdates":false,"skippedElectronUpdateVersions":{},"settingsSyncFirstRunPromptHandled":true}
[2026-08-19 15:04:35.994] [info] [pid:15020] [main] [host-log] (local-1) [host] [2026-08-19 15:04:35.993] [pid:22368] [settingService] write done
[2026-08-19 15:04:35.994] [info] [pid:15020] [main] [host-log] (local-1) [host] [2026-08-19 15:04:35.993] [pid:22368] [zcode-host] [rpc:call] setting.update OK (16.4ms)
[2026-08-19 15:04:38.310] [info] [pid:15020] [main] [host-log] (local-1) [host] [2026-08-19 15:04:38.309] [pid:22368] [settingService] writing settings to: C:\Users\llh04\.zcode\v2\setting.json {"recentProjects":["D:\\公考\\图形推理详解"],"locale":"zh-CN","localePreference":"zh-CN","terminalInheritSystemProfile":true,"taskAutoArchiveEnabled":false,"taskAutoArchiveOlderThanDays":7,"closeToTrayOnWindows":true,"closeToTrayOnWindowsMigrationInitialized":true,"keepAwakeWhileRunning":false,"desktopChromiumHardwareAccelerationEnabled":true,"messageStreamShowReasoning":false,"messageStreamShowTodos":false,"zcodeInteractionBehavior":"queue","askUserQuestionAutoResolutionEnabled":true,"optimizeAgentExperienceEnabled":false,"optimizeAgentExperienceMigrationInitialized":true,"enabledBuiltinAgentCliProviders":["glm"],"modelProviderFamilyModes":{"zai":"oauth"},"modelProviderFamilySelectedKeys":{"zai":"coding-plan:builtin:zai-start-plan"},"providerFamilyDomain":"zai","providerFamilyDomainUpdatedAt":1787116588334,"providerFamilyDomainMigrated":true,"repoSnapshotIndexingEnabled":false,"instantGrepIndexingEnabled":false,"nativeSearchEnhancementsEnabled":true,"memoryEnabled":false,"lastWorkspaceSession":[{"kind":"local","workspacePath":"D:\\公考\\图形推理详解","workspacePurpose":"project"},{"kind":"local","workspacePath":"C:\\Users\\llh04\\.zcode\\workspace\\default","workspacePurpose":"conversation"}],"lastActiveTabIndex":0,"receivePreviewUpdates":false,"autoDownloadAndInstallUpdates":false,"skippedElectronUpdateVersions":{},"settingsSyncFirstRunPromptHandled":true}
[2026-08-19 15:04:38.315] [info] [pid:15020] [main] [host-log] (local-1) [host] [2026-08-19 15:04:38.313] [pid:22368] [settingService] write done
[2026-08-19 15:04:38.316] [info] [pid:15020] [main] [host-log] (local-1) [host] [2026-08-19 15:04:38.314] [pid:22368] [zcode-host] [rpc:call] setting.update OK (5.3ms)
[2026-08-19 15:04:39.068] [info] [pid:15020] [main] [host-log] (local-1) [host] [2026-08-19 15:04:39.067] [pid:22368] [settingService] writing settings to: C:\Users\llh04\.zcode\v2\setting.json {"recentProjects":["D:\\公考\\图形推理详解"],"locale":"zh-CN","localePreference":"zh-CN","terminalInheritSystemProfile":true,"taskAutoArchiveEnabled":false,"taskAutoArchiveOlderThanDays":7,"closeToTrayOnWindows":true,"closeToTrayOnWindowsMigrationInitialized":true,"keepAwakeWhileRunning":false,"desktopChromiumHardwareAccelerationEnabled":true,"messageStreamShowReasoning":false,"messageStreamShowTodos":false,"zcodeInteractionBehavior":"queue","askUserQuestionAutoResolutionEnabled":true,"optimizeAgentExperienceEnabled":false,"optimizeAgentExperienceMigrationInitialized":true,"enabledBuiltinAgentCliProviders":["glm"],"modelProviderFamilyModes":{"zai":"oauth"},"modelProviderFamilySelectedKeys":{"zai":"coding-plan:builtin:zai-start-plan"},"providerFamilyDomain":"zai","providerFamilyDomainUpdatedAt":1787116588334,"providerFamilyDomainMigrated":true,"repoSnapshotIndexingEnabled":false,"instantGrepIndexingEnabled":false,"nativeSearchEnhancementsEnabled":true,"memoryEnabled":false,"lastWorkspaceSession":[{"kind":"local","workspacePath":"D:\\公考\\图形推理详解","workspacePurpose":"project"},{"kind":"local","workspacePath":"C:\\Users\\llh04\\.zcode\\workspace\\default","workspacePurpose":"conversation"}],"lastActiveTabIndex":0,"receivePreviewUpdates":false,"autoDownloadAndInstallUpdates":false,"skippedElectronUpdateVersions":{},"settingsSyncFirstRunPromptHandled":true}
[2026-08-19 15:04:39.072] [info] [pid:15020] [main] [host-log] (local-1) [host] [2026-08-19 15:04:39.071] [pid:22368] [settingService] write done
[2026-08-19 15:04:39.072] [info] [pid:15020] [main] [host-log] (local-1) [host] [2026-08-19 15:04:39.071] [pid:22368] [zcode-host] [rpc:call] setting.update OK (6.5ms)
[2026-08-19 15:04:56.144] [debug] [pid:15020] [main] [browser-use] execute start browserId=iab:9e48cd6a-68b6-4a21-aacf-eee6de8b0d20 sessionId=sess_d017ce3b-c68d-4792-a885-74202017ca74 method=list
[2026-08-19 15:04:56.145] [debug] [pid:15020] [main] [browser-use] execute requestId=bea5b7b7-60c6-406d-b306-c1bacae8d415 browserId=iab:9e48cd6a-68b6-4a21-aacf-eee6de8b0d20 generation=1787116567676 windowId=1 sessionId=sess_d017ce3b-c68d-4792-a885-74202017ca74 method=list
[2026-08-19 15:04:56.145] [debug] [pid:15020] [main] [browser-use] execute done sessionId=sess_d017ce3b-c68d-4792-a885-74202017ca74 method=list ok=true elapsedMs=0
[2026-08-19 15:04:56.146] [debug] [pid:15020] [main] [browser-use] execute start browserId=iab:9e48cd6a-68b6-4a21-aacf-eee6de8b0d20 sessionId=sess_d017ce3b-c68d-4792-a885-74202017ca74 method=listUserTabs
[2026-08-19 15:04:56.146] [debug] [pid:15020] [main] [browser-use] execute requestId=5e1af1a8-4c06-4792-ab90-71880b9d57ec browserId=iab:9e48cd6a-68b6-4a21-aacf-eee6de8b0d20 generation=1787116567676 windowId=1 sessionId=sess_d017ce3b-c68d-4792-a885-74202017ca74 method=listUserTabs
[2026-08-19 15:04:56.146] [debug] [pid:15020] [main] [browser-use] execute done sessionId=sess_d017ce3b-c68d-4792-a885-74202017ca74 method=listUserTabs ok=true elapsedMs=0
[2026-08-19 15:04:56.262] [info] [pid:15020] [main] [host-log] (local-1) [host] [2026-08-19 15:04:56.261] [pid:22368] [zcode-host] [rpc:call] zcode-agent.sendConversationCommandV4 OK (122.3ms)
[2026-08-19 15:04:56.274] [info] [pid:15020] [main] [host-log] (local-1) [host] [2026-08-19 15:04:56.272] [pid:22368] [zcode-agent-service][trace:94a42337-5ce9-4303-8baa-97a1f0a4377b] 收到 ZCode provider runtime headers 请求 {"modelId":"GLM-5.3","providerId":"builtin:zai-start-plan","requestId":"sess_d017ce3b-c68d-4792-a885-74202017ca74:provider-runtime-headers:1787123096271","sessionId":"sess_d017ce3b-c68d-4792-a885-74202017ca74","turnId":"turn_aff9ab5e-c7f4-4f49-a3c6-bf1c35196fa3","workspaceKey":"D:\\公考\\图形推理详解","workspacePath":"D:\\公考\\图形推理详解"}
[2026-08-19 15:04:56.345] [info] [pid:15020] [main] [host-log] (local-1) [host] [2026-08-19 15:04:56.344] [pid:22368] [zcode-host] [rpc:call] model-provider.getAllCached OK (24.7ms)
[2026-08-19 15:04:56.605] [info] [pid:15020] [main] [host-log] (local-1) [host] [2026-08-19 15:04:56.604] [pid:22368] [zcode-host] [rpc:call] coding-plan-subscription.getCaptchaConfig OK (256.3ms)
[2026-08-19 15:04:56.670] [info] [pid:15020] [main] [host-log] (local-1) [host] [2026-08-19 15:04:56.663] [pid:22368] [usage-stats] 读取 BigModel entitlement 已解析授权上下文 {"preferredProviderId":"builtin:zai-coding-plan","providerId":"builtin:zai-coding-plan","scope":"personal","organizationId":null,"projectId":null}
[2026-08-19 15:04:56.797] [info] [pid:15020] [main] [host-log] (local-1) [host] [2026-08-19 15:04:56.795] [pid:22368] [usage-stats] billing/balance 请求完成 {"balanceCount":2,"balances":[{"entitlement_id":"ent_2_0817_glm_5p3","show_name":"GLM-5.3","total_units":3000000,"used_units":46729,"remaining_units":2953271,"available_units":2953271,"reserved_units":null},{"entitlement_id":"ent_2_0817_glm_5turbo","show_name":"GLM-5-Turbo","total_units":2000000,"used_units":0,"remaining_units":2000000,"available_units":2000000,"reserved_units":null}],"code":0,"durationMs":159,"msg":"","payload":{"code":0,"msg":"","data":{"server_time":1787123095,"plans":[{"user_plan_id":"upl_2089944584870027264","plan_id":"zcode-v3-start-plan-0817","name":"ZCode Start Plan","description":"免费 GLM 旗舰模型体验","priority":90,"status":"active","starts_at":1787116592,"ends_at":1787500799,"entitlements":[{"entitlement_id":"ent_2_0817_glm_5p3","show_name":"GLM-5.3","meter":"model_usage","unit_type":"token","capabilities":["model:glm-5.3"],"grant_units":3000000,"period":"daily","priority":110},{"entitlement_id":"ent_2_0817_glm_5turbo","show_name":"GLM-5-Turbo","meter":"model_usage","unit_type":"token","capabilities":["model:GLM-5-Turbo"],"grant_units":2000000,"period":"daily","priority":80}]}],"balances":[{"bucket_id":"bucket_2089944584886804480","user_plan_id":"upl_2089944584870027264","plan_id":"zcode-v3-start-plan-0817","entitlement_id":"ent_2_0817_glm_5p3","show_name":"GLM-5.3","meter":"model_usage","unit_type":"token","capabilities":["model:glm-5.3"],"priority":110,"plan_priority":90,"entitlement_priority":110,"total_units":3000000,"used_units":46729,"remaining_units":2953271,"available_units":2953271,"period_start":1787068800,"period_end":1787155199,"expires_at":1787155199},{"bucket_id":"bucket_2089944584895193088","user_plan_id":"upl_2089944584870027264","plan_id":"zcode-v3-start-plan-0817","entitlement_id":"ent_2_0817_glm_5turbo","show_name":"GLM-5-Turbo","meter":"model_usage","unit_type":"token","capabilities":["model:GLM-5-Turbo"],"priority":80,"plan_priority":90,"entitlement_priority":80,"total_units":2000000,"used_units":0,"remaining_units":2000000,"available_units":2000000,"period_start":1787068800,"period_end":1787155199,"expires_at":1787155199}]}},"planCount":1,"plans":[{"name":"ZCode Start Plan","plan_id":"zcode-v3-start-plan-0817","status":"active"}],"providerId":"builtin:zai-start-plan","success":true,"url":"https://zcode.z.ai/api/v1/zcode-plan/billing/balance?app_version=3.7.7"}
[2026-08-19 15:04:56.800] [info] [pid:15020] [main] [host-log] (local-1) [host] [2026-08-19 15:04:56.796] [pid:22368] [usage-stats] billing/balance 请求完成 {"balanceCount":2,"balances":[{"entitlement_id":"ent_2_0817_glm_5p3","show_name":"GLM-5.3","total_units":3000000,"used_units":46729,"remaining_units":2953271,"available_units":2953271,"reserved_units":null},{"entitlement_id":"ent_2_0817_glm_5turbo","show_name":"GLM-5-Turbo","total_units":2000000,"used_units":0,"remaining_units":2000000,"available_units":2000000,"reserved_units":null}],"code":0,"durationMs":109,"msg":"","payload":{"code":0,"msg":"","data":{"server_time":1787123095,"plans":[{"user_plan_id":"upl_2089944584870027264","plan_id":"zcode-v3-start-plan-0817","name":"ZCode Start Plan","description":"免费 GLM 旗舰模型体验","priority":90,"status":"active","starts_at":1787116592,"ends_at":1787500799,"entitlements":[{"entitlement_id":"ent_2_0817_glm_5p3","show_name":"GLM-5.3","meter":"model_usage","unit_type":"token","capabilities":["model:glm-5.3"],"grant_units":3000000,"period":"daily","priority":110},{"entitlement_id":"ent_2_0817_glm_5turbo","show_name":"GLM-5-Turbo","meter":"model_usage","unit_type":"token","capabilities":["model:GLM-5-Turbo"],"grant_units":2000000,"period":"daily","priority":80}]}],"balances":[{"bucket_id":"bucket_2089944584886804480","user_plan_id":"upl_2089944584870027264","plan_id":"zcode-v3-start-plan-0817","entitlement_id":"ent_2_0817_glm_5p3","show_name":"GLM-5.3","meter":"model_usage","unit_type":"token","capabilities":["model:glm-5.3"],"priority":110,"plan_priority":90,"entitlement_priority":110,"total_units":3000000,"used_units":46729,"remaining_units":2953271,"available_units":2953271,"period_start":1787068800,"period_end":1787155199,"expires_at":1787155199},{"bucket_id":"bucket_2089944584895193088","user_plan_id":"upl_2089944584870027264","plan_id":"zcode-v3-start-plan-0817","entitlement_id":"ent_2_0817_glm_5turbo","show_name":"GLM-5-Turbo","meter":"model_usage","unit_type":"token","capabilities":["model:GLM-5-Turbo"],"priority":80,"plan_priority":90,"entitlement_priority":80,"total_units":2000000,"used_units":0,"remaining_units":2000000,"available_units":2000000,"period_start":1787068800,"period_end":1787155199,"expires_at":1787155199}]}},"planCount":1,"plans":[{"name":"ZCode Start Plan","plan_id":"zcode-v3-start-plan-0817","status":"active"}],"providerId":"builtin:zai-start-plan","success":true,"url":"https://zcode.z.ai/api/v1/zcode-plan/billing/balance?app_version=3.7.7"}
[2026-08-19 15:04:56.800] [info] [pid:15020] [main] [host-log] (local-1) [host] [2026-08-19 15:04:56.796] [pid:22368] [zcode-host] [rpc:call] usage-stats.getEntitlementSnapshot OK (171.0ms)
[2026-08-19 15:04:56.801] [info] [pid:15020] [main] [host-log] (local-1) [host] [2026-08-19 15:04:56.796] [pid:22368] [zcode-host] [rpc:call] usage-stats.getEntitlementSnapshot OK (168.5ms)
[2026-08-19 15:04:58.242] [info] [pid:15020] [main] [host-log] (local-1) [host] [2026-08-19 15:04:58.241] [pid:22368] [zcode-agent-service] 完成同步当前模型 runtime config 到 ZCode agent {"applyModelSelection":true,"appliedModelRuntimeRevision":"model-runtime:6175b935618240ee35e9787b","changed":true,"model":"builtin:zai-start-plan/GLM-5.3$max","runtimeBaseURL":"https://zcode.z.ai/api/v1/zcode-plan/anthropic","runtimeProviderId":"builtin:zai-start-plan","sessionId":"sess_d017ce3b-c68d-4792-a885-74202017ca74","workspaceKey":"D:\\公考\\图形推理详解","workspacePath":"D:\\公考\\图形推理详解"}
[2026-08-19 15:04:58.242] [info] [pid:15020] [main] [host-log] (local-1) [host] [2026-08-19 15:04:58.241] [pid:22368] [zcode-host] [rpc:call] zcode-agent.respondProviderRuntimeHeaders OK (253.2ms)
[2026-08-19 15:04:58.456] [info] [pid:15020] [main] [host-log] (local-1) [host] [2026-08-19 15:04:58.454] [pid:22368] [zcode-host] [rpc:call] off-peak-task.list OK (0.2ms)
[2026-08-19 15:05:01.852] [info] [pid:15020] [main] [host-log] (local-1) [host] [2026-08-19 15:05:01.851] [pid:22368] [settingService] writing settings to: C:\Users\llh04\.zcode\v2\setting.json {"recentProjects":["D:\\公考\\图形推理详解"],"locale":"zh-CN","localePreference":"zh-CN","terminalInheritSystemProfile":true,"taskAutoArchiveEnabled":false,"taskAutoArchiveOlderThanDays":7,"closeToTrayOnWindows":true,"closeToTrayOnWindowsMigrationInitialized":true,"keepAwakeWhileRunning":false,"desktopChromiumHardwareAccelerationEnabled":true,"messageStreamShowReasoning":false,"messageStreamShowTodos":false,"zcodeInteractionBehavior":"queue","askUserQuestionAutoResolutionEnabled":true,"optimizeAgentExperienceEnabled":false,"optimizeAgentExperienceMigrationInitialized":true,"enabledBuiltinAgentCliProviders":["glm"],"modelProviderFamilyModes":{"zai":"oauth"},"modelProviderFamilySelectedKeys":{"zai":"coding-plan:builtin:zai-start-plan"},"providerFamilyDomain":"zai","providerFamilyDomainUpdatedAt":1787116588334,"providerFamilyDomainMigrated":true,"repoSnapshotIndexingEnabled":false,"instantGrepIndexingEnabled":false,"nativeSearchEnhancementsEnabled":true,"memoryEnabled":false,"lastWorkspaceSession":[{"kind":"local","workspacePath":"D:\\公考\\图形推理详解","workspacePurpose":"project"},{"kind":"local","workspacePath":"C:\\Users\\llh04\\.zcode\\workspace\\default","workspacePurpose":"conversation"}],"lastActiveTabIndex":0,"receivePreviewUpdates":false,"autoDownloadAndInstallUpdates":false,"skippedElectronUpdateVersions":{},"settingsSyncFirstRunPromptHandled":true}
[2026-08-19 15:05:01.858] [info] [pid:15020] [main] [host-log] (local-1) [host] [2026-08-19 15:05:01.857] [pid:22368] [settingService] write done
[2026-08-19 15:05:01.858] [info] [pid:15020] [main] [host-log] (local-1) [host] [2026-08-19 15:05:01.857] [pid:22368] [zcode-host] [rpc:call] setting.update OK (6.9ms)
[2026-08-19 15:05:03.595] [info] [pid:15020] [main] [host-log] (local-1) [host] [2026-08-19 15:05:03.594] [pid:22368] [settingService] writing settings to: C:\Users\llh04\.zcode\v2\setting.json {"recentProjects":["D:\\公考\\图形推理详解"],"locale":"zh-CN","localePreference":"zh-CN","terminalInheritSystemProfile":true,"taskAutoArchiveEnabled":false,"taskAutoArchiveOlderThanDays":7,"closeToTrayOnWindows":true,"closeToTrayOnWindowsMigrationInitialized":true,"keepAwakeWhileRunning":false,"desktopChromiumHardwareAccelerationEnabled":true,"messageStreamShowReasoning":false,"messageStreamShowTodos":false,"zcodeInteractionBehavior":"queue","askUserQuestionAutoResolutionEnabled":true,"optimizeAgentExperienceEnabled":false,"optimizeAgentExperienceMigrationInitialized":true,"enabledBuiltinAgentCliProviders":["glm"],"modelProviderFamilyModes":{"zai":"oauth"},"modelProviderFamilySelectedKeys":{"zai":"coding-plan:builtin:zai-start-plan"},"providerFamilyDomain":"zai","providerFamilyDomainUpdatedAt":1787116588334,"providerFamilyDomainMigrated":true,"repoSnapshotIndexingEnabled":false,"instantGrepIndexingEnabled":false,"nativeSearchEnhancementsEnabled":true,"memoryEnabled":false,"lastWorkspaceSession":[{"kind":"local","workspacePath":"D:\\公考\\图形推理详解","workspacePurpose":"project"},{"kind":"local","workspacePath":"C:\\Users\\llh04\\.zcode\\workspace\\default","workspacePurpose":"conversation"}],"lastActiveTabIndex":0,"receivePreviewUpdates":false,"autoDownloadAndInstallUpdates":false,"skippedElectronUpdateVersions":{},"settingsSyncFirstRunPromptHandled":true}
[2026-08-19 15:05:03.598] [info] [pid:15020] [main] [host-log] (local-1) [host] [2026-08-19 15:05:03.597] [pid:22368] [settingService] write done
[2026-08-19 15:05:03.598] [info] [pid:15020] [main] [host-log] (local-1) [host] [2026-08-19 15:05:03.597] [pid:22368] [zcode-host] [rpc:call] setting.update OK (4.0ms)
[2026-08-19 15:05:05.399] [info] [pid:15020] [main] [host-log] (local-1) [host] [2026-08-19 15:05:05.398] [pid:22368] [zcode-host] [rpc:call] usage-stats.getEntitlementSnapshot OK (8773.9ms)
[2026-08-19 15:05:10.583] [info] [pid:15020] [main] [host-log] (local-1) [host] [2026-08-19 15:05:10.582] [pid:22368] [zcode-agent-service][trace:94a42337-5ce9-4303-8baa-97a1f0a4377b] 收到 ZCode provider runtime headers 请求 {"modelId":"GLM-5.3","providerId":"builtin:zai-start-plan","requestId":"sess_d017ce3b-c68d-4792-a885-74202017ca74:provider-runtime-headers:1787123110582","sessionId":"sess_d017ce3b-c68d-4792-a885-74202017ca74","turnId":"turn_aff9ab5e-c7f4-4f49-a3c6-bf1c35196fa3","workspaceKey":"D:\\公考\\图形推理详解","workspacePath":"D:\\公考\\图形推理详解"}
[2026-08-19 15:05:10.583] [info] [pid:15020] [main] [host-log] (local-1) [host] [2026-08-19 15:05:10.582] [pid:22368] [zcode-agent-service][trace:94a42337-5ce9-4303-8baa-97a1f0a4377b] 收到 ZCode provider runtime headers 请求 {"modelId":"GLM-5.3","providerId":"builtin:zai-start-plan","requestId":"sess_d017ce3b-c68d-4792-a885-74202017ca74:provider-runtime-headers:1787123110582","sessionId":"sess_d017ce3b-c68d-4792-a885-74202017ca74","turnId":"turn_aff9ab5e-c7f4-4f49-a3c6-bf1c35196fa3","workspaceKey":"D:\\公考\\图形推理详解","workspacePath":"D:\\公考\\图形推理详解"}
[2026-08-19 15:05:10.623] [info] [pid:15020] [main] [host-log] (local-1) [host] [2026-08-19 15:05:10.621] [pid:22368] [zcode-host] [rpc:call] model-provider.getAllCached OK (11.5ms)
[2026-08-19 15:05:11.333] [info] [pid:15020] [main] [host-log] (local-1) [host] [2026-08-19 15:05:11.332] [pid:22368] [zcode-agent-service] 完成同步当前模型 runtime config 到 ZCode agent {"applyModelSelection":true,"appliedModelRuntimeRevision":"model-runtime:7c600946f1f059457b699fd7","changed":true,"model":"builtin:zai-start-plan/GLM-5.3$max","runtimeBaseURL":"https://zcode.z.ai/api/v1/zcode-plan/anthropic","runtimeProviderId":"builtin:zai-start-plan","sessionId":"sess_d017ce3b-c68d-4792-a885-74202017ca74","workspaceKey":"D:\\公考\\图形推理详解","workspacePath":"D:\\公考\\图形推理详解"}
[2026-08-19 15:05:11.334] [info] [pid:15020] [main] [host-log] (local-1) [host] [2026-08-19 15:05:11.332] [pid:22368] [zcode-host] [rpc:call] zcode-agent.respondProviderRuntimeHeaders OK (260.2ms)
[2026-08-19 15:05:16.283] [info] [pid:15020] [main] [host-log] (local-1) [host] [2026-08-19 15:05:16.282] [pid:22368] [settingService] writing settings to: C:\Users\llh04\.zcode\v2\setting.json {"recentProjects":["D:\\公考\\图形推理详解"],"locale":"zh-CN","localePreference":"zh-CN","terminalInheritSystemProfile":true,"taskAutoArchiveEnabled":false,"taskAutoArchiveOlderThanDays":7,"closeToTrayOnWindows":true,"closeToTrayOnWindowsMigrationInitialized":true,"keepAwakeWhileRunning":false,"desktopChromiumHardwareAccelerationEnabled":true,"messageStreamShowReasoning":false,"messageStreamShowTodos":false,"zcodeInteractionBehavior":"queue","askUserQuestionAutoResolutionEnabled":true,"optimizeAgentExperienceEnabled":false,"optimizeAgentExperienceMigrationInitialized":true,"enabledBuiltinAgentCliProviders":["glm"],"modelProviderFamilyModes":{"zai":"oauth"},"modelProviderFamilySelectedKeys":{"zai":"coding-plan:builtin:zai-start-plan"},"providerFamilyDomain":"zai","providerFamilyDomainUpdatedAt":1787116588334,"providerFamilyDomainMigrated":true,"repoSnapshotIndexingEnabled":false,"instantGrepIndexingEnabled":false,"nativeSearchEnhancementsEnabled":true,"memoryEnabled":false,"lastWorkspaceSession":[{"kind":"local","workspacePath":"D:\\公考\\图形推理详解","workspacePurpose":"project"},{"kind":"local","workspacePath":"C:\\Users\\llh04\\.zcode\\workspace\\default","workspacePurpose":"conversation"}],"lastActiveTabIndex":0,"receivePreviewUpdates":false,"autoDownloadAndInstallUpdates":false,"skippedElectronUpdateVersions":{},"settingsSyncFirstRunPromptHandled":true}
[2026-08-19 15:05:16.287] [info] [pid:15020] [main] [host-log] (local-1) [host] [2026-08-19 15:05:16.286] [pid:22368] [settingService] write done
[2026-08-19 15:05:16.288] [info] [pid:15020] [main] [host-log] (local-1) [host] [2026-08-19 15:05:16.286] [pid:22368] [zcode-host] [rpc:call] setting.update OK (5.9ms)
[2026-08-19 15:05:26.145] [info] [pid:15020] [main] [host-log] (local-1) [host] [2026-08-19 15:05:26.144] [pid:22368] [settingService] writing settings to: C:\Users\llh04\.zcode\v2\setting.json {"recentProjects":["D:\\公考\\图形推理详解"],"locale":"zh-CN","localePreference":"zh-CN","terminalInheritSystemProfile":true,"taskAutoArchiveEnabled":false,"taskAutoArchiveOlderThanDays":7,"closeToTrayOnWindows":true,"closeToTrayOnWindowsMigrationInitialized":true,"keepAwakeWhileRunning":false,"desktopChromiumHardwareAccelerationEnabled":true,"messageStreamShowReasoning":false,"messageStreamShowTodos":false,"zcodeInteractionBehavior":"queue","askUserQuestionAutoResolutionEnabled":true,"optimizeAgentExperienceEnabled":false,"optimizeAgentExperienceMigrationInitialized":true,"enabledBuiltinAgentCliProviders":["glm"],"modelProviderFamilyModes":{"zai":"oauth"},"modelProviderFamilySelectedKeys":{"zai":"coding-plan:builtin:zai-start-plan"},"providerFamilyDomain":"zai","providerFamilyDomainUpdatedAt":1787116588334,"providerFamilyDomainMigrated":true,"repoSnapshotIndexingEnabled":false,"instantGrepIndexingEnabled":false,"nativeSearchEnhancementsEnabled":true,"memoryEnabled":false,"lastWorkspaceSession":[{"kind":"local","workspacePath":"D:\\公考\\图形推理详解","workspacePurpose":"project"},{"kind":"local","workspacePath":"C:\\Users\\llh04\\.zcode\\workspace\\default","workspacePurpose":"conversation"}],"lastActiveTabIndex":0,"receivePreviewUpdates":false,"autoDownloadAndInstallUpdates":false,"skippedElectronUpdateVersions":{},"settingsSyncFirstRunPromptHandled":true}
[2026-08-19 15:05:26.149] [info] [pid:15020] [main] [host-log] (local-1) [host] [2026-08-19 15:05:26.148] [pid:22368] [settingService] write done
[2026-08-19 15:05:26.149] [info] [pid:15020] [main] [host-log] (local-1) [host] [2026-08-19 15:05:26.148] [pid:22368] [zcode-host] [rpc:call] setting.update OK (4.4ms)
[2026-08-19 15:05:28.123] [info] [pid:15020] [main] [host-log] (local-1) [host] [2026-08-19 15:05:28.121] [pid:22368] [settingService] writing settings to: C:\Users\llh04\.zcode\v2\setting.json {"recentProjects":["D:\\公考\\图形推理详解"],"locale":"zh-CN","localePreference":"zh-CN","terminalInheritSystemProfile":true,"taskAutoArchiveEnabled":false,"taskAutoArchiveOlderThanDays":7,"closeToTrayOnWindows":true,"closeToTrayOnWindowsMigrationInitialized":true,"keepAwakeWhileRunning":false,"desktopChromiumHardwareAccelerationEnabled":true,"messageStreamShowReasoning":false,"messageStreamShowTodos":false,"zcodeInteractionBehavior":"queue","askUserQuestionAutoResolutionEnabled":true,"optimizeAgentExperienceEnabled":false,"optimizeAgentExperienceMigrationInitialized":true,"enabledBuiltinAgentCliProviders":["glm"],"modelProviderFamilyModes":{"zai":"oauth"},"modelProviderFamilySelectedKeys":{"zai":"coding-plan:builtin:zai-start-plan"},"providerFamilyDomain":"zai","providerFamilyDomainUpdatedAt":1787116588334,"providerFamilyDomainMigrated":true,"repoSnapshotIndexingEnabled":false,"instantGrepIndexingEnabled":false,"nativeSearchEnhancementsEnabled":true,"memoryEnabled":false,"lastWorkspaceSession":[{"kind":"local","workspacePath":"D:\\公考\\图形推理详解","workspacePurpose":"project"},{"kind":"local","workspacePath":"C:\\Users\\llh04\\.zcode\\workspace\\default","workspacePurpose":"conversation"}],"lastActiveTabIndex":0,"receivePreviewUpdates":false,"autoDownloadAndInstallUpdates":false,"skippedElectronUpdateVersions":{},"settingsSyncFirstRunPromptHandled":true}
[2026-08-19 15:05:28.127] [info] [pid:15020] [main] [host-log] (local-1) [host] [2026-08-19 15:05:28.126] [pid:22368] [settingService] write done
[2026-08-19 15:05:28.128] [info] [pid:15020] [main] [host-log] (local-1) [host] [2026-08-19 15:05:28.126] [pid:22368] [zcode-host] [rpc:call] setting.update OK (6.3ms)
[2026-08-19 15:05:28.450] [info] [pid:15020] [main] [host-log] (local-1) [host] [2026-08-19 15:05:28.448] [pid:22368] [zcode-host] [rpc:call] off-peak-task.list OK (0.2ms)
[2026-08-19 15:05:51.360] [info] [pid:15020] [main] [host-log] (local-1) [host] [2026-08-19 15:05:51.358] [pid:22368] [settingService] writing settings to: C:\Users\llh04\.zcode\v2\setting.json {"recentProjects":["D:\\公考\\图形推理详解"],"locale":"zh-CN","localePreference":"zh-CN","terminalInheritSystemProfile":true,"taskAutoArchiveEnabled":false,"taskAutoArchiveOlderThanDays":7,"closeToTrayOnWindows":true,"closeToTrayOnWindowsMigrationInitialized":true,"keepAwakeWhileRunning":false,"desktopChromiumHardwareAccelerationEnabled":true,"messageStreamShowReasoning":false,"messageStreamShowTodos":false,"zcodeInteractionBehavior":"queue","askUserQuestionAutoResolutionEnabled":true,"optimizeAgentExperienceEnabled":false,"optimizeAgentExperienceMigrationInitialized":true,"enabledBuiltinAgentCliProviders":["glm"],"modelProviderFamilyModes":{"zai":"oauth"},"modelProviderFamilySelectedKeys":{"zai":"coding-plan:builtin:zai-start-plan"},"providerFamilyDomain":"zai","providerFamilyDomainUpdatedAt":1787116588334,"providerFamilyDomainMigrated":true,"repoSnapshotIndexingEnabled":false,"instantGrepIndexingEnabled":false,"nativeSearchEnhancementsEnabled":true,"memoryEnabled":false,"lastWorkspaceSession":[{"kind":"local","workspacePath":"D:\\公考\\图形推理详解","workspacePurpose":"project"},{"kind":"local","workspacePath":"C:\\Users\\llh04\\.zcode\\workspace\\default","workspacePurpose":"conversation"}],"lastActiveTabIndex":0,"receivePreviewUpdates":false,"autoDownloadAndInstallUpdates":false,"skippedElectronUpdateVersions":{},"settingsSyncFirstRunPromptHandled":true}
[2026-08-19 15:05:51.365] [info] [pid:15020] [main] [host-log] (local-1) [host] [2026-08-19 15:05:51.363] [pid:22368] [settingService] write done
[2026-08-19 15:05:51.365] [info] [pid:15020] [main] [host-log] (local-1) [host] [2026-08-19 15:05:51.364] [pid:22368] [zcode-host] [rpc:call] setting.update OK (7.3ms)
[2026-08-19 15:05:52.544] [info] [pid:15020] [main] [host-log] (local-1) [host] [2026-08-19 15:05:52.542] [pid:22368] [settingService] writing settings to: C:\Users\llh04\.zcode\v2\setting.json {"recentProjects":["D:\\公考\\图形推理详解"],"locale":"zh-CN","localePreference":"zh-CN","terminalInheritSystemProfile":true,"taskAutoArchiveEnabled":false,"taskAutoArchiveOlderThanDays":7,"closeToTrayOnWindows":true,"closeToTrayOnWindowsMigrationInitialized":true,"keepAwakeWhileRunning":false,"desktopChromiumHardwareAccelerationEnabled":true,"messageStreamShowReasoning":false,"messageStreamShowTodos":false,"zcodeInteractionBehavior":"queue","askUserQuestionAutoResolutionEnabled":true,"optimizeAgentExperienceEnabled":false,"optimizeAgentExperienceMigrationInitialized":true,"enabledBuiltinAgentCliProviders":["glm"],"modelProviderFamilyModes":{"zai":"oauth"},"modelProviderFamilySelectedKeys":{"zai":"coding-plan:builtin:zai-start-plan"},"providerFamilyDomain":"zai","providerFamilyDomainUpdatedAt":1787116588334,"providerFamilyDomainMigrated":true,"repoSnapshotIndexingEnabled":false,"instantGrepIndexingEnabled":false,"nativeSearchEnhancementsEnabled":true,"memoryEnabled":false,"lastWorkspaceSession":[{"kind":"local","workspacePath":"D:\\公考\\图形推理详解","workspacePurpose":"project"},{"kind":"local","workspacePath":"C:\\Users\\llh04\\.zcode\\workspace\\default","workspacePurpose":"conversation"}],"lastActiveTabIndex":0,"receivePreviewUpdates":false,"autoDownloadAndInstallUpdates":false,"skippedElectronUpdateVersions":{},"settingsSyncFirstRunPromptHandled":true}
[2026-08-19 15:05:52.547] [info] [pid:15020] [main] [host-log] (local-1) [host] [2026-08-19 15:05:52.546] [pid:22368] [settingService] write done
[2026-08-19 15:05:52.547] [info] [pid:15020] [main] [host-log] (local-1) [host] [2026-08-19 15:05:52.546] [pid:22368] [zcode-host] [rpc:call] setting.update OK (4.5ms)
[2026-08-19 15:05:54.542] [info] [pid:15020] [main] [host-log] (local-1) [host] [2026-08-19 15:05:54.540] [pid:22368] [settingService] writing settings to: C:\Users\llh04\.zcode\v2\setting.json {"recentProjects":["D:\\公考\\图形推理详解"],"locale":"zh-CN","localePreference":"zh-CN","terminalInheritSystemProfile":true,"taskAutoArchiveEnabled":false,"taskAutoArchiveOlderThanDays":7,"closeToTrayOnWindows":true,"closeToTrayOnWindowsMigrationInitialized":true,"keepAwakeWhileRunning":false,"desktopChromiumHardwareAccelerationEnabled":true,"messageStreamShowReasoning":false,"messageStreamShowTodos":false,"zcodeInteractionBehavior":"queue","askUserQuestionAutoResolutionEnabled":true,"optimizeAgentExperienceEnabled":false,"optimizeAgentExperienceMigrationInitialized":true,"enabledBuiltinAgentCliProviders":["glm"],"modelProviderFamilyModes":{"zai":"oauth"},"modelProviderFamilySelectedKeys":{"zai":"coding-plan:builtin:zai-start-plan"},"providerFamilyDomain":"zai","providerFamilyDomainUpdatedAt":1787116588334,"providerFamilyDomainMigrated":true,"repoSnapshotIndexingEnabled":false,"instantGrepIndexingEnabled":false,"nativeSearchEnhancementsEnabled":true,"memoryEnabled":false,"lastWorkspaceSession":[{"kind":"local","workspacePath":"D:\\公考\\图形推理详解","workspacePurpose":"project"},{"kind":"local","workspacePath":"C:\\Users\\llh04\\.zcode\\workspace\\default","workspacePurpose":"conversation"}],"lastActiveTabIndex":0,"receivePreviewUpdates":false,"autoDownloadAndInstallUpdates":false,"skippedElectronUpdateVersions":{},"settingsSyncFirstRunPromptHandled":true}
[2026-08-19 15:05:54.546] [info] [pid:15020] [main] [host-log] (local-1) [host] [2026-08-19 15:05:54.545] [pid:22368] [settingService] write done
[2026-08-19 15:05:54.546] [info] [pid:15020] [main] [host-log] (local-1) [host] [2026-08-19 15:05:54.545] [pid:22368] [zcode-host] [rpc:call] setting.update OK (7.3ms)
[2026-08-19 15:05:55.580] [info] [pid:15020] [main] [host-log] (local-1) [host] [2026-08-19 15:05:55.579] [pid:22368] [settingService] writing settings to: C:\Users\llh04\.zcode\v2\setting.json {"recentProjects":["D:\\公考\\图形推理详解"],"locale":"zh-CN","localePreference":"zh-CN","terminalInheritSystemProfile":true,"taskAutoArchiveEnabled":false,"taskAutoArchiveOlderThanDays":7,"closeToTrayOnWindows":true,"closeToTrayOnWindowsMigrationInitialized":true,"keepAwakeWhileRunning":false,"desktopChromiumHardwareAccelerationEnabled":true,"messageStreamShowReasoning":false,"messageStreamShowTodos":false,"zcodeInteractionBehavior":"queue","askUserQuestionAutoResolutionEnabled":true,"optimizeAgentExperienceEnabled":false,"optimizeAgentExperienceMigrationInitialized":true,"enabledBuiltinAgentCliProviders":["glm"],"modelProviderFamilyModes":{"zai":"oauth"},"modelProviderFamilySelectedKeys":{"zai":"coding-plan:builtin:zai-start-plan"},"providerFamilyDomain":"zai","providerFamilyDomainUpdatedAt":1787116588334,"providerFamilyDomainMigrated":true,"repoSnapshotIndexingEnabled":false,"instantGrepIndexingEnabled":false,"nativeSearchEnhancementsEnabled":true,"memoryEnabled":false,"lastWorkspaceSession":[{"kind":"local","workspacePath":"D:\\公考\\图形推理详解","workspacePurpose":"project"},{"kind":"local","workspacePath":"C:\\Users\\llh04\\.zcode\\workspace\\default","workspacePurpose":"conversation"}],"lastActiveTabIndex":0,"receivePreviewUpdates":false,"autoDownloadAndInstallUpdates":false,"skippedElectronUpdateVersions":{},"settingsSyncFirstRunPromptHandled":true}
[2026-08-19 15:05:55.583] [info] [pid:15020] [main] [host-log] (local-1) [host] [2026-08-19 15:05:55.582] [pid:22368] [settingService] write done
[2026-08-19 15:05:55.584] [info] [pid:15020] [main] [host-log] (local-1) [host] [2026-08-19 15:05:55.582] [pid:22368] [zcode-host] [rpc:call] setting.update OK (3.6ms)
[2026-08-19 15:05:56.393] [info] [pid:15020] [main] [host-log] (local-1) [host] [2026-08-19 15:05:56.390] [pid:22368] [settingService] writing settings to: C:\Users\llh04\.zcode\v2\setting.json {"recentProjects":["D:\\公考\\图形推理详解"],"locale":"zh-CN","localePreference":"zh-CN","terminalInheritSystemProfile":true,"taskAutoArchiveEnabled":false,"taskAutoArchiveOlderThanDays":7,"closeToTrayOnWindows":true,"closeToTrayOnWindowsMigrationInitialized":true,"keepAwakeWhileRunning":false,"desktopChromiumHardwareAccelerationEnabled":true,"messageStreamShowReasoning":false,"messageStreamShowTodos":false,"zcodeInteractionBehavior":"queue","askUserQuestionAutoResolutionEnabled":true,"optimizeAgentExperienceEnabled":false,"optimizeAgentExperienceMigrationInitialized":true,"enabledBuiltinAgentCliProviders":["glm"],"modelProviderFamilyModes":{"zai":"oauth"},"modelProviderFamilySelectedKeys":{"zai":"coding-plan:builtin:zai-start-plan"},"providerFamilyDomain":"zai","providerFamilyDomainUpdatedAt":1787116588334,"providerFamilyDomainMigrated":true,"repoSnapshotIndexingEnabled":false,"instantGrepIndexingEnabled":false,"nativeSearchEnhancementsEnabled":true,"memoryEnabled":false,"lastWorkspaceSession":[{"kind":"local","workspacePath":"D:\\公考\\图形推理详解","workspacePurpose":"project"},{"kind":"local","workspacePath":"C:\\Users\\llh04\\.zcode\\workspace\\default","workspacePurpose":"conversation"}],"lastActiveTabIndex":0,"receivePreviewUpdates":false,"autoDownloadAndInstallUpdates":false,"skippedElectronUpdateVersions":{},"settingsSyncFirstRunPromptHandled":true}
[2026-08-19 15:05:56.394] [info] [pid:15020] [main] [host-log] (local-1) [host] [2026-08-19 15:05:56.393] [pid:22368] [settingService] write done
[2026-08-19 15:05:56.395] [info] [pid:15020] [main] [host-log] (local-1) [host] [2026-08-19 15:05:56.394] [pid:22368] [zcode-host] [rpc:call] setting.update OK (4.6ms)
[2026-08-19 15:05:58.447] [info] [pid:15020] [main] [host-log] (local-1) [host] [2026-08-19 15:05:58.446] [pid:22368] [zcode-host] [rpc:call] off-peak-task.list OK (0.2ms)
[2026-08-19 15:05:58.472] [info] [pid:15020] [main] [host-log] (local-1) [host] [2026-08-19 15:05:58.471] [pid:22368] [settingService] writing settings to: C:\Users\llh04\.zcode\v2\setting.json {"recentProjects":["D:\\公考\\图形推理详解"],"locale":"zh-CN","localePreference":"zh-CN","terminalInheritSystemProfile":true,"taskAutoArchiveEnabled":false,"taskAutoArchiveOlderThanDays":7,"closeToTrayOnWindows":true,"closeToTrayOnWindowsMigrationInitialized":true,"keepAwakeWhileRunning":false,"desktopChromiumHardwareAccelerationEnabled":true,"messageStreamShowReasoning":false,"messageStreamShowTodos":false,"zcodeInteractionBehavior":"queue","askUserQuestionAutoResolutionEnabled":true,"optimizeAgentExperienceEnabled":false,"optimizeAgentExperienceMigrationInitialized":true,"enabledBuiltinAgentCliProviders":["glm"],"modelProviderFamilyModes":{"zai":"oauth"},"modelProviderFamilySelectedKeys":{"zai":"coding-plan:builtin:zai-start-plan"},"providerFamilyDomain":"zai","providerFamilyDomainUpdatedAt":1787116588334,"providerFamilyDomainMigrated":true,"repoSnapshotIndexingEnabled":false,"instantGrepIndexingEnabled":false,"nativeSearchEnhancementsEnabled":true,"memoryEnabled":false,"lastWorkspaceSession":[{"kind":"local","workspacePath":"D:\\公考\\图形推理详解","workspacePurpose":"project"},{"kind":"local","workspacePath":"C:\\Users\\llh04\\.zcode\\workspace\\default","workspacePurpose":"conversation"}],"lastActiveTabIndex":0,"receivePreviewUpdates":false,"autoDownloadAndInstallUpdates":false,"skippedElectronUpdateVersions":{},"settingsSyncFirstRunPromptHandled":true}
[2026-08-19 15:05:58.474] [info] [pid:15020] [main] [host-log] (local-1) [host] [2026-08-19 15:05:58.473] [pid:22368] [settingService] write done
[2026-08-19 15:05:58.475] [info] [pid:15020] [main] [host-log] (local-1) [host] [2026-08-19 15:05:58.473] [pid:22368] [zcode-host] [rpc:call] setting.update OK (3.3ms)
[2026-08-19 15:06:10.613] [info] [pid:15020] [main] [host-log] (local-1) [host] [2026-08-19 15:06:10.612] [pid:22368] [zcode-agent-service][trace:94a42337-5ce9-4303-8baa-97a1f0a4377b] 收到 ZCode provider runtime headers 请求 {"modelId":"GLM-5.3","providerId":"builtin:zai-start-plan","requestId":"sess_d017ce3b-c68d-4792-a885-74202017ca74:provider-runtime-headers:1787123170612","sessionId":"sess_d017ce3b-c68d-4792-a885-74202017ca74","turnId":"turn_aff9ab5e-c7f4-4f49-a3c6-bf1c35196fa3","workspaceKey":"D:\\公考\\图形推理详解","workspacePath":"D:\\公考\\图形推理详解"}
[2026-08-19 15:06:10.716] [info] [pid:15020] [main] [host-log] (local-1) [host] [2026-08-19 15:06:10.715] [pid:22368] [zcode-host] [rpc:call] model-provider.getAllCached OK (13.3ms)
[2026-08-19 15:06:10.768] [info] [pid:15020] [main] [host-log] (local-1) [host] [2026-08-19 15:06:10.767] [pid:22368] [zcode-host] [rpc:call] coding-plan-subscription.getCaptchaConfig OK (0.0ms)
[2026-08-19 15:06:12.221] [info] [pid:15020] [main] [host-log] (local-1) [host] [2026-08-19 15:06:12.219] [pid:22368] [zcode-agent-service] 完成同步当前模型 runtime config 到 ZCode agent {"applyModelSelection":true,"appliedModelRuntimeRevision":"model-runtime:0914ab81122a3f08a4e08032","changed":true,"model":"builtin:zai-start-plan/GLM-5.3$max","runtimeBaseURL":"https://zcode.z.ai/api/v1/zcode-plan/anthropic","runtimeProviderId":"builtin:zai-start-plan","sessionId":"sess_d017ce3b-c68d-4792-a885-74202017ca74","workspaceKey":"D:\\公考\\图形推理详解","workspacePath":"D:\\公考\\图形推理详解"}
[2026-08-19 15:06:12.221] [info] [pid:15020] [main] [host-log] (local-1) [host] [2026-08-19 15:06:12.220] [pid:22368] [zcode-host] [rpc:call] zcode-agent.respondProviderRuntimeHeaders OK (365.9ms)
[2026-08-19 15:06:14.131] [info] [pid:15020] [main] [host-log] (local-1) [host] [2026-08-19 15:06:14.130] [pid:22368] [zcode-agent-service][trace:94a42337-5ce9-4303-8baa-97a1f0a4377b] 收到 ZCode provider runtime headers 请求 {"modelId":"GLM-5.3","providerId":"builtin:zai-start-plan","requestId":"sess_d017ce3b-c68d-4792-a885-74202017ca74:provider-runtime-headers:1787123174129","sessionId":"sess_d017ce3b-c68d-4792-a885-74202017ca74","turnId":"turn_aff9ab5e-c7f4-4f49-a3c6-bf1c35196fa3","workspaceKey":"D:\\公考\\图形推理详解","workspacePath":"D:\\公考\\图形推理详解"}
[2026-08-19 15:06:14.163] [info] [pid:15020] [main] [host-log] (local-1) [host] [2026-08-19 15:06:14.162] [pid:22368] [zcode-host] [rpc:call] model-provider.getAllCached OK (10.9ms)
[2026-08-19 15:06:15.257] [info] [pid:15020] [main] [host-log] (local-1) [host] [2026-08-19 15:06:15.256] [pid:22368] [zcode-agent-service] 完成同步当前模型 runtime config 到 ZCode agent {"applyModelSelection":true,"appliedModelRuntimeRevision":"model-runtime:68b21c163be144478301e003","changed":true,"model":"builtin:zai-start-plan/GLM-5.3$max","runtimeBaseURL":"https://zcode.z.ai/api/v1/zcode-plan/anthropic","runtimeProviderId":"builtin:zai-start-plan","sessionId":"sess_d017ce3b-c68d-4792-a885-74202017ca74","workspaceKey":"D:\\公考\\图形推理详解","workspacePath":"D:\\公考\\图形推理详解"}
[2026-08-19 15:06:15.258] [info] [pid:15020] [main] [host-log] (local-1) [host] [2026-08-19 15:06:15.256] [pid:22368] [zcode-host] [rpc:call] zcode-agent.respondProviderRuntimeHeaders OK (351.7ms)
[2026-08-19 15:06:23.956] [info] [pid:15020] [main] [host-log] (local-1) [host] [2026-08-19 15:06:23.955] [pid:22368] [zcode-agent-service][trace:94a42337-5ce9-4303-8baa-97a1f0a4377b] 收到 ZCode provider runtime headers 请求 {"modelId":"GLM-5.3","providerId":"builtin:zai-start-plan","requestId":"sess_d017ce3b-c68d-4792-a885-74202017ca74:provider-runtime-headers:1787123183955","sessionId":"sess_d017ce3b-c68d-4792-a885-74202017ca74","turnId":"turn_aff9ab5e-c7f4-4f49-a3c6-bf1c35196fa3","workspaceKey":"D:\\公考\\图形推理详解","workspacePath":"D:\\公考\\图形推理详解"}
[2026-08-19 15:06:24.004] [info] [pid:15020] [main] [host-log] (local-1) [host] [2026-08-19 15:06:24.003] [pid:22368] [zcode-host] [rpc:call] model-provider.getAllCached OK (10.2ms)
[2026-08-19 15:06:25.266] [info] [pid:15020] [main] [host-log] (local-1) [host] [2026-08-19 15:06:25.265] [pid:22368] [zcode-agent-service] 完成同步当前模型 runtime config 到 ZCode agent {"applyModelSelection":true,"appliedModelRuntimeRevision":"model-runtime:e94da8f9eb6c21fb7d092e91","changed":true,"model":"builtin:zai-start-plan/GLM-5.3$max","runtimeBaseURL":"https://zcode.z.ai/api/v1/zcode-plan/anthropic","runtimeProviderId":"builtin:zai-start-plan","sessionId":"sess_d017ce3b-c68d-4792-a885-74202017ca74","workspaceKey":"D:\\公考\\图形推理详解","workspacePath":"D:\\公考\\图形推理详解"}
[2026-08-19 15:06:25.266] [info] [pid:15020] [main] [host-log] (local-1) [host] [2026-08-19 15:06:25.265] [pid:22368] [zcode-host] [rpc:call] zcode-agent.respondProviderRuntimeHeaders OK (406.6ms)
[2026-08-19 15:06:28.763] [info] [pid:15020] [main] [host-log] (local-1) [host] [2026-08-19 15:06:28.761] [pid:22368] [zcode-host] [rpc:call] off-peak-task.list OK (0.2ms)
[2026-08-19 15:06:31.100] [info] [pid:15020] [main] [host-log] (local-1) [host] [2026-08-19 15:06:31.097] [pid:22368] [zcode-agent-service][trace:94a42337-5ce9-4303-8baa-97a1f0a4377b] 收到 ZCode provider runtime headers 请求 {"modelId":"GLM-5.3","providerId":"builtin:zai-start-plan","requestId":"sess_d017ce3b-c68d-4792-a885-74202017ca74:provider-runtime-headers:1787123191097","sessionId":"sess_d017ce3b-c68d-4792-a885-74202017ca74","turnId":"turn_aff9ab5e-c7f4-4f49-a3c6-bf1c35196fa3","workspaceKey":"D:\\公考\\图形推理详解","workspacePath":"D:\\公考\\图形推理详解"}
[2026-08-19 15:06:31.153] [info] [pid:15020] [main] [host-log] (local-1) [host] [2026-08-19 15:06:31.152] [pid:22368] [zcode-host] [rpc:call] model-provider.getAllCached OK (10.2ms)
[2026-08-19 15:06:32.356] [info] [pid:15020] [main] [host-log] (local-1) [host] [2026-08-19 15:06:32.355] [pid:22368] [zcode-agent-service] 完成同步当前模型 runtime config 到 ZCode agent {"applyModelSelection":true,"appliedModelRuntimeRevision":"model-runtime:e354154d295ecd2859e28ea2","changed":true,"model":"builtin:zai-start-plan/GLM-5.3$max","runtimeBaseURL":"https://zcode.z.ai/api/v1/zcode-plan/anthropic","runtimeProviderId":"builtin:zai-start-plan","sessionId":"sess_d017ce3b-c68d-4792-a885-74202017ca74","workspaceKey":"D:\\公考\\图形推理详解","workspacePath":"D:\\公考\\图形推理详解"}
[2026-08-19 15:06:32.357] [info] [pid:15020] [main] [host-log] (local-1) [host] [2026-08-19 15:06:32.355] [pid:22368] [zcode-host] [rpc:call] zcode-agent.respondProviderRuntimeHeaders OK (377.3ms)
[2026-08-19 15:06:32.656] [info] [pid:15020] [main] [host-log] (local-1) [host] [2026-08-19 15:06:32.655] [pid:22368] [zcode-agent-service][trace:94a42337-5ce9-4303-8baa-97a1f0a4377b] 收到 ZCode provider runtime headers 请求 {"modelId":"GLM-5.3","providerId":"builtin:zai-start-plan","requestId":"sess_d017ce3b-c68d-4792-a885-74202017ca74:provider-runtime-headers:1787123192655","sessionId":"sess_d017ce3b-c68d-4792-a885-74202017ca74","turnId":"turn_aff9ab5e-c7f4-4f49-a3c6-bf1c35196fa3","workspaceKey":"D:\\公考\\图形推理详解","workspacePath":"D:\\公考\\图形推理详解"}
[2026-08-19 15:06:32.752] [info] [pid:15020] [main] [host-log] (local-1) [host] [2026-08-19 15:06:32.751] [pid:22368] [zcode-host] [rpc:call] model-provider.getAllCached OK (12.0ms)
[2026-08-19 15:06:33.895] [info] [pid:15020] [main] [host-log] (local-1) [host] [2026-08-19 15:06:33.894] [pid:22368] [zcode-agent-service] 完成同步当前模型 runtime config 到 ZCode agent {"applyModelSelection":true,"appliedModelRuntimeRevision":"model-runtime:ec358c666903a44183c9c61e","changed":true,"model":"builtin:zai-start-plan/GLM-5.3$max","runtimeBaseURL":"https://zcode.z.ai/api/v1/zcode-plan/anthropic","runtimeProviderId":"builtin:zai-start-plan","sessionId":"sess_d017ce3b-c68d-4792-a885-74202017ca74","workspaceKey":"D:\\公考\\图形推理详解","workspacePath":"D:\\公考\\图形推理详解"}
[2026-08-19 15:06:33.898] [info] [pid:15020] [main] [host-log] (local-1) [host] [2026-08-19 15:06:33.895] [pid:22368] [zcode-host] [rpc:call] zcode-agent.respondProviderRuntimeHeaders OK (347.5ms)
[2026-08-19 15:06:36.976] [info] [pid:15020] [main] [host-log] (local-1) [host] [2026-08-19 15:06:36.975] [pid:22368] [zcode-agent-service][trace:94a42337-5ce9-4303-8baa-97a1f0a4377b] 收到 ZCode provider runtime headers 请求 {"modelId":"GLM-5.3","providerId":"builtin:zai-start-plan","requestId":"sess_d017ce3b-c68d-4792-a885-74202017ca74:provider-runtime-headers:1787123196976","sessionId":"sess_d017ce3b-c68d-4792-a885-74202017ca74","turnId":"turn_aff9ab5e-c7f4-4f49-a3c6-bf1c35196fa3","workspaceKey":"D:\\公考\\图形推理详解","workspacePath":"D:\\公考\\图形推理详解"}
[2026-08-19 15:06:37.048] [info] [pid:15020] [main] [host-log] (local-1) [host] [2026-08-19 15:06:37.046] [pid:22368] [zcode-host] [rpc:call] model-provider.getAllCached OK (8.6ms)
[2026-08-19 15:06:38.253] [info] [pid:15020] [main] [host-log] (local-1) [host] [2026-08-19 15:06:38.250] [pid:22368] [zcode-agent-service] 完成同步当前模型 runtime config 到 ZCode agent {"applyModelSelection":true,"appliedModelRuntimeRevision":"model-runtime:820edf2db25f77a877355769","changed":true,"model":"builtin:zai-start-plan/GLM-5.3$max","runtimeBaseURL":"https://zcode.z.ai/api/v1/zcode-plan/anthropic","runtimeProviderId":"builtin:zai-start-plan","sessionId":"sess_d017ce3b-c68d-4792-a885-74202017ca74","workspaceKey":"D:\\公考\\图形推理详解","workspacePath":"D:\\公考\\图形推理详解"}
[2026-08-19 15:06:38.254] [info] [pid:15020] [main] [host-log] (local-1) [host] [2026-08-19 15:06:38.250] [pid:22368] [zcode-host] [rpc:call] zcode-agent.respondProviderRuntimeHeaders OK (367.0ms)
[2026-08-19 15:06:38.606] [info] [pid:15020] [main] [host-log] (local-1) [host] [2026-08-19 15:06:38.605] [pid:22368] [zcode-agent-service][trace:94a42337-5ce9-4303-8baa-97a1f0a4377b] 收到 ZCode provider runtime headers 请求 {"modelId":"GLM-5.3","providerId":"builtin:zai-start-plan","requestId":"sess_d017ce3b-c68d-4792-a885-74202017ca74:provider-runtime-headers:1787123198605","sessionId":"sess_d017ce3b-c68d-4792-a885-74202017ca74","turnId":"turn_aff9ab5e-c7f4-4f49-a3c6-bf1c35196fa3","workspaceKey":"D:\\公考\\图形推理详解","workspacePath":"D:\\公考\\图形推理详解"}
[2026-08-19 15:06:38.695] [info] [pid:15020] [main] [host-log] (local-1) [host] [2026-08-19 15:06:38.694] [pid:22368] [zcode-host] [rpc:call] model-provider.getAllCached OK (11.3ms)
[2026-08-19 15:06:39.550] [info] [pid:15020] [main] [host-log] (local-1) [host] [2026-08-19 15:06:39.549] [pid:22368] [zcode-agent-service] 完成同步当前模型 runtime config 到 ZCode agent {"applyModelSelection":true,"appliedModelRuntimeRevision":"model-runtime:a209b0fdb44c34268ab6b6eb","changed":true,"model":"builtin:zai-start-plan/GLM-5.3$max","runtimeBaseURL":"https://zcode.z.ai/api/v1/zcode-plan/anthropic","runtimeProviderId":"builtin:zai-start-plan","sessionId":"sess_d017ce3b-c68d-4792-a885-74202017ca74","workspaceKey":"D:\\公考\\图形推理详解","workspacePath":"D:\\公考\\图形推理详解"}
[2026-08-19 15:06:39.551] [info] [pid:15020] [main] [host-log] (local-1) [host] [2026-08-19 15:06:39.549] [pid:22368] [zcode-host] [rpc:call] zcode-agent.respondProviderRuntimeHeaders OK (353.5ms)
[2026-08-19 15:06:58.772] [info] [pid:15020] [main] [host-log] (local-1) [host] [2026-08-19 15:06:58.771] [pid:22368] [zcode-host] [rpc:call] off-peak-task.list OK (0.4ms)
[2026-08-19 15:07:02.387] [info] [pid:15020] [main] [host-log] (local-1) [host] [2026-08-19 15:07:02.387] [pid:22368] [zcode-agent-service][trace:94a42337-5ce9-4303-8baa-97a1f0a4377b] 收到 ZCode provider runtime headers 请求 {"modelId":"GLM-5.3","providerId":"builtin:zai-start-plan","requestId":"sess_d017ce3b-c68d-4792-a885-74202017ca74:provider-runtime-headers:1787123222387","sessionId":"sess_d017ce3b-c68d-4792-a885-74202017ca74","turnId":"turn_aff9ab5e-c7f4-4f49-a3c6-bf1c35196fa3","workspaceKey":"D:\\公考\\图形推理详解","workspacePath":"D:\\公考\\图形推理详解"}
[2026-08-19 15:07:02.516] [info] [pid:15020] [main] [host-log] (local-1) [host] [2026-08-19 15:07:02.516] [pid:22368] [zcode-host] [rpc:call] model-provider.getAllCached OK (9.8ms)
[2026-08-19 15:07:03.884] [info] [pid:15020] [main] [host-log] (local-1) [host] [2026-08-19 15:07:03.884] [pid:22368] [zcode-agent-service] 完成同步当前模型 runtime config 到 ZCode agent {"applyModelSelection":true,"appliedModelRuntimeRevision":"model-runtime:f896a6f4f3c87ae05eff18b1","changed":true,"model":"builtin:zai-start-plan/GLM-5.3$max","runtimeBaseURL":"https://zcode.z.ai/api/v1/zcode-plan/anthropic","runtimeProviderId":"builtin:zai-start-plan","sessionId":"sess_d017ce3b-c68d-4792-a885-74202017ca74","workspaceKey":"D:\\公考\\图形推理详解","workspacePath":"D:\\公考\\图形推理详解"}
[2026-08-19 15:07:03.885] [info] [pid:15020] [main] [host-log] (local-1) [host] [2026-08-19 15:07:03.884] [pid:22368] [zcode-host] [rpc:call] zcode-agent.respondProviderRuntimeHeaders OK (366.3ms)
[2026-08-19 15:07:06.101] [info] [pid:15020] [main] [host-log] (local-1) [host] [2026-08-19 15:07:06.101] [pid:22368] [zcode-agent-service][trace:94a42337-5ce9-4303-8baa-97a1f0a4377b] 收到 ZCode provider runtime headers 请求 {"modelId":"GLM-5.3","providerId":"builtin:zai-start-plan","requestId":"sess_d017ce3b-c68d-4792-a885-74202017ca74:provider-runtime-headers:1787123226101","sessionId":"sess_d017ce3b-c68d-4792-a885-74202017ca74","turnId":"turn_aff9ab5e-c7f4-4f49-a3c6-bf1c35196fa3","workspaceKey":"D:\\公考\\图形推理详解","workspacePath":"D:\\公考\\图形推理详解"}
[2026-08-19 15:07:06.136] [info] [pid:15020] [main] [host-log] (local-1) [host] [2026-08-19 15:07:06.137] [pid:22368] [zcode-host] [rpc:call] model-provider.getAllCached OK (9.9ms)
[2026-08-19 15:07:07.269] [info] [pid:15020] [main] [host-log] (local-1) [host] [2026-08-19 15:07:07.269] [pid:22368] [zcode-agent-service] 完成同步当前模型 runtime config 到 ZCode agent {"applyModelSelection":true,"appliedModelRuntimeRevision":"model-runtime:3db0fda2eb8e623d3f0b5106","changed":true,"model":"builtin:zai-start-plan/GLM-5.3$max","runtimeBaseURL":"https://zcode.z.ai/api/v1/zcode-plan/anthropic","runtimeProviderId":"builtin:zai-start-plan","sessionId":"sess_d017ce3b-c68d-4792-a885-74202017ca74","workspaceKey":"D:\\公考\\图形推理详解","workspacePath":"D:\\公考\\图形推理详解"}
[2026-08-19 15:07:07.270] [info] [pid:15020] [main] [host-log] (local-1) [host] [2026-08-19 15:07:07.269] [pid:22368] [zcode-host] [rpc:call] zcode-agent.respondProviderRuntimeHeaders OK (363.0ms)
[2026-08-19 15:07:07.514] [info] [pid:15020] [main] [host-log] (local-1) [host] [2026-08-19 15:07:07.514] [pid:22368] [zcode-agent-service][trace:94a42337-5ce9-4303-8baa-97a1f0a4377b] 收到 ZCode provider runtime headers 请求 {"modelId":"GLM-5.3","providerId":"builtin:zai-start-plan","requestId":"sess_d017ce3b-c68d-4792-a885-74202017ca74:provider-runtime-headers:1787123227514","sessionId":"sess_d017ce3b-c68d-4792-a885-74202017ca74","turnId":"turn_aff9ab5e-c7f4-4f49-a3c6-bf1c35196fa3","workspaceKey":"D:\\公考\\图形推理详解","workspacePath":"D:\\公考\\图形推理详解"}
[2026-08-19 15:07:07.622] [info] [pid:15020] [main] [host-log] (local-1) [host] [2026-08-19 15:07:07.622] [pid:22368] [zcode-host] [rpc:call] model-provider.getAllCached OK (11.0ms)
[2026-08-19 15:07:08.647] [info] [pid:15020] [main] [host-log] (local-1) [host] [2026-08-19 15:07:08.647] [pid:22368] [zcode-agent-service] 完成同步当前模型 runtime config 到 ZCode agent {"applyModelSelection":true,"appliedModelRuntimeRevision":"model-runtime:f51559a23fc409a3c2da768c","changed":true,"model":"builtin:zai-start-plan/GLM-5.3$max","runtimeBaseURL":"https://zcode.z.ai/api/v1/zcode-plan/anthropic","runtimeProviderId":"builtin:zai-start-plan","sessionId":"sess_d017ce3b-c68d-4792-a885-74202017ca74","workspaceKey":"D:\\公考\\图形推理详解","workspacePath":"D:\\公考\\图形推理详解"}
[2026-08-19 15:07:08.648] [info] [pid:15020] [main] [host-log] (local-1) [host] [2026-08-19 15:07:08.647] [pid:22368] [zcode-host] [rpc:call] zcode-agent.respondProviderRuntimeHeaders OK (368.2ms)
[2026-08-19 15:07:21.729] [info] [pid:15020] [main] [host-log] (local-1) [host] [2026-08-19 15:07:21.729] [pid:22368] [zcode-agent-service][trace:94a42337-5ce9-4303-8baa-97a1f0a4377b] 收到 ZCode provider runtime headers 请求 {"modelId":"GLM-5.3","providerId":"builtin:zai-start-plan","requestId":"sess_d017ce3b-c68d-4792-a885-74202017ca74:provider-runtime-headers:1787123241729","sessionId":"sess_d017ce3b-c68d-4792-a885-74202017ca74","turnId":"turn_aff9ab5e-c7f4-4f49-a3c6-bf1c35196fa3","workspaceKey":"D:\\公考\\图形推理详解","workspacePath":"D:\\公考\\图形推理详解"}
[2026-08-19 15:07:21.760] [info] [pid:15020] [main] [host-log] (local-1) [host] [2026-08-19 15:07:21.760] [pid:22368] [zcode-host] [rpc:call] model-provider.getAllCached OK (11.6ms)
[2026-08-19 15:07:21.791] [info] [pid:15020] [main] [host-log] (local-1) [host] [2026-08-19 15:07:21.791] [pid:22368] [zcode-host] [rpc:call] coding-plan-subscription.getCaptchaConfig OK (0.0ms)
[2026-08-19 15:07:22.927] [info] [pid:15020] [main] [host-log] (local-1) [host] [2026-08-19 15:07:22.927] [pid:22368] [zcode-agent-service] 完成同步当前模型 runtime config 到 ZCode agent {"applyModelSelection":true,"appliedModelRuntimeRevision":"model-runtime:e4c27b442e89899e9f66acf1","changed":true,"model":"builtin:zai-start-plan/GLM-5.3$max","runtimeBaseURL":"https://zcode.z.ai/api/v1/zcode-plan/anthropic","runtimeProviderId":"builtin:zai-start-plan","sessionId":"sess_d017ce3b-c68d-4792-a885-74202017ca74","workspaceKey":"D:\\公考\\图形推理详解","workspacePath":"D:\\公考\\图形推理详解"}
[2026-08-19 15:07:22.927] [info] [pid:15020] [main] [host-log] (local-1) [host] [2026-08-19 15:07:22.927] [pid:22368] [zcode-host] [rpc:call] zcode-agent.respondProviderRuntimeHeaders OK (404.8ms)
[2026-08-19 15:07:23.136] [info] [pid:15020] [main] [host-log] (local-1) [host] [2026-08-19 15:07:23.136] [pid:22368] [zcode-agent-service][trace:94a42337-5ce9-4303-8baa-97a1f0a4377b] 收到 ZCode provider runtime headers 请求 {"modelId":"GLM-5.3","providerId":"builtin:zai-start-plan","requestId":"sess_d017ce3b-c68d-4792-a885-74202017ca74:provider-runtime-headers:1787123243136","sessionId":"sess_d017ce3b-c68d-4792-a885-74202017ca74","turnId":"turn_aff9ab5e-c7f4-4f49-a3c6-bf1c35196fa3","workspaceKey":"D:\\公考\\图形推理详解","workspacePath":"D:\\公考\\图形推理详解"}
[2026-08-19 15:07:23.175] [info] [pid:15020] [main] [host-log] (local-1) [host] [2026-08-19 15:07:23.175] [pid:22368] [zcode-host] [rpc:call] model-provider.getAllCached OK (11.2ms)
[2026-08-19 15:07:24.274] [info] [pid:15020] [main] [host-log] (local-1) [host] [2026-08-19 15:07:24.274] [pid:22368] [zcode-agent-service] 完成同步当前模型 runtime config 到 ZCode agent {"applyModelSelection":true,"appliedModelRuntimeRevision":"model-runtime:76e73772796895d3484a554b","changed":true,"model":"builtin:zai-start-plan/GLM-5.3$max","runtimeBaseURL":"https://zcode.z.ai/api/v1/zcode-plan/anthropic","runtimeProviderId":"builtin:zai-start-plan","sessionId":"sess_d017ce3b-c68d-4792-a885-74202017ca74","workspaceKey":"D:\\公考\\图形推理详解","workspacePath":"D:\\公考\\图形推理详解"}
[2026-08-19 15:07:24.275] [info] [pid:15020] [main] [host-log] (local-1) [host] [2026-08-19 15:07:24.274] [pid:22368] [zcode-host] [rpc:call] zcode-agent.respondProviderRuntimeHeaders OK (394.8ms)
[2026-08-19 15:07:35.775] [info] [pid:15020] [main] [host-log] (local-1) [host] [2026-08-19 15:07:35.775] [pid:22368] [zcode-host] [rpc:call] off-peak-task.list OK (0.3ms)
[2026-08-19 15:07:43.180] [info] [pid:15020] [main] [resource] perf_resource window flushed
[2026-08-19 15:07:43.191] [info] [pid:15020] [main] [network] perf_network flushed interfaces=8
[2026-08-19 15:07:57.306] [info] [pid:15020] [main] [host-log] (local-1) [host] [2026-08-19 15:07:57.305] [pid:22368] [zcode-agent-service][trace:94a42337-5ce9-4303-8baa-97a1f0a4377b] 收到 ZCode provider runtime headers 请求 {"modelId":"GLM-5.3","providerId":"builtin:zai-start-plan","requestId":"sess_d017ce3b-c68d-4792-a885-74202017ca74:provider-runtime-headers:1787123277305","sessionId":"sess_d017ce3b-c68d-4792-a885-74202017ca74","turnId":"turn_aff9ab5e-c7f4-4f49-a3c6-bf1c35196fa3","workspaceKey":"D:\\公考\\图形推理详解","workspacePath":"D:\\公考\\图形推理详解"}
[2026-08-19 15:07:57.429] [info] [pid:15020] [main] [host-log] (local-1) [host] [2026-08-19 15:07:57.428] [pid:22368] [zcode-host] [rpc:call] model-provider.getAllCached OK (8.0ms)
[2026-08-19 15:07:58.693] [info] [pid:15020] [main] [host-log] (local-1) [host] [2026-08-19 15:07:58.693] [pid:22368] [zcode-agent-service] 完成同步当前模型 runtime config 到 ZCode agent {"applyModelSelection":true,"appliedModelRuntimeRevision":"model-runtime:cccac68ea0d23471770b935d","changed":true,"model":"builtin:zai-start-plan/GLM-5.3$max","runtimeBaseURL":"https://zcode.z.ai/api/v1/zcode-plan/anthropic","runtimeProviderId":"builtin:zai-start-plan","sessionId":"sess_d017ce3b-c68d-4792-a885-74202017ca74","workspaceKey":"D:\\公考\\图形推理详解","workspacePath":"D:\\公考\\图形推理详解"}
[2026-08-19 15:07:58.694] [info] [pid:15020] [main] [host-log] (local-1) [host] [2026-08-19 15:07:58.693] [pid:22368] [zcode-host] [rpc:call] zcode-agent.respondProviderRuntimeHeaders OK (407.7ms)
[2026-08-19 15:08:00.799] [info] [pid:15020] [main] [host-log] (local-1) [host] [2026-08-19 15:08:00.799] [pid:22368] [zcode-agent-service][trace:94a42337-5ce9-4303-8baa-97a1f0a4377b] 收到 ZCode provider runtime headers 请求 {"modelId":"GLM-5.3","providerId":"builtin:zai-start-plan","requestId":"sess_d017ce3b-c68d-4792-a885-74202017ca74:provider-runtime-headers:1787123280799","sessionId":"sess_d017ce3b-c68d-4792-a885-74202017ca74","turnId":"turn_aff9ab5e-c7f4-4f49-a3c6-bf1c35196fa3","workspaceKey":"D:\\公考\\图形推理详解","workspacePath":"D:\\公考\\图形推理详解"}
[2026-08-19 15:08:00.848] [info] [pid:15020] [main] [host-log] (local-1) [host] [2026-08-19 15:08:00.848] [pid:22368] [zcode-host] [rpc:call] model-provider.getAllCached OK (11.3ms)
[2026-08-19 15:08:01.980] [info] [pid:15020] [main] [host-log] (local-1) [host] [2026-08-19 15:08:01.980] [pid:22368] [zcode-agent-service] 完成同步当前模型 runtime config 到 ZCode agent {"applyModelSelection":true,"appliedModelRuntimeRevision":"model-runtime:e531ccdad3dd8dcdb28105f5","changed":true,"model":"builtin:zai-start-plan/GLM-5.3$max","runtimeBaseURL":"https://zcode.z.ai/api/v1/zcode-plan/anthropic","runtimeProviderId":"builtin:zai-start-plan","sessionId":"sess_d017ce3b-c68d-4792-a885-74202017ca74","workspaceKey":"D:\\公考\\图形推理详解","workspacePath":"D:\\公考\\图形推理详解"}
[2026-08-19 15:08:01.981] [info] [pid:15020] [main] [host-log] (local-1) [host] [2026-08-19 15:08:01.980] [pid:22368] [zcode-host] [rpc:call] zcode-agent.respondProviderRuntimeHeaders OK (382.9ms)
[2026-08-19 15:08:02.222] [info] [pid:15020] [main] [host-log] (local-1) [host] [2026-08-19 15:08:02.221] [pid:22368] [zcode-agent-service][trace:94a42337-5ce9-4303-8baa-97a1f0a4377b] 收到 ZCode provider runtime headers 请求 {"modelId":"GLM-5.3","providerId":"builtin:zai-start-plan","requestId":"sess_d017ce3b-c68d-4792-a885-74202017ca74:provider-runtime-headers:1787123282221","sessionId":"sess_d017ce3b-c68d-4792-a885-74202017ca74","turnId":"turn_aff9ab5e-c7f4-4f49-a3c6-bf1c35196fa3","workspaceKey":"D:\\公考\\图形推理详解","workspacePath":"D:\\公考\\图形推理详解"}
[2026-08-19 15:08:02.264] [info] [pid:15020] [main] [host-log] (local-1) [host] [2026-08-19 15:08:02.264] [pid:22368] [zcode-host] [rpc:call] model-provider.getAllCached OK (11.1ms)
[2026-08-19 15:08:03.475] [info] [pid:15020] [main] [host-log] (local-1) [host] [2026-08-19 15:08:03.474] [pid:22368] [zcode-agent-service] 完成同步当前模型 runtime config 到 ZCode agent {"applyModelSelection":true,"appliedModelRuntimeRevision":"model-runtime:f5432dd78fd9155b0efc6a96","changed":true,"model":"builtin:zai-start-plan/GLM-5.3$max","runtimeBaseURL":"https://zcode.z.ai/api/v1/zcode-plan/anthropic","runtimeProviderId":"builtin:zai-start-plan","sessionId":"sess_d017ce3b-c68d-4792-a885-74202017ca74","workspaceKey":"D:\\公考\\图形推理详解","workspacePath":"D:\\公考\\图形推理详解"}
[2026-08-19 15:08:03.475] [info] [pid:15020] [main] [host-log] (local-1) [host] [2026-08-19 15:08:03.474] [pid:22368] [zcode-host] [rpc:call] zcode-agent.respondProviderRuntimeHeaders OK (336.3ms)
[2026-08-19 15:08:32.762] [info] [pid:15020] [main] [host-log] (local-1) [host] [2026-08-19 15:08:32.761] [pid:22368] [zcode-host] [rpc:call] off-peak-task.list OK (0.2ms)
[2026-08-19 15:08:58.459] [info] [pid:15020] [main] [host-log] (local-1) [host] [2026-08-19 15:08:58.458] [pid:22368] [zcode-host] [rpc:call] off-peak-task.list OK (0.2ms)
[2026-08-19 15:08:59.164] [info] [pid:15020] [main] [host-log] (local-1) [host] [2026-08-19 15:08:59.164] [pid:22368] [settingService] writing settings to: C:\Users\llh04\.zcode\v2\setting.json {"recentProjects":["D:\\公考\\图形推理详解"],"locale":"zh-CN","localePreference":"zh-CN","terminalInheritSystemProfile":true,"taskAutoArchiveEnabled":false,"taskAutoArchiveOlderThanDays":7,"closeToTrayOnWindows":true,"closeToTrayOnWindowsMigrationInitialized":true,"keepAwakeWhileRunning":false,"desktopChromiumHardwareAccelerationEnabled":true,"messageStreamShowReasoning":false,"messageStreamShowTodos":false,"zcodeInteractionBehavior":"queue","askUserQuestionAutoResolutionEnabled":true,"optimizeAgentExperienceEnabled":false,"optimizeAgentExperienceMigrationInitialized":true,"enabledBuiltinAgentCliProviders":["glm"],"modelProviderFamilyModes":{"zai":"oauth"},"modelProviderFamilySelectedKeys":{"zai":"coding-plan:builtin:zai-start-plan"},"providerFamilyDomain":"zai","providerFamilyDomainUpdatedAt":1787116588334,"providerFamilyDomainMigrated":true,"repoSnapshotIndexingEnabled":false,"instantGrepIndexingEnabled":false,"nativeSearchEnhancementsEnabled":true,"memoryEnabled":false,"lastWorkspaceSession":[{"kind":"local","workspacePath":"D:\\公考\\图形推理详解","workspacePurpose":"project"},{"kind":"local","workspacePath":"C:\\Users\\llh04\\.zcode\\workspace\\default","workspacePurpose":"conversation"}],"lastActiveTabIndex":0,"receivePreviewUpdates":false,"autoDownloadAndInstallUpdates":false,"skippedElectronUpdateVersions":{},"settingsSyncFirstRunPromptHandled":true}
[2026-08-19 15:08:59.169] [info] [pid:15020] [main] [host-log] (local-1) [host] [2026-08-19 15:08:59.169] [pid:22368] [settingService] write done
[2026-08-19 15:08:59.169] [info] [pid:15020] [main] [host-log] (local-1) [host] [2026-08-19 15:08:59.169] [pid:22368] [zcode-host] [rpc:call] setting.update OK (5.9ms)
[2026-08-19 15:09:01.611] [info] [pid:15020] [main] [host-log] (local-1) [host] [2026-08-19 15:09:01.611] [pid:22368] [settingService] writing settings to: C:\Users\llh04\.zcode\v2\setting.json {"recentProjects":["D:\\公考\\图形推理详解"],"locale":"zh-CN","localePreference":"zh-CN","terminalInheritSystemProfile":true,"taskAutoArchiveEnabled":false,"taskAutoArchiveOlderThanDays":7,"closeToTrayOnWindows":true,"closeToTrayOnWindowsMigrationInitialized":true,"keepAwakeWhileRunning":false,"desktopChromiumHardwareAccelerationEnabled":true,"messageStreamShowReasoning":false,"messageStreamShowTodos":false,"zcodeInteractionBehavior":"queue","askUserQuestionAutoResolutionEnabled":true,"optimizeAgentExperienceEnabled":false,"optimizeAgentExperienceMigrationInitialized":true,"enabledBuiltinAgentCliProviders":["glm"],"modelProviderFamilyModes":{"zai":"oauth"},"modelProviderFamilySelectedKeys":{"zai":"coding-plan:builtin:zai-start-plan"},"providerFamilyDomain":"zai","providerFamilyDomainUpdatedAt":1787116588334,"providerFamilyDomainMigrated":true,"repoSnapshotIndexingEnabled":false,"instantGrepIndexingEnabled":false,"nativeSearchEnhancementsEnabled":true,"memoryEnabled":false,"lastWorkspaceSession":[{"kind":"local","workspacePath":"D:\\公考\\图形推理详解","workspacePurpose":"project"},{"kind":"local","workspacePath":"C:\\Users\\llh04\\.zcode\\workspace\\default","workspacePurpose":"conversation"}],"lastActiveTabIndex":0,"receivePreviewUpdates":false,"autoDownloadAndInstallUpdates":false,"skippedElectronUpdateVersions":{},"settingsSyncFirstRunPromptHandled":true}
[2026-08-19 15:09:01.616] [info] [pid:15020] [main] [host-log] (local-1) [host] [2026-08-19 15:09:01.615] [pid:22368] [settingService] write done
[2026-08-19 15:09:01.616] [info] [pid:15020] [main] [host-log] (local-1) [host] [2026-08-19 15:09:01.615] [pid:22368] [zcode-host] [rpc:call] setting.update OK (5.4ms)
[2026-08-19 15:09:10.257] [info] [pid:15020] [main] [host-log] (local-1) [host] [2026-08-19 15:09:10.256] [pid:22368] [settingService] writing settings to: C:\Users\llh04\.zcode\v2\setting.json {"recentProjects":["D:\\公考\\图形推理详解"],"locale":"zh-CN","localePreference":"zh-CN","terminalInheritSystemProfile":true,"taskAutoArchiveEnabled":false,"taskAutoArchiveOlderThanDays":7,"closeToTrayOnWindows":true,"closeToTrayOnWindowsMigrationInitialized":true,"keepAwakeWhileRunning":false,"desktopChromiumHardwareAccelerationEnabled":true,"messageStreamShowReasoning":false,"messageStreamShowTodos":false,"zcodeInteractionBehavior":"queue","askUserQuestionAutoResolutionEnabled":true,"optimizeAgentExperienceEnabled":false,"optimizeAgentExperienceMigrationInitialized":true,"enabledBuiltinAgentCliProviders":["glm"],"modelProviderFamilyModes":{"zai":"oauth"},"modelProviderFamilySelectedKeys":{"zai":"coding-plan:builtin:zai-start-plan"},"providerFamilyDomain":"zai","providerFamilyDomainUpdatedAt":1787116588334,"providerFamilyDomainMigrated":true,"repoSnapshotIndexingEnabled":false,"instantGrepIndexingEnabled":false,"nativeSearchEnhancementsEnabled":true,"memoryEnabled":false,"lastWorkspaceSession":[{"kind":"local","workspacePath":"D:\\公考\\图形推理详解","workspacePurpose":"project"},{"kind":"local","workspacePath":"C:\\Users\\llh04\\.zcode\\workspace\\default","workspacePurpose":"conversation"}],"lastActiveTabIndex":0,"receivePreviewUpdates":false,"autoDownloadAndInstallUpdates":false,"skippedElectronUpdateVersions":{},"settingsSyncFirstRunPromptHandled":true}
[2026-08-19 15:09:10.265] [info] [pid:15020] [main] [host-log] (local-1) [host] [2026-08-19 15:09:10.260] [pid:22368] [settingService] write done
[2026-08-19 15:09:10.266] [info] [pid:15020] [main] [host-log] (local-1) [host] [2026-08-19 15:09:10.260] [pid:22368] [zcode-host] [rpc:call] setting.update OK (5.0ms)
[2026-08-19 15:09:13.040] [info] [pid:15020] [main] [host-log] (local-1) [host] [2026-08-19 15:09:13.039] [pid:22368] [settingService] writing settings to: C:\Users\llh04\.zcode\v2\setting.json {"recentProjects":["D:\\公考\\图形推理详解"],"locale":"zh-CN","localePreference":"zh-CN","terminalInheritSystemProfile":true,"taskAutoArchiveEnabled":false,"taskAutoArchiveOlderThanDays":7,"closeToTrayOnWindows":true,"closeToTrayOnWindowsMigrationInitialized":true,"keepAwakeWhileRunning":false,"desktopChromiumHardwareAccelerationEnabled":true,"messageStreamShowReasoning":false,"messageStreamShowTodos":false,"zcodeInteractionBehavior":"queue","askUserQuestionAutoResolutionEnabled":true,"optimizeAgentExperienceEnabled":false,"optimizeAgentExperienceMigrationInitialized":true,"enabledBuiltinAgentCliProviders":["glm"],"modelProviderFamilyModes":{"zai":"oauth"},"modelProviderFamilySelectedKeys":{"zai":"coding-plan:builtin:zai-start-plan"},"providerFamilyDomain":"zai","providerFamilyDomainUpdatedAt":1787116588334,"providerFamilyDomainMigrated":true,"repoSnapshotIndexingEnabled":false,"instantGrepIndexingEnabled":false,"nativeSearchEnhancementsEnabled":true,"memoryEnabled":false,"lastWorkspaceSession":[{"kind":"local","workspacePath":"D:\\公考\\图形推理详解","workspacePurpose":"project"},{"kind":"local","workspacePath":"C:\\Users\\llh04\\.zcode\\workspace\\default","workspacePurpose":"conversation"}],"lastActiveTabIndex":0,"receivePreviewUpdates":false,"autoDownloadAndInstallUpdates":false,"skippedElectronUpdateVersions":{},"settingsSyncFirstRunPromptHandled":true}
[2026-08-19 15:09:13.043] [info] [pid:15020] [main] [host-log] (local-1) [host] [2026-08-19 15:09:13.043] [pid:22368] [settingService] write done
[2026-08-19 15:09:13.044] [info] [pid:15020] [main] [host-log] (local-1) [host] [2026-08-19 15:09:13.043] [pid:22368] [zcode-host] [rpc:call] setting.update OK (4.6ms)
[2026-08-19 15:09:13.991] [info] [pid:15020] [main] [host-log] (local-1) [host] [2026-08-19 15:09:13.991] [pid:22368] [zcode-host] [rpc:call] coding-plan-subscription.getBillingDiscount OK (0.0ms)
[2026-08-19 15:09:17.364] [info] [pid:15020] [main] [host-log] (local-1) [host] [2026-08-19 15:09:17.364] [pid:22368] [zcode-agent-service][trace:94a42337-5ce9-4303-8baa-97a1f0a4377b] 收到 ZCode provider runtime headers 请求 {"modelId":"GLM-5.3","providerId":"builtin:zai-start-plan","requestId":"sess_d017ce3b-c68d-4792-a885-74202017ca74:provider-runtime-headers:1787123357365","sessionId":"sess_d017ce3b-c68d-4792-a885-74202017ca74","turnId":"turn_aff9ab5e-c7f4-4f49-a3c6-bf1c35196fa3","workspaceKey":"D:\\公考\\图形推理详解","workspacePath":"D:\\公考\\图形推理详解"}
[2026-08-19 15:09:17.388] [info] [pid:15020] [main] [host-log] (local-1) [host] [2026-08-19 15:09:17.388] [pid:22368] [zcode-host] [rpc:call] model-provider.getAllCached OK (6.7ms)
[2026-08-19 15:09:17.396] [info] [pid:15020] [main] [host-log] (local-1) [host] [2026-08-19 15:09:17.395] [pid:22368] [zcode-host] [rpc:call] coding-plan-subscription.getCaptchaConfig OK (0.0ms)
[2026-08-19 15:09:18.473] [info] [pid:15020] [main] [host-log] (local-1) [host] [2026-08-19 15:09:18.473] [pid:22368] [zcode-agent-service] 完成同步当前模型 runtime config 到 ZCode agent {"applyModelSelection":true,"appliedModelRuntimeRevision":"model-runtime:b9a29c8208305116e273ba0f","changed":true,"model":"builtin:zai-start-plan/GLM-5.3$max","runtimeBaseURL":"https://zcode.z.ai/api/v1/zcode-plan/anthropic","runtimeProviderId":"builtin:zai-start-plan","sessionId":"sess_d017ce3b-c68d-4792-a885-74202017ca74","workspaceKey":"D:\\公考\\图形推理详解","workspacePath":"D:\\公考\\图形推理详解"}
[2026-08-19 15:09:18.474] [info] [pid:15020] [main] [host-log] (local-1) [host] [2026-08-19 15:09:18.473] [pid:22368] [zcode-host] [rpc:call] zcode-agent.respondProviderRuntimeHeaders OK (235.9ms)
[2026-08-19 15:09:19.831] [info] [pid:15020] [main] [host-log] (local-1) [host] [2026-08-19 15:09:19.831] [pid:22368] [zcode-host] [rpc:call] zcode-agent.sendConversationCommandV4 OK (11.0ms)
[2026-08-19 15:09:19.844] [info] [pid:15020] [main] [host-log] (local-1) [host] [2026-08-19 15:09:19.844] [pid:22368] [zcode-agent-service][trace:94a42337-5ce9-4303-8baa-97a1f0a4377b] 开始请求 ZCode Protocol session/resume {"hasRuntimeModel":true,"mcpServerCount":0,"mcpServerNames":[],"modelHint":null,"runtimeModel":{"apiFormat":"anthropic-messages","baseURL":"https://zcode.z.ai/api/v1/zcode-plan/anthropic","kind":"anthropic","model":"builtin:zai-start-plan/GLM-5.3$max","providerId":"builtin:zai-start-plan","revision":"model-runtime:989ada045261065258118ad1","thoughtLevel":"max"},"sessionId":"sess_d017ce3b-c68d-4792-a885-74202017ca74","workspaceKey":"D:\\公考\\图形推理详解","workspacePath":"D:\\公考\\图形推理详解"}
[2026-08-19 15:09:20.015] [info] [pid:15020] [main] [host-log] (local-1) [host] [2026-08-19 15:09:20.014] [pid:22368] [settingService] writing settings to: C:\Users\llh04\.zcode\v2\setting.json {"recentProjects":["D:\\公考\\图形推理详解"],"locale":"zh-CN","localePreference":"zh-CN","terminalInheritSystemProfile":true,"taskAutoArchiveEnabled":false,"taskAutoArchiveOlderThanDays":7,"closeToTrayOnWindows":true,"closeToTrayOnWindowsMigrationInitialized":true,"keepAwakeWhileRunning":false,"desktopChromiumHardwareAccelerationEnabled":true,"messageStreamShowReasoning":false,"messageStreamShowTodos":false,"zcodeInteractionBehavior":"queue","askUserQuestionAutoResolutionEnabled":true,"optimizeAgentExperienceEnabled":false,"optimizeAgentExperienceMigrationInitialized":true,"enabledBuiltinAgentCliProviders":["glm"],"modelProviderFamilyModes":{"zai":"oauth"},"modelProviderFamilySelectedKeys":{"zai":"coding-plan:builtin:zai-start-plan"},"providerFamilyDomain":"zai","providerFamilyDomainUpdatedAt":1787116588334,"providerFamilyDomainMigrated":true,"repoSnapshotIndexingEnabled":false,"instantGrepIndexingEnabled":false,"nativeSearchEnhancementsEnabled":true,"memoryEnabled":false,"lastWorkspaceSession":[{"kind":"local","workspacePath":"D:\\公考\\图形推理详解","workspacePurpose":"project"},{"kind":"local","workspacePath":"C:\\Users\\llh04\\.zcode\\workspace\\default","workspacePurpose":"conversation"}],"lastActiveTabIndex":0,"receivePreviewUpdates":false,"autoDownloadAndInstallUpdates":false,"skippedElectronUpdateVersions":{},"settingsSyncFirstRunPromptHandled":true}
[2026-08-19 15:09:20.018] [info] [pid:15020] [main] [host-log] (local-1) [host] [2026-08-19 15:09:20.018] [pid:22368] [settingService] write done
[2026-08-19 15:09:20.019] [info] [pid:15020] [main] [host-log] (local-1) [host] [2026-08-19 15:09:20.018] [pid:22368] [zcode-host] [rpc:call] setting.update OK (4.8ms)
[2026-08-19 15:09:20.157] [info] [pid:15020] [main] [host-log] (local-1) [host] [2026-08-19 15:09:20.156] [pid:22368] [usage-stats] 读取 BigModel entitlement 已解析授权上下文 {"preferredProviderId":"builtin:zai-coding-plan","providerId":"builtin:zai-coding-plan","scope":"personal","organizationId":null,"projectId":null}
[2026-08-19 15:09:20.314] [info] [pid:15020] [main] [host-log] (local-1) [host] [2026-08-19 15:09:20.314] [pid:22368] [usage-stats] billing/balance 请求完成 {"balanceCount":2,"balances":[{"entitlement_id":"ent_2_0817_glm_5p3","show_name":"GLM-5.3","total_units":3000000,"used_units":354012,"remaining_units":2645988,"available_units":2645988,"reserved_units":null},{"entitlement_id":"ent_2_0817_glm_5turbo","show_name":"GLM-5-Turbo","total_units":2000000,"used_units":0,"remaining_units":2000000,"available_units":2000000,"reserved_units":null}],"code":0,"durationMs":245,"msg":"","payload":{"code":0,"msg":"","data":{"server_time":1787123358,"plans":[{"user_plan_id":"upl_2089944584870027264","plan_id":"zcode-v3-start-plan-0817","name":"ZCode Start Plan","description":"免费 GLM 旗舰模型体验","priority":90,"status":"active","starts_at":1787116592,"ends_at":1787500799,"entitlements":[{"entitlement_id":"ent_2_0817_glm_5p3","show_name":"GLM-5.3","meter":"model_usage","unit_type":"token","capabilities":["model:glm-5.3"],"grant_units":3000000,"period":"daily","priority":110},{"entitlement_id":"ent_2_0817_glm_5turbo","show_name":"GLM-5-Turbo","meter":"model_usage","unit_type":"token","capabilities":["model:GLM-5-Turbo"],"grant_units":2000000,"period":"daily","priority":80}]}],"balances":[{"bucket_id":"bucket_2089944584886804480","user_plan_id":"upl_2089944584870027264","plan_id":"zcode-v3-start-plan-0817","entitlement_id":"ent_2_0817_glm_5p3","show_name":"GLM-5.3","meter":"model_usage","unit_type":"token","capabilities":["model:glm-5.3"],"priority":110,"plan_priority":90,"entitlement_priority":110,"total_units":3000000,"used_units":354012,"remaining_units":2645988,"available_units":2645988,"period_start":1787068800,"period_end":1787155199,"expires_at":1787155199},{"bucket_id":"bucket_2089944584895193088","user_plan_id":"upl_2089944584870027264","plan_id":"zcode-v3-start-plan-0817","entitlement_id":"ent_2_0817_glm_5turbo","show_name":"GLM-5-Turbo","meter":"model_usage","unit_type":"token","capabilities":["model:GLM-5-Turbo"],"priority":80,"plan_priority":90,"entitlement_priority":80,"total_units":2000000,"used_units":0,"remaining_units":2000000,"available_units":2000000,"period_start":1787068800,"period_end":1787155199,"expires_at":1787155199}]}},"planCount":1,"plans":[{"name":"ZCode Start Plan","plan_id":"zcode-v3-start-plan-0817","status":"active"}],"providerId":"builtin:zai-start-plan","success":true,"url":"https://zcode.z.ai/api/v1/zcode-plan/billing/balance?app_version=3.7.7"}
[2026-08-19 15:09:20.315] [info] [pid:15020] [main] [host-log] (local-1) [host] [2026-08-19 15:09:20.314] [pid:22368] [usage-stats] billing/balance 请求完成 {"balanceCount":2,"balances":[{"entitlement_id":"ent_2_0817_glm_5p3","show_name":"GLM-5.3","total_units":3000000,"used_units":354012,"remaining_units":2645988,"available_units":2645988,"reserved_units":null},{"entitlement_id":"ent_2_0817_glm_5turbo","show_name":"GLM-5-Turbo","total_units":2000000,"used_units":0,"remaining_units":2000000,"available_units":2000000,"reserved_units":null}],"code":0,"durationMs":219,"msg":"","payload":{"code":0,"msg":"","data":{"server_time":1787123358,"plans":[{"user_plan_id":"upl_2089944584870027264","plan_id":"zcode-v3-start-plan-0817","name":"ZCode Start Plan","description":"免费 GLM 旗舰模型体验","priority":90,"status":"active","starts_at":1787116592,"ends_at":1787500799,"entitlements":[{"entitlement_id":"ent_2_0817_glm_5p3","show_name":"GLM-5.3","meter":"model_usage","unit_type":"token","capabilities":["model:glm-5.3"],"grant_units":3000000,"period":"daily","priority":110},{"entitlement_id":"ent_2_0817_glm_5turbo","show_name":"GLM-5-Turbo","meter":"model_usage","unit_type":"token","capabilities":["model:GLM-5-Turbo"],"grant_units":2000000,"period":"daily","priority":80}]}],"balances":[{"bucket_id":"bucket_2089944584886804480","user_plan_id":"upl_2089944584870027264","plan_id":"zcode-v3-start-plan-0817","entitlement_id":"ent_2_0817_glm_5p3","show_name":"GLM-5.3","meter":"model_usage","unit_type":"token","capabilities":["model:glm-5.3"],"priority":110,"plan_priority":90,"entitlement_priority":110,"total_units":3000000,"used_units":354012,"remaining_units":2645988,"available_units":2645988,"period_start":1787068800,"period_end":1787155199,"expires_at":1787155199},{"bucket_id":"bucket_2089944584895193088","user_plan_id":"upl_2089944584870027264","plan_id":"zcode-v3-start-plan-0817","entitlement_id":"ent_2_0817_glm_5turbo","show_name":"GLM-5-Turbo","meter":"model_usage","unit_type":"token","capabilities":["model:GLM-5-Turbo"],"priority":80,"plan_priority":90,"entitlement_priority":80,"total_units":2000000,"used_units":0,"remaining_units":2000000,"available_units":2000000,"period_start":1787068800,"period_end":1787155199,"expires_at":1787155199}]}},"planCount":1,"plans":[{"name":"ZCode Start Plan","plan_id":"zcode-v3-start-plan-0817","status":"active"}],"providerId":"builtin:zai-start-plan","success":true,"url":"https://zcode.z.ai/api/v1/zcode-plan/billing/balance?app_version=3.7.7"}
[2026-08-19 15:09:20.315] [info] [pid:15020] [main] [host-log] (local-1) [host] [2026-08-19 15:09:20.314] [pid:22368] [zcode-host] [rpc:call] usage-stats.getEntitlementSnapshot OK (258.4ms)
[2026-08-19 15:09:20.316] [info] [pid:15020] [main] [host-log] (local-1) [host] [2026-08-19 15:09:20.314] [pid:22368] [zcode-host] [rpc:call] usage-stats.getEntitlementSnapshot OK (258.5ms)
[2026-08-19 15:09:20.334] [info] [pid:15020] [main] [host-log] (local-1) [host] [2026-08-19 15:09:20.334] [pid:22368] [zcode-agent-service][trace:94a42337-5ce9-4303-8baa-97a1f0a4377b] ZCode Protocol session/resume 完成 {"durationMs":492,"hasRuntimeModel":true,"messageCount":19,"modelCurrent":"builtin:zai-start-plan/GLM-5.3","mcpServerCount":0,"sessionId":"sess_d017ce3b-c68d-4792-a885-74202017ca74","snapshotTraceId":"94a42337-5ce9-4303-8baa-97a1f0a4377b","workspaceKey":"D:\\公考\\图形推理详解","workspacePath":"D:\\公考\\图形推理详解"}
[2026-08-19 15:09:20.336] [info] [pid:15020] [main] [host-log] (local-1) [host] [2026-08-19 15:09:20.336] [pid:22368] [zcode-host] [rpc:call] zcode-agent.conversationFileChangesV4 OK (275.9ms)
[2026-08-19 15:09:21.755] [info] [pid:15020] [main] [createWindow] window close hidden to tray (local-1)
[2026-08-19 15:09:27.990] [info] [pid:15020] [main] [host-log] (local-1) [host] [2026-08-19 15:09:27.990] [pid:22368] [zcode-host] [rpc:call] usage-stats.getEntitlementSnapshot OK (7934.3ms)
[2026-08-19 15:09:28.776] [info] [pid:15020] [main] [host-log] (local-1) [host] [2026-08-19 15:09:28.775] [pid:22368] [zcode-host] [rpc:call] off-peak-task.list OK (5.3ms)
[2026-08-19 15:09:58.764] [info] [pid:15020] [main] [host-log] (local-1) [host] [2026-08-19 15:09:58.763] [pid:22368] [zcode-host] [rpc:call] off-peak-task.list OK (0.2ms)
[2026-08-19 15:10:35.774] [info] [pid:15020] [main] [host-log] (local-1) [host] [2026-08-19 15:10:35.774] [pid:22368] [zcode-host] [rpc:call] off-peak-task.list OK (0.5ms)
[2026-08-19 15:11:35.775] [info] [pid:15020] [main] [host-log] (local-1) [host] [2026-08-19 15:11:35.775] [pid:22368] [zcode-host] [rpc:call] off-peak-task.list OK (0.1ms)
[2026-08-19 15:12:35.768] [info] [pid:15020] [main] [host-log] (local-1) [host] [2026-08-19 15:12:35.767] [pid:22368] [zcode-host] [rpc:call] off-peak-task.list OK (0.2ms)
[2026-08-19 15:12:43.203] [info] [pid:15020] [main] [resource] perf_resource window flushed
[2026-08-19 15:12:43.212] [info] [pid:15020] [main] [network] perf_network flushed interfaces=10
[2026-08-19 15:13:35.774] [info] [pid:15020] [main] [host-log] (local-1) [host] [2026-08-19 15:13:35.770] [pid:22368] [zcode-host] [rpc:call] off-peak-task.list OK (0.2ms)
[2026-08-19 15:14:35.764] [info] [pid:15020] [main] [host-log] (local-1) [host] [2026-08-19 15:14:35.763] [pid:22368] [zcode-host] [rpc:call] off-peak-task.list OK (0.3ms)
[2026-08-19 15:15:35.768] [info] [pid:15020] [main] [host-log] (local-1) [host] [2026-08-19 15:15:35.768] [pid:22368] [zcode-host] [rpc:call] off-peak-task.list OK (0.3ms)
[2026-08-19 15:16:35.768] [info] [pid:15020] [main] [host-log] (local-1) [host] [2026-08-19 15:16:35.768] [pid:22368] [zcode-host] [rpc:call] off-peak-task.list OK (0.6ms)
[2026-08-19 15:17:35.770] [info] [pid:15020] [main] [host-log] (local-1) [host] [2026-08-19 15:17:35.769] [pid:22368] [zcode-host] [rpc:call] off-peak-task.list OK (0.2ms)
[2026-08-19 15:17:43.181] [info] [pid:15020] [main] [resource] perf_resource window flushed
[2026-08-19 15:17:43.207] [info] [pid:15020] [main] [network] perf_network flushed interfaces=1
[2026-08-19 15:18:35.774] [info] [pid:15020] [main] [host-log] (local-1) [host] [2026-08-19 15:18:35.766] [pid:22368] [zcode-host] [rpc:call] off-peak-task.list OK (0.2ms)
[2026-08-19 15:19:35.774] [info] [pid:15020] [main] [host-log] (local-1) [host] [2026-08-19 15:19:35.773] [pid:22368] [zcode-host] [rpc:call] off-peak-task.list OK (0.4ms)
[2026-08-19 15:20:35.775] [info] [pid:15020] [main] [host-log] (local-1) [host] [2026-08-19 15:20:35.774] [pid:22368] [zcode-host] [rpc:call] off-peak-task.list OK (2.0ms)
[2026-08-19 15:21:35.772] [info] [pid:15020] [main] [host-log] (local-1) [host] [2026-08-19 15:21:35.771] [pid:22368] [zcode-host] [rpc:call] off-peak-task.list OK (0.3ms)
[2026-08-19 15:22:35.764] [info] [pid:15020] [main] [host-log] (local-1) [host] [2026-08-19 15:22:35.763] [pid:22368] [zcode-host] [rpc:call] off-peak-task.list OK (0.3ms)
[2026-08-19 15:22:43.193] [info] [pid:15020] [main] [resource] perf_resource window flushed
[2026-08-19 15:22:43.219] [info] [pid:15020] [main] [network] perf_network flushed interfaces=1
[2026-08-19 15:23:35.778] [info] [pid:15020] [main] [host-log] (local-1) [host] [2026-08-19 15:23:35.772] [pid:22368] [zcode-host] [rpc:call] off-peak-task.list OK (0.2ms)
[2026-08-19 15:24:35.773] [info] [pid:15020] [main] [host-log] (local-1) [host] [2026-08-19 15:24:35.767] [pid:22368] [zcode-host] [rpc:call] off-peak-task.list OK (0.5ms)
[2026-08-19 15:25:35.765] [info] [pid:15020] [main] [host-log] (local-1) [host] [2026-08-19 15:25:35.765] [pid:22368] [zcode-host] [rpc:call] off-peak-task.list OK (0.3ms)
[2026-08-19 15:26:35.779] [info] [pid:15020] [main] [host-log] (local-1) [host] [2026-08-19 15:26:35.778] [pid:22368] [zcode-host] [rpc:call] off-peak-task.list OK (4.4ms)
[2026-08-19 15:27:35.808] [info] [pid:15020] [main] [host-log] (local-1) [host] [2026-08-19 15:27:35.807] [pid:22368] [zcode-host] [rpc:call] off-peak-task.list OK (0.3ms)
[2026-08-19 15:27:43.197] [info] [pid:15020] [main] [resource] perf_resource window flushed
[2026-08-19 15:27:43.226] [info] [pid:15020] [main] [network] perf_network flushed interfaces=1
[2026-08-19 15:28:35.769] [info] [pid:15020] [main] [host-log] (local-1) [host] [2026-08-19 15:28:35.768] [pid:22368] [zcode-host] [rpc:call] off-peak-task.list OK (0.4ms)
[2026-08-19 15:29:35.777] [info] [pid:15020] [main] [host-log] (local-1) [host] [2026-08-19 15:29:35.777] [pid:22368] [zcode-host] [rpc:call] off-peak-task.list OK (0.3ms)
[2026-08-19 15:30:35.783] [info] [pid:15020] [main] [host-log] (local-1) [host] [2026-08-19 15:30:35.782] [pid:22368] [zcode-host] [rpc:call] off-peak-task.list OK (1.5ms)
[2026-08-19 15:31:35.770] [info] [pid:15020] [main] [host-log] (local-1) [host] [2026-08-19 15:31:35.768] [pid:22368] [zcode-host] [rpc:call] off-peak-task.list OK (0.4ms)
[2026-08-19 15:32:35.789] [info] [pid:15020] [main] [host-log] (local-1) [host] [2026-08-19 15:32:35.787] [pid:22368] [zcode-host] [rpc:call] off-peak-task.list OK (0.5ms)
[2026-08-19 15:32:43.211] [info] [pid:15020] [main] [resource] perf_resource window flushed
[2026-08-19 15:32:43.242] [info] [pid:15020] [main] [network] perf_network flushed interfaces=1
[2026-08-19 15:33:35.781] [info] [pid:15020] [main] [host-log] (local-1) [host] [2026-08-19 15:33:35.780] [pid:22368] [zcode-host] [rpc:call] off-peak-task.list OK (1.5ms)
[2026-08-19 15:34:35.798] [info] [pid:15020] [main] [host-log] (local-1) [host] [2026-08-19 15:34:35.797] [pid:22368] [zcode-host] [rpc:call] off-peak-task.list OK (0.3ms)
[2026-08-19 15:35:35.773] [info] [pid:15020] [main] [host-log] (local-1) [host] [2026-08-19 15:35:35.771] [pid:22368] [zcode-host] [rpc:call] off-peak-task.list OK (0.3ms)
[2026-08-19 15:36:35.767] [info] [pid:15020] [main] [host-log] (local-1) [host] [2026-08-19 15:36:35.766] [pid:22368] [zcode-host] [rpc:call] off-peak-task.list OK (0.3ms)
[2026-08-19 15:37:35.783] [info] [pid:15020] [main] [host-log] (local-1) [host] [2026-08-19 15:37:35.782] [pid:22368] [zcode-host] [rpc:call] off-peak-task.list OK (0.2ms)
[2026-08-19 15:37:43.213] [info] [pid:15020] [main] [resource] perf_resource window flushed
[2026-08-19 15:37:43.255] [info] [pid:15020] [main] [network] perf_network flushed interfaces=1
[2026-08-19 15:38:35.776] [info] [pid:15020] [main] [host-log] (local-1) [host] [2026-08-19 15:38:35.775] [pid:22368] [zcode-host] [rpc:call] off-peak-task.list OK (0.2ms)
[2026-08-19 15:39:35.774] [info] [pid:15020] [main] [host-log] (local-1) [host] [2026-08-19 15:39:35.773] [pid:22368] [zcode-host] [rpc:call] off-peak-task.list OK (0.3ms)
[2026-08-19 15:40:35.784] [info] [pid:15020] [main] [host-log] (local-1) [host] [2026-08-19 15:40:35.783] [pid:22368] [zcode-host] [rpc:call] off-peak-task.list OK (9.0ms)
[2026-08-19 15:41:35.776] [info] [pid:15020] [main] [host-log] (local-1) [host] [2026-08-19 15:41:35.767] [pid:22368] [zcode-host] [rpc:call] off-peak-task.list OK (0.2ms)
[2026-08-19 15:42:35.792] [info] [pid:15020] [main] [host-log] (local-1) [host] [2026-08-19 15:42:35.791] [pid:22368] [zcode-host] [rpc:call] off-peak-task.list OK (0.2ms)
[2026-08-19 15:42:43.226] [info] [pid:15020] [main] [resource] perf_resource window flushed
[2026-08-19 15:42:43.268] [info] [pid:15020] [main] [network] perf_network flushed interfaces=1
[2026-08-19 15:43:35.765] [info] [pid:15020] [main] [host-log] (local-1) [host] [2026-08-19 15:43:35.765] [pid:22368] [zcode-host] [rpc:call] off-peak-task.list OK (0.2ms)
[2026-08-19 15:44:35.765] [info] [pid:15020] [main] [host-log] (local-1) [host] [2026-08-19 15:44:35.764] [pid:22368] [zcode-host] [rpc:call] off-peak-task.list OK (0.2ms)
[2026-08-19 15:45:35.772] [info] [pid:15020] [main] [host-log] (local-1) [host] [2026-08-19 15:45:35.771] [pid:22368] [zcode-host] [rpc:call] off-peak-task.list OK (0.4ms)
[2026-08-19 15:46:35.776] [info] [pid:15020] [main] [host-log] (local-1) [host] [2026-08-19 15:46:35.775] [pid:22368] [zcode-host] [rpc:call] off-peak-task.list OK (0.3ms)
[2026-08-19 15:47:35.774] [info] [pid:15020] [main] [host-log] (local-1) [host] [2026-08-19 15:47:35.773] [pid:22368] [zcode-host] [rpc:call] off-peak-task.list OK (0.2ms)
[2026-08-19 15:47:43.237] [info] [pid:15020] [main] [resource] perf_resource window flushed
[2026-08-19 15:47:43.284] [info] [pid:15020] [main] [network] perf_network flushed interfaces=1
[2026-08-19 15:48:35.788] [info] [pid:15020] [main] [host-log] (local-1) [host] [2026-08-19 15:48:35.788] [pid:22368] [zcode-host] [rpc:call] off-peak-task.list OK (0.1ms)
[2026-08-19 15:49:35.774] [info] [pid:15020] [main] [host-log] (local-1) [host] [2026-08-19 15:49:35.772] [pid:22368] [zcode-host] [rpc:call] off-peak-task.list OK (0.2ms)
[2026-08-19 15:50:35.772] [info] [pid:15020] [main] [host-log] (local-1) [host] [2026-08-19 15:50:35.771] [pid:22368] [zcode-host] [rpc:call] off-peak-task.list OK (0.3ms)
[2026-08-19 15:51:35.776] [info] [pid:15020] [main] [host-log] (local-1) [host] [2026-08-19 15:51:35.776] [pid:22368] [zcode-host] [rpc:call] off-peak-task.list OK (0.2ms)
[2026-08-19 15:52:35.787] [info] [pid:15020] [main] [host-log] (local-1) [host] [2026-08-19 15:52:35.787] [pid:22368] [zcode-host] [rpc:call] off-peak-task.list OK (0.2ms)
[2026-08-19 15:52:43.157] [info] [pid:15020] [main] [auto-update] skip poll: state=update-available
[2026-08-19 15:52:43.253] [info] [pid:15020] [main] [resource] perf_resource window flushed
[2026-08-19 15:52:43.295] [info] [pid:15020] [main] [network] perf_network flushed interfaces=1
[2026-08-19 15:53:35.785] [info] [pid:15020] [main] [host-log] (local-1) [host] [2026-08-19 15:53:35.785] [pid:22368] [zcode-host] [rpc:call] off-peak-task.list OK (0.3ms)
[2026-08-19 15:54:35.786] [info] [pid:15020] [main] [host-log] (local-1) [host] [2026-08-19 15:54:35.785] [pid:22368] [zcode-host] [rpc:call] off-peak-task.list OK (0.1ms)
[2026-08-19 15:55:35.775] [info] [pid:15020] [main] [host-log] (local-1) [host] [2026-08-19 15:55:35.774] [pid:22368] [zcode-host] [rpc:call] off-peak-task.list OK (0.2ms)
[2026-08-19 15:56:35.777] [info] [pid:15020] [main] [host-log] (local-1) [host] [2026-08-19 15:56:35.777] [pid:22368] [zcode-host] [rpc:call] off-peak-task.list OK (0.2ms)
[2026-08-19 15:57:35.786] [info] [pid:15020] [main] [host-log] (local-1) [host] [2026-08-19 15:57:35.781] [pid:22368] [zcode-host] [rpc:call] off-peak-task.list OK (0.2ms)
[2026-08-19 15:57:43.261] [info] [pid:15020] [main] [resource] perf_resource window flushed
[2026-08-19 15:57:43.302] [info] [pid:15020] [main] [network] perf_network flushed interfaces=1
[2026-08-19 15:58:35.776] [info] [pid:15020] [main] [host-log] (local-1) [host] [2026-08-19 15:58:35.776] [pid:22368] [zcode-host] [rpc:call] off-peak-task.list OK (0.3ms)
[2026-08-19 15:59:35.774] [info] [pid:15020] [main] [host-log] (local-1) [host] [2026-08-19 15:59:35.772] [pid:22368] [zcode-host] [rpc:call] off-peak-task.list OK (0.1ms)
[2026-08-19 16:00:35.774] [info] [pid:15020] [main] [host-log] (local-1) [host] [2026-08-19 16:00:35.772] [pid:22368] [zcode-host] [rpc:call] off-peak-task.list OK (0.2ms)
[2026-08-19 16:01:35.779] [info] [pid:15020] [main] [host-log] (local-1) [host] [2026-08-19 16:01:35.766] [pid:22368] [zcode-host] [rpc:call] off-peak-task.list OK (0.2ms)
[2026-08-19 16:02:35.787] [info] [pid:15020] [main] [host-log] (local-1) [host] [2026-08-19 16:02:35.785] [pid:22368] [zcode-host] [rpc:call] off-peak-task.list OK (0.2ms)
[2026-08-19 16:02:43.272] [info] [pid:15020] [main] [resource] perf_resource window flushed
[2026-08-19 16:02:43.315] [info] [pid:15020] [main] [network] perf_network flushed interfaces=1
[2026-08-19 16:03:35.789] [info] [pid:15020] [main] [host-log] (local-1) [host] [2026-08-19 16:03:35.788] [pid:22368] [zcode-host] [rpc:call] off-peak-task.list OK (0.4ms)
[2026-08-19 16:04:35.776] [info] [pid:15020] [main] [host-log] (local-1) [host] [2026-08-19 16:04:35.775] [pid:22368] [zcode-host] [rpc:call] off-peak-task.list OK (0.2ms)
[2026-08-19 16:05:35.787] [info] [pid:15020] [main] [host-log] (local-1) [host] [2026-08-19 16:05:35.785] [pid:22368] [zcode-host] [rpc:call] off-peak-task.list OK (0.4ms)
[2026-08-19 16:06:35.780] [info] [pid:15020] [main] [host-log] (local-1) [host] [2026-08-19 16:06:35.779] [pid:22368] [zcode-host] [rpc:call] off-peak-task.list OK (0.4ms)
[2026-08-19 16:07:35.780] [info] [pid:15020] [main] [host-log] (local-1) [host] [2026-08-19 16:07:35.780] [pid:22368] [zcode-host] [rpc:call] off-peak-task.list OK (10.4ms)
[2026-08-19 16:07:43.286] [info] [pid:15020] [main] [resource] perf_resource window flushed
[2026-08-19 16:07:43.328] [info] [pid:15020] [main] [network] perf_network flushed interfaces=1
[2026-08-19 16:08:35.766] [info] [pid:15020] [main] [host-log] (local-1) [host] [2026-08-19 16:08:35.766] [pid:22368] [zcode-host] [rpc:call] off-peak-task.list OK (0.2ms)
[2026-08-19 16:09:35.780] [info] [pid:15020] [main] [host-log] (local-1) [host] [2026-08-19 16:09:35.781] [pid:22368] [zcode-host] [rpc:call] off-peak-task.list OK (0.1ms)
[2026-08-19 16:10:35.774] [info] [pid:15020] [main] [host-log] (local-1) [host] [2026-08-19 16:10:35.774] [pid:22368] [zcode-host] [rpc:call] off-peak-task.list OK (0.5ms)
[2026-08-19 16:11:35.772] [info] [pid:15020] [main] [host-log] (local-1) [host] [2026-08-19 16:11:35.770] [pid:22368] [zcode-host] [rpc:call] off-peak-task.list OK (0.2ms)
[2026-08-19 16:12:35.782] [info] [pid:15020] [main] [host-log] (local-1) [host] [2026-08-19 16:12:35.782] [pid:22368] [zcode-host] [rpc:call] off-peak-task.list OK (0.3ms)
[2026-08-19 16:12:43.292] [info] [pid:15020] [main] [resource] perf_resource window flushed
[2026-08-19 16:12:43.334] [info] [pid:15020] [main] [network] perf_network flushed interfaces=1
[2026-08-19 16:13:35.794] [info] [pid:15020] [main] [host-log] (local-1) [host] [2026-08-19 16:13:35.794] [pid:22368] [zcode-host] [rpc:call] off-peak-task.list OK (0.3ms)
[2026-08-19 16:14:35.778] [info] [pid:15020] [main] [host-log] (local-1) [host] [2026-08-19 16:14:35.779] [pid:22368] [zcode-host] [rpc:call] off-peak-task.list OK (0.2ms)
[2026-08-19 16:15:35.778] [info] [pid:15020] [main] [host-log] (local-1) [host] [2026-08-19 16:15:35.779] [pid:22368] [zcode-host] [rpc:call] off-peak-task.list OK (0.3ms)
[2026-08-19 16:16:35.771] [info] [pid:15020] [main] [host-log] (local-1) [host] [2026-08-19 16:16:35.769] [pid:22368] [zcode-host] [rpc:call] off-peak-task.list OK (0.4ms)
[2026-08-19 16:17:35.781] [info] [pid:15020] [main] [host-log] (local-1) [host] [2026-08-19 16:17:35.781] [pid:22368] [zcode-host] [rpc:call] off-peak-task.list OK (0.3ms)
[2026-08-19 16:17:43.303] [info] [pid:15020] [main] [resource] perf_resource window flushed
[2026-08-19 16:17:43.344] [info] [pid:15020] [main] [network] perf_network flushed interfaces=1
[2026-08-19 16:18:35.773] [info] [pid:15020] [main] [host-log] (local-1) [host] [2026-08-19 16:18:35.774] [pid:22368] [zcode-host] [rpc:call] off-peak-task.list OK (0.2ms)
[2026-08-19 16:19:35.773] [info] [pid:15020] [main] [host-log] (local-1) [host] [2026-08-19 16:19:35.773] [pid:22368] [zcode-host] [rpc:call] off-peak-task.list OK (0.2ms)
[2026-08-19 16:20:35.791] [info] [pid:15020] [main] [host-log] (local-1) [host] [2026-08-19 16:20:35.788] [pid:22368] [zcode-host] [rpc:call] off-peak-task.list OK (0.3ms)
[2026-08-19 16:21:35.765] [info] [pid:15020] [main] [host-log] (local-1) [host] [2026-08-19 16:21:35.766] [pid:22368] [zcode-host] [rpc:call] off-peak-task.list OK (0.1ms)
[2026-08-19 16:22:35.768] [info] [pid:15020] [main] [host-log] (local-1) [host] [2026-08-19 16:22:35.768] [pid:22368] [zcode-host] [rpc:call] off-peak-task.list OK (0.2ms)
[2026-08-19 16:22:43.302] [info] [pid:15020] [main] [resource] perf_resource window flushed
[2026-08-19 16:22:43.346] [info] [pid:15020] [main] [network] perf_network flushed interfaces=1
[2026-08-19 16:23:35.774] [info] [pid:15020] [main] [host-log] (local-1) [host] [2026-08-19 16:23:35.773] [pid:22368] [zcode-host] [rpc:call] off-peak-task.list OK (0.2ms)
[2026-08-19 16:24:35.768] [info] [pid:15020] [main] [host-log] (local-1) [host] [2026-08-19 16:24:35.766] [pid:22368] [zcode-host] [rpc:call] off-peak-task.list OK (0.3ms)
[2026-08-19 16:25:35.785] [info] [pid:15020] [main] [host-log] (local-1) [host] [2026-08-19 16:25:35.785] [pid:22368] [zcode-host] [rpc:call] off-peak-task.list OK (0.2ms)
[2026-08-19 16:26:35.772] [info] [pid:15020] [main] [host-log] (local-1) [host] [2026-08-19 16:26:35.771] [pid:22368] [zcode-host] [rpc:call] off-peak-task.list OK (0.4ms)
[2026-08-19 16:27:35.785] [info] [pid:15020] [main] [host-log] (local-1) [host] [2026-08-19 16:27:35.785] [pid:22368] [zcode-host] [rpc:call] off-peak-task.list OK (0.3ms)
[2026-08-19 16:27:43.309] [info] [pid:15020] [main] [resource] perf_resource window flushed
[2026-08-19 16:27:43.352] [info] [pid:15020] [main] [network] perf_network flushed interfaces=1
[2026-08-19 16:28:35.786] [info] [pid:15020] [main] [host-log] (local-1) [host] [2026-08-19 16:28:35.782] [pid:22368] [zcode-host] [rpc:call] off-peak-task.list OK (0.1ms)
[2026-08-19 16:29:35.774] [info] [pid:15020] [main] [host-log] (local-1) [host] [2026-08-19 16:29:35.774] [pid:22368] [zcode-host] [rpc:call] off-peak-task.list OK (0.2ms)
[2026-08-19 16:30:35.773] [info] [pid:15020] [main] [host-log] (local-1) [host] [2026-08-19 16:30:35.773] [pid:22368] [zcode-host] [rpc:call] off-peak-task.list OK (0.2ms)
[2026-08-19 16:31:35.789] [info] [pid:15020] [main] [host-log] (local-1) [host] [2026-08-19 16:31:35.788] [pid:22368] [zcode-host] [rpc:call] off-peak-task.list OK (0.3ms)
[2026-08-19 16:32:35.774] [info] [pid:15020] [main] [host-log] (local-1) [host] [2026-08-19 16:32:35.773] [pid:22368] [zcode-host] [rpc:call] off-peak-task.list OK (0.3ms)
[2026-08-19 16:32:43.312] [info] [pid:15020] [main] [resource] perf_resource window flushed
[2026-08-19 16:32:43.356] [info] [pid:15020] [main] [network] perf_network flushed interfaces=1
[2026-08-19 16:33:35.769] [info] [pid:15020] [main] [host-log] (local-1) [host] [2026-08-19 16:33:35.764] [pid:22368] [zcode-host] [rpc:call] off-peak-task.list OK (0.3ms)
[2026-08-19 16:34:35.774] [info] [pid:15020] [main] [host-log] (local-1) [host] [2026-08-19 16:34:35.773] [pid:22368] [zcode-host] [rpc:call] off-peak-task.list OK (0.3ms)
[2026-08-19 16:35:35.781] [info] [pid:15020] [main] [host-log] (local-1) [host] [2026-08-19 16:35:35.779] [pid:22368] [zcode-host] [rpc:call] off-peak-task.list OK (0.1ms)
[2026-08-19 16:36:35.788] [info] [pid:15020] [main] [host-log] (local-1) [host] [2026-08-19 16:36:35.788] [pid:22368] [zcode-host] [rpc:call] off-peak-task.list OK (0.2ms)
[2026-08-19 16:37:35.785] [info] [pid:15020] [main] [host-log] (local-1) [host] [2026-08-19 16:37:35.775] [pid:22368] [zcode-host] [rpc:call] off-peak-task.list OK (0.2ms)
[2026-08-19 16:37:43.323] [info] [pid:15020] [main] [resource] perf_resource window flushed
[2026-08-19 16:37:43.366] [info] [pid:15020] [main] [network] perf_network flushed interfaces=1
[2026-08-19 16:38:35.773] [info] [pid:15020] [main] [host-log] (local-1) [host] [2026-08-19 16:38:35.770] [pid:22368] [zcode-host] [rpc:call] off-peak-task.list OK (0.3ms)
[2026-08-19 16:39:35.775] [info] [pid:15020] [main] [host-log] (local-1) [host] [2026-08-19 16:39:35.774] [pid:22368] [zcode-host] [rpc:call] off-peak-task.list OK (0.3ms)
[2026-08-19 16:40:35.774] [info] [pid:15020] [main] [host-log] (local-1) [host] [2026-08-19 16:40:35.774] [pid:22368] [zcode-host] [rpc:call] off-peak-task.list OK (0.3ms)
[2026-08-19 16:41:35.772] [info] [pid:15020] [main] [host-log] (local-1) [host] [2026-08-19 16:41:35.772] [pid:22368] [zcode-host] [rpc:call] off-peak-task.list OK (0.3ms)
[2026-08-19 16:42:35.776] [info] [pid:15020] [main] [host-log] (local-1) [host] [2026-08-19 16:42:35.772] [pid:22368] [zcode-host] [rpc:call] off-peak-task.list OK (0.3ms)
[2026-08-19 16:42:43.344] [info] [pid:15020] [main] [resource] perf_resource window flushed
[2026-08-19 16:42:43.380] [info] [pid:15020] [main] [network] perf_network flushed interfaces=1
[2026-08-19 16:43:35.785] [info] [pid:15020] [main] [host-log] (local-1) [host] [2026-08-19 16:43:35.783] [pid:22368] [zcode-host] [rpc:call] off-peak-task.list OK (0.3ms)
[2026-08-19 16:44:35.783] [info] [pid:15020] [main] [host-log] (local-1) [host] [2026-08-19 16:44:35.781] [pid:22368] [zcode-host] [rpc:call] off-peak-task.list OK (0.3ms)
[2026-08-19 16:45:35.773] [info] [pid:15020] [main] [host-log] (local-1) [host] [2026-08-19 16:45:35.772] [pid:22368] [zcode-host] [rpc:call] off-peak-task.list OK (0.3ms)
[2026-08-19 16:46:35.771] [info] [pid:15020] [main] [host-log] (local-1) [host] [2026-08-19 16:46:35.771] [pid:22368] [zcode-host] [rpc:call] off-peak-task.list OK (0.3ms)
[2026-08-19 16:47:35.770] [info] [pid:15020] [main] [host-log] (local-1) [host] [2026-08-19 16:47:35.769] [pid:22368] [zcode-host] [rpc:call] off-peak-task.list OK (0.2ms)
[2026-08-19 16:47:43.370] [info] [pid:15020] [main] [resource] perf_resource window flushed
[2026-08-19 16:47:43.396] [info] [pid:15020] [main] [network] perf_network flushed interfaces=1
[2026-08-19 16:48:35.766] [info] [pid:15020] [main] [host-log] (local-1) [host] [2026-08-19 16:48:35.765] [pid:22368] [zcode-host] [rpc:call] off-peak-task.list OK (0.3ms)
[2026-08-19 16:49:35.782] [info] [pid:15020] [main] [host-log] (local-1) [host] [2026-08-19 16:49:35.780] [pid:22368] [zcode-host] [rpc:call] off-peak-task.list OK (0.1ms)
[2026-08-19 16:50:35.778] [info] [pid:15020] [main] [host-log] (local-1) [host] [2026-08-19 16:50:35.779] [pid:22368] [zcode-host] [rpc:call] off-peak-task.list OK (0.2ms)
[2026-08-19 16:51:35.772] [info] [pid:15020] [main] [host-log] (local-1) [host] [2026-08-19 16:51:35.772] [pid:22368] [zcode-host] [rpc:call] off-peak-task.list OK (0.1ms)
[2026-08-19 16:52:35.769] [info] [pid:15020] [main] [host-log] (local-1) [host] [2026-08-19 16:52:35.768] [pid:22368] [zcode-host] [rpc:call] off-peak-task.list OK (0.1ms)
[2026-08-19 16:52:43.159] [info] [pid:15020] [main] [auto-update] skip poll: state=update-available
[2026-08-19 16:52:43.366] [info] [pid:15020] [main] [resource] perf_resource window flushed
[2026-08-19 16:52:43.412] [info] [pid:15020] [main] [network] perf_network flushed interfaces=1
[2026-08-19 16:53:35.776] [info] [pid:15020] [main] [host-log] (local-1) [host] [2026-08-19 16:53:35.775] [pid:22368] [zcode-host] [rpc:call] off-peak-task.list OK (0.2ms)
[2026-08-19 16:54:35.779] [info] [pid:15020] [main] [host-log] (local-1) [host] [2026-08-19 16:54:35.778] [pid:22368] [zcode-host] [rpc:call] off-peak-task.list OK (7.7ms)
[2026-08-19 16:55:35.769] [info] [pid:15020] [main] [host-log] (local-1) [host] [2026-08-19 16:55:35.770] [pid:22368] [zcode-host] [rpc:call] off-peak-task.list OK (0.2ms)
[2026-08-19 16:56:35.773] [info] [pid:15020] [main] [host-log] (local-1) [host] [2026-08-19 16:56:35.772] [pid:22368] [zcode-host] [rpc:call] off-peak-task.list OK (0.2ms)
[2026-08-19 16:57:35.768] [info] [pid:15020] [main] [host-log] (local-1) [host] [2026-08-19 16:57:35.768] [pid:22368] [zcode-host] [rpc:call] off-peak-task.list OK (0.3ms)
[2026-08-19 16:57:43.381] [info] [pid:15020] [main] [resource] perf_resource window flushed
[2026-08-19 16:57:43.423] [info] [pid:15020] [main] [network] perf_network flushed interfaces=1
[2026-08-19 16:58:35.770] [info] [pid:15020] [main] [host-log] (local-1) [host] [2026-08-19 16:58:35.769] [pid:22368] [zcode-host] [rpc:call] off-peak-task.list OK (0.3ms)
[2026-08-19 16:59:35.767] [info] [pid:15020] [main] [host-log] (local-1) [host] [2026-08-19 16:59:35.766] [pid:22368] [zcode-host] [rpc:call] off-peak-task.list OK (0.3ms)
[2026-08-19 17:00:35.771] [info] [pid:15020] [main] [host-log] (local-1) [host] [2026-08-19 17:00:35.768] [pid:22368] [zcode-host] [rpc:call] off-peak-task.list OK (0.3ms)
[2026-08-19 17:01:35.770] [info] [pid:15020] [main] [host-log] (local-1) [host] [2026-08-19 17:01:35.770] [pid:22368] [zcode-host] [rpc:call] off-peak-task.list OK (0.2ms)
[2026-08-19 17:02:35.763] [info] [pid:15020] [main] [host-log] (local-1) [host] [2026-08-19 17:02:35.764] [pid:22368] [zcode-host] [rpc:call] off-peak-task.list OK (0.3ms)
[2026-08-19 17:02:43.397] [info] [pid:15020] [main] [resource] perf_resource window flushed
[2026-08-19 17:02:43.437] [info] [pid:15020] [main] [network] perf_network flushed interfaces=1
[2026-08-19 17:03:35.766] [info] [pid:15020] [main] [host-log] (local-1) [host] [2026-08-19 17:03:35.766] [pid:22368] [zcode-host] [rpc:call] off-peak-task.list OK (0.2ms)
[2026-08-19 17:04:35.769] [info] [pid:15020] [main] [host-log] (local-1) [host] [2026-08-19 17:04:35.769] [pid:22368] [zcode-host] [rpc:call] off-peak-task.list OK (0.2ms)
[2026-08-19 17:05:35.776] [info] [pid:15020] [main] [host-log] (local-1) [host] [2026-08-19 17:05:35.776] [pid:22368] [zcode-host] [rpc:call] off-peak-task.list OK (0.3ms)
[2026-08-19 17:06:35.778] [info] [pid:15020] [main] [host-log] (local-1) [host] [2026-08-19 17:06:35.777] [pid:22368] [zcode-host] [rpc:call] off-peak-task.list OK (0.2ms)
[2026-08-19 17:07:35.772] [info] [pid:15020] [main] [host-log] (local-1) [host] [2026-08-19 17:07:35.771] [pid:22368] [zcode-host] [rpc:call] off-peak-task.list OK (0.5ms)
[2026-08-19 17:07:43.404] [info] [pid:15020] [main] [resource] perf_resource window flushed
[2026-08-19 17:07:43.443] [info] [pid:15020] [main] [network] perf_network flushed interfaces=1
[2026-08-19 17:08:35.775] [info] [pid:15020] [main] [host-log] (local-1) [host] [2026-08-19 17:08:35.775] [pid:22368] [zcode-host] [rpc:call] off-peak-task.list OK (0.2ms)
[2026-08-19 17:09:35.775] [info] [pid:15020] [main] [host-log] (local-1) [host] [2026-08-19 17:09:35.774] [pid:22368] [zcode-host] [rpc:call] off-peak-task.list OK (0.5ms)
[2026-08-19 17:10:35.766] [info] [pid:15020] [main] [host-log] (local-1) [host] [2026-08-19 17:10:35.766] [pid:22368] [zcode-host] [rpc:call] off-peak-task.list OK (0.4ms)
[2026-08-19 17:11:35.780] [info] [pid:15020] [main] [host-log] (local-1) [host] [2026-08-19 17:11:35.779] [pid:22368] [zcode-host] [rpc:call] off-peak-task.list OK (0.4ms)
[2026-08-19 17:12:35.766] [info] [pid:15020] [main] [host-log] (local-1) [host] [2026-08-19 17:12:35.765] [pid:22368] [zcode-host] [rpc:call] off-peak-task.list OK (0.3ms)
[2026-08-19 17:12:43.417] [info] [pid:15020] [main] [resource] perf_resource window flushed
[2026-08-19 17:12:43.444] [info] [pid:15020] [main] [network] perf_network flushed interfaces=1
[2026-08-19 17:13:35.777] [info] [pid:15020] [main] [host-log] (local-1) [host] [2026-08-19 17:13:35.777] [pid:22368] [zcode-host] [rpc:call] off-peak-task.list OK (0.3ms)
[2026-08-19 17:14:35.779] [info] [pid:15020] [main] [host-log] (local-1) [host] [2026-08-19 17:14:35.778] [pid:22368] [zcode-host] [rpc:call] off-peak-task.list OK (0.3ms)
[2026-08-19 17:15:35.771] [info] [pid:15020] [main] [host-log] (local-1) [host] [2026-08-19 17:15:35.771] [pid:22368] [zcode-host] [rpc:call] off-peak-task.list OK (0.2ms)
[2026-08-19 17:16:35.772] [info] [pid:15020] [main] [host-log] (local-1) [host] [2026-08-19 17:16:35.771] [pid:22368] [zcode-host] [rpc:call] off-peak-task.list OK (0.2ms)
[2026-08-19 17:17:35.781] [info] [pid:15020] [main] [host-log] (local-1) [host] [2026-08-19 17:17:35.781] [pid:22368] [zcode-host] [rpc:call] off-peak-task.list OK (0.2ms)
[2026-08-19 17:17:43.432] [info] [pid:15020] [main] [resource] perf_resource window flushed
[2026-08-19 17:17:43.457] [info] [pid:15020] [main] [network] perf_network flushed interfaces=1
[2026-08-19 17:18:35.786] [info] [pid:15020] [main] [host-log] (local-1) [host] [2026-08-19 17:18:35.787] [pid:22368] [zcode-host] [rpc:call] off-peak-task.list OK (0.3ms)
[2026-08-19 17:19:35.777] [info] [pid:15020] [main] [host-log] (local-1) [host] [2026-08-19 17:19:35.765] [pid:22368] [zcode-host] [rpc:call] off-peak-task.list OK (0.3ms)
[2026-08-19 17:20:35.774] [info] [pid:15020] [main] [host-log] (local-1) [host] [2026-08-19 17:20:35.773] [pid:22368] [zcode-host] [rpc:call] off-peak-task.list OK (0.2ms)
[2026-08-19 17:21:35.785] [info] [pid:15020] [main] [host-log] (local-1) [host] [2026-08-19 17:21:35.784] [pid:22368] [zcode-host] [rpc:call] off-peak-task.list OK (0.3ms)
[2026-08-19 17:22:35.785] [info] [pid:15020] [main] [host-log] (local-1) [host] [2026-08-19 17:22:35.785] [pid:22368] [zcode-host] [rpc:call] off-peak-task.list OK (0.2ms)
[2026-08-19 17:22:43.444] [info] [pid:15020] [main] [resource] perf_resource window flushed
[2026-08-19 17:22:43.470] [info] [pid:15020] [main] [network] perf_network flushed interfaces=1
[2026-08-19 17:23:35.765] [info] [pid:15020] [main] [host-log] (local-1) [host] [2026-08-19 17:23:35.765] [pid:22368] [zcode-host] [rpc:call] off-peak-task.list OK (0.2ms)
[2026-08-19 17:24:35.766] [info] [pid:15020] [main] [host-log] (local-1) [host] [2026-08-19 17:24:35.765] [pid:22368] [zcode-host] [rpc:call] off-peak-task.list OK (0.2ms)
[2026-08-19 17:25:35.781] [info] [pid:15020] [main] [host-log] (local-1) [host] [2026-08-19 17:25:35.780] [pid:22368] [zcode-host] [rpc:call] off-peak-task.list OK (0.2ms)
[2026-08-19 17:26:35.784] [info] [pid:15020] [main] [host-log] (local-1) [host] [2026-08-19 17:26:35.783] [pid:22368] [zcode-host] [rpc:call] off-peak-task.list OK (0.3ms)
[2026-08-19 17:27:35.778] [info] [pid:15020] [main] [host-log] (local-1) [host] [2026-08-19 17:27:35.774] [pid:22368] [zcode-host] [rpc:call] off-peak-task.list OK (0.2ms)
[2026-08-19 17:27:43.452] [info] [pid:15020] [main] [resource] perf_resource window flushed
[2026-08-19 17:27:43.476] [info] [pid:15020] [main] [network] perf_network flushed interfaces=1
[2026-08-19 17:28:35.777] [info] [pid:15020] [main] [host-log] (local-1) [host] [2026-08-19 17:28:35.776] [pid:22368] [zcode-host] [rpc:call] off-peak-task.list OK (0.3ms)
[2026-08-19 17:29:35.766] [info] [pid:15020] [main] [host-log] (local-1) [host] [2026-08-19 17:29:35.765] [pid:22368] [zcode-host] [rpc:call] off-peak-task.list OK (0.4ms)
[2026-08-19 17:30:35.767] [info] [pid:15020] [main] [host-log] (local-1) [host] [2026-08-19 17:30:35.766] [pid:22368] [zcode-host] [rpc:call] off-peak-task.list OK (0.4ms)
[2026-08-19 17:31:35.768] [info] [pid:15020] [main] [host-log] (local-1) [host] [2026-08-19 17:31:35.768] [pid:22368] [zcode-host] [rpc:call] off-peak-task.list OK (0.4ms)
[2026-08-19 17:32:35.783] [info] [pid:15020] [main] [host-log] (local-1) [host] [2026-08-19 17:32:35.780] [pid:22368] [zcode-host] [rpc:call] off-peak-task.list OK (0.4ms)
[2026-08-19 17:32:43.454] [info] [pid:15020] [main] [resource] perf_resource window flushed
[2026-08-19 17:32:43.477] [info] [pid:15020] [main] [network] perf_network flushed interfaces=1
[2026-08-19 17:33:35.785] [info] [pid:15020] [main] [host-log] (local-1) [host] [2026-08-19 17:33:35.782] [pid:22368] [zcode-host] [rpc:call] off-peak-task.list OK (0.3ms)
[2026-08-19 17:34:35.770] [info] [pid:15020] [main] [host-log] (local-1) [host] [2026-08-19 17:34:35.769] [pid:22368] [zcode-host] [rpc:call] off-peak-task.list OK (0.3ms)
[2026-08-19 17:35:35.775] [info] [pid:15020] [main] [host-log] (local-1) [host] [2026-08-19 17:35:35.775] [pid:22368] [zcode-host] [rpc:call] off-peak-task.list OK (0.2ms)
[2026-08-19 17:36:35.792] [info] [pid:15020] [main] [host-log] (local-1) [host] [2026-08-19 17:36:35.786] [pid:22368] [zcode-host] [rpc:call] off-peak-task.list OK (0.2ms)
[2026-08-19 17:37:35.780] [info] [pid:15020] [main] [host-log] (local-1) [host] [2026-08-19 17:37:35.780] [pid:22368] [zcode-host] [rpc:call] off-peak-task.list OK (0.4ms)
[2026-08-19 17:37:43.466] [info] [pid:15020] [main] [resource] perf_resource window flushed
[2026-08-19 17:37:43.490] [info] [pid:15020] [main] [network] perf_network flushed interfaces=1
[2026-08-19 17:38:35.771] [info] [pid:15020] [main] [host-log] (local-1) [host] [2026-08-19 17:38:35.770] [pid:22368] [zcode-host] [rpc:call] off-peak-task.list OK (0.2ms)
[2026-08-19 17:39:35.766] [info] [pid:15020] [main] [host-log] (local-1) [host] [2026-08-19 17:39:35.764] [pid:22368] [zcode-host] [rpc:call] off-peak-task.list OK (0.3ms)
[2026-08-19 17:40:35.777] [info] [pid:15020] [main] [host-log] (local-1) [host] [2026-08-19 17:40:35.776] [pid:22368] [zcode-host] [rpc:call] off-peak-task.list OK (0.3ms)
[2026-08-19 17:41:35.775] [info] [pid:15020] [main] [host-log] (local-1) [host] [2026-08-19 17:41:35.774] [pid:22368] [zcode-host] [rpc:call] off-peak-task.list OK (0.6ms)
[2026-08-19 17:42:35.777] [info] [pid:15020] [main] [host-log] (local-1) [host] [2026-08-19 17:42:35.774] [pid:22368] [zcode-host] [rpc:call] off-peak-task.list OK (0.2ms)
[2026-08-19 17:42:43.479] [info] [pid:15020] [main] [resource] perf_resource window flushed
[2026-08-19 17:42:43.500] [info] [pid:15020] [main] [network] perf_network flushed interfaces=1
[2026-08-19 17:43:35.769] [info] [pid:15020] [main] [host-log] (local-1) [host] [2026-08-19 17:43:35.768] [pid:22368] [zcode-host] [rpc:call] off-peak-task.list OK (0.3ms)
[2026-08-19 17:44:35.767] [info] [pid:15020] [main] [host-log] (local-1) [host] [2026-08-19 17:44:35.767] [pid:22368] [zcode-host] [rpc:call] off-peak-task.list OK (0.3ms)
[2026-08-19 17:45:35.770] [info] [pid:15020] [main] [host-log] (local-1) [host] [2026-08-19 17:45:35.769] [pid:22368] [zcode-host] [rpc:call] off-peak-task.list OK (0.3ms)
[2026-08-19 17:46:35.768] [info] [pid:15020] [main] [host-log] (local-1) [host] [2026-08-19 17:46:35.768] [pid:22368] [zcode-host] [rpc:call] off-peak-task.list OK (0.4ms)
[2026-08-19 17:47:35.790] [info] [pid:15020] [main] [host-log] (local-1) [host] [2026-08-19 17:47:35.788] [pid:22368] [zcode-host] [rpc:call] off-peak-task.list OK (0.2ms)
[2026-08-19 17:47:43.486] [info] [pid:15020] [main] [resource] perf_resource window flushed
[2026-08-19 17:47:43.511] [info] [pid:15020] [main] [network] perf_network flushed interfaces=1
[2026-08-19 17:48:35.764] [info] [pid:15020] [main] [host-log] (local-1) [host] [2026-08-19 17:48:35.763] [pid:22368] [zcode-host] [rpc:call] off-peak-task.list OK (0.3ms)
[2026-08-19 17:49:35.771] [info] [pid:15020] [main] [host-log] (local-1) [host] [2026-08-19 17:49:35.771] [pid:22368] [zcode-host] [rpc:call] off-peak-task.list OK (0.4ms)
[2026-08-19 17:50:35.767] [info] [pid:15020] [main] [host-log] (local-1) [host] [2026-08-19 17:50:35.766] [pid:22368] [zcode-host] [rpc:call] off-peak-task.list OK (0.3ms)
[2026-08-19 17:51:35.775] [info] [pid:15020] [main] [host-log] (local-1) [host] [2026-08-19 17:51:35.775] [pid:22368] [zcode-host] [rpc:call] off-peak-task.list OK (0.2ms)
[2026-08-19 17:52:35.787] [info] [pid:15020] [main] [host-log] (local-1) [host] [2026-08-19 17:52:35.786] [pid:22368] [zcode-host] [rpc:call] off-peak-task.list OK (0.5ms)
[2026-08-19 17:52:43.175] [info] [pid:15020] [main] [auto-update] skip poll: state=update-available
[2026-08-19 17:52:43.505] [info] [pid:15020] [main] [resource] perf_resource window flushed
[2026-08-19 17:52:43.514] [info] [pid:15020] [main] [network] perf_network flushed interfaces=1
[2026-08-19 17:53:35.788] [info] [pid:15020] [main] [host-log] (local-1) [host] [2026-08-19 17:53:35.787] [pid:22368] [zcode-host] [rpc:call] off-peak-task.list OK (0.4ms)
[2026-08-19 17:54:35.773] [info] [pid:15020] [main] [host-log] (local-1) [host] [2026-08-19 17:54:35.772] [pid:22368] [zcode-host] [rpc:call] off-peak-task.list OK (0.3ms)
[2026-08-19 17:55:35.775] [info] [pid:15020] [main] [host-log] (local-1) [host] [2026-08-19 17:55:35.774] [pid:22368] [zcode-host] [rpc:call] off-peak-task.list OK (0.2ms)
[2026-08-19 17:56:35.778] [info] [pid:15020] [main] [host-log] (local-1) [host] [2026-08-19 17:56:35.778] [pid:22368] [zcode-host] [rpc:call] off-peak-task.list OK (0.3ms)
[2026-08-19 17:57:35.772] [info] [pid:15020] [main] [host-log] (local-1) [host] [2026-08-19 17:57:35.772] [pid:22368] [zcode-host] [rpc:call] off-peak-task.list OK (0.4ms)
[2026-08-19 17:57:43.513] [info] [pid:15020] [main] [resource] perf_resource window flushed
[2026-08-19 17:57:43.522] [info] [pid:15020] [main] [network] perf_network flushed interfaces=1
[2026-08-19 17:58:35.779] [info] [pid:15020] [main] [host-log] (local-1) [host] [2026-08-19 17:58:35.776] [pid:22368] [zcode-host] [rpc:call] off-peak-task.list OK (0.3ms)
[2026-08-19 17:59:35.777] [info] [pid:15020] [main] [host-log] (local-1) [host] [2026-08-19 17:59:35.778] [pid:22368] [zcode-host] [rpc:call] off-peak-task.list OK (0.3ms)
[2026-08-19 18:00:35.773] [info] [pid:15020] [main] [host-log] (local-1) [host] [2026-08-19 18:00:35.773] [pid:22368] [zcode-host] [rpc:call] off-peak-task.list OK (0.4ms)
[2026-08-19 18:01:35.766] [info] [pid:15020] [main] [host-log] (local-1) [host] [2026-08-19 18:01:35.767] [pid:22368] [zcode-host] [rpc:call] off-peak-task.list OK (0.3ms)
[2026-08-19 18:02:35.779] [info] [pid:15020] [main] [host-log] (local-1) [host] [2026-08-19 18:02:35.778] [pid:22368] [zcode-host] [rpc:call] off-peak-task.list OK (0.3ms)
[2026-08-19 18:02:43.515] [info] [pid:15020] [main] [resource] perf_resource window flushed
[2026-08-19 18:02:43.527] [info] [pid:15020] [main] [network] perf_network flushed interfaces=1
[2026-08-19 18:03:35.769] [info] [pid:15020] [main] [host-log] (local-1) [host] [2026-08-19 18:03:35.768] [pid:22368] [zcode-host] [rpc:call] off-peak-task.list OK (0.3ms)
[2026-08-19 18:04:35.774] [info] [pid:15020] [main] [host-log] (local-1) [host] [2026-08-19 18:04:35.773] [pid:22368] [zcode-host] [rpc:call] off-peak-task.list OK (0.3ms)
[2026-08-19 18:05:35.784] [info] [pid:15020] [main] [host-log] (local-1) [host] [2026-08-19 18:05:35.784] [pid:22368] [zcode-host] [rpc:call] off-peak-task.list OK (0.4ms)
[2026-08-19 18:06:35.764] [info] [pid:15020] [main] [host-log] (local-1) [host] [2026-08-19 18:06:35.764] [pid:22368] [zcode-host] [rpc:call] off-peak-task.list OK (0.2ms)
[2026-08-19 18:07:35.777] [info] [pid:15020] [main] [host-log] (local-1) [host] [2026-08-19 18:07:35.777] [pid:22368] [zcode-host] [rpc:call] off-peak-task.list OK (0.2ms)
[2026-08-19 18:07:43.537] [info] [pid:15020] [main] [resource] perf_resource window flushed
[2026-08-19 18:07:43.537] [info] [pid:15020] [main] [network] perf_network flushed interfaces=1
[2026-08-19 18:08:35.768] [info] [pid:15020] [main] [host-log] (local-1) [host] [2026-08-19 18:08:35.768] [pid:22368] [zcode-host] [rpc:call] off-peak-task.list OK (0.1ms)
[2026-08-19 18:09:35.769] [info] [pid:15020] [main] [host-log] (local-1) [host] [2026-08-19 18:09:35.768] [pid:22368] [zcode-host] [rpc:call] off-peak-task.list OK (0.3ms)
[2026-08-19 18:10:35.780] [info] [pid:15020] [main] [host-log] (local-1) [host] [2026-08-19 18:10:35.778] [pid:22368] [zcode-host] [rpc:call] off-peak-task.list OK (0.2ms)
[2026-08-19 18:11:35.767] [info] [pid:15020] [main] [host-log] (local-1) [host] [2026-08-19 18:11:35.767] [pid:22368] [zcode-host] [rpc:call] off-peak-task.list OK (0.3ms)
[2026-08-19 18:12:35.785] [info] [pid:15020] [main] [host-log] (local-1) [host] [2026-08-19 18:12:35.784] [pid:22368] [zcode-host] [rpc:call] off-peak-task.list OK (0.2ms)
[2026-08-19 18:12:43.562] [info] [pid:15020] [main] [resource] perf_resource window flushed
[2026-08-19 18:12:43.562] [info] [pid:15020] [main] [network] perf_network flushed interfaces=1
[2026-08-19 18:13:35.771] [info] [pid:15020] [main] [host-log] (local-1) [host] [2026-08-19 18:13:35.771] [pid:22368] [zcode-host] [rpc:call] off-peak-task.list OK (0.3ms)
[2026-08-19 18:26:25.895] [info] [pid:15020] [main] [resource] perf_resource window flushed
[2026-08-19 18:26:25.896] [info] [pid:15020] [main] [network] perf_network flushed interfaces=1
[2026-08-19 18:26:26.113] [info] [pid:15020] [main] [host-log] (local-1) [host] [2026-08-19 18:26:26.097] [pid:22368] [zcode-host] [rpc:call] off-peak-task.list OK (0.3ms)
[2026-08-19 18:26:35.776] [info] [pid:15020] [main] [host-log] (local-1) [host] [2026-08-19 18:26:35.775] [pid:22368] [zcode-host] [rpc:call] off-peak-task.list OK (0.4ms)
[2026-08-19 18:27:35.775] [info] [pid:15020] [main] [host-log] (local-1) [host] [2026-08-19 18:27:35.774] [pid:22368] [zcode-host] [rpc:call] off-peak-task.list OK (0.3ms)
[2026-08-19 18:28:35.764] [info] [pid:15020] [main] [host-log] (local-1) [host] [2026-08-19 18:28:35.764] [pid:22368] [zcode-host] [rpc:call] off-peak-task.list OK (0.1ms)
[2026-08-19 18:29:35.776] [info] [pid:15020] [main] [host-log] (local-1) [host] [2026-08-19 18:29:35.776] [pid:22368] [zcode-host] [rpc:call] off-peak-task.list OK (0.3ms)
[2026-08-19 18:30:35.777] [info] [pid:15020] [main] [host-log] (local-1) [host] [2026-08-19 18:30:35.776] [pid:22368] [zcode-host] [rpc:call] off-peak-task.list OK (0.4ms)
[2026-08-19 18:31:25.908] [info] [pid:15020] [main] [resource] perf_resource window flushed
[2026-08-19 18:31:25.908] [info] [pid:15020] [main] [network] perf_network flushed interfaces=1
[2026-08-19 18:31:35.763] [info] [pid:15020] [main] [host-log] (local-1) [host] [2026-08-19 18:31:35.762] [pid:22368] [zcode-host] [rpc:call] off-peak-task.list OK (0.1ms)
[2026-08-19 18:32:35.768] [info] [pid:15020] [main] [host-log] (local-1) [host] [2026-08-19 18:32:35.767] [pid:22368] [zcode-host] [rpc:call] off-peak-task.list OK (0.3ms)
[2026-08-19 18:33:35.767] [info] [pid:15020] [main] [host-log] (local-1) [host] [2026-08-19 18:33:35.766] [pid:22368] [zcode-host] [rpc:call] off-peak-task.list OK (0.3ms)
[2026-08-19 18:34:35.787] [info] [pid:15020] [main] [host-log] (local-1) [host] [2026-08-19 18:34:35.785] [pid:22368] [zcode-host] [rpc:call] off-peak-task.list OK (0.2ms)
[2026-08-19 18:35:35.777] [info] [pid:15020] [main] [host-log] (local-1) [host] [2026-08-19 18:35:35.775] [pid:22368] [zcode-host] [rpc:call] off-peak-task.list OK (0.2ms)
[2026-08-19 18:36:25.915] [info] [pid:15020] [main] [resource] perf_resource window flushed
[2026-08-19 18:36:25.916] [info] [pid:15020] [main] [network] perf_network flushed interfaces=1
[2026-08-19 18:36:35.774] [info] [pid:15020] [main] [host-log] (local-1) [host] [2026-08-19 18:36:35.774] [pid:22368] [zcode-host] [rpc:call] off-peak-task.list OK (0.2ms)
[2026-08-19 18:37:35.767] [info] [pid:15020] [main] [host-log] (local-1) [host] [2026-08-19 18:37:35.766] [pid:22368] [zcode-host] [rpc:call] off-peak-task.list OK (0.3ms)
[2026-08-19 18:38:35.771] [info] [pid:15020] [main] [host-log] (local-1) [host] [2026-08-19 18:38:35.770] [pid:22368] [zcode-host] [rpc:call] off-peak-task.list OK (0.3ms)
[2026-08-19 18:39:35.774] [info] [pid:15020] [main] [host-log] (local-1) [host] [2026-08-19 18:39:35.773] [pid:22368] [zcode-host] [rpc:call] off-peak-task.list OK (0.3ms)
[2026-08-19 18:40:35.771] [info] [pid:15020] [main] [host-log] (local-1) [host] [2026-08-19 18:40:35.769] [pid:22368] [zcode-host] [rpc:call] off-peak-task.list OK (0.3ms)
[2026-08-19 18:41:25.925] [info] [pid:15020] [main] [resource] perf_resource window flushed
[2026-08-19 18:41:25.926] [info] [pid:15020] [main] [network] perf_network flushed interfaces=1
[2026-08-19 18:41:35.777] [info] [pid:15020] [main] [host-log] (local-1) [host] [2026-08-19 18:41:35.777] [pid:22368] [zcode-host] [rpc:call] off-peak-task.list OK (0.1ms)
[2026-08-19 18:42:35.768] [info] [pid:15020] [main] [host-log] (local-1) [host] [2026-08-19 18:42:35.768] [pid:22368] [zcode-host] [rpc:call] off-peak-task.list OK (0.3ms)
[2026-08-19 18:43:35.772] [info] [pid:15020] [main] [host-log] (local-1) [host] [2026-08-19 18:43:35.771] [pid:22368] [zcode-host] [rpc:call] off-peak-task.list OK (0.2ms)
[2026-08-19 18:44:35.773] [info] [pid:15020] [main] [host-log] (local-1) [host] [2026-08-19 18:44:35.772] [pid:22368] [zcode-host] [rpc:call] off-peak-task.list OK (0.2ms)
[2026-08-19 18:45:35.784] [info] [pid:15020] [main] [host-log] (local-1) [host] [2026-08-19 18:45:35.783] [pid:22368] [zcode-host] [rpc:call] off-peak-task.list OK (0.3ms)
[2026-08-19 18:46:25.943] [info] [pid:15020] [main] [resource] perf_resource window flushed
[2026-08-19 18:46:25.944] [info] [pid:15020] [main] [network] perf_network flushed interfaces=1
[2026-08-19 18:46:35.773] [info] [pid:15020] [main] [host-log] (local-1) [host] [2026-08-19 18:46:35.773] [pid:22368] [zcode-host] [rpc:call] off-peak-task.list OK (0.2ms)
[2026-08-19 18:47:35.768] [info] [pid:15020] [main] [host-log] (local-1) [host] [2026-08-19 18:47:35.768] [pid:22368] [zcode-host] [rpc:call] off-peak-task.list OK (0.2ms)
[2026-08-19 18:48:35.764] [info] [pid:15020] [main] [host-log] (local-1) [host] [2026-08-19 18:48:35.764] [pid:22368] [zcode-host] [rpc:call] off-peak-task.list OK (0.2ms)
[2026-08-19 18:49:35.766] [info] [pid:15020] [main] [host-log] (local-1) [host] [2026-08-19 18:49:35.766] [pid:22368] [zcode-host] [rpc:call] off-peak-task.list OK (0.2ms)
[2026-08-19 18:50:35.772] [info] [pid:15020] [main] [host-log] (local-1) [host] [2026-08-19 18:50:35.771] [pid:22368] [zcode-host] [rpc:call] off-peak-task.list OK (0.2ms)
[2026-08-19 18:51:25.974] [info] [pid:15020] [main] [resource] perf_resource window flushed
[2026-08-19 18:51:25.974] [info] [pid:15020] [main] [network] perf_network flushed interfaces=1
[2026-08-19 18:51:35.771] [info] [pid:15020] [main] [host-log] (local-1) [host] [2026-08-19 18:51:35.771] [pid:22368] [zcode-host] [rpc:call] off-peak-task.list OK (0.1ms)
[2026-08-19 18:52:35.770] [info] [pid:15020] [main] [host-log] (local-1) [host] [2026-08-19 18:52:35.769] [pid:22368] [zcode-host] [rpc:call] off-peak-task.list OK (0.3ms)
[2026-08-19 18:52:43.183] [info] [pid:15020] [main] [auto-update] skip poll: state=update-available
[2026-08-19 18:53:35.764] [info] [pid:15020] [main] [host-log] (local-1) [host] [2026-08-19 18:53:35.763] [pid:22368] [zcode-host] [rpc:call] off-peak-task.list OK (0.4ms)
[2026-08-19 18:54:35.773] [info] [pid:15020] [main] [host-log] (local-1) [host] [2026-08-19 18:54:35.773] [pid:22368] [zcode-host] [rpc:call] off-peak-task.list OK (0.2ms)
[2026-08-19 18:55:35.772] [info] [pid:15020] [main] [host-log] (local-1) [host] [2026-08-19 18:55:35.771] [pid:22368] [zcode-host] [rpc:call] off-peak-task.list OK (0.3ms)
[2026-08-19 18:56:25.970] [info] [pid:15020] [main] [resource] perf_resource window flushed
[2026-08-19 18:56:25.981] [info] [pid:15020] [main] [network] perf_network flushed interfaces=1
[2026-08-19 18:56:35.773] [info] [pid:15020] [main] [host-log] (local-1) [host] [2026-08-19 18:56:35.773] [pid:22368] [zcode-host] [rpc:call] off-peak-task.list OK (0.2ms)
[2026-08-19 18:57:35.776] [info] [pid:15020] [main] [host-log] (local-1) [host] [2026-08-19 18:57:35.775] [pid:22368] [zcode-host] [rpc:call] off-peak-task.list OK (0.2ms)
[2026-08-19 18:58:35.767] [info] [pid:15020] [main] [host-log] (local-1) [host] [2026-08-19 18:58:35.767] [pid:22368] [zcode-host] [rpc:call] off-peak-task.list OK (0.3ms)
[2026-08-19 18:59:35.776] [info] [pid:15020] [main] [host-log] (local-1) [host] [2026-08-19 18:59:35.776] [pid:22368] [zcode-host] [rpc:call] off-peak-task.list OK (0.4ms)
[2026-08-19 19:00:35.770] [info] [pid:15020] [main] [host-log] (local-1) [host] [2026-08-19 19:00:35.770] [pid:22368] [zcode-host] [rpc:call] off-peak-task.list OK (0.2ms)
[2026-08-19 19:01:25.986] [info] [pid:15020] [main] [resource] perf_resource window flushed
[2026-08-19 19:01:25.987] [info] [pid:15020] [main] [network] perf_network flushed interfaces=1
[2026-08-19 19:01:35.769] [info] [pid:15020] [main] [host-log] (local-1) [host] [2026-08-19 19:01:35.768] [pid:22368] [zcode-host] [rpc:call] off-peak-task.list OK (0.3ms)
[2026-08-19 19:02:35.776] [info] [pid:15020] [main] [host-log] (local-1) [host] [2026-08-19 19:02:35.775] [pid:22368] [zcode-host] [rpc:call] off-peak-task.list OK (0.3ms)
[2026-08-19 19:03:35.769] [info] [pid:15020] [main] [host-log] (local-1) [host] [2026-08-19 19:03:35.768] [pid:22368] [zcode-host] [rpc:call] off-peak-task.list OK (0.2ms)
[2026-08-19 19:04:35.770] [info] [pid:15020] [main] [host-log] (local-1) [host] [2026-08-19 19:04:35.770] [pid:22368] [zcode-host] [rpc:call] off-peak-task.list OK (0.3ms)
[2026-08-19 19:05:35.768] [info] [pid:15020] [main] [host-log] (local-1) [host] [2026-08-19 19:05:35.767] [pid:22368] [zcode-host] [rpc:call] off-peak-task.list OK (0.2ms)
[2026-08-19 19:06:25.990] [info] [pid:15020] [main] [resource] perf_resource window flushed
[2026-08-19 19:06:26.002] [info] [pid:15020] [main] [network] perf_network flushed interfaces=1
[2026-08-19 19:06:35.774] [info] [pid:15020] [main] [host-log] (local-1) [host] [2026-08-19 19:06:35.774] [pid:22368] [zcode-host] [rpc:call] off-peak-task.list OK (0.2ms)
[2026-08-19 19:07:35.779] [info] [pid:15020] [main] [host-log] (local-1) [host] [2026-08-19 19:07:35.779] [pid:22368] [zcode-host] [rpc:call] off-peak-task.list OK (0.2ms)
[2026-08-19 19:08:35.766] [info] [pid:15020] [main] [host-log] (local-1) [host] [2026-08-19 19:08:35.765] [pid:22368] [zcode-host] [rpc:call] off-peak-task.list OK (0.2ms)
[2026-08-19 19:09:35.768] [info] [pid:15020] [main] [host-log] (local-1) [host] [2026-08-19 19:09:35.767] [pid:22368] [zcode-host] [rpc:call] off-peak-task.list OK (0.4ms)
[2026-08-19 19:10:35.765] [info] [pid:15020] [main] [host-log] (local-1) [host] [2026-08-19 19:10:35.765] [pid:22368] [zcode-host] [rpc:call] off-peak-task.list OK (0.2ms)
[2026-08-19 19:11:26.004] [info] [pid:15020] [main] [resource] perf_resource window flushed
[2026-08-19 19:11:26.004] [info] [pid:15020] [main] [network] perf_network flushed interfaces=1
[2026-08-19 19:11:35.773] [info] [pid:15020] [main] [host-log] (local-1) [host] [2026-08-19 19:11:35.772] [pid:22368] [zcode-host] [rpc:call] off-peak-task.list OK (0.2ms)
[2026-08-19 19:12:35.766] [info] [pid:15020] [main] [host-log] (local-1) [host] [2026-08-19 19:12:35.766] [pid:22368] [zcode-host] [rpc:call] off-peak-task.list OK (0.2ms)
[2026-08-19 19:13:35.767] [info] [pid:15020] [main] [host-log] (local-1) [host] [2026-08-19 19:13:35.766] [pid:22368] [zcode-host] [rpc:call] off-peak-task.list OK (0.2ms)
[2026-08-19 19:14:35.767] [info] [pid:15020] [main] [host-log] (local-1) [host] [2026-08-19 19:14:35.768] [pid:22368] [zcode-host] [rpc:call] off-peak-task.list OK (0.1ms)
[2026-08-19 19:15:35.770] [info] [pid:15020] [main] [host-log] (local-1) [host] [2026-08-19 19:15:35.769] [pid:22368] [zcode-host] [rpc:call] off-peak-task.list OK (0.3ms)
[2026-08-19 19:16:26.008] [info] [pid:15020] [main] [resource] perf_resource window flushed
[2026-08-19 19:16:26.017] [info] [pid:15020] [main] [network] perf_network flushed interfaces=1
[2026-08-19 19:16:35.767] [info] [pid:15020] [main] [host-log] (local-1) [host] [2026-08-19 19:16:35.766] [pid:22368] [zcode-host] [rpc:call] off-peak-task.list OK (0.2ms)
[2026-08-19 19:17:35.772] [info] [pid:15020] [main] [host-log] (local-1) [host] [2026-08-19 19:17:35.770] [pid:22368] [zcode-host] [rpc:call] off-peak-task.list OK (0.3ms)
[2026-08-19 19:18:35.766] [info] [pid:15020] [main] [host-log] (local-1) [host] [2026-08-19 19:18:35.765] [pid:22368] [zcode-host] [rpc:call] off-peak-task.list OK (0.1ms)
[2026-08-19 19:19:35.776] [info] [pid:15020] [main] [host-log] (local-1) [host] [2026-08-19 19:19:35.776] [pid:22368] [zcode-host] [rpc:call] off-peak-task.list OK (0.3ms)
[2026-08-19 19:20:35.773] [info] [pid:15020] [main] [host-log] (local-1) [host] [2026-08-19 19:20:35.774] [pid:22368] [zcode-host] [rpc:call] off-peak-task.list OK (0.2ms)
[2026-08-19 19:21:26.019] [info] [pid:15020] [main] [resource] perf_resource window flushed
[2026-08-19 19:21:26.020] [info] [pid:15020] [main] [network] perf_network flushed interfaces=1
[2026-08-19 19:21:35.773] [info] [pid:15020] [main] [host-log] (local-1) [host] [2026-08-19 19:21:35.773] [pid:22368] [zcode-host] [rpc:call] off-peak-task.list OK (0.3ms)
[2026-08-19 19:22:35.778] [info] [pid:15020] [main] [host-log] (local-1) [host] [2026-08-19 19:22:35.777] [pid:22368] [zcode-host] [rpc:call] off-peak-task.list OK (0.3ms)
[2026-08-19 19:23:35.774] [info] [pid:15020] [main] [host-log] (local-1) [host] [2026-08-19 19:23:35.773] [pid:22368] [zcode-host] [rpc:call] off-peak-task.list OK (0.3ms)
[2026-08-19 19:24:35.764] [info] [pid:15020] [main] [host-log] (local-1) [host] [2026-08-19 19:24:35.764] [pid:22368] [zcode-host] [rpc:call] off-peak-task.list OK (0.3ms)
[2026-08-19 19:25:35.772] [info] [pid:15020] [main] [host-log] (local-1) [host] [2026-08-19 19:25:35.771] [pid:22368] [zcode-host] [rpc:call] off-peak-task.list OK (0.1ms)
[2026-08-19 19:26:26.032] [info] [pid:15020] [main] [resource] perf_resource window flushed
[2026-08-19 19:26:26.033] [info] [pid:15020] [main] [network] perf_network flushed interfaces=1
[2026-08-19 19:26:35.768] [info] [pid:15020] [main] [host-log] (local-1) [host] [2026-08-19 19:26:35.767] [pid:22368] [zcode-host] [rpc:call] off-peak-task.list OK (0.2ms)
[2026-08-19 19:27:35.763] [info] [pid:15020] [main] [host-log] (local-1) [host] [2026-08-19 19:27:35.761] [pid:22368] [zcode-host] [rpc:call] off-peak-task.list OK (0.2ms)
[2026-08-19 19:28:35.765] [info] [pid:15020] [main] [host-log] (local-1) [host] [2026-08-19 19:28:35.764] [pid:22368] [zcode-host] [rpc:call] off-peak-task.list OK (0.3ms)
[2026-08-19 19:29:35.763] [info] [pid:15020] [main] [host-log] (local-1) [host] [2026-08-19 19:29:35.762] [pid:22368] [zcode-host] [rpc:call] off-peak-task.list OK (0.2ms)
[2026-08-19 19:30:35.767] [info] [pid:15020] [main] [host-log] (local-1) [host] [2026-08-19 19:30:35.767] [pid:22368] [zcode-host] [rpc:call] off-peak-task.list OK (0.2ms)
[2026-08-19 19:31:26.045] [info] [pid:15020] [main] [resource] perf_resource window flushed
[2026-08-19 19:31:26.046] [info] [pid:15020] [main] [network] perf_network flushed interfaces=1
[2026-08-19 19:31:35.775] [info] [pid:15020] [main] [host-log] (local-1) [host] [2026-08-19 19:31:35.774] [pid:22368] [zcode-host] [rpc:call] off-peak-task.list OK (0.2ms)
[2026-08-19 19:32:35.767] [info] [pid:15020] [main] [host-log] (local-1) [host] [2026-08-19 19:32:35.767] [pid:22368] [zcode-host] [rpc:call] off-peak-task.list OK (0.2ms)
[2026-08-19 19:33:35.778] [info] [pid:15020] [main] [host-log] (local-1) [host] [2026-08-19 19:33:35.778] [pid:22368] [zcode-host] [rpc:call] off-peak-task.list OK (0.3ms)
[2026-08-19 19:34:35.769] [info] [pid:15020] [main] [host-log] (local-1) [host] [2026-08-19 19:34:35.769] [pid:22368] [zcode-host] [rpc:call] off-peak-task.list OK (0.2ms)
[2026-08-19 19:35:35.767] [info] [pid:15020] [main] [host-log] (local-1) [host] [2026-08-19 19:35:35.766] [pid:22368] [zcode-host] [rpc:call] off-peak-task.list OK (0.2ms)
[2026-08-19 19:36:26.058] [info] [pid:15020] [main] [resource] perf_resource window flushed
[2026-08-19 19:36:26.058] [info] [pid:15020] [main] [network] perf_network flushed interfaces=1
[2026-08-19 19:36:35.782] [info] [pid:15020] [main] [host-log] (local-1) [host] [2026-08-19 19:36:35.768] [pid:22368] [zcode-host] [rpc:call] off-peak-task.list OK (0.4ms)
[2026-08-19 19:37:35.779] [info] [pid:15020] [main] [host-log] (local-1) [host] [2026-08-19 19:37:35.777] [pid:22368] [zcode-host] [rpc:call] off-peak-task.list OK (0.2ms)
[2026-08-19 19:38:35.774] [info] [pid:15020] [main] [host-log] (local-1) [host] [2026-08-19 19:38:35.773] [pid:22368] [zcode-host] [rpc:call] off-peak-task.list OK (0.4ms)
[2026-08-19 19:39:35.775] [info] [pid:15020] [main] [host-log] (local-1) [host] [2026-08-19 19:39:35.774] [pid:22368] [zcode-host] [rpc:call] off-peak-task.list OK (0.3ms)
[2026-08-19 19:40:35.775] [info] [pid:15020] [main] [host-log] (local-1) [host] [2026-08-19 19:40:35.773] [pid:22368] [zcode-host] [rpc:call] off-peak-task.list OK (0.2ms)
[2026-08-19 19:41:26.063] [info] [pid:15020] [main] [resource] perf_resource window flushed
[2026-08-19 19:41:26.063] [info] [pid:15020] [main] [network] perf_network flushed interfaces=1
[2026-08-19 19:41:35.785] [info] [pid:15020] [main] [host-log] (local-1) [host] [2026-08-19 19:41:35.773] [pid:22368] [zcode-host] [rpc:call] off-peak-task.list OK (0.2ms)
[2026-08-19 19:42:35.766] [info] [pid:15020] [main] [host-log] (local-1) [host] [2026-08-19 19:42:35.765] [pid:22368] [zcode-host] [rpc:call] off-peak-task.list OK (0.2ms)
[2026-08-19 19:43:35.771] [info] [pid:15020] [main] [host-log] (local-1) [host] [2026-08-19 19:43:35.770] [pid:22368] [zcode-host] [rpc:call] off-peak-task.list OK (0.2ms)
[2026-08-19 19:44:35.770] [info] [pid:15020] [main] [host-log] (local-1) [host] [2026-08-19 19:44:35.769] [pid:22368] [zcode-host] [rpc:call] off-peak-task.list OK (0.2ms)
[2026-08-19 19:45:35.787] [info] [pid:15020] [main] [host-log] (local-1) [host] [2026-08-19 19:45:35.786] [pid:22368] [zcode-host] [rpc:call] off-peak-task.list OK (0.3ms)
[2026-08-19 19:46:26.075] [info] [pid:15020] [main] [resource] perf_resource window flushed
[2026-08-19 19:46:26.076] [info] [pid:15020] [main] [network] perf_network flushed interfaces=1
[2026-08-19 19:46:35.773] [info] [pid:15020] [main] [host-log] (local-1) [host] [2026-08-19 19:46:35.774] [pid:22368] [zcode-host] [rpc:call] off-peak-task.list OK (0.6ms)
[2026-08-19 19:47:35.775] [info] [pid:15020] [main] [host-log] (local-1) [host] [2026-08-19 19:47:35.774] [pid:22368] [zcode-host] [rpc:call] off-peak-task.list OK (0.5ms)
[2026-08-19 19:48:35.764] [info] [pid:15020] [main] [host-log] (local-1) [host] [2026-08-19 19:48:35.764] [pid:22368] [zcode-host] [rpc:call] off-peak-task.list OK (0.2ms)
[2026-08-19 19:49:35.772] [info] [pid:15020] [main] [host-log] (local-1) [host] [2026-08-19 19:49:35.770] [pid:22368] [zcode-host] [rpc:call] off-peak-task.list OK (0.2ms)
[2026-08-19 19:50:35.769] [info] [pid:15020] [main] [host-log] (local-1) [host] [2026-08-19 19:50:35.768] [pid:22368] [zcode-host] [rpc:call] off-peak-task.list OK (0.2ms)
[2026-08-19 19:51:26.092] [info] [pid:15020] [main] [resource] perf_resource window flushed
[2026-08-19 19:51:26.092] [info] [pid:15020] [main] [network] perf_network flushed interfaces=1
[2026-08-19 19:51:35.774] [info] [pid:15020] [main] [host-log] (local-1) [host] [2026-08-19 19:51:35.762] [pid:22368] [zcode-host] [rpc:call] off-peak-task.list OK (0.3ms)
[2026-08-19 19:52:35.785] [info] [pid:15020] [main] [host-log] (local-1) [host] [2026-08-19 19:52:35.785] [pid:22368] [zcode-host] [rpc:call] off-peak-task.list OK (0.4ms)
[2026-08-19 19:52:43.195] [info] [pid:15020] [main] [auto-update] skip poll: state=update-available
[2026-08-19 19:53:35.777] [info] [pid:15020] [main] [host-log] (local-1) [host] [2026-08-19 19:53:35.776] [pid:22368] [zcode-host] [rpc:call] off-peak-task.list OK (0.3ms)
[2026-08-19 19:54:35.768] [info] [pid:15020] [main] [host-log] (local-1) [host] [2026-08-19 19:54:35.767] [pid:22368] [zcode-host] [rpc:call] off-peak-task.list OK (0.3ms)
[2026-08-19 19:55:35.761] [info] [pid:15020] [main] [host-log] (local-1) [host] [2026-08-19 19:55:35.761] [pid:22368] [zcode-host] [rpc:call] off-peak-task.list OK (0.3ms)
[2026-08-19 19:56:26.104] [info] [pid:15020] [main] [resource] perf_resource window flushed
[2026-08-19 19:56:26.105] [info] [pid:15020] [main] [network] perf_network flushed interfaces=1
[2026-08-19 19:56:35.777] [info] [pid:15020] [main] [host-log] (local-1) [host] [2026-08-19 19:56:35.777] [pid:22368] [zcode-host] [rpc:call] off-peak-task.list OK (0.2ms)
[2026-08-19 19:57:35.780] [info] [pid:15020] [main] [host-log] (local-1) [host] [2026-08-19 19:57:35.771] [pid:22368] [zcode-host] [rpc:call] off-peak-task.list OK (0.2ms)
[2026-08-19 19:58:35.771] [info] [pid:15020] [main] [host-log] (local-1) [host] [2026-08-19 19:58:35.771] [pid:22368] [zcode-host] [rpc:call] off-peak-task.list OK (0.1ms)
[2026-08-19 19:59:35.780] [info] [pid:15020] [main] [host-log] (local-1) [host] [2026-08-19 19:59:35.779] [pid:22368] [zcode-host] [rpc:call] off-peak-task.list OK (0.3ms)
[2026-08-19 20:00:35.766] [info] [pid:15020] [main] [host-log] (local-1) [host] [2026-08-19 20:00:35.765] [pid:22368] [zcode-host] [rpc:call] off-peak-task.list OK (0.1ms)
[2026-08-19 20:01:26.117] [info] [pid:15020] [main] [resource] perf_resource window flushed
[2026-08-19 20:01:26.117] [info] [pid:15020] [main] [network] perf_network flushed interfaces=1
[2026-08-19 20:01:35.764] [info] [pid:15020] [main] [host-log] (local-1) [host] [2026-08-19 20:01:35.764] [pid:22368] [zcode-host] [rpc:call] off-peak-task.list OK (0.2ms)
[2026-08-19 20:02:35.762] [info] [pid:15020] [main] [host-log] (local-1) [host] [2026-08-19 20:02:35.762] [pid:22368] [zcode-host] [rpc:call] off-peak-task.list OK (0.2ms)
[2026-08-19 20:03:35.769] [info] [pid:15020] [main] [host-log] (local-1) [host] [2026-08-19 20:03:35.769] [pid:22368] [zcode-host] [rpc:call] off-peak-task.list OK (0.2ms)
[2026-08-19 20:04:35.766] [info] [pid:15020] [main] [host-log] (local-1) [host] [2026-08-19 20:04:35.766] [pid:22368] [zcode-host] [rpc:call] off-peak-task.list OK (0.2ms)
[2026-08-19 20:05:35.776] [info] [pid:15020] [main] [host-log] (local-1) [host] [2026-08-19 20:05:35.766] [pid:22368] [zcode-host] [rpc:call] off-peak-task.list OK (0.2ms)
[2026-08-19 20:06:26.119] [info] [pid:15020] [main] [resource] perf_resource window flushed
[2026-08-19 20:06:26.120] [info] [pid:15020] [main] [network] perf_network flushed interfaces=1
[2026-08-19 20:06:35.777] [info] [pid:15020] [main] [host-log] (local-1) [host] [2026-08-19 20:06:35.777] [pid:22368] [zcode-host] [rpc:call] off-peak-task.list OK (0.3ms)
[2026-08-19 20:07:35.778] [info] [pid:15020] [main] [host-log] (local-1) [host] [2026-08-19 20:07:35.778] [pid:22368] [zcode-host] [rpc:call] off-peak-task.list OK (0.2ms)
[2026-08-19 20:08:35.782] [info] [pid:15020] [main] [host-log] (local-1) [host] [2026-08-19 20:08:35.781] [pid:22368] [zcode-host] [rpc:call] off-peak-task.list OK (0.2ms)
[2026-08-19 20:09:35.776] [info] [pid:15020] [main] [host-log] (local-1) [host] [2026-08-19 20:09:35.775] [pid:22368] [zcode-host] [rpc:call] off-peak-task.list OK (0.5ms)
[2026-08-19 20:10:35.787] [info] [pid:15020] [main] [host-log] (local-1) [host] [2026-08-19 20:10:35.786] [pid:22368] [zcode-host] [rpc:call] off-peak-task.list OK (0.2ms)
[2026-08-19 20:11:26.136] [info] [pid:15020] [main] [resource] perf_resource window flushed
[2026-08-19 20:11:26.136] [info] [pid:15020] [main] [network] perf_network flushed interfaces=1
[2026-08-19 20:11:35.776] [info] [pid:15020] [main] [host-log] (local-1) [host] [2026-08-19 20:11:35.771] [pid:22368] [zcode-host] [rpc:call] off-peak-task.list OK (0.2ms)
[2026-08-19 20:12:35.765] [info] [pid:15020] [main] [host-log] (local-1) [host] [2026-08-19 20:12:35.764] [pid:22368] [zcode-host] [rpc:call] off-peak-task.list OK (0.2ms)
[2026-08-19 20:13:35.778] [info] [pid:15020] [main] [host-log] (local-1) [host] [2026-08-19 20:13:35.778] [pid:22368] [zcode-host] [rpc:call] off-peak-task.list OK (0.9ms)
[2026-08-19 20:14:35.770] [info] [pid:15020] [main] [host-log] (local-1) [host] [2026-08-19 20:14:35.767] [pid:22368] [zcode-host] [rpc:call] off-peak-task.list OK (0.3ms)
[2026-08-19 20:15:35.777] [info] [pid:15020] [main] [host-log] (local-1) [host] [2026-08-19 20:15:35.776] [pid:22368] [zcode-host] [rpc:call] off-peak-task.list OK (0.3ms)
[2026-08-19 20:16:26.152] [info] [pid:15020] [main] [resource] perf_resource window flushed
[2026-08-19 20:16:26.153] [info] [pid:15020] [main] [network] perf_network flushed interfaces=1
[2026-08-19 20:16:35.770] [info] [pid:15020] [main] [host-log] (local-1) [host] [2026-08-19 20:16:35.770] [pid:22368] [zcode-host] [rpc:call] off-peak-task.list OK (0.3ms)
[2026-08-19 20:17:35.769] [info] [pid:15020] [main] [host-log] (local-1) [host] [2026-08-19 20:17:35.769] [pid:22368] [zcode-host] [rpc:call] off-peak-task.list OK (0.2ms)
[2026-08-19 20:18:35.763] [info] [pid:15020] [main] [host-log] (local-1) [host] [2026-08-19 20:18:35.763] [pid:22368] [zcode-host] [rpc:call] off-peak-task.list OK (0.2ms)
[2026-08-19 20:19:35.766] [info] [pid:15020] [main] [host-log] (local-1) [host] [2026-08-19 20:19:35.766] [pid:22368] [zcode-host] [rpc:call] off-peak-task.list OK (0.3ms)
[2026-08-19 20:20:35.776] [info] [pid:15020] [main] [host-log] (local-1) [host] [2026-08-19 20:20:35.775] [pid:22368] [zcode-host] [rpc:call] off-peak-task.list OK (0.4ms)
[2026-08-19 20:21:26.150] [info] [pid:15020] [main] [resource] perf_resource window flushed
[2026-08-19 20:21:26.152] [info] [pid:15020] [main] [network] perf_network flushed interfaces=1
[2026-08-19 20:21:35.775] [info] [pid:15020] [main] [host-log] (local-1) [host] [2026-08-19 20:21:35.774] [pid:22368] [zcode-host] [rpc:call] off-peak-task.list OK (0.2ms)
[2026-08-19 20:22:35.769] [info] [pid:15020] [main] [host-log] (local-1) [host] [2026-08-19 20:22:35.769] [pid:22368] [zcode-host] [rpc:call] off-peak-task.list OK (0.2ms)
[2026-08-19 20:23:34.597] [info] [pid:15020] [main] [host-log] (local-1) [host] [2026-08-19 20:23:34.597] [pid:22368] [zcode-host] [rpc:call] off-peak-task.list OK (0.3ms)
[2026-08-19 20:24:34.577] [info] [pid:15020] [main] [host-log] (local-1) [host] [2026-08-19 20:24:34.577] [pid:22368] [zcode-host] [rpc:call] off-peak-task.list OK (0.3ms)
[2026-08-19 20:25:34.588] [info] [pid:15020] [main] [host-log] (local-1) [host] [2026-08-19 20:25:34.587] [pid:22368] [zcode-host] [rpc:call] off-peak-task.list OK (0.2ms)
[2026-08-19 20:26:25.000] [info] [pid:15020] [main] [resource] perf_resource window flushed
[2026-08-19 20:26:25.001] [info] [pid:15020] [main] [network] perf_network flushed interfaces=1
[2026-08-19 20:26:34.591] [info] [pid:15020] [main] [host-log] (local-1) [host] [2026-08-19 20:26:34.591] [pid:22368] [zcode-host] [rpc:call] off-peak-task.list OK (0.4ms)
[2026-08-19 20:27:34.579] [info] [pid:15020] [main] [host-log] (local-1) [host] [2026-08-19 20:27:34.579] [pid:22368] [zcode-host] [rpc:call] off-peak-task.list OK (0.2ms)
[2026-08-19 20:28:34.590] [info] [pid:15020] [main] [host-log] (local-1) [host] [2026-08-19 20:28:34.590] [pid:22368] [zcode-host] [rpc:call] off-peak-task.list OK (0.2ms)
[2026-08-19 20:29:34.583] [info] [pid:15020] [main] [host-log] (local-1) [host] [2026-08-19 20:29:34.581] [pid:22368] [zcode-host] [rpc:call] off-peak-task.list OK (0.1ms)
[2026-08-19 20:30:34.588] [info] [pid:15020] [main] [host-log] (local-1) [host] [2026-08-19 20:30:34.581] [pid:22368] [zcode-host] [rpc:call] off-peak-task.list OK (0.2ms)
[2026-08-19 20:31:25.015] [info] [pid:15020] [main] [resource] perf_resource window flushed
[2026-08-19 20:31:25.015] [info] [pid:15020] [main] [network] perf_network flushed interfaces=1
[2026-08-19 20:31:34.585] [info] [pid:15020] [main] [host-log] (local-1) [host] [2026-08-19 20:31:34.584] [pid:22368] [zcode-host] [rpc:call] off-peak-task.list OK (0.4ms)
[2026-08-19 20:32:34.580] [info] [pid:15020] [main] [host-log] (local-1) [host] [2026-08-19 20:32:34.578] [pid:22368] [zcode-host] [rpc:call] off-peak-task.list OK (0.3ms)
[2026-08-19 20:33:34.582] [info] [pid:15020] [main] [host-log] (local-1) [host] [2026-08-19 20:33:34.582] [pid:22368] [zcode-host] [rpc:call] off-peak-task.list OK (0.5ms)
[2026-08-19 20:34:34.594] [info] [pid:15020] [main] [host-log] (local-1) [host] [2026-08-19 20:34:34.595] [pid:22368] [zcode-host] [rpc:call] off-peak-task.list OK (0.2ms)
[2026-08-19 20:35:34.591] [info] [pid:15020] [main] [host-log] (local-1) [host] [2026-08-19 20:35:34.591] [pid:22368] [zcode-host] [rpc:call] off-peak-task.list OK (0.4ms)
[2026-08-19 20:36:25.030] [info] [pid:15020] [main] [resource] perf_resource window flushed
[2026-08-19 20:36:25.031] [info] [pid:15020] [main] [network] perf_network flushed interfaces=1
[2026-08-19 20:36:34.589] [info] [pid:15020] [main] [host-log] (local-1) [host] [2026-08-19 20:36:34.588] [pid:22368] [zcode-host] [rpc:call] off-peak-task.list OK (0.2ms)
[2026-08-19 20:37:34.584] [info] [pid:15020] [main] [host-log] (local-1) [host] [2026-08-19 20:37:34.584] [pid:22368] [zcode-host] [rpc:call] off-peak-task.list OK (0.3ms)
[2026-08-19 20:38:34.579] [info] [pid:15020] [main] [host-log] (local-1) [host] [2026-08-19 20:38:34.579] [pid:22368] [zcode-host] [rpc:call] off-peak-task.list OK (0.2ms)
[2026-08-19 20:39:34.583] [info] [pid:15020] [main] [host-log] (local-1) [host] [2026-08-19 20:39:34.583] [pid:22368] [zcode-host] [rpc:call] off-peak-task.list OK (0.4ms)
[2026-08-19 20:40:34.590] [info] [pid:15020] [main] [host-log] (local-1) [host] [2026-08-19 20:40:34.590] [pid:22368] [zcode-host] [rpc:call] off-peak-task.list OK (0.3ms)
[2026-08-19 20:41:25.035] [info] [pid:15020] [main] [resource] perf_resource window flushed
[2026-08-19 20:41:25.039] [info] [pid:15020] [main] [network] perf_network flushed interfaces=1
[2026-08-19 20:41:34.595] [info] [pid:15020] [main] [host-log] (local-1) [host] [2026-08-19 20:41:34.593] [pid:22368] [zcode-host] [rpc:call] off-peak-task.list OK (0.1ms)
[2026-08-19 20:42:34.582] [info] [pid:15020] [main] [host-log] (local-1) [host] [2026-08-19 20:42:34.580] [pid:22368] [zcode-host] [rpc:call] off-peak-task.list OK (0.3ms)
[2026-08-19 20:43:34.587] [info] [pid:15020] [main] [host-log] (local-1) [host] [2026-08-19 20:43:34.576] [pid:22368] [zcode-host] [rpc:call] off-peak-task.list OK (0.2ms)
[2026-08-19 20:44:34.591] [info] [pid:15020] [main] [host-log] (local-1) [host] [2026-08-19 20:44:34.589] [pid:22368] [zcode-host] [rpc:call] off-peak-task.list OK (0.2ms)
[2026-08-19 20:45:34.588] [info] [pid:15020] [main] [host-log] (local-1) [host] [2026-08-19 20:45:34.587] [pid:22368] [zcode-host] [rpc:call] off-peak-task.list OK (0.5ms)
[2026-08-19 20:46:25.038] [info] [pid:15020] [main] [resource] perf_resource window flushed
[2026-08-19 20:46:25.047] [info] [pid:15020] [main] [network] perf_network flushed interfaces=1
[2026-08-19 20:46:34.580] [info] [pid:15020] [main] [host-log] (local-1) [host] [2026-08-19 20:46:34.579] [pid:22368] [zcode-host] [rpc:call] off-peak-task.list OK (0.1ms)
[2026-08-19 20:47:34.583] [info] [pid:15020] [main] [host-log] (local-1) [host] [2026-08-19 20:47:34.583] [pid:22368] [zcode-host] [rpc:call] off-peak-task.list OK (0.5ms)
[2026-08-19 20:48:34.596] [info] [pid:15020] [main] [host-log] (local-1) [host] [2026-08-19 20:48:34.596] [pid:22368] [zcode-host] [rpc:call] off-peak-task.list OK (0.3ms)
[2026-08-19 20:49:34.584] [info] [pid:15020] [main] [host-log] (local-1) [host] [2026-08-19 20:49:34.583] [pid:22368] [zcode-host] [rpc:call] off-peak-task.list OK (0.2ms)
[2026-08-19 20:50:34.583] [info] [pid:15020] [main] [host-log] (local-1) [host] [2026-08-19 20:50:34.582] [pid:22368] [zcode-host] [rpc:call] off-peak-task.list OK (0.2ms)
[2026-08-19 20:51:25.058] [info] [pid:15020] [main] [resource] perf_resource window flushed
[2026-08-19 20:51:25.059] [info] [pid:15020] [main] [network] perf_network flushed interfaces=1
[2026-08-19 20:51:34.596] [info] [pid:15020] [main] [host-log] (local-1) [host] [2026-08-19 20:51:34.594] [pid:22368] [zcode-host] [rpc:call] off-peak-task.list OK (0.3ms)
[2026-08-19 20:52:34.582] [info] [pid:15020] [main] [host-log] (local-1) [host] [2026-08-19 20:52:34.581] [pid:22368] [zcode-host] [rpc:call] off-peak-task.list OK (0.3ms)
[2026-08-19 20:52:42.017] [info] [pid:15020] [main] [auto-update] skip poll: state=update-available
[2026-08-19 20:53:34.599] [info] [pid:15020] [main] [host-log] (local-1) [host] [2026-08-19 20:53:34.598] [pid:22368] [zcode-host] [rpc:call] off-peak-task.list OK (0.3ms)
[2026-08-19 20:54:34.592] [info] [pid:15020] [main] [host-log] (local-1) [host] [2026-08-19 20:54:34.591] [pid:22368] [zcode-host] [rpc:call] off-peak-task.list OK (0.4ms)
[2026-08-19 20:55:34.590] [info] [pid:15020] [main] [host-log] (local-1) [host] [2026-08-19 20:55:34.590] [pid:22368] [zcode-host] [rpc:call] off-peak-task.list OK (0.3ms)
[2026-08-19 20:56:25.058] [info] [pid:15020] [main] [resource] perf_resource window flushed
[2026-08-19 20:56:25.059] [info] [pid:15020] [main] [network] perf_network flushed interfaces=1
[2026-08-19 20:56:34.573] [info] [pid:15020] [main] [host-log] (local-1) [host] [2026-08-19 20:56:34.575] [pid:22368] [zcode-host] [rpc:call] off-peak-task.list OK (0.2ms)
[2026-08-19 20:57:34.585] [info] [pid:15020] [main] [host-log] (local-1) [host] [2026-08-19 20:57:34.584] [pid:22368] [zcode-host] [rpc:call] off-peak-task.list OK (0.4ms)
[2026-08-19 20:58:34.591] [info] [pid:15020] [main] [host-log] (local-1) [host] [2026-08-19 20:58:34.591] [pid:22368] [zcode-host] [rpc:call] off-peak-task.list OK (0.4ms)
[2026-08-19 20:59:34.579] [info] [pid:15020] [main] [host-log] (local-1) [host] [2026-08-19 20:59:34.578] [pid:22368] [zcode-host] [rpc:call] off-peak-task.list OK (0.4ms)
[2026-08-19 21:00:34.597] [info] [pid:15020] [main] [host-log] (local-1) [host] [2026-08-19 21:00:34.597] [pid:22368] [zcode-host] [rpc:call] off-peak-task.list OK (0.3ms)
[2026-08-19 21:01:25.060] [info] [pid:15020] [main] [resource] perf_resource window flushed
[2026-08-19 21:01:25.063] [info] [pid:15020] [main] [network] perf_network flushed interfaces=1
[2026-08-19 21:01:34.582] [info] [pid:15020] [main] [host-log] (local-1) [host] [2026-08-19 21:01:34.581] [pid:22368] [zcode-host] [rpc:call] off-peak-task.list OK (0.3ms)
[2026-08-19 21:02:34.584] [info] [pid:15020] [main] [host-log] (local-1) [host] [2026-08-19 21:02:34.584] [pid:22368] [zcode-host] [rpc:call] off-peak-task.list OK (0.3ms)
[2026-08-19 21:03:34.588] [info] [pid:15020] [main] [host-log] (local-1) [host] [2026-08-19 21:03:34.588] [pid:22368] [zcode-host] [rpc:call] off-peak-task.list OK (0.4ms)
[2026-08-19 21:04:34.590] [info] [pid:15020] [main] [host-log] (local-1) [host] [2026-08-19 21:04:34.590] [pid:22368] [zcode-host] [rpc:call] off-peak-task.list OK (0.2ms)
[2026-08-19 21:05:34.579] [info] [pid:15020] [main] [host-log] (local-1) [host] [2026-08-19 21:05:34.578] [pid:22368] [zcode-host] [rpc:call] off-peak-task.list OK (0.3ms)
[2026-08-19 21:06:25.061] [info] [pid:15020] [main] [resource] perf_resource window flushed
[2026-08-19 21:06:25.075] [info] [pid:15020] [main] [network] perf_network flushed interfaces=1
[2026-08-19 21:06:34.584] [info] [pid:15020] [main] [host-log] (local-1) [host] [2026-08-19 21:06:34.583] [pid:22368] [zcode-host] [rpc:call] off-peak-task.list OK (0.4ms)
[2026-08-19 21:07:34.582] [info] [pid:15020] [main] [host-log] (local-1) [host] [2026-08-19 21:07:34.581] [pid:22368] [zcode-host] [rpc:call] off-peak-task.list OK (0.3ms)
[2026-08-19 21:08:34.600] [info] [pid:15020] [main] [host-log] (local-1) [host] [2026-08-19 21:08:34.597] [pid:22368] [zcode-host] [rpc:call] off-peak-task.list OK (0.5ms)
[2026-08-19 21:09:34.598] [info] [pid:15020] [main] [host-log] (local-1) [host] [2026-08-19 21:09:34.597] [pid:22368] [zcode-host] [rpc:call] off-peak-task.list OK (0.5ms)
[2026-08-19 21:10:34.581] [info] [pid:15020] [main] [host-log] (local-1) [host] [2026-08-19 21:10:34.580] [pid:22368] [zcode-host] [rpc:call] off-peak-task.list OK (0.2ms)
[2026-08-19 21:11:25.071] [info] [pid:15020] [main] [resource] perf_resource window flushed
[2026-08-19 21:11:25.079] [info] [pid:15020] [main] [network] perf_network flushed interfaces=1
[2026-08-19 21:11:34.603] [info] [pid:15020] [main] [host-log] (local-1) [host] [2026-08-19 21:11:34.603] [pid:22368] [zcode-host] [rpc:call] off-peak-task.list OK (0.2ms)
[2026-08-19 21:12:34.592] [info] [pid:15020] [main] [host-log] (local-1) [host] [2026-08-19 21:12:34.592] [pid:22368] [zcode-host] [rpc:call] off-peak-task.list OK (0.2ms)
[2026-08-19 21:13:34.576] [info] [pid:15020] [main] [host-log] (local-1) [host] [2026-08-19 21:13:34.575] [pid:22368] [zcode-host] [rpc:call] off-peak-task.list OK (0.2ms)
[2026-08-19 21:14:34.590] [info] [pid:15020] [main] [host-log] (local-1) [host] [2026-08-19 21:14:34.590] [pid:22368] [zcode-host] [rpc:call] off-peak-task.list OK (0.2ms)
[2026-08-19 21:15:34.598] [info] [pid:15020] [main] [host-log] (local-1) [host] [2026-08-19 21:15:34.598] [pid:22368] [zcode-host] [rpc:call] off-peak-task.list OK (0.3ms)
[2026-08-19 21:16:25.084] [info] [pid:15020] [main] [resource] perf_resource window flushed
[2026-08-19 21:16:25.084] [info] [pid:15020] [main] [network] perf_network flushed interfaces=1
[2026-08-19 21:16:34.589] [info] [pid:15020] [main] [host-log] (local-1) [host] [2026-08-19 21:16:34.590] [pid:22368] [zcode-host] [rpc:call] off-peak-task.list OK (0.3ms)
[2026-08-19 21:17:34.591] [info] [pid:15020] [main] [host-log] (local-1) [host] [2026-08-19 21:17:34.589] [pid:22368] [zcode-host] [rpc:call] off-peak-task.list OK (0.3ms)
[2026-08-19 21:18:34.599] [info] [pid:15020] [main] [host-log] (local-1) [host] [2026-08-19 21:18:34.599] [pid:22368] [zcode-host] [rpc:call] off-peak-task.list OK (0.4ms)
[2026-08-19 21:19:34.596] [info] [pid:15020] [main] [host-log] (local-1) [host] [2026-08-19 21:19:34.595] [pid:22368] [zcode-host] [rpc:call] off-peak-task.list OK (0.3ms)
[2026-08-19 21:20:34.580] [info] [pid:15020] [main] [host-log] (local-1) [host] [2026-08-19 21:20:34.579] [pid:22368] [zcode-host] [rpc:call] off-peak-task.list OK (0.1ms)
[2026-08-19 21:21:25.085] [info] [pid:15020] [main] [resource] perf_resource window flushed
[2026-08-19 21:21:25.088] [info] [pid:15020] [main] [network] perf_network flushed interfaces=1
[2026-08-19 21:21:34.584] [info] [pid:15020] [main] [host-log] (local-1) [host] [2026-08-19 21:21:34.584] [pid:22368] [zcode-host] [rpc:call] off-peak-task.list OK (0.3ms)
[2026-08-19 21:22:34.587] [info] [pid:15020] [main] [host-log] (local-1) [host] [2026-08-19 21:22:34.586] [pid:22368] [zcode-host] [rpc:call] off-peak-task.list OK (0.3ms)
[2026-08-19 21:23:34.581] [info] [pid:15020] [main] [host-log] (local-1) [host] [2026-08-19 21:23:34.580] [pid:22368] [zcode-host] [rpc:call] off-peak-task.list OK (0.2ms)
[2026-08-19 21:24:34.591] [info] [pid:15020] [main] [host-log] (local-1) [host] [2026-08-19 21:24:34.591] [pid:22368] [zcode-host] [rpc:call] off-peak-task.list OK (0.2ms)
[2026-08-19 21:25:34.588] [info] [pid:15020] [main] [host-log] (local-1) [host] [2026-08-19 21:25:34.587] [pid:22368] [zcode-host] [rpc:call] off-peak-task.list OK (0.4ms)
[2026-08-19 21:26:25.091] [info] [pid:15020] [main] [resource] perf_resource window flushed
[2026-08-19 21:26:25.101] [info] [pid:15020] [main] [network] perf_network flushed interfaces=1
[2026-08-19 21:26:34.596] [info] [pid:15020] [main] [host-log] (local-1) [host] [2026-08-19 21:26:34.596] [pid:22368] [zcode-host] [rpc:call] off-peak-task.list OK (0.3ms)
[2026-08-19 21:27:34.591] [info] [pid:15020] [main] [host-log] (local-1) [host] [2026-08-19 21:27:34.588] [pid:22368] [zcode-host] [rpc:call] off-peak-task.list OK (0.2ms)
[2026-08-19 21:28:34.587] [info] [pid:15020] [main] [host-log] (local-1) [host] [2026-08-19 21:28:34.587] [pid:22368] [zcode-host] [rpc:call] off-peak-task.list OK (0.2ms)
[2026-08-19 21:29:34.586] [info] [pid:15020] [main] [host-log] (local-1) [host] [2026-08-19 21:29:34.578] [pid:22368] [zcode-host] [rpc:call] off-peak-task.list OK (0.3ms)
[2026-08-19 21:30:34.590] [info] [pid:15020] [main] [host-log] (local-1) [host] [2026-08-19 21:30:34.589] [pid:22368] [zcode-host] [rpc:call] off-peak-task.list OK (0.2ms)
[2026-08-19 21:31:25.106] [info] [pid:15020] [main] [resource] perf_resource window flushed
[2026-08-19 21:31:25.107] [info] [pid:15020] [main] [network] perf_network flushed interfaces=1
[2026-08-19 21:31:34.594] [info] [pid:15020] [main] [host-log] (local-1) [host] [2026-08-19 21:31:34.592] [pid:22368] [zcode-host] [rpc:call] off-peak-task.list OK (0.3ms)
[2026-08-19 21:32:34.582] [info] [pid:15020] [main] [host-log] (local-1) [host] [2026-08-19 21:32:34.581] [pid:22368] [zcode-host] [rpc:call] off-peak-task.list OK (0.2ms)
[2026-08-19 21:33:34.578] [info] [pid:15020] [main] [host-log] (local-1) [host] [2026-08-19 21:33:34.577] [pid:22368] [zcode-host] [rpc:call] off-peak-task.list OK (0.6ms)
[2026-08-19 21:34:34.588] [info] [pid:15020] [main] [host-log] (local-1) [host] [2026-08-19 21:34:34.588] [pid:22368] [zcode-host] [rpc:call] off-peak-task.list OK (0.3ms)
[2026-08-19 21:35:34.581] [info] [pid:15020] [main] [host-log] (local-1) [host] [2026-08-19 21:35:34.582] [pid:22368] [zcode-host] [rpc:call] off-peak-task.list OK (0.2ms)
[2026-08-19 21:36:25.116] [info] [pid:15020] [main] [resource] perf_resource window flushed
[2026-08-19 21:36:25.117] [info] [pid:15020] [main] [network] perf_network flushed interfaces=1
[2026-08-19 21:36:34.584] [info] [pid:15020] [main] [host-log] (local-1) [host] [2026-08-19 21:36:34.583] [pid:22368] [zcode-host] [rpc:call] off-peak-task.list OK (0.5ms)
[2026-08-19 21:37:34.589] [info] [pid:15020] [main] [host-log] (local-1) [host] [2026-08-19 21:37:34.589] [pid:22368] [zcode-host] [rpc:call] off-peak-task.list OK (0.3ms)
[2026-08-19 21:38:34.590] [info] [pid:15020] [main] [host-log] (local-1) [host] [2026-08-19 21:38:34.589] [pid:22368] [zcode-host] [rpc:call] off-peak-task.list OK (0.1ms)
[2026-08-19 21:39:34.586] [info] [pid:15020] [main] [host-log] (local-1) [host] [2026-08-19 21:39:34.586] [pid:22368] [zcode-host] [rpc:call] off-peak-task.list OK (0.3ms)
[2026-08-19 21:40:34.582] [info] [pid:15020] [main] [host-log] (local-1) [host] [2026-08-19 21:40:34.581] [pid:22368] [zcode-host] [rpc:call] off-peak-task.list OK (0.4ms)
[2026-08-19 21:41:25.123] [info] [pid:15020] [main] [resource] perf_resource window flushed
[2026-08-19 21:41:25.125] [info] [pid:15020] [main] [network] perf_network flushed interfaces=1
[2026-08-19 21:41:34.585] [info] [pid:15020] [main] [host-log] (local-1) [host] [2026-08-19 21:41:34.584] [pid:22368] [zcode-host] [rpc:call] off-peak-task.list OK (0.4ms)
[2026-08-19 21:42:34.592] [info] [pid:15020] [main] [host-log] (local-1) [host] [2026-08-19 21:42:34.591] [pid:22368] [zcode-host] [rpc:call] off-peak-task.list OK (0.3ms)
[2026-08-19 21:43:34.594] [info] [pid:15020] [main] [host-log] (local-1) [host] [2026-08-19 21:43:34.593] [pid:22368] [zcode-host] [rpc:call] off-peak-task.list OK (11.4ms)
[2026-08-19 21:44:34.586] [info] [pid:15020] [main] [host-log] (local-1) [host] [2026-08-19 21:44:34.586] [pid:22368] [zcode-host] [rpc:call] off-peak-task.list OK (0.2ms)
[2026-08-19 21:45:34.580] [info] [pid:15020] [main] [host-log] (local-1) [host] [2026-08-19 21:45:34.578] [pid:22368] [zcode-host] [rpc:call] off-peak-task.list OK (0.1ms)
[2026-08-19 21:46:25.140] [info] [pid:15020] [main] [resource] perf_resource window flushed
[2026-08-19 21:46:25.140] [info] [pid:15020] [main] [network] perf_network flushed interfaces=1
[2026-08-19 21:46:34.578] [info] [pid:15020] [main] [host-log] (local-1) [host] [2026-08-19 21:46:34.577] [pid:22368] [zcode-host] [rpc:call] off-peak-task.list OK (0.3ms)
[2026-08-19 21:47:34.596] [info] [pid:15020] [main] [host-log] (local-1) [host] [2026-08-19 21:47:34.596] [pid:22368] [zcode-host] [rpc:call] off-peak-task.list OK (7.5ms)
[2026-08-19 21:48:34.592] [info] [pid:15020] [main] [host-log] (local-1) [host] [2026-08-19 21:48:34.592] [pid:22368] [zcode-host] [rpc:call] off-peak-task.list OK (0.3ms)
[2026-08-19 21:49:34.585] [info] [pid:15020] [main] [host-log] (local-1) [host] [2026-08-19 21:49:34.584] [pid:22368] [zcode-host] [rpc:call] off-peak-task.list OK (0.4ms)
[2026-08-19 21:50:34.579] [info] [pid:15020] [main] [host-log] (local-1) [host] [2026-08-19 21:50:34.580] [pid:22368] [zcode-host] [rpc:call] off-peak-task.list OK (0.2ms)
[2026-08-19 21:51:25.151] [info] [pid:15020] [main] [resource] perf_resource window flushed
[2026-08-19 21:51:25.151] [info] [pid:15020] [main] [network] perf_network flushed interfaces=1
[2026-08-19 21:51:34.580] [info] [pid:15020] [main] [host-log] (local-1) [host] [2026-08-19 21:51:34.579] [pid:22368] [zcode-host] [rpc:call] off-peak-task.list OK (0.3ms)
[2026-08-19 21:52:34.578] [info] [pid:15020] [main] [host-log] (local-1) [host] [2026-08-19 21:52:34.576] [pid:22368] [zcode-host] [rpc:call] off-peak-task.list OK (0.1ms)
[2026-08-19 21:52:42.022] [info] [pid:15020] [main] [auto-update] skip poll: state=update-available
[2026-08-19 21:53:34.583] [info] [pid:15020] [main] [host-log] (local-1) [host] [2026-08-19 21:53:34.581] [pid:22368] [zcode-host] [rpc:call] off-peak-task.list OK (0.2ms)
[2026-08-19 21:54:34.584] [info] [pid:15020] [main] [host-log] (local-1) [host] [2026-08-19 21:54:34.579] [pid:22368] [zcode-host] [rpc:call] off-peak-task.list OK (0.3ms)
[2026-08-19 21:55:34.582] [info] [pid:15020] [main] [host-log] (local-1) [host] [2026-08-19 21:55:34.582] [pid:22368] [zcode-host] [rpc:call] off-peak-task.list OK (0.2ms)
[2026-08-19 21:56:25.158] [info] [pid:15020] [main] [resource] perf_resource window flushed
[2026-08-19 21:56:25.169] [info] [pid:15020] [main] [network] perf_network flushed interfaces=1
[2026-08-19 21:56:34.593] [info] [pid:15020] [main] [host-log] (local-1) [host] [2026-08-19 21:56:34.592] [pid:22368] [zcode-host] [rpc:call] off-peak-task.list OK (0.3ms)
[2026-08-19 21:57:34.579] [info] [pid:15020] [main] [host-log] (local-1) [host] [2026-08-19 21:57:34.578] [pid:22368] [zcode-host] [rpc:call] off-peak-task.list OK (0.2ms)
[2026-08-19 21:58:34.581] [info] [pid:15020] [main] [host-log] (local-1) [host] [2026-08-19 21:58:34.580] [pid:22368] [zcode-host] [rpc:call] off-peak-task.list OK (0.2ms)
[2026-08-19 21:59:34.584] [info] [pid:15020] [main] [host-log] (local-1) [host] [2026-08-19 21:59:34.584] [pid:22368] [zcode-host] [rpc:call] off-peak-task.list OK (0.3ms)
[2026-08-19 22:00:34.583] [info] [pid:15020] [main] [host-log] (local-1) [host] [2026-08-19 22:00:34.582] [pid:22368] [zcode-host] [rpc:call] off-peak-task.list OK (0.3ms)
[2026-08-19 22:01:25.172] [info] [pid:15020] [main] [resource] perf_resource window flushed
[2026-08-19 22:01:25.175] [info] [pid:15020] [main] [network] perf_network flushed interfaces=1
[2026-08-19 22:01:34.580] [info] [pid:15020] [main] [host-log] (local-1) [host] [2026-08-19 22:01:34.580] [pid:22368] [zcode-host] [rpc:call] off-peak-task.list OK (0.2ms)
[2026-08-19 22:02:34.584] [info] [pid:15020] [main] [host-log] (local-1) [host] [2026-08-19 22:02:34.583] [pid:22368] [zcode-host] [rpc:call] off-peak-task.list OK (0.2ms)
[2026-08-19 22:03:34.590] [info] [pid:15020] [main] [host-log] (local-1) [host] [2026-08-19 22:03:34.589] [pid:22368] [zcode-host] [rpc:call] off-peak-task.list OK (0.3ms)
[2026-08-19 22:04:34.585] [info] [pid:15020] [main] [host-log] (local-1) [host] [2026-08-19 22:04:34.585] [pid:22368] [zcode-host] [rpc:call] off-peak-task.list OK (0.2ms)
[2026-08-19 22:05:34.590] [info] [pid:15020] [main] [host-log] (local-1) [host] [2026-08-19 22:05:34.589] [pid:22368] [zcode-host] [rpc:call] off-peak-task.list OK (0.3ms)
[2026-08-19 22:06:25.189] [info] [pid:15020] [main] [resource] perf_resource window flushed
[2026-08-19 22:06:25.191] [info] [pid:15020] [main] [network] perf_network flushed interfaces=1
[2026-08-19 22:06:34.584] [info] [pid:15020] [main] [host-log] (local-1) [host] [2026-08-19 22:06:34.583] [pid:22368] [zcode-host] [rpc:call] off-peak-task.list OK (0.3ms)
[2026-08-19 22:07:34.579] [info] [pid:15020] [main] [host-log] (local-1) [host] [2026-08-19 22:07:34.579] [pid:22368] [zcode-host] [rpc:call] off-peak-task.list OK (0.2ms)
[2026-08-19 22:08:34.581] [info] [pid:15020] [main] [host-log] (local-1) [host] [2026-08-19 22:08:34.579] [pid:22368] [zcode-host] [rpc:call] off-peak-task.list OK (0.3ms)
[2026-08-19 22:09:34.587] [info] [pid:15020] [main] [host-log] (local-1) [host] [2026-08-19 22:09:34.586] [pid:22368] [zcode-host] [rpc:call] off-peak-task.list OK (0.2ms)
[2026-08-19 22:10:34.602] [info] [pid:15020] [main] [host-log] (local-1) [host] [2026-08-19 22:10:34.601] [pid:22368] [zcode-host] [rpc:call] off-peak-task.list OK (0.3ms)
[2026-08-19 22:11:25.203] [info] [pid:15020] [main] [resource] perf_resource window flushed
[2026-08-19 22:11:25.203] [info] [pid:15020] [main] [network] perf_network flushed interfaces=1
[2026-08-19 22:11:34.579] [info] [pid:15020] [main] [host-log] (local-1) [host] [2026-08-19 22:11:34.578] [pid:22368] [zcode-host] [rpc:call] off-peak-task.list OK (0.2ms)
[2026-08-19 22:12:34.591] [info] [pid:15020] [main] [host-log] (local-1) [host] [2026-08-19 22:12:34.591] [pid:22368] [zcode-host] [rpc:call] off-peak-task.list OK (0.5ms)
[2026-08-19 22:13:34.597] [info] [pid:15020] [main] [host-log] (local-1) [host] [2026-08-19 22:13:34.596] [pid:22368] [zcode-host] [rpc:call] off-peak-task.list OK (0.3ms)
[2026-08-19 22:14:34.589] [info] [pid:15020] [main] [host-log] (local-1) [host] [2026-08-19 22:14:34.588] [pid:22368] [zcode-host] [rpc:call] off-peak-task.list OK (0.2ms)
[2026-08-19 22:15:34.591] [info] [pid:15020] [main] [host-log] (local-1) [host] [2026-08-19 22:15:34.589] [pid:22368] [zcode-host] [rpc:call] off-peak-task.list OK (0.3ms)
[2026-08-19 22:16:25.208] [info] [pid:15020] [main] [resource] perf_resource window flushed
[2026-08-19 22:16:25.218] [info] [pid:15020] [main] [network] perf_network flushed interfaces=1
[2026-08-19 22:16:34.605] [info] [pid:15020] [main] [host-log] (local-1) [host] [2026-08-19 22:16:34.605] [pid:22368] [zcode-host] [rpc:call] off-peak-task.list OK (0.5ms)
[2026-08-19 22:17:34.598] [info] [pid:15020] [main] [host-log] (local-1) [host] [2026-08-19 22:17:34.598] [pid:22368] [zcode-host] [rpc:call] off-peak-task.list OK (0.3ms)
[2026-08-19 22:18:34.587] [info] [pid:15020] [main] [host-log] (local-1) [host] [2026-08-19 22:18:34.587] [pid:22368] [zcode-host] [rpc:call] off-peak-task.list OK (0.2ms)
[2026-08-19 22:19:34.597] [info] [pid:15020] [main] [host-log] (local-1) [host] [2026-08-19 22:19:34.597] [pid:22368] [zcode-host] [rpc:call] off-peak-task.list OK (0.4ms)
[2026-08-19 22:20:34.575] [info] [pid:15020] [main] [host-log] (local-1) [host] [2026-08-19 22:20:34.575] [pid:22368] [zcode-host] [rpc:call] off-peak-task.list OK (0.2ms)
[2026-08-19 22:21:25.209] [info] [pid:15020] [main] [resource] perf_resource window flushed
[2026-08-19 22:21:25.219] [info] [pid:15020] [main] [network] perf_network flushed interfaces=1
[2026-08-19 22:21:34.598] [info] [pid:15020] [main] [host-log] (local-1) [host] [2026-08-19 22:21:34.598] [pid:22368] [zcode-host] [rpc:call] off-peak-task.list OK (0.2ms)
[2026-08-19 22:22:34.580] [info] [pid:15020] [main] [host-log] (local-1) [host] [2026-08-19 22:22:34.580] [pid:22368] [zcode-host] [rpc:call] off-peak-task.list OK (0.2ms)
[2026-08-19 22:23:34.581] [info] [pid:15020] [main] [host-log] (local-1) [host] [2026-08-19 22:23:34.580] [pid:22368] [zcode-host] [rpc:call] off-peak-task.list OK (0.2ms)
[2026-08-19 22:24:34.589] [info] [pid:15020] [main] [host-log] (local-1) [host] [2026-08-19 22:24:34.588] [pid:22368] [zcode-host] [rpc:call] off-peak-task.list OK (0.2ms)
[2026-08-19 22:25:34.576] [info] [pid:15020] [main] [host-log] (local-1) [host] [2026-08-19 22:25:34.574] [pid:22368] [zcode-host] [rpc:call] off-peak-task.list OK (0.2ms)
[2026-08-19 22:26:25.220] [info] [pid:15020] [main] [resource] perf_resource window flushed
[2026-08-19 22:26:25.220] [info] [pid:15020] [main] [network] perf_network flushed interfaces=1
[2026-08-19 22:26:34.588] [info] [pid:15020] [main] [host-log] (local-1) [host] [2026-08-19 22:26:34.588] [pid:22368] [zcode-host] [rpc:call] off-peak-task.list OK (0.3ms)
[2026-08-19 22:27:34.582] [info] [pid:15020] [main] [host-log] (local-1) [host] [2026-08-19 22:27:34.581] [pid:22368] [zcode-host] [rpc:call] off-peak-task.list OK (0.3ms)
[2026-08-19 22:28:34.587] [info] [pid:15020] [main] [host-log] (local-1) [host] [2026-08-19 22:28:34.587] [pid:22368] [zcode-host] [rpc:call] off-peak-task.list OK (0.2ms)
[2026-08-19 22:29:34.591] [info] [pid:15020] [main] [host-log] (local-1) [host] [2026-08-19 22:29:34.591] [pid:22368] [zcode-host] [rpc:call] off-peak-task.list OK (0.2ms)
[2026-08-19 22:30:34.587] [info] [pid:15020] [main] [host-log] (local-1) [host] [2026-08-19 22:30:34.587] [pid:22368] [zcode-host] [rpc:call] off-peak-task.list OK (0.3ms)
[2026-08-19 22:31:25.229] [info] [pid:15020] [main] [resource] perf_resource window flushed
[2026-08-19 22:31:25.230] [info] [pid:15020] [main] [network] perf_network flushed interfaces=1
[2026-08-19 22:31:34.575] [info] [pid:15020] [main] [host-log] (local-1) [host] [2026-08-19 22:31:34.574] [pid:22368] [zcode-host] [rpc:call] off-peak-task.list OK (0.1ms)
[2026-08-19 22:32:34.586] [info] [pid:15020] [main] [host-log] (local-1) [host] [2026-08-19 22:32:34.585] [pid:22368] [zcode-host] [rpc:call] off-peak-task.list OK (0.2ms)
[2026-08-19 22:33:34.580] [info] [pid:15020] [main] [host-log] (local-1) [host] [2026-08-19 22:33:34.579] [pid:22368] [zcode-host] [rpc:call] off-peak-task.list OK (0.3ms)
[2026-08-19 22:34:34.580] [info] [pid:15020] [main] [host-log] (local-1) [host] [2026-08-19 22:34:34.579] [pid:22368] [zcode-host] [rpc:call] off-peak-task.list OK (0.8ms)
[2026-08-19 22:35:34.583] [info] [pid:15020] [main] [host-log] (local-1) [host] [2026-08-19 22:35:34.582] [pid:22368] [zcode-host] [rpc:call] off-peak-task.list OK (0.3ms)
[2026-08-19 22:36:25.239] [info] [pid:15020] [main] [resource] perf_resource window flushed
[2026-08-19 22:36:25.240] [info] [pid:15020] [main] [network] perf_network flushed interfaces=1
[2026-08-19 22:36:34.597] [info] [pid:15020] [main] [host-log] (local-1) [host] [2026-08-19 22:36:34.596] [pid:22368] [zcode-host] [rpc:call] off-peak-task.list OK (0.5ms)
[2026-08-19 22:37:34.588] [info] [pid:15020] [main] [host-log] (local-1) [host] [2026-08-19 22:37:34.587] [pid:22368] [zcode-host] [rpc:call] off-peak-task.list OK (0.4ms)
[2026-08-19 22:38:34.589] [info] [pid:15020] [main] [host-log] (local-1) [host] [2026-08-19 22:38:34.587] [pid:22368] [zcode-host] [rpc:call] off-peak-task.list OK (0.6ms)
[2026-08-19 22:39:34.578] [info] [pid:15020] [main] [host-log] (local-1) [host] [2026-08-19 22:39:34.577] [pid:22368] [zcode-host] [rpc:call] off-peak-task.list OK (0.2ms)
[2026-08-19 22:40:34.585] [info] [pid:15020] [main] [host-log] (local-1) [host] [2026-08-19 22:40:34.585] [pid:22368] [zcode-host] [rpc:call] off-peak-task.list OK (0.3ms)
[2026-08-19 22:41:25.245] [info] [pid:15020] [main] [resource] perf_resource window flushed
[2026-08-19 22:41:25.245] [info] [pid:15020] [main] [network] perf_network flushed interfaces=1
[2026-08-19 22:41:34.586] [info] [pid:15020] [main] [host-log] (local-1) [host] [2026-08-19 22:41:34.585] [pid:22368] [zcode-host] [rpc:call] off-peak-task.list OK (0.1ms)
[2026-08-19 22:42:34.578] [info] [pid:15020] [main] [host-log] (local-1) [host] [2026-08-19 22:42:34.578] [pid:22368] [zcode-host] [rpc:call] off-peak-task.list OK (0.2ms)
[2026-08-19 22:43:34.578] [info] [pid:15020] [main] [host-log] (local-1) [host] [2026-08-19 22:43:34.576] [pid:22368] [zcode-host] [rpc:call] off-peak-task.list OK (0.3ms)
[2026-08-19 22:44:34.588] [info] [pid:15020] [main] [host-log] (local-1) [host] [2026-08-19 22:44:34.588] [pid:22368] [zcode-host] [rpc:call] off-peak-task.list OK (0.4ms)
[2026-08-19 22:45:34.590] [info] [pid:15020] [main] [host-log] (local-1) [host] [2026-08-19 22:45:34.589] [pid:22368] [zcode-host] [rpc:call] off-peak-task.list OK (0.3ms)
[2026-08-19 22:46:25.252] [info] [pid:15020] [main] [resource] perf_resource window flushed
[2026-08-19 22:46:25.253] [info] [pid:15020] [main] [network] perf_network flushed interfaces=1
[2026-08-19 22:46:34.577] [info] [pid:15020] [main] [host-log] (local-1) [host] [2026-08-19 22:46:34.576] [pid:22368] [zcode-host] [rpc:call] off-peak-task.list OK (0.1ms)
[2026-08-19 22:47:34.589] [info] [pid:15020] [main] [host-log] (local-1) [host] [2026-08-19 22:47:34.586] [pid:22368] [zcode-host] [rpc:call] off-peak-task.list OK (0.2ms)
[2026-08-19 22:48:34.591] [info] [pid:15020] [main] [host-log] (local-1) [host] [2026-08-19 22:48:34.591] [pid:22368] [zcode-host] [rpc:call] off-peak-task.list OK (0.3ms)
[2026-08-19 22:49:34.588] [info] [pid:15020] [main] [host-log] (local-1) [host] [2026-08-19 22:49:34.587] [pid:22368] [zcode-host] [rpc:call] off-peak-task.list OK (0.4ms)
[2026-08-19 22:50:34.576] [info] [pid:15020] [main] [host-log] (local-1) [host] [2026-08-19 22:50:34.576] [pid:22368] [zcode-host] [rpc:call] off-peak-task.list OK (0.2ms)
[2026-08-19 22:51:25.267] [info] [pid:15020] [main] [resource] perf_resource window flushed
[2026-08-19 22:51:25.267] [info] [pid:15020] [main] [network] perf_network flushed interfaces=1
[2026-08-19 22:51:34.577] [info] [pid:15020] [main] [host-log] (local-1) [host] [2026-08-19 22:51:34.577] [pid:22368] [zcode-host] [rpc:call] off-peak-task.list OK (0.3ms)
[2026-08-19 22:52:34.577] [info] [pid:15020] [main] [host-log] (local-1) [host] [2026-08-19 22:52:34.577] [pid:22368] [zcode-host] [rpc:call] off-peak-task.list OK (0.4ms)
[2026-08-19 22:52:42.035] [info] [pid:15020] [main] [auto-update] skip poll: state=update-available
[2026-08-19 22:53:34.579] [info] [pid:15020] [main] [host-log] (local-1) [host] [2026-08-19 22:53:34.580] [pid:22368] [zcode-host] [rpc:call] off-peak-task.list OK (0.2ms)
[2026-08-19 22:54:34.583] [info] [pid:15020] [main] [host-log] (local-1) [host] [2026-08-19 22:54:34.578] [pid:22368] [zcode-host] [rpc:call] off-peak-task.list OK (0.2ms)
[2026-08-19 22:55:34.586] [info] [pid:15020] [main] [host-log] (local-1) [host] [2026-08-19 22:55:34.584] [pid:22368] [zcode-host] [rpc:call] off-peak-task.list OK (0.3ms)
[2026-08-19 22:56:25.274] [info] [pid:15020] [main] [resource] perf_resource window flushed
[2026-08-19 22:56:25.274] [info] [pid:15020] [main] [network] perf_network flushed interfaces=1
[2026-08-19 22:56:34.595] [info] [pid:15020] [main] [host-log] (local-1) [host] [2026-08-19 22:56:34.595] [pid:22368] [zcode-host] [rpc:call] off-peak-task.list OK (0.3ms)
[2026-08-19 22:57:34.586] [info] [pid:15020] [main] [host-log] (local-1) [host] [2026-08-19 22:57:34.586] [pid:22368] [zcode-host] [rpc:call] off-peak-task.list OK (0.3ms)
[2026-08-19 22:58:34.584] [info] [pid:15020] [main] [host-log] (local-1) [host] [2026-08-19 22:58:34.582] [pid:22368] [zcode-host] [rpc:call] off-peak-task.list OK (0.4ms)
[2026-08-19 22:59:34.583] [info] [pid:15020] [main] [host-log] (local-1) [host] [2026-08-19 22:59:34.583] [pid:22368] [zcode-host] [rpc:call] off-peak-task.list OK (0.2ms)
[2026-08-19 23:00:34.590] [info] [pid:15020] [main] [host-log] (local-1) [host] [2026-08-19 23:00:34.589] [pid:22368] [zcode-host] [rpc:call] off-peak-task.list OK (0.2ms)
[2026-08-19 23:01:25.293] [info] [pid:15020] [main] [resource] perf_resource window flushed
[2026-08-19 23:01:25.293] [info] [pid:15020] [main] [network] perf_network flushed interfaces=1
[2026-08-19 23:01:34.579] [info] [pid:15020] [main] [host-log] (local-1) [host] [2026-08-19 23:01:34.578] [pid:22368] [zcode-host] [rpc:call] off-peak-task.list OK (0.2ms)
[2026-08-19 23:02:34.591] [info] [pid:15020] [main] [host-log] (local-1) [host] [2026-08-19 23:02:34.590] [pid:22368] [zcode-host] [rpc:call] off-peak-task.list OK (0.2ms)
[2026-08-19 23:03:34.593] [info] [pid:15020] [main] [host-log] (local-1) [host] [2026-08-19 23:03:34.585] [pid:22368] [zcode-host] [rpc:call] off-peak-task.list OK (0.3ms)
[2026-08-19 23:04:34.578] [info] [pid:15020] [main] [host-log] (local-1) [host] [2026-08-19 23:04:34.579] [pid:22368] [zcode-host] [rpc:call] off-peak-task.list OK (0.2ms)
[2026-08-19 23:05:34.574] [info] [pid:15020] [main] [host-log] (local-1) [host] [2026-08-19 23:05:34.575] [pid:22368] [zcode-host] [rpc:call] off-peak-task.list OK (0.2ms)
[2026-08-19 23:06:25.304] [info] [pid:15020] [main] [resource] perf_resource window flushed
[2026-08-19 23:06:25.304] [info] [pid:15020] [main] [network] perf_network flushed interfaces=1
[2026-08-19 23:06:34.579] [info] [pid:15020] [main] [host-log] (local-1) [host] [2026-08-19 23:06:34.580] [pid:22368] [zcode-host] [rpc:call] off-peak-task.list OK (0.2ms)
[2026-08-19 23:07:34.590] [info] [pid:15020] [main] [host-log] (local-1) [host] [2026-08-19 23:07:34.588] [pid:22368] [zcode-host] [rpc:call] off-peak-task.list OK (0.2ms)
[2026-08-19 23:08:34.592] [info] [pid:15020] [main] [host-log] (local-1) [host] [2026-08-19 23:08:34.591] [pid:22368] [zcode-host] [rpc:call] off-peak-task.list OK (0.3ms)
[2026-08-19 23:09:34.578] [info] [pid:15020] [main] [host-log] (local-1) [host] [2026-08-19 23:09:34.577] [pid:22368] [zcode-host] [rpc:call] off-peak-task.list OK (0.3ms)
[2026-08-19 23:10:34.593] [info] [pid:15020] [main] [host-log] (local-1) [host] [2026-08-19 23:10:34.593] [pid:22368] [zcode-host] [rpc:call] off-peak-task.list OK (0.5ms)
[2026-08-19 23:11:25.309] [info] [pid:15020] [main] [resource] perf_resource window flushed
[2026-08-19 23:11:25.309] [info] [pid:15020] [main] [network] perf_network flushed interfaces=1
[2026-08-19 23:11:34.597] [info] [pid:15020] [main] [host-log] (local-1) [host] [2026-08-19 23:11:34.596] [pid:22368] [zcode-host] [rpc:call] off-peak-task.list OK (0.3ms)
[2026-08-19 23:12:34.591] [info] [pid:15020] [main] [host-log] (local-1) [host] [2026-08-19 23:12:34.591] [pid:22368] [zcode-host] [rpc:call] off-peak-task.list OK (0.4ms)
[2026-08-19 23:13:34.591] [info] [pid:15020] [main] [host-log] (local-1) [host] [2026-08-19 23:13:34.586] [pid:22368] [zcode-host] [rpc:call] off-peak-task.list OK (5.2ms)
[2026-08-19 23:14:34.586] [info] [pid:15020] [main] [host-log] (local-1) [host] [2026-08-19 23:14:34.586] [pid:22368] [zcode-host] [rpc:call] off-peak-task.list OK (0.2ms)
[2026-08-19 23:15:34.589] [info] [pid:15020] [main] [host-log] (local-1) [host] [2026-08-19 23:15:34.588] [pid:22368] [zcode-host] [rpc:call] off-peak-task.list OK (0.3ms)
[2026-08-19 23:16:25.314] [info] [pid:15020] [main] [resource] perf_resource window flushed
[2026-08-19 23:16:25.325] [info] [pid:15020] [main] [network] perf_network flushed interfaces=1
[2026-08-19 23:16:34.581] [info] [pid:15020] [main] [host-log] (local-1) [host] [2026-08-19 23:16:34.581] [pid:22368] [zcode-host] [rpc:call] off-peak-task.list OK (0.1ms)
[2026-08-19 23:17:34.576] [info] [pid:15020] [main] [host-log] (local-1) [host] [2026-08-19 23:17:34.575] [pid:22368] [zcode-host] [rpc:call] off-peak-task.list OK (0.3ms)
[2026-08-19 23:18:34.597] [info] [pid:15020] [main] [host-log] (local-1) [host] [2026-08-19 23:18:34.597] [pid:22368] [zcode-host] [rpc:call] off-peak-task.list OK (0.2ms)
[2026-08-19 23:19:34.592] [info] [pid:15020] [main] [host-log] (local-1) [host] [2026-08-19 23:19:34.591] [pid:22368] [zcode-host] [rpc:call] off-peak-task.list OK (0.4ms)
[2026-08-19 23:20:34.586] [info] [pid:15020] [main] [host-log] (local-1) [host] [2026-08-19 23:20:34.577] [pid:22368] [zcode-host] [rpc:call] off-peak-task.list OK (0.1ms)
[2026-08-19 23:21:25.328] [info] [pid:15020] [main] [resource] perf_resource window flushed
[2026-08-19 23:21:25.329] [info] [pid:15020] [main] [network] perf_network flushed interfaces=1
[2026-08-19 23:21:34.589] [info] [pid:15020] [main] [host-log] (local-1) [host] [2026-08-19 23:21:34.588] [pid:22368] [zcode-host] [rpc:call] off-peak-task.list OK (1.3ms)
[2026-08-19 23:22:34.591] [info] [pid:15020] [main] [host-log] (local-1) [host] [2026-08-19 23:22:34.583] [pid:22368] [zcode-host] [rpc:call] off-peak-task.list OK (0.5ms)
[2026-08-19 23:23:34.582] [info] [pid:15020] [main] [host-log] (local-1) [host] [2026-08-19 23:23:34.581] [pid:22368] [zcode-host] [rpc:call] off-peak-task.list OK (0.4ms)
[2026-08-19 23:24:34.583] [info] [pid:15020] [main] [host-log] (local-1) [host] [2026-08-19 23:24:34.582] [pid:22368] [zcode-host] [rpc:call] off-peak-task.list OK (0.2ms)
[2026-08-19 23:25:34.582] [info] [pid:15020] [main] [host-log] (local-1) [host] [2026-08-19 23:25:34.582] [pid:22368] [zcode-host] [rpc:call] off-peak-task.list OK (0.3ms)
[2026-08-19 23:26:25.337] [info] [pid:15020] [main] [resource] perf_resource window flushed
[2026-08-19 23:26:25.338] [info] [pid:15020] [main] [network] perf_network flushed interfaces=1
[2026-08-19 23:26:34.593] [info] [pid:15020] [main] [host-log] (local-1) [host] [2026-08-19 23:26:34.592] [pid:22368] [zcode-host] [rpc:call] off-peak-task.list OK (0.1ms)
[2026-08-19 23:27:34.585] [info] [pid:15020] [main] [host-log] (local-1) [host] [2026-08-19 23:27:34.585] [pid:22368] [zcode-host] [rpc:call] off-peak-task.list OK (0.3ms)
[2026-08-19 23:28:34.592] [info] [pid:15020] [main] [host-log] (local-1) [host] [2026-08-19 23:28:34.591] [pid:22368] [zcode-host] [rpc:call] off-peak-task.list OK (0.2ms)
[2026-08-19 23:29:34.593] [info] [pid:15020] [main] [host-log] (local-1) [host] [2026-08-19 23:29:34.592] [pid:22368] [zcode-host] [rpc:call] off-peak-task.list OK (0.5ms)
[2026-08-19 23:30:34.602] [info] [pid:15020] [main] [host-log] (local-1) [host] [2026-08-19 23:30:34.601] [pid:22368] [zcode-host] [rpc:call] off-peak-task.list OK (0.3ms)
[2026-08-19 23:31:25.347] [info] [pid:15020] [main] [resource] perf_resource window flushed
[2026-08-19 23:31:25.350] [info] [pid:15020] [main] [network] perf_network flushed interfaces=1
[2026-08-19 23:31:34.582] [info] [pid:15020] [main] [host-log] (local-1) [host] [2026-08-19 23:31:34.582] [pid:22368] [zcode-host] [rpc:call] off-peak-task.list OK (0.2ms)
[2026-08-19 23:32:34.587] [info] [pid:15020] [main] [host-log] (local-1) [host] [2026-08-19 23:32:34.585] [pid:22368] [zcode-host] [rpc:call] off-peak-task.list OK (0.2ms)
[2026-08-19 23:33:34.577] [info] [pid:15020] [main] [host-log] (local-1) [host] [2026-08-19 23:33:34.576] [pid:22368] [zcode-host] [rpc:call] off-peak-task.list OK (0.2ms)
[2026-08-19 23:34:34.583] [info] [pid:15020] [main] [host-log] (local-1) [host] [2026-08-19 23:34:34.583] [pid:22368] [zcode-host] [rpc:call] off-peak-task.list OK (0.3ms)
[2026-08-19 23:35:34.579] [info] [pid:15020] [main] [host-log] (local-1) [host] [2026-08-19 23:35:34.579] [pid:22368] [zcode-host] [rpc:call] off-peak-task.list OK (0.3ms)
[2026-08-19 23:36:25.364] [info] [pid:15020] [main] [resource] perf_resource window flushed
[2026-08-19 23:36:25.365] [info] [pid:15020] [main] [network] perf_network flushed interfaces=1
[2026-08-19 23:36:34.580] [info] [pid:15020] [main] [host-log] (local-1) [host] [2026-08-19 23:36:34.579] [pid:22368] [zcode-host] [rpc:call] off-peak-task.list OK (0.1ms)
[2026-08-19 23:37:34.590] [info] [pid:15020] [main] [host-log] (local-1) [host] [2026-08-19 23:37:34.589] [pid:22368] [zcode-host] [rpc:call] off-peak-task.list OK (0.3ms)
[2026-08-19 23:38:34.582] [info] [pid:15020] [main] [host-log] (local-1) [host] [2026-08-19 23:38:34.582] [pid:22368] [zcode-host] [rpc:call] off-peak-task.list OK (0.3ms)
[2026-08-19 23:39:34.594] [info] [pid:15020] [main] [host-log] (local-1) [host] [2026-08-19 23:39:34.593] [pid:22368] [zcode-host] [rpc:call] off-peak-task.list OK (4.8ms)
[2026-08-19 23:40:34.582] [info] [pid:15020] [main] [host-log] (local-1) [host] [2026-08-19 23:40:34.581] [pid:22368] [zcode-host] [rpc:call] off-peak-task.list OK (0.2ms)
[2026-08-19 23:41:25.381] [info] [pid:15020] [main] [resource] perf_resource window flushed
[2026-08-19 23:41:25.382] [info] [pid:15020] [main] [network] perf_network flushed interfaces=1
[2026-08-19 23:41:34.600] [info] [pid:15020] [main] [host-log] (local-1) [host] [2026-08-19 23:41:34.598] [pid:22368] [zcode-host] [rpc:call] off-peak-task.list OK (0.2ms)
[2026-08-19 23:42:34.596] [info] [pid:15020] [main] [host-log] (local-1) [host] [2026-08-19 23:42:34.596] [pid:22368] [zcode-host] [rpc:call] off-peak-task.list OK (0.2ms)
[2026-08-19 23:43:34.589] [info] [pid:15020] [main] [host-log] (local-1) [host] [2026-08-19 23:43:34.582] [pid:22368] [zcode-host] [rpc:call] off-peak-task.list OK (0.4ms)
[2026-08-19 23:44:34.581] [info] [pid:15020] [main] [host-log] (local-1) [host] [2026-08-19 23:44:34.581] [pid:22368] [zcode-host] [rpc:call] off-peak-task.list OK (0.2ms)
[2026-08-19 23:44:35.034] [info] [pid:23772] [main] [crash-capture] configured remoteCrashReporterEnabled=true stagingDir=C:\Users\llh04\.zcode\v2\crash\live archiveDir=C:\Users\llh04\.zcode\v2\crash\archive
[2026-08-19 23:44:35.057] [info] [pid:23772] [main] [deep-link] 注册协议成功 {"scheme":"zcode"}
[2026-08-19 23:44:35.229] [info] [pid:23772] [main] [startup] runtime process env prepared asynchronously id=1 in 181ms
[2026-08-19 23:44:35.230] [info] [pid:23772] [main] [arms] electron initialized env=prod version=3.7.7
[2026-08-19 23:44:35.524] [info] [pid:23772] [main] [cron-scheduler] forked scheduler process pid=undefined
[2026-08-19 23:44:35.591] [info] [pid:23772] [main] [cron-scheduler] scheduler process exited code=0
[2026-08-19 23:44:39.623] [info] [pid:15020] [main] [auto-update] update status window dom-ready
[2026-08-19 23:44:39.645] [info] [pid:15020] [main] [auto-update] update status window shown visible=true focused=true bounds={"x":512,"y":304,"width":512,"height":206}
[2026-08-19 23:44:39.680] [info] [pid:15020] [main] [auto-update] update status window shown visible=true focused=true bounds={"x":512,"y":304,"width":512,"height":206}
[2026-08-19 23:44:43.766] [info] [pid:15020] [main] Downloading update from https://cdn-zcode.z.ai/zcode/electron/releases/3.8.1/windows-x64/ZCode-3.8.1-win-x64.exe
[2026-08-19 23:44:43.780] [debug] [pid:15020] [main] updater cache dir: C:\Users\llh04\AppData\Local\@zcodedesktop-updater
[2026-08-19 23:44:43.783] [warn] [pid:15020] [main] disableWebInstaller is set to false, you should set it to true if you do not plan on using a web installer. This will default to true in a future version.
[2026-08-19 23:44:43.784] [info] [pid:15020] [main] Download block maps (old: "https://cdn-zcode.z.ai/zcode/electron/releases/3.7.7/windows-x64/ZCode-3.7.7-win-x64.exe.blockmap", new: https://cdn-zcode.z.ai/zcode/electron/releases/3.8.1/windows-x64/ZCode-3.8.1-win-x64.exe.blockmap)
[2026-08-19 23:44:43.805] [info] [pid:15020] [main] [host-log] (local-1) [host] [2026-08-19 23:44:43.805] [pid:22368] [zcode-host] [rpc:call] setting.get OK (33.7ms)
[2026-08-19 23:44:44.077] [debug] [pid:15020] [main] 0pnjZnzC0eFN/tHUnxQ+xHyG duplicated in blockmap (same size), it doesn't lead to broken differential downloader, just corresponding block will be skipped)
[2026-08-19 23:44:44.079] [info] [pid:15020] [main] File has 2685 changed blocks
[2026-08-19 23:44:44.079] [debug] [pid:15020] [main] [
  {
    "kind": 1,
    "start": 0,
    "end": 15450
  },
  {
    "kind": 0,
    "start": 15450,
    "end": 23693
  },
  {
    "kind": 1,
    "start": 23693,
    "end": 45568
  },
  {
    "kind": 0,
    "start": 45568,
    "end": 87686
  },
  {
    "kind": 1,
    "start": 87686,
    "end": 184334
  },
  {
    "kind": 0,
    "start": 184331,
    "end": 253984
  },
  {
    "kind": 1,
    "start": 253987,
    "end": 285507
  },
  {
    "kind": 0,
    "start": 285504,
    "end": 4779001
  },
  {
    "kind": 1,
    "start": 4779004,
    "end": 46870291
  },
  {
    "kind": 0,
    "start": 47119985,
    "end": 47152753
  },
  {
    "kind": 1,
    "start": 46903059,
    "end": 46935827
  },
  {
    "kind": 0,
    "start": 47185521,
    "end": 47207401
  },
  {
    "kind": 1,
    "start": 46957707,
    "end": 52350265
  },
  {
    "kind": 0,
    "start": 52512081,
    "end": 52788742
  },
  {
    "kind": 1,
    "start": 52626926,
    "end": 52830047
  },
  {
    "kind": 0,
    "start": 53083039,
    "end": 53102287
  },
  {
    "kind": 1,
    "start": 52849295,
    "end": 53900049
  },
  {
    "kind": 0,
    "start": 54140317,
    "end": 54219516
  },
  {
    "kind": 1,
    "start": 53979248,
    "end": 54096491
  },
  {
    "kind": 0,
    "start": 54310023,
    "end": 54333226
  },
  {
    "kind": 1,
    "start": 54119694,
    "end": 54268863
  },
  {
    "kind": 0,
    "start": 54467345,
    "end": 54483339
  },
  {
    "kind": 1,
    "start": 54284857,
    "end": 54313154
  },
  {
    "kind": 0,
    "start": 54510593,
    "end": 54522713
  },
  {
    "kind": 1,
    "start": 54325274,
    "end": 54642272
  },
  {
    "kind": 0,
    "start": 54754228,
    "end": 54782763
  },
  {
    "kind": 1,
    "start": 54670807,
    "end": 56619647
  },
  {
    "kind": 0,
    "start": 56816104,
    "end": 76056332
  },
  {
    "kind": 1,
    "start": 75859875,
    "end": 76481448
  },
  {
    "kind": 0,
    "start": 76677960,
    "end": 76756064
  },
  {
    "kind": 1,
    "start": 76559552,
    "end": 78709531
  },
  {
    "kind": 0,
    "start": 78904237,
    "end": 78969531
  },
  {
    "kind": 1,
    "start": 78774825,
    "end": 78788689
  },
  {
    "kind": 0,
    "start": 78983395,
    "end": 78998941
  },
  {
    "kind": 1,
    "start": 78804235,
    "end": 78852905
  },
  {
    "kind": 0,
    "start": 79047607,
    "end": 79080375
  },
  {
    "kind": 1,
    "start": 78885673,
    "end": 79742991
  },
  {
    "kind": 0,
    "start": 79937859,
    "end": 81446495
  },
  {
    "kind": 1,
    "start": 81251627,
    "end": 82264089
  },
  {
    "kind": 0,
    "start": 82458957,
    "end": 141758614
  },
  {
    "kind": 1,
    "start": 141563746,
    "end": 141781808
  },
  {
    "kind": 0,
    "start": 141976722,
    "end": 142238982
  },
  {
    "kind": 1,
    "start": 142044068,
    "end": 142072297
  },
  {
    "kind": 0,
    "start": 142267210,
    "end": 147288368
  },
  {
    "kind": 1,
    "start": 147093455,
    "end": 147116318
  },
  {
    "kind": 0,
    "start": 147310713,
    "end": 147542145
  },
  {
    "kind": 1,
    "start": 147347750,
    "end": 147393199
  },
  {
    "kind": 0,
    "start": 56768,
    "end": 71087
  },
  {
    "kind": 1,
    "start": 147407518,
    "end": 147566712
  }
]
[2026-08-19 23:44:44.086] [info] [pid:15020] [main] Full: 144,108.12 KB, To download: 55,345.89 KB (38%)
[2026-08-19 23:44:44.089] [info] [pid:15020] [main] Differential download: https://cdn-zcode.z.ai/zcode/electron/releases/3.8.1/windows-x64/ZCode-3.8.1-win-x64.exe
[2026-08-19 23:44:44.090] [debug] [pid:15020] [main] download range: bytes=0-15449
[2026-08-19 23:44:44.138] [info] [pid:15020] [main] [auto-update] download progress: 0.0% (308 KB/s, 0.0/54.0 MB)
[2026-08-19 23:44:44.144] [info] [pid:15020] [main] [force-update] 自动升级下载进度 0%
[2026-08-19 23:44:44.145] [debug] [pid:15020] [main] download range: bytes=23693-45567
[2026-08-19 23:44:44.179] [info] [pid:15020] [main] [auto-update] download progress: 0.1% (405 KB/s, 0.0/54.0 MB)
[2026-08-19 23:44:44.180] [debug] [pid:15020] [main] download range: bytes=87686-184333
[2026-08-19 23:44:44.209] [info] [pid:15020] [main] [auto-update] download progress: 0.2% (1090 KB/s, 0.1/54.0 MB)
[2026-08-19 23:44:44.210] [debug] [pid:15020] [main] download range: bytes=253987-285506
[2026-08-19 23:44:44.239] [info] [pid:15020] [main] [auto-update] download progress: 0.3% (1077 KB/s, 0.2/54.0 MB)
[2026-08-19 23:44:44.255] [debug] [pid:15020] [main] download range: bytes=4779004-46870290
[2026-08-19 23:44:45.105] [info] [pid:15020] [main] [auto-update] download progress: 8.2% (4488 KB/s, 4.5/54.0 MB)
[2026-08-19 23:44:46.105] [info] [pid:15020] [main] [auto-update] download progress: 16.7% (4595 KB/s, 9.0/54.0 MB)
[2026-08-19 23:44:46.107] [info] [pid:15020] [main] [force-update] 自动升级下载进度 17%
[2026-08-19 23:44:47.116] [info] [pid:15020] [main] [auto-update] download progress: 28.9% (5284 KB/s, 15.6/54.0 MB)
[2026-08-19 23:44:47.119] [info] [pid:15020] [main] [force-update] 自动升级下载进度 29%
[2026-08-19 23:44:48.120] [info] [pid:15020] [main] [auto-update] download progress: 40.5% (5556 KB/s, 21.9/54.0 MB)
[2026-08-19 23:44:48.121] [info] [pid:15020] [main] [force-update] 自动升级下载进度 40%
[2026-08-19 23:44:49.127] [info] [pid:15020] [main] [auto-update] download progress: 52.0% (5713 KB/s, 28.1/54.0 MB)
[2026-08-19 23:44:49.131] [info] [pid:15020] [main] [force-update] 自动升级下载进度 52%
[2026-08-19 23:44:50.133] [info] [pid:15020] [main] [auto-update] download progress: 63.9% (5852 KB/s, 34.5/54.0 MB)
[2026-08-19 23:44:50.137] [info] [pid:15020] [main] [force-update] 自动升级下载进度 64%
[2026-08-19 23:44:51.073] [info] [pid:15020] [main] [auto-update] download progress: 74.6% (5909 KB/s, 40.3/54.0 MB)
[2026-08-19 23:44:51.075] [info] [pid:15020] [main] [force-update] 自动升级下载进度 75%
[2026-08-19 23:44:51.077] [debug] [pid:15020] [main] download range: bytes=46903059-46935826
[2026-08-19 23:44:51.106] [info] [pid:15020] [main] [auto-update] download progress: 74.6% (5885 KB/s, 40.3/54.0 MB)
[2026-08-19 23:44:51.106] [debug] [pid:15020] [main] download range: bytes=46957707-52350264
[2026-08-19 23:44:51.134] [info] [pid:15020] [main] [auto-update] download progress: 74.8% (5876 KB/s, 40.4/54.0 MB)
[2026-08-19 23:44:51.981] [info] [pid:15020] [main] [auto-update] download progress: 84.1% (5900 KB/s, 45.5/54.0 MB)
[2026-08-19 23:44:51.983] [info] [pid:15020] [main] [force-update] 自动升级下载进度 84%
[2026-08-19 23:44:51.987] [debug] [pid:15020] [main] download range: bytes=52626926-52830046
[2026-08-19 23:44:52.048] [info] [pid:15020] [main] [auto-update] download progress: 84.5% (5875 KB/s, 45.7/54.0 MB)
[2026-08-19 23:44:52.053] [debug] [pid:15020] [main] download range: bytes=52849295-53900048
[2026-08-19 23:44:52.145] [info] [pid:15020] [main] [auto-update] download progress: 85.6% (5882 KB/s, 46.3/54.0 MB)
[2026-08-19 23:44:52.212] [info] [pid:15020] [main] [auto-update] download progress: 86.3% (5883 KB/s, 46.7/54.0 MB)
[2026-08-19 23:44:52.216] [debug] [pid:15020] [main] download range: bytes=53979248-54096490
[2026-08-19 23:44:52.265] [info] [pid:15020] [main] [auto-update] download progress: 86.6% (5859 KB/s, 46.8/54.0 MB)
[2026-08-19 23:44:52.269] [debug] [pid:15020] [main] download range: bytes=54119694-54268862
[2026-08-19 23:44:52.304] [info] [pid:15020] [main] [auto-update] download progress: 86.8% (5849 KB/s, 46.9/54.0 MB)
[2026-08-19 23:44:52.306] [debug] [pid:15020] [main] download range: bytes=54284857-54313153
[2026-08-19 23:44:52.329] [info] [pid:15020] [main] [auto-update] download progress: 86.9% (5835 KB/s, 47.0/54.0 MB)
[2026-08-19 23:44:52.331] [debug] [pid:15020] [main] download range: bytes=54325274-54642271
[2026-08-19 23:44:52.390] [info] [pid:15020] [main] [auto-update] download progress: 87.4% (5829 KB/s, 47.3/54.0 MB)
[2026-08-19 23:44:52.393] [debug] [pid:15020] [main] download range: bytes=54670807-56619646
[2026-08-19 23:44:52.833] [info] [pid:15020] [main] [auto-update] download progress: 90.9% (5751 KB/s, 49.1/54.0 MB)
[2026-08-19 23:44:52.836] [info] [pid:15020] [main] [force-update] 自动升级下载进度 91%
[2026-08-19 23:44:53.094] [debug] [pid:15020] [main] download range: bytes=75859875-76481447
[2026-08-19 23:44:53.150] [info] [pid:15020] [main] [auto-update] download progress: 91.1% (5566 KB/s, 49.3/54.0 MB)
[2026-08-19 23:44:53.228] [info] [pid:15020] [main] [auto-update] download progress: 92.0% (5569 KB/s, 49.7/54.0 MB)
[2026-08-19 23:44:53.234] [debug] [pid:15020] [main] download range: bytes=76559552-78709530
[2026-08-19 23:44:53.640] [info] [pid:15020] [main] [auto-update] download progress: 95.8% (5549 KB/s, 51.8/54.0 MB)
[2026-08-19 23:44:53.645] [debug] [pid:15020] [main] download range: bytes=78774825-78788688
[2026-08-19 23:44:53.669] [info] [pid:15020] [main] [auto-update] download progress: 95.8% (5533 KB/s, 51.8/54.0 MB)
[2026-08-19 23:44:53.671] [debug] [pid:15020] [main] download range: bytes=78804235-78852904
[2026-08-19 23:44:53.703] [info] [pid:15020] [main] [auto-update] download progress: 95.9% (5519 KB/s, 51.8/54.0 MB)
[2026-08-19 23:44:53.704] [debug] [pid:15020] [main] download range: bytes=78885673-79742990
[2026-08-19 23:44:53.913] [info] [pid:15020] [main] [auto-update] download progress: 97.4% (5486 KB/s, 52.6/54.0 MB)
[2026-08-19 23:44:53.935] [debug] [pid:15020] [main] download range: bytes=81251627-82264088
[2026-08-19 23:44:54.138] [info] [pid:15020] [main] [auto-update] download progress: 99.2% (5462 KB/s, 53.6/54.0 MB)
[2026-08-19 23:44:54.390] [debug] [pid:15020] [main] download range: bytes=141563746-141781807
[2026-08-19 23:44:54.469] [info] [pid:15020] [main] [auto-update] download progress: 99.2% (5289 KB/s, 53.6/54.0 MB)
[2026-08-19 23:44:54.491] [info] [pid:15020] [main] [auto-update] download progress: 99.5% (5297 KB/s, 53.8/54.0 MB)
[2026-08-19 23:44:54.493] [info] [pid:15020] [main] [force-update] 自动升级下载进度 100%
[2026-08-19 23:44:54.496] [debug] [pid:15020] [main] download range: bytes=142044068-142072296
[2026-08-19 23:44:54.521] [info] [pid:15020] [main] [auto-update] download progress: 99.6% (5284 KB/s, 53.8/54.0 MB)
[2026-08-19 23:44:54.538] [debug] [pid:15020] [main] download range: bytes=147093455-147116317
[2026-08-19 23:44:54.567] [info] [pid:15020] [main] [auto-update] download progress: 99.6% (5263 KB/s, 53.9/54.0 MB)
[2026-08-19 23:44:54.568] [debug] [pid:15020] [main] download range: bytes=147347750-147393198
[2026-08-19 23:44:54.603] [info] [pid:15020] [main] [auto-update] download progress: 99.7% (5249 KB/s, 53.9/54.0 MB)
[2026-08-19 23:44:54.603] [debug] [pid:15020] [main] download range: bytes=147407518-147566711
[2026-08-19 23:44:54.734] [info] [pid:15020] [main] [auto-update] download progress: 100.0% (5199 KB/s, 54.0/54.0 MB)
[2026-08-19 23:44:54.738] [info] [pid:15020] [main] New version 3.8.1 has been downloaded to C:\Users\llh04\AppData\Local\@zcodedesktop-updater\pending\ZCode-3.8.1-win-x64.exe
[2026-08-19 23:44:54.740] [info] [pid:15020] [main] [auto-update] downloaded: 3.8.1, waiting for explicit install
[2026-08-19 23:44:54.745] [info] [pid:15020] [main] [auto-update] sync ready update to window 2: 3.8.1
[2026-08-19 23:44:54.746] [info] [pid:15020] [main] [auto-update] sync ready update to window 1: 3.8.1
[2026-08-19 23:44:54.770] [info] [pid:15020] [main] [auto-update] persisted post-update release notes (update-downloaded) version=3.8.1
[2026-08-19 23:44:56.343] [info] [pid:15020] [main] [auto-update] user requested quit and install
[2026-08-19 23:44:56.346] [info] [pid:15020] [main] [app-quit] forceQuit enabled (auto-update quitAndInstall)
[2026-08-19 23:44:56.348] [info] [pid:15020] [main] [stability] perf_app_exit reported {"scene":"update_install","exitCode":0}
[2026-08-19 23:44:56.349] [info] [pid:15020] [main] [app-quit] waiting for host process cleanup (auto-update quitAndInstall), kind=update-install, hosts=1, forceKillDelayMs=7500, waitTimeoutMs=9000
[2026-08-19 23:44:56.350] [info] [pid:15020] [main] [disposeHostProcess] disposing host process (auto-update quitAndInstall-1), pid=22368
[2026-08-19 23:44:56.383] [info] [pid:15020] [main] [host-log] (local-1) [host] [2026-08-19 23:44:56.383] [pid:22368] [zcode-host] disposing host resources, reason=parent dispose
[2026-08-19 23:44:56.402] [info] [pid:15020] [main] [cron-scheduler] scheduler process exited code=0
[2026-08-19 23:44:56.506] [warn] [pid:15020] [main] [host-log] (local-1) [host] [2026-08-19 23:44:56.503] [pid:22368] [zcode-task-index-syncer] 清理 task index sessions-index 订阅失败 workspace=C:\Users\llh04\.zcode\workspace\default {"name":"Error","message":"ZCode Protocol client is disposed","stack":"Error: ZCode Protocol client is disposed\n    at ZCodeProtocolClient.assertNotDisposed (file:///D:/zcode/resources/app.asar/out/host/index.js:1004:12471)\n    at ZCodeProtocolClient.request (file:///D:/zcode/resources/app.asar/out/host/index.js:1004:10198)\n    at unsubscribeV4Route (file:///D:/zcode/resources/app.asar/out/host/index.js:1045:35321)\n    at process.processTicksAndRejections (node:internal/process/task_queues:104:5)\n    at async Object.unsubscribeSessionsIndexV4 (file:///D:/zcode/resources/app.asar/out/host/index.js:1045:91591)\n    at async unsubscribeIndex (file:///D:/zcode/resources/app.asar/out/host/index.js:1501:21065)"}
[2026-08-19 23:44:56.507] [warn] [pid:15020] [main] [host-log] (local-1) [host] [2026-08-19 23:44:56.507] [pid:22368] [zcode-task-index-syncer] 清理 task index workspace-config 订阅失败 workspace=C:\Users\llh04\.zcode\workspace\default {"name":"Error","message":"ZCode Protocol client is disposed","stack":"Error: ZCode Protocol client is disposed\n    at ZCodeProtocolClient.assertNotDisposed (file:///D:/zcode/resources/app.asar/out/host/index.js:1004:12471)\n    at ZCodeProtocolClient.request (file:///D:/zcode/resources/app.asar/out/host/index.js:1004:10198)\n    at unsubscribeV4Route (file:///D:/zcode/resources/app.asar/out/host/index.js:1045:35321)\n    at process.processTicksAndRejections (node:internal/process/task_queues:104:5)\n    at async Object.unsubscribeWorkspaceConfigV4 (file:///D:/zcode/resources/app.asar/out/host/index.js:1045:92120)\n    at async unsubscribeConfig (file:///D:/zcode/resources/app.asar/out/host/index.js:1501:21334)"}
[2026-08-19 23:44:56.508] [warn] [pid:15020] [main] [host-log] (local-1) [host] [2026-08-19 23:44:56.507] [pid:22368] [zcode-task-index-syncer] 清理 task index sessions-index 订阅失败 workspace=D:\公考\图形推理详解 {"name":"Error","message":"ZCode Protocol client is disposed","stack":"Error: ZCode Protocol client is disposed\n    at ZCodeProtocolClient.assertNotDisposed (file:///D:/zcode/resources/app.asar/out/host/index.js:1004:12471)\n    at ZCodeProtocolClient.request (file:///D:/zcode/resources/app.asar/out/host/index.js:1004:10198)\n    at unsubscribeV4Route (file:///D:/zcode/resources/app.asar/out/host/index.js:1045:35321)\n    at process.processTicksAndRejections (node:internal/process/task_queues:104:5)\n    at async Object.unsubscribeSessionsIndexV4 (file:///D:/zcode/resources/app.asar/out/host/index.js:1045:91591)\n    at async unsubscribeIndex (file:///D:/zcode/resources/app.asar/out/host/index.js:1501:21065)"}
[2026-08-19 23:44:56.509] [warn] [pid:15020] [main] [host-log] (local-1) [host] [2026-08-19 23:44:56.507] [pid:22368] [zcode-task-index-syncer] 清理 task index workspace-config 订阅失败 workspace=D:\公考\图形推理详解 {"name":"Error","message":"ZCode Protocol client is disposed","stack":"Error: ZCode Protocol client is disposed\n    at ZCodeProtocolClient.assertNotDisposed (file:///D:/zcode/resources/app.asar/out/host/index.js:1004:12471)\n    at ZCodeProtocolClient.request (file:///D:/zcode/resources/app.asar/out/host/index.js:1004:10198)\n    at unsubscribeV4Route (file:///D:/zcode/resources/app.asar/out/host/index.js:1045:35321)\n    at process.processTicksAndRejections (node:internal/process/task_queues:104:5)\n    at async Object.unsubscribeWorkspaceConfigV4 (file:///D:/zcode/resources/app.asar/out/host/index.js:1045:92120)\n    at async unsubscribeConfig (file:///D:/zcode/resources/app.asar/out/host/index.js:1501:21334)"}
[2026-08-19 23:44:57.264] [info] [pid:15020] [main] [host-log] (local-1) [host] [2026-08-19 23:44:57.263] [pid:22368] [zcode-host] [rpc:call] off-peak-task.list OK (0.2ms)
[2026-08-19 23:44:57.470] [info] [pid:15020] [main] [host-log] (local-1) [host] [2026-08-19 23:44:57.470] [pid:22368] [zcode-agent] ZCode agent process exited {"workspaceKey":"C:\\Users\\llh04\\.zcode\\workspace\\default","pid":13848,"runtimeIdentity":"C:\\Users\\llh04\\.zcode\\workspace\\default:1:13848","code":0,"signal":null,"terminationKind":"expected","terminationReason":"manager-dispose"}
[2026-08-19 23:44:57.474] [info] [pid:15020] [main] [host-log] (local-1) [host] [2026-08-19 23:44:57.474] [pid:22368] [zcode-agent] ZCode agent process cleanup completed {"workspaceKey":"C:\\Users\\llh04\\.zcode\\workspace\\default","pid":13848,"runtimeIdentity":"C:\\Users\\llh04\\.zcode\\workspace\\default:1:13848","reason":"manager-dispose"}
[2026-08-19 23:44:57.777] [error] [pid:15020] [main] [host-log] (local-1) [host] [2026-08-19 23:44:57.777] [pid:22368] [zcode-agent] ZCode agent process cleanup failed {"workspaceKey":"D:\\公考\\图形推理详解","pid":35880,"runtimeIdentity":"D:\\公考\\图形推理详解:1:35880","reason":"manager-dispose","error":{}}
[2026-08-19 23:44:57.779] [warn] [pid:15020] [main] [host-log] (local-1) [host] [2026-08-19 23:44:57.778] [pid:22368] [zcode-agent] ZCode agent process cleanup retrying during manager dispose {"workspaceKey":"D:\\公考\\图形推理详解","pid":35880,"runtimeIdentity":"D:\\公考\\图形推理详解:1:35880","error":{}}
[2026-08-19 23:44:57.818] [info] [pid:15020] [main] [host-log] (local-1) [host] [2026-08-19 23:44:57.818] [pid:22368] [zcode-agent] ZCode agent process exited {"workspaceKey":"D:\\公考\\图形推理详解","pid":35880,"runtimeIdentity":"D:\\公考\\图形推理详解:1:35880","code":0,"signal":null,"terminationKind":"expected","terminationReason":"manager-dispose"}
[2026-08-19 23:44:57.818] [info] [pid:15020] [main] [host-log] (local-1) [host] [2026-08-19 23:44:57.818] [pid:22368] [zcode-agent] ZCode agent process cleanup completed {"workspaceKey":"D:\\公考\\图形推理详解","pid":35880,"runtimeIdentity":"D:\\公考\\图形推理详解:1:35880","reason":"manager-dispose-retry"}
[2026-08-19 23:44:57.838] [info] [pid:15020] [main] [task-realtime] unregistered host {"hostId":"a2ca5c2b-9072-4614-ab22-3a03f7941949","windowId":1}
[2026-08-19 23:44:57.839] [info] [pid:15020] [main] [spawnHostProcess] host process (local-1) exited with code 0
[2026-08-19 23:44:57.839] [info] [pid:15020] [main] [app-quit] host process cleanup completed (auto-update quitAndInstall)
[2026-08-19 23:44:57.839] [info] [pid:15020] [main] [auto-update] preparing Windows update install: trackedAgent=0
[2026-08-19 23:44:57.841] [info] [pid:15020] [main] [auto-update] Windows packaged resources snapshot (before-dispose): [{"dir":"glm","path":"D:\\zcode\\resources\\glm","exists":true,"entries":[".node-bundle-meta.json","packages/","zcode.cjs"]},{"dir":"tools","path":"D:\\zcode\\resources\\tools","exists":true,"entries":["ripgrep/","ugrep/"]}]
[2026-08-19 23:44:58.388] [info] [pid:15020] [main] [auto-update] Windows resource lock scan: matches=0 trackedAgent=0 details=[]
[2026-08-19 23:44:58.410] [info] [pid:15020] [main] [auto-update] Windows packaged resources writable probe (no-lock-processes): [{"dir":"glm","path":"D:\\zcode\\resources\\glm","exists":true,"writable":true},{"dir":"tools","path":"D:\\zcode\\resources\\tools","exists":true,"writable":true}]
[2026-08-19 23:44:58.410] [info] [pid:15020] [main] Install on explicit quitAndInstall
[2026-08-19 23:44:58.411] [info] [pid:15020] [main] Install: isSilent: false, isForceRunAfter: true
[2026-08-19 23:44:58.411] [info] [pid:15020] [main] Executing: C:\Users\llh04\AppData\Local\@zcodedesktop-updater\pending\ZCode-3.8.1-win-x64.exe with args: --updated,--force-run
[2026-08-19 23:44:59.105] [info] [pid:15020] [main] [createWindow] window closed, killing host process (local-1)
[2026-08-19 23:45:31.068] [info] [pid:37884] [main] [crash-capture] configured remoteCrashReporterEnabled=true stagingDir=C:\Users\llh04\.zcode\v2\crash\live archiveDir=C:\Users\llh04\.zcode\v2\crash\archive
[2026-08-19 23:45:31.088] [info] [pid:37884] [main] [deep-link] 注册协议成功 {"scheme":"zcode"}
[2026-08-19 23:45:31.129] [info] [pid:37884] [main] [startup] runtime process env prepared asynchronously id=1 in 49ms
[2026-08-19 23:45:31.130] [info] [pid:37884] [main] [arms] electron initialized env=prod version=3.8.1
[2026-08-19 23:45:31.353] [info] [pid:37884] [main] [cron-scheduler] forked scheduler process pid=undefined
[2026-08-19 23:45:31.704] [info] [pid:37884] [main] [open-folder] Windows Explorer 右键菜单已安装或更新 {"executablePath":"D:\\zcode\\ZCode.exe","hasDefaultAppEntry":false,"locale":"zh-CN"}
[2026-08-19 23:45:31.706] [info] [pid:37884] [main] [desktop-network] renderer proxy mode=direct bypass=disabled customCa=disabled insecureCerts=rejected
[2026-08-19 23:45:31.707] [warn] [pid:37884] [main] [desktop-context-prompt] config unavailable, using cached decision {"error":{},"enabled":false}
[2026-08-19 23:45:31.709] [info] [pid:37884] [main] [desktop-network] renderer proxy mode=system bypass=disabled customCa=disabled insecureCerts=rejected
[2026-08-19 23:45:31.710] [info] [pid:37884] [main] [auto-update] hydrated pending post-update release notes version=3.8.1
[2026-08-19 23:45:31.712] [warn] [pid:37884] [main] [startup] Windows bundled runtime missing providers: glm resources=[{"dir":"glm","path":"D:\\zcode\\resources\\glm","exists":true,"entries":[".node-bundle-meta.json","packages/","zcode.cjs"]},{"dir":"tools","path":"D:\\zcode\\resources\\tools","exists":true,"entries":["ripgrep/","ugrep/"]}]
[2026-08-19 23:45:31.713] [info] [pid:37884] [main] [auto-update] initializing, current version: 3.8.1
[2026-08-19 23:45:31.714] [info] [pid:37884] [main] [auto-update] service manifest provider applied platform=windows-x86_64
[2026-08-19 23:45:32.428] [info] [pid:37884] [main] [resource] sampling started interval=10000ms report=300000ms
[2026-08-19 23:45:32.429] [info] [pid:37884] [main] [network] reporting started interval=300000ms
[2026-08-19 23:45:32.431] [info] [pid:37884] [main] [cron-scheduler] cron scheduler started
[2026-08-19 23:45:32.434] [info] [pid:37884] [main] Checking for update
[2026-08-19 23:45:32.434] [info] [pid:37884] [main] [auto-update] checking for update...
[2026-08-19 23:45:32.656] [info] [pid:37884] [main] [startup] 创建主窗口
[2026-08-19 23:45:32.656] [info] [pid:37884] [main] [primary-window] creating main window (app-ready)
[2026-08-19 23:45:32.826] [info] [pid:37884] [main] Update for version 3.8.1 is not available (latest version: 3.8.1, downgrade is disallowed).
[2026-08-19 23:45:32.826] [info] [pid:37884] [main] [auto-update] already up to date (local=3.8.1, remote=3.8.1)
[2026-08-19 23:45:33.385] [info] [pid:37884] [main] [createWindow] dom-ready fired (local-1)
[2026-08-19 23:45:33.540] [info] [pid:37884] [main] [desktop-context-prompt] config refreshed {"enabled":true,"configVersion":"desktop-sp-v1"}
[2026-08-19 23:45:33.540] [info] [pid:37884] [main] [desktop-context-prompt] first host spawn decision resolved {"enabled":true,"configVersion":"desktop-sp-v1"}
[2026-08-19 23:45:33.542] [info] [pid:37884] [main] [spawnHostProcess] forked host process for (local-1), pid=undefined
[2026-08-19 23:45:33.542] [info] [pid:37884] [main] [spawnHostProcess] host module path: D:\zcode\resources\app.asar\out\host\index.js
[2026-08-19 23:45:33.543] [info] [pid:37884] [main] [spawnHostProcess] glm binary path: <not found>
[2026-08-19 23:45:33.543] [info] [pid:37884] [main] [spawnHostProcess] BIGMODEL_OAUTH_APP_SECRET source: fallback
[2026-08-19 23:45:33.544] [info] [pid:37884] [main] [task-realtime] registered host {"hostId":"248a71b2-128a-438a-82c5-94e3e3158559","windowId":1,"workspaceKeyCount":0,"deliveryKind":"desktop_window"}
[2026-08-19 23:45:33.545] [info] [pid:37884] [main] [auto-update] sync post-update release notes to window 1: 3.8.1
[2026-08-19 23:45:33.578] [info] [pid:37884] [main] [task-realtime] updated host workspace scopes {"hostId":"248a71b2-128a-438a-82c5-94e3e3158559","workspaceKeyCount":0}
[2026-08-19 23:45:33.649] [info] [pid:37884] [main] [auto-update] cleared post-update release notes (renderer-acknowledged) version=3.8.1
[2026-08-19 23:45:33.862] [info] [pid:37884] [main] [open-folder] Windows Explorer 右键菜单已安装或更新 {"executablePath":"D:\\zcode\\ZCode.exe","hasDefaultAppEntry":false,"locale":"zh-CN"}
[2026-08-19 23:45:34.100] [warn] [pid:37884] [main] [host-log] (local-1) [host] [2026-08-19 23:45:34.097] [pid:35324] [zcode-host] ExperimentalWarning: SQLite is an experimental feature and might change at any time
[2026-08-19 23:45:34.106] [info] [pid:37884] [main] [host-log] (local-1) [host] [2026-08-19 23:45:34.105] [pid:35324] [zcode-host] initializing local services
[2026-08-19 23:45:34.120] [info] [pid:37884] [main] [host-log] (local-1) [host] [2026-08-19 23:45:34.118] [pid:35324] [zcode-agent-service] 开始初始化 ZCode agent {"workspaceKey":"D:\\公考\\图形推理详解","workspacePath":"D:\\公考\\图形推理详解"}
[2026-08-19 23:45:34.121] [info] [pid:37884] [main] [host-log] (local-1) [host] [2026-08-19 23:45:34.119] [pid:35324] [zcode-host] exposing services on ChannelServer...
[2026-08-19 23:45:34.121] [info] [pid:37884] [main] [host-log] (local-1) [host] [2026-08-19 23:45:34.119] [pid:35324] [zcode-host] creating ChannelServer (deferInit=false)
[2026-08-19 23:45:34.122] [info] [pid:37884] [main] [host-log] (local-1) [host] [2026-08-19 23:45:34.121] [pid:35324] [zcode-host] [rpc:register] channel "file"
[2026-08-19 23:45:34.123] [info] [pid:37884] [main] [host-log] (local-1) [host] [2026-08-19 23:45:34.121] [pid:35324] [zcode-host] [rpc:register] channel "git"
[2026-08-19 23:45:34.123] [info] [pid:37884] [main] [host-log] (local-1) [host] [2026-08-19 23:45:34.121] [pid:35324] [zcode-host] [rpc:register] channel "git-checkpoint"
[2026-08-19 23:45:34.124] [info] [pid:37884] [main] [host-log] (local-1) [host] [2026-08-19 23:45:34.121] [pid:35324] [zcode-host] [rpc:register] channel "system"
[2026-08-19 23:45:34.124] [info] [pid:37884] [main] [host-log] (local-1) [host] [2026-08-19 23:45:34.121] [pid:35324] [zcode-host] [rpc:register] channel "terminal"
[2026-08-19 23:45:34.125] [info] [pid:37884] [main] [host-log] (local-1) [host] [2026-08-19 23:45:34.121] [pid:35324] [zcode-host] [rpc:register] channel "setting"
[2026-08-19 23:45:34.125] [info] [pid:37884] [main] [host-log] (local-1) [host] [2026-08-19 23:45:34.122] [pid:35324] [zcode-host] [rpc:register] channel "credential"
[2026-08-19 23:45:34.126] [info] [pid:37884] [main] [host-log] (local-1) [host] [2026-08-19 23:45:34.122] [pid:35324] [zcode-host] [rpc:register] channel "broadcast"
[2026-08-19 23:45:34.126] [info] [pid:37884] [main] [host-log] (local-1) [host] [2026-08-19 23:45:34.122] [pid:35324] [zcode-host] [rpc:register] channel "zcode-task"
[2026-08-19 23:45:34.127] [info] [pid:37884] [main] [host-log] (local-1) [host] [2026-08-19 23:45:34.123] [pid:35324] [zcode-host] [rpc:register] channel "zcode-agent"
[2026-08-19 23:45:34.128] [info] [pid:37884] [main] [host-log] (local-1) [host] [2026-08-19 23:45:34.123] [pid:35324] [zcode-host] [rpc:register] channel "zcode-session"
[2026-08-19 23:45:34.128] [info] [pid:37884] [main] [host-log] (local-1) [host] [2026-08-19 23:45:34.123] [pid:35324] [zcode-host] [rpc:register] channel "bots"
[2026-08-19 23:45:34.128] [info] [pid:37884] [main] [host-log] (local-1) [host] [2026-08-19 23:45:34.123] [pid:35324] [zcode-host] [rpc:register] channel "file-watcher"
[2026-08-19 23:45:34.129] [info] [pid:37884] [main] [host-log] (local-1) [host] [2026-08-19 23:45:34.123] [pid:35324] [zcode-host] [rpc:register] channel "oauth"
[2026-08-19 23:45:34.129] [info] [pid:37884] [main] [host-log] (local-1) [host] [2026-08-19 23:45:34.123] [pid:35324] [zcode-host] [rpc:register] channel "model-provider"
[2026-08-19 23:45:34.130] [info] [pid:37884] [main] [host-log] (local-1) [host] [2026-08-19 23:45:34.123] [pid:35324] [zcode-host] [rpc:register] channel "usage-stats"
[2026-08-19 23:45:34.130] [info] [pid:37884] [main] [host-log] (local-1) [host] [2026-08-19 23:45:34.123] [pid:35324] [zcode-host] [rpc:register] channel "coding-plan-subscription"
[2026-08-19 23:45:34.130] [info] [pid:37884] [main] [host-log] (local-1) [host] [2026-08-19 23:45:34.123] [pid:35324] [zcode-host] [rpc:register] channel "client-scenes"
[2026-08-19 23:45:34.131] [info] [pid:37884] [main] [host-log] (local-1) [host] [2026-08-19 23:45:34.123] [pid:35324] [zcode-host] [rpc:register] channel "off-peak-task"
[2026-08-19 23:45:34.131] [info] [pid:37884] [main] [host-log] (local-1) [host] [2026-08-19 23:45:34.123] [pid:35324] [zcode-host] [rpc:register] channel "skills"
[2026-08-19 23:45:34.132] [info] [pid:37884] [main] [host-log] (local-1) [host] [2026-08-19 23:45:34.123] [pid:35324] [zcode-host] [rpc:register] channel "skill-sync"
[2026-08-19 23:45:34.132] [info] [pid:37884] [main] [host-log] (local-1) [host] [2026-08-19 23:45:34.123] [pid:35324] [zcode-host] [rpc:register] channel "mcp-sync"
[2026-08-19 23:45:34.133] [info] [pid:37884] [main] [host-log] (local-1) [host] [2026-08-19 23:45:34.123] [pid:35324] [zcode-host] [rpc:register] channel "plugin-sync"
[2026-08-19 23:45:34.133] [info] [pid:37884] [main] [host-log] (local-1) [host] [2026-08-19 23:45:34.123] [pid:35324] [zcode-host] [rpc:register] channel "plugins"
[2026-08-19 23:45:34.133] [info] [pid:37884] [main] [host-log] (local-1) [host] [2026-08-19 23:45:34.127] [pid:35324] [zcode-host] [rpc:register] channel "plugin-management"
[2026-08-19 23:45:34.134] [info] [pid:37884] [main] [host-log] (local-1) [host] [2026-08-19 23:45:34.127] [pid:35324] [zcode-host] [rpc:register] channel "subagents"
[2026-08-19 23:45:34.134] [info] [pid:37884] [main] [host-log] (local-1) [host] [2026-08-19 23:45:34.127] [pid:35324] [zcode-host] [rpc:register] channel "commands"
[2026-08-19 23:45:34.135] [info] [pid:37884] [main] [host-log] (local-1) [host] [2026-08-19 23:45:34.128] [pid:35324] [zcode-host] [rpc:register] channel "hooks"
[2026-08-19 23:45:34.135] [info] [pid:37884] [main] [host-log] (local-1) [host] [2026-08-19 23:45:34.128] [pid:35324] [zcode-host] [rpc:register] channel "memory"
[2026-08-19 23:45:34.135] [info] [pid:37884] [main] [host-log] (local-1) [host] [2026-08-19 23:45:34.128] [pid:35324] [zcode-host] [rpc:register] channel "output-style"
[2026-08-19 23:45:34.136] [info] [pid:37884] [main] [host-log] (local-1) [host] [2026-08-19 23:45:34.128] [pid:35324] [zcode-host] [rpc:register] channel "settings-sync"
[2026-08-19 23:45:34.136] [info] [pid:37884] [main] [host-log] (local-1) [host] [2026-08-19 23:45:34.128] [pid:35324] [zcode-host] [rpc:register] channel "feedback"
[2026-08-19 23:45:34.137] [info] [pid:37884] [main] [host-log] (local-1) [host] [2026-08-19 23:45:34.128] [pid:35324] [zcode-host] [rpc:register] channel "repo-wiki"
[2026-08-19 23:45:34.137] [info] [pid:37884] [main] [host-log] (local-1) [host] [2026-08-19 23:45:34.128] [pid:35324] [zcode-host] [rpc:register] channel "prompt-attachment-transfer"
[2026-08-19 23:45:34.137] [info] [pid:37884] [main] [host-log] (local-1) [host] [2026-08-19 23:45:34.128] [pid:35324] [zcode-host] [rpc:register] channel "window-controller"
[2026-08-19 23:45:34.138] [info] [pid:37884] [main] [host-log] (local-1) [host] [2026-08-19 23:45:34.128] [pid:35324] [zcode-host] service connection ready mode=desktop-continuous
[2026-08-19 23:45:34.139] [info] [pid:37884] [main] [host-log] (local-1) [host] [2026-08-19 23:45:34.128] [pid:35324] [zcode-host] window Host topology, reason=base-attachment-ready, pid=35324, connections=0, logicalSessions=0, attachments=1
[2026-08-19 23:45:34.139] [info] [pid:37884] [main] [host-log] (local-1) [host] [2026-08-19 23:45:34.128] [pid:35324] [zcode-host] local services ready, all channels registered
[2026-08-19 23:45:34.139] [info] [pid:37884] [main] [host-log] (local-1) [host] [2026-08-19 23:45:34.130] [pid:35324] [zcode-host] [rpc:listen] broadcast.onMessage subscribed
[2026-08-19 23:45:34.140] [info] [pid:37884] [main] [host-log] (local-1) [host] [2026-08-19 23:45:34.131] [pid:35324] [zcode-host] [rpc:listen] broadcast.onMessage subscribed
[2026-08-19 23:45:34.140] [info] [pid:37884] [main] [host-log] (local-1) [host] [2026-08-19 23:45:34.131] [pid:35324] [zcode-host] [rpc:listen] broadcast.onMessage subscribed
[2026-08-19 23:45:34.140] [info] [pid:37884] [main] [host-log] (local-1) [host] [2026-08-19 23:45:34.132] [pid:35324] [zcode-host] [rpc:listen] broadcast.onMessage subscribed
[2026-08-19 23:45:34.141] [info] [pid:37884] [main] [host-log] (local-1) [host] [2026-08-19 23:45:34.132] [pid:35324] [zcode-host] [rpc:call] model-provider.getDisplayOrder OK (0.8ms)
[2026-08-19 23:45:34.141] [info] [pid:37884] [main] [host-log] (local-1) [host] [2026-08-19 23:45:34.138] [pid:35324] [zcode-host] [rpc:call] setting.get OK (6.9ms)
[2026-08-19 23:45:34.142] [info] [pid:37884] [main] [host-log] (local-1) [host] [2026-08-19 23:45:34.138] [pid:35324] [zcode-host] [rpc:call] setting.get OK (7.0ms)
[2026-08-19 23:45:34.142] [info] [pid:37884] [main] [host-log] (local-1) [host] [2026-08-19 23:45:34.139] [pid:35324] [zcode-host] [rpc:call] setting.get OK (7.1ms)
[2026-08-19 23:45:34.168] [info] [pid:37884] [main] [host-log] (local-1) [host] [2026-08-19 23:45:34.167] [pid:35324] [zcode-host] [rpc:call] zcode-agent.syncAppRuntimePreferences OK (0.1ms)
[2026-08-19 23:45:34.169] [info] [pid:37884] [main] [host-log] (local-1) [host] [2026-08-19 23:45:34.167] [pid:35324] [zcode-host] [rpc:call] bots.syncAppRuntimePreferences OK (0.1ms)
[2026-08-19 23:45:34.169] [info] [pid:37884] [main] [host-log] (local-1) [host] [2026-08-19 23:45:34.168] [pid:35324] [zcode-host] [rpc:call] setting.get OK (28.2ms)
[2026-08-19 23:45:34.177] [info] [pid:37884] [main] [host-log] (local-1) [host] [2026-08-19 23:45:34.176] [pid:35324] [oauthService] restoreCachedSession restored: zai af5b4532-0029-4db5-86d0-61cd221c3070
[2026-08-19 23:45:34.178] [info] [pid:37884] [main] [host-log] (local-1) [host] [2026-08-19 23:45:34.176] [pid:35324] [zcode-host] [rpc:call] oauth.restoreCachedSessionState OK (44.9ms)
[2026-08-19 23:45:34.179] [info] [pid:37884] [main] [host-log] (local-1) [host] [2026-08-19 23:45:34.178] [pid:35324] [zcode-host] [rpc:call] oauth.getActiveProvider OK (0.5ms)
[2026-08-19 23:45:34.210] [info] [pid:37884] [main] [host-log] (local-1) [host] [2026-08-19 23:45:34.208] [pid:35324] [zcode-host] [rpc:call] model-provider.getAllCached OK (76.9ms)
[2026-08-19 23:45:34.217] [info] [pid:37884] [main] [host-log] (local-1) [host] [2026-08-19 23:45:34.215] [pid:35324] [zcode-host] [rpc:call] setting.get OK (1.2ms)
[2026-08-19 23:45:34.218] [info] [pid:37884] [main] [host-log] (local-1) [host] [2026-08-19 23:45:34.217] [pid:35324] [zcode-host] [rpc:call] file.ensureConversationWorkspace OK (0.8ms)
[2026-08-19 23:45:34.221] [info] [pid:37884] [main] [host-log] (local-1) [host] [2026-08-19 23:45:34.220] [pid:35324] [zcode-host] [rpc:listen] zcode-agent.onDynamicWorkspaceProviderRuntimeHeadersRequest subscribed
[2026-08-19 23:45:34.223] [info] [pid:37884] [main] [host-log] (local-1) [host] [2026-08-19 23:45:34.222] [pid:35324] [usage-stats] 读取 BigModel entitlement 已解析授权上下文 {"preferredProviderId":"builtin:zai-coding-plan","providerId":"builtin:zai-coding-plan","scope":"personal","organizationId":null,"projectId":null}
[2026-08-19 23:45:34.248] [info] [pid:37884] [main] [host-log] (local-1) [host] [2026-08-19 23:45:34.246] [pid:35324] [zcode-agent] ZCode agent command resolved {"workspaceKey":"D:\\公考\\图形推理详解","command":"D:\\zcode\\ZCode.exe","effectiveCommand":"D:\\zcode\\ZCode.exe","resolveCommandDurationMs":1}
[2026-08-19 23:45:34.252] [info] [pid:37884] [main] [host-log] (local-1) [host] [2026-08-19 23:45:34.249] [pid:35324] [zcode-agent] ZCode agent spawn preflight {"workspaceKey":"D:\\公考\\图形推理详解","spawnPreflight":{"command":"D:\\zcode\\ZCode.exe","args":["D:\\zcode\\resources\\glm\\zcode.cjs","app-server","--stdio","--surface","desktop"],"requestedCwd":"D:\\公考\\图形推理详解","cwd":"D:\\公考\\图形推理详解","cwdSource":"command","commandPathKind":"absolute","commandExists":true,"cwdExists":true}}
[2026-08-19 23:45:34.266] [info] [pid:37884] [main] [stability] perf_agent_start reported {"pid":36556,"runtimeGeneration":1,"runtimeInstanceId":"agent-76258982-52ad-4327-9089-d48a54332054"}
[2026-08-19 23:45:34.267] [info] [pid:37884] [main] [host-log] (local-1) [host] [2026-08-19 23:45:34.264] [pid:35324] [zcode-agent] ZCode agent process started {"workspaceKey":"D:\\公考\\图形推理详解","command":"D:\\zcode\\ZCode.exe","cwd":"D:\\公考\\图形推理详解","pid":36556,"durationMs":19}
[2026-08-19 23:45:34.268] [info] [pid:37884] [main] [host-log] (local-1) [host] [2026-08-19 23:45:34.265] [pid:35324] [zcode-host] [rpc:listen] zcode-agent.onDynamicConversationFrame subscribed
[2026-08-19 23:45:34.348] [info] [pid:37884] [main] [host-log] (local-1) [host] [2026-08-19 23:45:34.346] [pid:35324] [zcode-host] [rpc:listen] window-controller.onDynamicControllerFrame subscribed
[2026-08-19 23:45:34.348] [info] [pid:37884] [main] [host-log] (local-1) [host] [2026-08-19 23:45:34.347] [pid:35324] [zcode-host] [rpc:call] window-controller.subscribeControllerV4 OK (0.2ms)
[2026-08-19 23:45:34.349] [info] [pid:37884] [main] [host-log] (local-1) [host] [2026-08-19 23:45:34.347] [pid:35324] [zcode-host] [rpc:call] window-controller.subscribeControllerV4 OK (0.1ms)
[2026-08-19 23:45:34.351] [info] [pid:37884] [main] [host-log] (local-1) [host] [2026-08-19 23:45:34.350] [pid:35324] [zcode-host] [rpc:call] setting.get OK (1.1ms)
[2026-08-19 23:45:34.353] [info] [pid:37884] [main] [host-log] (local-1) [host] [2026-08-19 23:45:34.351] [pid:35324] [zcode-host] [rpc:listen] zcode-agent.onDynamicSessionsIndexFrame subscribed
[2026-08-19 23:45:34.353] [info] [pid:37884] [main] [host-log] (local-1) [host] [2026-08-19 23:45:34.352] [pid:35324] [zcode-host] [rpc:listen] zcode-agent.onAgentRuntimeLifecycle subscribed
[2026-08-19 23:45:34.354] [info] [pid:37884] [main] [host-log] (local-1) [host] [2026-08-19 23:45:34.352] [pid:35324] [zcode-host] [rpc:call] zcode-agent.helloConversationV4 OK (0.1ms)
[2026-08-19 23:45:34.354] [info] [pid:37884] [main] [host-log] (local-1) [host] [2026-08-19 23:45:34.353] [pid:35324] [zcode-host] [rpc:listen] zcode-task.onDynamicWorkspaceEvent subscribed
[2026-08-19 23:45:34.359] [info] [pid:37884] [main] [host-log] (local-1) [host] [2026-08-19 23:45:34.357] [pid:35324] [zcode-host] [rpc:call] zcode-task.listPinnedTaskIds OK (5.1ms)
[2026-08-19 23:45:34.359] [info] [pid:37884] [main] [host-log] (local-1) [host] [2026-08-19 23:45:34.357] [pid:35324] [zcode-host] [rpc:call] zcode-task.listDeletedTaskIds OK (4.3ms)
[2026-08-19 23:45:34.360] [info] [pid:37884] [main] [host-log] (local-1) [host] [2026-08-19 23:45:34.357] [pid:35324] [zcode-host] [rpc:call] zcode-task.listArchivedTasks OK (4.9ms)
[2026-08-19 23:45:34.360] [info] [pid:37884] [main] [host-log] (local-1) [host] [2026-08-19 23:45:34.357] [pid:35324] [zcode-host] [rpc:call] zcode-task.listTasks OK (4.8ms)
[2026-08-19 23:45:34.361] [info] [pid:37884] [main] [host-log] (local-1) [host] [2026-08-19 23:45:34.357] [pid:35324] [zcode-host] [rpc:call] zcode-task.listPinnedTasks OK (4.7ms)
[2026-08-19 23:45:34.361] [info] [pid:37884] [main] [host-log] (local-1) [host] [2026-08-19 23:45:34.358] [pid:35324] [zcode-host] [rpc:listen] zcode-agent.onAgentRuntimeRestarted subscribed
[2026-08-19 23:45:34.362] [info] [pid:37884] [main] [host-log] (local-1) [host] [2026-08-19 23:45:34.359] [pid:35324] [zcode-host] [rpc:call] off-peak-task.list OK (0.3ms)
[2026-08-19 23:45:34.362] [info] [pid:37884] [main] [host-log] (local-1) [host] [2026-08-19 23:45:34.359] [pid:35324] [zcode-host] [rpc:listen] model-provider.onDidChangeProviderRegistry subscribed
[2026-08-19 23:45:34.362] [info] [pid:37884] [main] [host-log] (local-1) [host] [2026-08-19 23:45:34.360] [pid:35324] [zcode-host] [rpc:listen] zcode-agent.onDynamicConversationTelemetryFact subscribed
[2026-08-19 23:45:34.364] [info] [pid:37884] [main] [host-log] (local-1) [host] [2026-08-19 23:45:34.363] [pid:35324] [zcode-host] [rpc:listen] model-provider.onDidChangeProviderRegistry subscribed
[2026-08-19 23:45:34.366] [info] [pid:37884] [main] [host-log] (local-1) [host] [2026-08-19 23:45:34.364] [pid:35324] [zcode-host] [rpc:call] model-provider.getProviderRegistrySnapshot OK (5.0ms)
[2026-08-19 23:45:34.367] [info] [pid:37884] [main] [host-log] (local-1) [host] [2026-08-19 23:45:34.365] [pid:35324] [zcode-host] [rpc:call] off-peak-task.getCodingPlanSupport OK (6.0ms)
[2026-08-19 23:45:34.369] [info] [pid:37884] [main] [host-log] (local-1) [host] [2026-08-19 23:45:34.366] [pid:35324] [zcode-host] [rpc:call] off-peak-task.list OK (0.2ms)
[2026-08-19 23:45:34.369] [info] [pid:37884] [main] [host-log] (local-1) [host] [2026-08-19 23:45:34.367] [pid:35324] [zcode-host] [rpc:call] zcode-task.getWorkspaceProviderConfigFile OK (0.1ms)
[2026-08-19 23:45:34.380] [info] [pid:37884] [main] [host-log] (local-1) [host] [2026-08-19 23:45:34.378] [pid:35324] [zcode-host] [rpc:call] subagents.list OK (24.9ms)
[2026-08-19 23:45:34.380] [info] [pid:37884] [main] [host-log] (local-1) [host] [2026-08-19 23:45:34.379] [pid:35324] [zcode-host] [rpc:call] settings-sync.getFirstRunPromptState OK (2.0ms)
[2026-08-19 23:45:34.440] [info] [pid:37884] [main] [host-log] (local-1) [host] [2026-08-19 23:45:34.437] [pid:35324] [zcode-host] [rpc:call] zcode-agent.initializeConversationV4 OK (0.4ms)
[2026-08-19 23:45:34.474] [info] [pid:37884] [main] [host-log] (local-1) [host] [2026-08-19 23:45:34.472] [pid:35324] [zcode-agent-service] 开始请求 ZCode Protocol workspace/readState {"hasRuntimeModel":true,"modelHint":null,"preferWorkspaceDefaults":false,"runtimeModel":{"apiFormat":"anthropic-messages","baseURL":"https://zcode.z.ai/api/v1/zcode-plan/anthropic","kind":"anthropic","model":"builtin:zai-start-plan/GLM-5.3","providerId":"builtin:zai-start-plan","revision":"model-runtime:15e09441d0edf89cce53314d","thoughtLevel":"max"},"workspaceKey":"D:\\公考\\图形推理详解","workspacePath":"D:\\公考\\图形推理详解"}
[2026-08-19 23:45:34.475] [info] [pid:37884] [main] [host-log] (local-1) [host] [2026-08-19 23:45:34.473] [pid:35324] [zcode-host] [rpc:call] zcode-session.resolveRuntimeModelForV4 OK (20.6ms)
[2026-08-19 23:45:34.594] [info] [pid:37884] [main] [task-realtime] updated host workspace scopes {"hostId":"248a71b2-128a-438a-82c5-94e3e3158559","workspaceKeyCount":2}
[2026-08-19 23:45:34.595] [info] [pid:37884] [main] [host-log] (local-1) [host] [2026-08-19 23:45:34.581] [pid:35324] [zcode-host] [rpc:call] coding-plan-subscription.getStaticTeamProducts OK (231.8ms)
[2026-08-19 23:45:34.596] [info] [pid:37884] [main] [host-log] (local-1) [host] [2026-08-19 23:45:34.581] [pid:35324] [zcode-host] [rpc:call] coding-plan-subscription.getOffPeakClientConfig OK (222.8ms)
[2026-08-19 23:45:34.596] [info] [pid:37884] [main] [host-log] (local-1) [host] [2026-08-19 23:45:34.581] [pid:35324] [zcode-host] [rpc:call] coding-plan-subscription.getBillingDiscount OK (221.6ms)
[2026-08-19 23:45:34.597] [info] [pid:37884] [main] [host-log] (local-1) [host] [2026-08-19 23:45:34.587] [pid:35324] [zcode-host] [rpc:listen] zcode-agent.onDynamicWorkspaceProviderRuntimeHeadersRequest subscribed
[2026-08-19 23:45:34.597] [info] [pid:37884] [main] [host-log] (local-1) [host] [2026-08-19 23:45:34.591] [pid:35324] [zcode-host] [rpc:call] window-controller.listTaskList OK (0.1ms)
[2026-08-19 23:45:34.605] [info] [pid:37884] [main] [host-log] (local-1) [host] [2026-08-19 23:45:34.604] [pid:35324] [zcode-host] [rpc:call] window-controller.listTaskList OK (0.0ms)
[2026-08-19 23:45:34.656] [info] [pid:37884] [main] [host-log] (local-1) [host] [2026-08-19 23:45:34.654] [pid:35324] [zcode-host] [rpc:call] git.refresh OK (286.8ms)
[2026-08-19 23:45:34.714] [info] [pid:37884] [main] [host-log] (local-1) [host] [2026-08-19 23:45:34.713] [pid:35324] [zcode-host] [rpc:call] skills.list OK (359.5ms)
[2026-08-19 23:45:34.839] [info] [pid:37884] [main] [host-log] (local-1) [host] [2026-08-19 23:45:34.838] [pid:35324] [zcode-host] [rpc:call] client-scenes.list OK (480.0ms)
[2026-08-19 23:45:34.843] [info] [pid:37884] [main] [host-log] (local-1) [host] [2026-08-19 23:45:34.842] [pid:35324] [zcode-agent-service] 开始同步本地 provider registry 到 ZCode agent {"providerCount":1,"reason":"manual","revision":"sha256:c3adf87375dac1a31e0e3c87273a6e565f48ae1358689ca082267661ed451514","workspaceKey":"D:\\公考\\图形推理详解","workspacePath":"D:\\公考\\图形推理详解"}
[2026-08-19 23:45:34.847] [info] [pid:37884] [main] [host-log] (local-1) [host] [2026-08-19 23:45:34.845] [pid:35324] [zcode-host] [rpc:call] model-provider.getAll OK (635.9ms)
[2026-08-19 23:45:34.879] [info] [pid:37884] [main] [host-log] (local-1) [host] [2026-08-19 23:45:34.877] [pid:35324] [settingService] writing settings to: C:\Users\llh04\.zcode\v2\setting.json {"recentProjects":["D:\\公考\\图形推理详解"],"locale":"zh-CN","localePreference":"zh-CN","terminalInheritSystemProfile":true,"embeddedBrowserAllowInsecureCertificates":false,"taskAutoArchiveEnabled":false,"taskAutoArchiveOlderThanDays":7,"closeToTrayOnWindows":true,"closeToTrayOnWindowsMigrationInitialized":true,"keepAwakeWhileRunning":false,"desktopChromiumHardwareAccelerationEnabled":true,"messageStreamShowReasoning":false,"messageStreamShowTodos":false,"toolGroupingExploreEnabled":true,"toolGroupingTerminalEnabled":true,"toolGroupingChangesEnabled":false,"zcodeInteractionBehavior":"queue","askUserQuestionAutoResolutionEnabled":true,"modelIoFullRetentionEnabled":false,"optimizeAgentExperienceEnabled":false,"optimizeAgentExperienceMigrationInitialized":true,"enabledBuiltinAgentCliProviders":["glm"],"modelProviderFamilyModes":{"zai":"oauth"},"modelProviderFamilySelectedKeys":{"zai":"coding-plan:builtin:zai-start-plan"},"providerFamilyDomain":"zai","providerFamilyDomainUpdatedAt":1787116588334,"providerFamilyDomainMigrated":true,"repoSnapshotIndexingEnabled":false,"instantGrepIndexingEnabled":false,"nativeSearchEnhancementsEnabled":true,"memoryEnabled":false,"lastWorkspaceSession":[{"kind":"local","workspacePath":"D:\\公考\\图形推理详解","workspacePurpose":"project"},{"kind":"local","workspacePath":"C:\\Users\\llh04\\.zcode\\workspace\\default","workspacePurpose":"conversation"}],"lastActiveTabIndex":0,"receivePreviewUpdates":false,"autoDownloadAndInstallUpdates":true,"skippedElectronUpdateVersions":{},"settingsSyncFirstRunPromptHandled":true}
[2026-08-19 23:45:34.885] [info] [pid:37884] [main] [host-log] (local-1) [host] [2026-08-19 23:45:34.883] [pid:35324] [settingService] write done
[2026-08-19 23:45:34.886] [info] [pid:37884] [main] [host-log] (local-1) [host] [2026-08-19 23:45:34.884] [pid:35324] [zcode-host] [rpc:call] setting.update OK (8.4ms)
[2026-08-19 23:45:34.886] [info] [pid:37884] [main] [host-log] (local-1) [host] [2026-08-19 23:45:34.885] [pid:35324] [zcode-host] [rpc:call] model-provider.getAll OK (675.1ms)
[2026-08-19 23:45:35.463] [info] [pid:37884] [main] [host-log] (local-1) [host] [2026-08-19 23:45:35.461] [pid:35324] [zcode-host] [rpc:call] coding-plan-subscription.getEnterprisePricing OK (1112.0ms)
[2026-08-19 23:45:36.386] [info] [pid:37884] [main] [host-log] (local-1) [host] [2026-08-19 23:45:36.385] [pid:35324] [coding-plan-availability] billing/balance 请求完成 {"durationMs":132,"hasActiveStartPlan":true,"msg":"","payload":{"code":0,"msg":"","data":{"server_time":1787154336,"plans":[{"user_plan_id":"upl_2089944584870027264","plan_id":"zcode-v3-start-plan-0817","name":"ZCode Start Plan","description":"免费 GLM 旗舰模型体验","priority":90,"status":"active","starts_at":1787116592,"ends_at":1787500799,"entitlements":[{"entitlement_id":"ent_2_0817_glm_5p3","show_name":"GLM-5.3","meter":"model_usage","unit_type":"token","capabilities":["model:glm-5.3"],"grant_units":3000000,"period":"daily","priority":110},{"entitlement_id":"ent_2_0817_glm_5turbo","show_name":"GLM-5-Turbo","meter":"model_usage","unit_type":"token","capabilities":["model:GLM-5-Turbo"],"grant_units":2000000,"period":"daily","priority":80}]}],"balances":[{"bucket_id":"bucket_2089944584886804480","user_plan_id":"upl_2089944584870027264","plan_id":"zcode-v3-start-plan-0817","entitlement_id":"ent_2_0817_glm_5p3","show_name":"GLM-5.3","meter":"model_usage","unit_type":"token","capabilities":["model:glm-5.3"],"priority":110,"plan_priority":90,"entitlement_priority":110,"total_units":3000000,"used_units":354012,"remaining_units":2645988,"available_units":2645988,"period_start":1787068800,"period_end":1787155199,"expires_at":1787155199},{"bucket_id":"bucket_2089944584895193088","user_plan_id":"upl_2089944584870027264","plan_id":"zcode-v3-start-plan-0817","entitlement_id":"ent_2_0817_glm_5turbo","show_name":"GLM-5-Turbo","meter":"model_usage","unit_type":"token","capabilities":["model:GLM-5-Turbo"],"priority":80,"plan_priority":90,"entitlement_priority":80,"total_units":2000000,"used_units":0,"remaining_units":2000000,"available_units":2000000,"period_start":1787068800,"period_end":1787155199,"expires_at":1787155199}]}},"planCount":1,"plans":[{"name":"ZCode Start Plan","plan_id":"zcode-v3-start-plan-0817","status":"active"}],"providerId":"builtin:zai-start-plan","success":true,"url":"https://zcode.z.ai/api/v1/zcode-plan/billing/balance?app_version=3.8.1","code":0}
[2026-08-19 23:45:36.600] [info] [pid:37884] [main] [stability] perf_app_start reported
[2026-08-19 23:45:36.602] [info] [pid:37884] [main] [host-log] (local-1) [host] [2026-08-19 23:45:36.601] [pid:35324] [zcode-host] [rpc:call] model-provider.refreshCodingPlanApiKey OK (2422.7ms)
[2026-08-19 23:45:36.603] [info] [pid:37884] [main] [host-log] (local-1) [host] [2026-08-19 23:45:36.601] [pid:35324] [zcode-host] [rpc:call] model-provider.refreshCodingPlanApiKey OK (2422.4ms)
[2026-08-19 23:45:36.609] [info] [pid:37884] [main] [host-log] (local-1) [host] [2026-08-19 23:45:36.607] [pid:35324] [zcode-host] [rpc:call] setting.get OK (5.3ms)
[2026-08-19 23:45:36.621] [info] [pid:37884] [main] [host-log] (local-1) [host] [2026-08-19 23:45:36.620] [pid:35324] [zcode-host] [rpc:call] model-provider.getAllCached OK (17.7ms)
[2026-08-19 23:45:36.649] [info] [pid:37884] [main] [host-log] (local-1) [host] [2026-08-19 23:45:36.648] [pid:35324] [usage-stats] 读取 BigModel entitlement 已解析授权上下文 {"preferredProviderId":"builtin:zai-coding-plan","providerId":"builtin:zai-coding-plan","scope":"personal","organizationId":null,"projectId":null}
[2026-08-19 23:45:36.843] [info] [pid:37884] [main] [host-log] (local-1) [host] [2026-08-19 23:45:36.841] [pid:35324] [usage-stats] billing/balance 请求完成 {"balanceCount":2,"balances":[{"entitlement_id":"ent_2_0817_glm_5p3","show_name":"GLM-5.3","total_units":3000000,"used_units":354012,"remaining_units":2645988,"available_units":2645988,"reserved_units":null},{"entitlement_id":"ent_2_0817_glm_5turbo","show_name":"GLM-5-Turbo","total_units":2000000,"used_units":0,"remaining_units":2000000,"available_units":2000000,"reserved_units":null}],"code":0,"durationMs":130,"msg":"","payload":{"code":0,"msg":"","data":{"server_time":1787154336,"plans":[{"user_plan_id":"upl_2089944584870027264","plan_id":"zcode-v3-start-plan-0817","name":"ZCode Start Plan","description":"免费 GLM 旗舰模型体验","priority":90,"status":"active","starts_at":1787116592,"ends_at":1787500799,"entitlements":[{"entitlement_id":"ent_2_0817_glm_5p3","show_name":"GLM-5.3","meter":"model_usage","unit_type":"token","capabilities":["model:glm-5.3"],"grant_units":3000000,"period":"daily","priority":110},{"entitlement_id":"ent_2_0817_glm_5turbo","show_name":"GLM-5-Turbo","meter":"model_usage","unit_type":"token","capabilities":["model:GLM-5-Turbo"],"grant_units":2000000,"period":"daily","priority":80}]}],"balances":[{"bucket_id":"bucket_2089944584886804480","user_plan_id":"upl_2089944584870027264","plan_id":"zcode-v3-start-plan-0817","entitlement_id":"ent_2_0817_glm_5p3","show_name":"GLM-5.3","meter":"model_usage","unit_type":"token","capabilities":["model:glm-5.3"],"priority":110,"plan_priority":90,"entitlement_priority":110,"total_units":3000000,"used_units":354012,"remaining_units":2645988,"available_units":2645988,"period_start":1787068800,"period_end":1787155199,"expires_at":1787155199},{"bucket_id":"bucket_2089944584895193088","user_plan_id":"upl_2089944584870027264","plan_id":"zcode-v3-start-plan-0817","entitlement_id":"ent_2_0817_glm_5turbo","show_name":"GLM-5-Turbo","meter":"model_usage","unit_type":"token","capabilities":["model:GLM-5-Turbo"],"priority":80,"plan_priority":90,"entitlement_priority":80,"total_units":2000000,"used_units":0,"remaining_units":2000000,"available_units":2000000,"period_start":1787068800,"period_end":1787155199,"expires_at":1787155199}]}},"planCount":1,"plans":[{"name":"ZCode Start Plan","plan_id":"zcode-v3-start-plan-0817","status":"active"}],"providerId":"builtin:zai-start-plan","success":true,"url":"https://zcode.z.ai/api/v1/zcode-plan/billing/balance?app_version=3.8.1"}
[2026-08-19 23:45:36.844] [info] [pid:37884] [main] [host-log] (local-1) [host] [2026-08-19 23:45:36.842] [pid:35324] [zcode-host] [rpc:call] usage-stats.getEntitlementSnapshot OK (239.7ms)
[2026-08-19 23:45:37.390] [info] [pid:37884] [main] [host-log] (local-1) [host] [2026-08-19 23:45:37.389] [pid:35324] [zcode-host] [rpc:call] coding-plan-subscription.getEnterprisePricing OK (786.0ms)
[2026-08-19 23:45:37.391] [info] [pid:37884] [main] [host-log] (local-1) [host] [2026-08-19 23:45:37.390] [pid:35324] [zcode-host] [rpc:call] usage-stats.getEntitlementSnapshot OK (787.9ms)
[2026-08-19 23:45:37.393] [info] [pid:37884] [main] [host-log] (local-1) [host] [2026-08-19 23:45:37.392] [pid:35324] [settingService] writing settings to: C:\Users\llh04\.zcode\v2\setting.json {"recentProjects":["D:\\公考\\图形推理详解"],"locale":"zh-CN","localePreference":"zh-CN","terminalInheritSystemProfile":true,"embeddedBrowserAllowInsecureCertificates":false,"taskAutoArchiveEnabled":false,"taskAutoArchiveOlderThanDays":7,"closeToTrayOnWindows":true,"closeToTrayOnWindowsMigrationInitialized":true,"keepAwakeWhileRunning":false,"desktopChromiumHardwareAccelerationEnabled":true,"messageStreamShowReasoning":false,"messageStreamShowTodos":false,"toolGroupingExploreEnabled":true,"toolGroupingTerminalEnabled":true,"toolGroupingChangesEnabled":false,"zcodeInteractionBehavior":"queue","askUserQuestionAutoResolutionEnabled":true,"modelIoFullRetentionEnabled":false,"optimizeAgentExperienceEnabled":false,"optimizeAgentExperienceMigrationInitialized":true,"enabledBuiltinAgentCliProviders":["glm"],"modelProviderFamilyModes":{"zai":"oauth"},"modelProviderFamilySelectedKeys":{"zai":"coding-plan:builtin:zai-start-plan"},"providerFamilyDomain":"zai","providerFamilyDomainUpdatedAt":1787116588334,"providerFamilyDomainMigrated":true,"repoSnapshotIndexingEnabled":false,"instantGrepIndexingEnabled":false,"nativeSearchEnhancementsEnabled":true,"memoryEnabled":false,"lastWorkspaceSession":[{"kind":"local","workspacePath":"D:\\公考\\图形推理详解","workspacePurpose":"project"},{"kind":"local","workspacePath":"C:\\Users\\llh04\\.zcode\\workspace\\default","workspacePurpose":"conversation"}],"lastActiveTabIndex":0,"receivePreviewUpdates":false,"autoDownloadAndInstallUpdates":true,"skippedElectronUpdateVersions":{},"settingsSyncFirstRunPromptHandled":true}
[2026-08-19 23:45:37.397] [info] [pid:37884] [main] [host-log] (local-1) [host] [2026-08-19 23:45:37.395] [pid:35324] [settingService] write done
[2026-08-19 23:45:37.397] [info] [pid:37884] [main] [host-log] (local-1) [host] [2026-08-19 23:45:37.395] [pid:35324] [zcode-host] [rpc:call] setting.update OK (4.5ms)
[2026-08-19 23:45:37.398] [info] [pid:37884] [main] [host-log] (local-1) [host] [2026-08-19 23:45:37.397] [pid:35324] [zcode-host] [rpc:call] setting.get OK (0.6ms)
[2026-08-19 23:45:38.734] [info] [pid:37884] [main] [host-log] (local-1) [host] [2026-08-19 23:45:38.733] [pid:35324] [coding-plan-availability] billing/balance 请求完成 {"durationMs":133,"hasActiveStartPlan":true,"msg":"","payload":{"code":0,"msg":"","data":{"server_time":1787154338,"plans":[{"user_plan_id":"upl_2089944584870027264","plan_id":"zcode-v3-start-plan-0817","name":"ZCode Start Plan","description":"免费 GLM 旗舰模型体验","priority":90,"status":"active","starts_at":1787116592,"ends_at":1787500799,"entitlements":[{"entitlement_id":"ent_2_0817_glm_5p3","show_name":"GLM-5.3","meter":"model_usage","unit_type":"token","capabilities":["model:glm-5.3"],"grant_units":3000000,"period":"daily","priority":110},{"entitlement_id":"ent_2_0817_glm_5turbo","show_name":"GLM-5-Turbo","meter":"model_usage","unit_type":"token","capabilities":["model:GLM-5-Turbo"],"grant_units":2000000,"period":"daily","priority":80}]}],"balances":[{"bucket_id":"bucket_2089944584886804480","user_plan_id":"upl_2089944584870027264","plan_id":"zcode-v3-start-plan-0817","entitlement_id":"ent_2_0817_glm_5p3","show_name":"GLM-5.3","meter":"model_usage","unit_type":"token","capabilities":["model:glm-5.3"],"priority":110,"plan_priority":90,"entitlement_priority":110,"total_units":3000000,"used_units":354012,"remaining_units":2645988,"available_units":2645988,"period_start":1787068800,"period_end":1787155199,"expires_at":1787155199},{"bucket_id":"bucket_2089944584895193088","user_plan_id":"upl_2089944584870027264","plan_id":"zcode-v3-start-plan-0817","entitlement_id":"ent_2_0817_glm_5turbo","show_name":"GLM-5-Turbo","meter":"model_usage","unit_type":"token","capabilities":["model:GLM-5-Turbo"],"priority":80,"plan_priority":90,"entitlement_priority":80,"total_units":2000000,"used_units":0,"remaining_units":2000000,"available_units":2000000,"period_start":1787068800,"period_end":1787155199,"expires_at":1787155199}]}},"planCount":1,"plans":[{"name":"ZCode Start Plan","plan_id":"zcode-v3-start-plan-0817","status":"active"}],"providerId":"builtin:zai-start-plan","success":true,"url":"https://zcode.z.ai/api/v1/zcode-plan/billing/balance?app_version=3.8.1","code":0}
[2026-08-19 23:45:38.886] [info] [pid:37884] [main] [host-log] (local-1) [host] [2026-08-19 23:45:38.885] [pid:35324] [zcode-host] [rpc:call] model-provider.refreshCodingPlanApiKey OK (1481.5ms)
[2026-08-19 23:45:38.888] [info] [pid:37884] [main] [host-log] (local-1) [host] [2026-08-19 23:45:38.886] [pid:35324] [zcode-host] [rpc:call] setting.get OK (0.6ms)
[2026-08-19 23:45:39.113] [info] [pid:37884] [main] [host-log] (local-1) [host] [2026-08-19 23:45:39.111] [pid:35324] [zcode-host] [rpc:call] model-provider.getAll OK (223.8ms)
[2026-08-19 23:45:39.868] [info] [pid:37884] [main] [host-log] (local-1) [host] [2026-08-19 23:45:39.866] [pid:35324] [zcode-host] [rpc:call] zcode-agent.subscribeSessionsIndexV4 OK (5393.6ms)
[2026-08-19 23:45:39.869] [info] [pid:37884] [main] [host-log] (local-1) [host] [2026-08-19 23:45:39.867] [pid:35324] [zcode-host] [rpc:call] window-controller.listTaskList OK (5519.7ms)
[2026-08-19 23:45:39.869] [info] [pid:37884] [main] [host-log] (local-1) [host] [2026-08-19 23:45:39.867] [pid:35324] [zcode-host] [rpc:call] window-controller.listTaskList OK (5432.3ms)
[2026-08-19 23:45:39.871] [info] [pid:37884] [main] [host-log] (local-1) [host] [2026-08-19 23:45:39.867] [pid:35324] [zcode-host] [rpc:call] window-controller.listTaskList OK (5280.2ms)
[2026-08-19 23:45:39.871] [info] [pid:37884] [main] [host-log] (local-1) [host] [2026-08-19 23:45:39.867] [pid:35324] [zcode-host] [rpc:call] window-controller.listTaskList OK (5263.2ms)
[2026-08-19 23:45:39.879] [info] [pid:37884] [main] [host-log] (local-1) [host] [2026-08-19 23:45:39.877] [pid:35324] [zcode-host] [rpc:call] window-controller.listTaskList OK (0.1ms)
[2026-08-19 23:45:39.904] [info] [pid:37884] [main] [host-log] (local-1) [host] [2026-08-19 23:45:39.903] [pid:35324] [zcode-agent-service] 本地 provider registry 已同步到 ZCode agent {"appliedProviderRevision":"sha256:c3adf87375dac1a31e0e3c87273a6e565f48ae1358689ca082267661ed451514","providerCount":1,"reason":"manual","status":"applied","workspaceKey":"D:\\公考\\图形推理详解","workspacePath":"D:\\公考\\图形推理详解"}
[2026-08-19 23:45:39.905] [info] [pid:37884] [main] [host-log] (local-1) [host] [2026-08-19 23:45:39.903] [pid:35324] [zcode-agent-service] provider registry 变更已推送到本地 active workspace {"providerCount":1,"reason":"manual","revision":"sha256:c3adf87375dac1a31e0e3c87273a6e565f48ae1358689ca082267661ed451514","workspaceKey":"D:\\公考\\图形推理详解","workspacePath":"D:\\公考\\图形推理详解"}
[2026-08-19 23:45:39.905] [info] [pid:37884] [main] [host-log] (local-1) [host] [2026-08-19 23:45:39.903] [pid:35324] [zcode-agent-service] provider registry 变更已推送到本地 active workspace {"providerCount":1,"reason":"codingPlanApiKey:builtin:zai-coding-plan","revision":"sha256:c3adf87375dac1a31e0e3c87273a6e565f48ae1358689ca082267661ed451514","workspaceKey":"D:\\公考\\图形推理详解","workspacePath":"D:\\公考\\图形推理详解"}
[2026-08-19 23:45:39.906] [info] [pid:37884] [main] [host-log] (local-1) [host] [2026-08-19 23:45:39.903] [pid:35324] [zcode-agent-service] provider registry 变更已推送到本地 active workspace {"providerCount":1,"reason":"codingPlanAvailability:builtin:zai-coding-plan","revision":"sha256:c3adf87375dac1a31e0e3c87273a6e565f48ae1358689ca082267661ed451514","workspaceKey":"D:\\公考\\图形推理详解","workspacePath":"D:\\公考\\图形推理详解"}
[2026-08-19 23:45:39.906] [info] [pid:37884] [main] [host-log] (local-1) [host] [2026-08-19 23:45:39.903] [pid:35324] [zcode-agent-service] provider registry 变更已推送到本地 active workspace {"providerCount":1,"reason":"codingPlanApiKey:builtin:zai-start-plan","revision":"sha256:c3adf87375dac1a31e0e3c87273a6e565f48ae1358689ca082267661ed451514","workspaceKey":"D:\\公考\\图形推理详解","workspacePath":"D:\\公考\\图形推理详解"}
[2026-08-19 23:45:39.907] [info] [pid:37884] [main] [host-log] (local-1) [host] [2026-08-19 23:45:39.903] [pid:35324] [zcode-agent-service] provider registry 变更已推送到本地 active workspace {"providerCount":1,"reason":"codingPlanAvailability:builtin:zai-start-plan","revision":"sha256:c3adf87375dac1a31e0e3c87273a6e565f48ae1358689ca082267661ed451514","workspaceKey":"D:\\公考\\图形推理详解","workspacePath":"D:\\公考\\图形推理详解"}
[2026-08-19 23:45:39.907] [info] [pid:37884] [main] [host-log] (local-1) [host] [2026-08-19 23:45:39.903] [pid:35324] [zcode-agent-service] provider registry 变更已推送到本地 active workspace {"providerCount":1,"reason":"getAll","revision":"sha256:c3adf87375dac1a31e0e3c87273a6e565f48ae1358689ca082267661ed451514","workspaceKey":"D:\\公考\\图形推理详解","workspacePath":"D:\\公考\\图形推理详解"}
[2026-08-19 23:45:39.907] [info] [pid:37884] [main] [host-log] (local-1) [host] [2026-08-19 23:45:39.904] [pid:35324] [zcode-agent-service] 为只读会话控制面启动 ZCode agent {"workspaceKey":"D:\\公考\\图形推理详解","workspacePath":"D:\\公考\\图形推理详解"}
[2026-08-19 23:45:39.917] [info] [pid:37884] [main] [stability] perf_agent_ready reported {"pid":36556,"runtimeGeneration":1,"runtimeInstanceId":"agent-76258982-52ad-4327-9089-d48a54332054","startupDurationMs":5642}
[2026-08-19 23:45:39.928] [info] [pid:37884] [main] [host-log] (local-1) [host] [2026-08-19 23:45:39.904] [pid:35324] [zcode-agent-service] provider/model 就绪，允许 ZCode agent 模型执行 {"modelId":"GLM-5.3","providerId":"builtin:zai-start-plan","revision":"sha256:c3adf87375dac1a31e0e3c87273a6e565f48ae1358689ca082267661ed451514","workspaceKey":"D:\\公考\\图形推理详解","workspacePath":"D:\\公考\\图形推理详解"}
[2026-08-19 23:45:39.928] [info] [pid:37884] [main] [host-log] (local-1) [host] [2026-08-19 23:45:39.904] [pid:35324] [zcode-agent-service] provider/model 就绪，允许 ZCode agent 模型执行 {"modelId":"GLM-5.3","providerId":"builtin:zai-start-plan","revision":"sha256:c3adf87375dac1a31e0e3c87273a6e565f48ae1358689ca082267661ed451514","workspaceKey":"D:\\公考\\图形推理详解","workspacePath":"D:\\公考\\图形推理详解"}
[2026-08-19 23:45:39.930] [info] [pid:37884] [main] [host-log] (local-1) [host] [2026-08-19 23:45:39.904] [pid:35324] [zcode-agent-service] provider/model 就绪，允许 ZCode agent 模型执行 {"modelId":"GLM-5.3","providerId":"builtin:zai-start-plan","revision":"sha256:c3adf87375dac1a31e0e3c87273a6e565f48ae1358689ca082267661ed451514","workspaceKey":"D:\\公考\\图形推理详解","workspacePath":"D:\\公考\\图形推理详解"}
[2026-08-19 23:45:39.930] [info] [pid:37884] [main] [host-log] (local-1) [host] [2026-08-19 23:45:39.904] [pid:35324] [zcode-agent-service] provider/model 就绪，允许 ZCode agent 模型执行 {"modelId":"GLM-5.3","providerId":"builtin:zai-start-plan","revision":"sha256:c3adf87375dac1a31e0e3c87273a6e565f48ae1358689ca082267661ed451514","workspaceKey":"D:\\公考\\图形推理详解","workspacePath":"D:\\公考\\图形推理详解"}
[2026-08-19 23:45:39.931] [info] [pid:37884] [main] [host-log] (local-1) [host] [2026-08-19 23:45:39.904] [pid:35324] [zcode-agent-service] provider/model 就绪，允许 ZCode agent 模型执行 {"modelId":"GLM-5.3","providerId":"builtin:zai-start-plan","revision":"sha256:c3adf87375dac1a31e0e3c87273a6e565f48ae1358689ca082267661ed451514","workspaceKey":"D:\\公考\\图形推理详解","workspacePath":"D:\\公考\\图形推理详解"}
[2026-08-19 23:45:39.931] [info] [pid:37884] [main] [host-log] (local-1) [host] [2026-08-19 23:45:39.904] [pid:35324] [zcode-agent-service] provider/model 就绪，允许 ZCode agent 模型执行 {"modelId":"GLM-5.3","providerId":"builtin:zai-start-plan","revision":"sha256:c3adf87375dac1a31e0e3c87273a6e565f48ae1358689ca082267661ed451514","workspaceKey":"D:\\公考\\图形推理详解","workspacePath":"D:\\公考\\图形推理详解"}
[2026-08-19 23:45:39.932] [info] [pid:37884] [main] [host-log] (local-1) [host] [2026-08-19 23:45:39.904] [pid:35324] [zcode-agent-service] provider/model 就绪，允许 ZCode agent 模型执行 {"modelId":"GLM-5.3","providerId":"builtin:zai-start-plan","revision":"sha256:c3adf87375dac1a31e0e3c87273a6e565f48ae1358689ca082267661ed451514","workspaceKey":"D:\\公考\\图形推理详解","workspacePath":"D:\\公考\\图形推理详解"}
[2026-08-19 23:45:39.932] [info] [pid:37884] [main] [host-log] (local-1) [host] [2026-08-19 23:45:39.904] [pid:35324] [zcode-agent-service] provider/model 就绪，允许 ZCode agent 模型执行 {"modelId":"GLM-5.3","providerId":"builtin:zai-start-plan","revision":"sha256:c3adf87375dac1a31e0e3c87273a6e565f48ae1358689ca082267661ed451514","workspaceKey":"D:\\公考\\图形推理详解","workspacePath":"D:\\公考\\图形推理详解"}
[2026-08-19 23:45:39.932] [info] [pid:37884] [main] [host-log] (local-1) [host] [2026-08-19 23:45:39.904] [pid:35324] [zcode-agent-service] ZCode agent 初始化完成 {"durationMs":5786,"transportKind":"stdio","workspaceKey":"D:\\公考\\图形推理详解","workspacePath":"D:\\公考\\图形推理详解"}
[2026-08-19 23:45:39.933] [info] [pid:37884] [main] [host-log] (local-1) [host] [2026-08-19 23:45:39.905] [pid:35324] [zcode-agent-service] provider/model 就绪后已启动等待中的 ZCode agent {"providerCount":1,"reason":"getAll","revision":"sha256:c3adf87375dac1a31e0e3c87273a6e565f48ae1358689ca082267661ed451514","workspaceKey":"D:\\公考\\图形推理详解","workspacePath":"D:\\公考\\图形推理详解"}
[2026-08-19 23:45:39.933] [info] [pid:37884] [main] [host-log] (local-1) [host] [2026-08-19 23:45:39.905] [pid:35324] [zcode-host] ZCode agent warmup ready (local host init (1/1)) workspace=D:\公考\图形推理详解 transport=stdio
[2026-08-19 23:45:39.933] [info] [pid:37884] [main] [host-log] (local-1) [host] [2026-08-19 23:45:39.905] [pid:35324] [zcode-agent-service] provider/model 就绪后已启动等待中的 ZCode agent {"providerCount":1,"reason":"manual","revision":"sha256:c3adf87375dac1a31e0e3c87273a6e565f48ae1358689ca082267661ed451514","workspaceKey":"D:\\公考\\图形推理详解","workspacePath":"D:\\公考\\图形推理详解"}
[2026-08-19 23:45:39.934] [info] [pid:37884] [main] [host-log] (local-1) [host] [2026-08-19 23:45:39.905] [pid:35324] [zcode-agent-service] provider/model 就绪后已启动等待中的 ZCode agent {"providerCount":1,"reason":"codingPlanApiKey:builtin:zai-coding-plan","revision":"sha256:c3adf87375dac1a31e0e3c87273a6e565f48ae1358689ca082267661ed451514","workspaceKey":"D:\\公考\\图形推理详解","workspacePath":"D:\\公考\\图形推理详解"}
[2026-08-19 23:45:39.934] [info] [pid:37884] [main] [host-log] (local-1) [host] [2026-08-19 23:45:39.905] [pid:35324] [zcode-agent-service] provider/model 就绪后已启动等待中的 ZCode agent {"providerCount":1,"reason":"codingPlanAvailability:builtin:zai-coding-plan","revision":"sha256:c3adf87375dac1a31e0e3c87273a6e565f48ae1358689ca082267661ed451514","workspaceKey":"D:\\公考\\图形推理详解","workspacePath":"D:\\公考\\图形推理详解"}
[2026-08-19 23:45:39.934] [info] [pid:37884] [main] [host-log] (local-1) [host] [2026-08-19 23:45:39.905] [pid:35324] [zcode-agent-service] provider/model 就绪后已启动等待中的 ZCode agent {"providerCount":1,"reason":"codingPlanApiKey:builtin:zai-start-plan","revision":"sha256:c3adf87375dac1a31e0e3c87273a6e565f48ae1358689ca082267661ed451514","workspaceKey":"D:\\公考\\图形推理详解","workspacePath":"D:\\公考\\图形推理详解"}
[2026-08-19 23:45:39.935] [info] [pid:37884] [main] [host-log] (local-1) [host] [2026-08-19 23:45:39.905] [pid:35324] [zcode-agent-service] provider/model 就绪后已启动等待中的 ZCode agent {"providerCount":1,"reason":"codingPlanAvailability:builtin:zai-start-plan","revision":"sha256:c3adf87375dac1a31e0e3c87273a6e565f48ae1358689ca082267661ed451514","workspaceKey":"D:\\公考\\图形推理详解","workspacePath":"D:\\公考\\图形推理详解"}
[2026-08-19 23:45:42.004] [info] [pid:37884] [main] [host-log] (local-1) [host] [2026-08-19 23:45:42.002] [pid:35324] [zcode-host] [rpc:call] file.ensureConversationWorkspace OK (0.6ms)
[2026-08-19 23:45:42.009] [info] [pid:37884] [main] [host-log] (local-1) [host] [2026-08-19 23:45:42.008] [pid:35324] [zcode-host] [rpc:listen] zcode-agent.onDynamicConversationFrame subscribed
[2026-08-19 23:45:42.017] [info] [pid:37884] [main] [host-log] (local-1) [host] [2026-08-19 23:45:42.016] [pid:35324] [zcode-host] [rpc:listen] zcode-agent.onAgentRuntimeRestarted subscribed
[2026-08-19 23:45:42.018] [info] [pid:37884] [main] [task-realtime] updated host workspace scopes {"hostId":"248a71b2-128a-438a-82c5-94e3e3158559","workspaceKeyCount":2}
[2026-08-19 23:45:42.019] [info] [pid:37884] [main] [host-log] (local-1) [host] [2026-08-19 23:45:42.016] [pid:35324] [zcode-host] [rpc:listen] model-provider.onDidChangeProviderRegistry subscribed
[2026-08-19 23:45:42.020] [info] [pid:37884] [main] [host-log] (local-1) [host] [2026-08-19 23:45:42.016] [pid:35324] [zcode-host] [rpc:listen] zcode-agent.onDynamicConversationTelemetryFact subscribed
[2026-08-19 23:45:42.020] [info] [pid:37884] [main] [host-log] (local-1) [host] [2026-08-19 23:45:42.016] [pid:35324] [zcode-host] [rpc:listen] zcode-agent.onDynamicSessionsIndexFrame subscribed
[2026-08-19 23:45:42.021] [info] [pid:37884] [main] [host-log] (local-1) [host] [2026-08-19 23:45:42.016] [pid:35324] [zcode-host] [rpc:listen] zcode-agent.onAgentRuntimeLifecycle subscribed
[2026-08-19 23:45:42.021] [info] [pid:37884] [main] [host-log] (local-1) [host] [2026-08-19 23:45:42.017] [pid:35324] [zcode-host] [rpc:call] zcode-task.getWorkspaceProviderConfigFile OK (0.0ms)
[2026-08-19 23:45:42.026] [info] [pid:37884] [main] [host-log] (local-1) [host] [2026-08-19 23:45:42.025] [pid:35324] [zcode-host] [rpc:call] model-provider.getProviderRegistrySnapshot OK (8.5ms)
[2026-08-19 23:45:42.027] [info] [pid:37884] [main] [host-log] (local-1) [host] [2026-08-19 23:45:42.025] [pid:35324] [zcode-host] [rpc:call] settings-sync.getFirstRunPromptState OK (2.0ms)
[2026-08-19 23:45:42.031] [warn] [pid:37884] [main] [host-log] (local-1) [host] [2026-08-19 23:45:42.025] [pid:35324] [zcode-host] [rpc:call] zcode-agent.subscribeSessionsIndexV4 FAIL (0.1ms) {"name":"Error","message":"ZCode Agent runtime is not running.","stack":"Error: ZCode Agent runtime is not running.\n    at createRuntimeUnavailableError (file:///D:/zcode/resources/app.asar/out/host/index.js:1046:26991)\n    at getReadOnlyClient (file:///D:/zcode/resources/app.asar/out/host/index.js:1046:56872)\n    at Object.subscribeSessionsIndexV4 (file:///D:/zcode/resources/app.asar/out/host/index.js:1046:95038)\n    at Proxy.subscribeSessionsIndexV4 (file:///D:/zcode/resources/app.asar/out/host/chunk-TE4C6YZA.js:1:53355)\n    at Object.call (file:///D:/zcode/resources/app.asar/out/host/chunk-LVLFJXEE.js:3:4237)\n    at NetworkTelemetryServerChannel.call (file:///D:/zcode/resources/app.asar/out/host/chunk-LVLFJXEE.js:3:3500)\n    at LoggingServerChannel.call (file:///D:/zcode/resources/app.asar/out/host/chunk-LVLFJXEE.js:3:1939)\n    at ChannelServer.onPromise (file:///D:/zcode/resources/app.asar/out/host/chunk-LVLFJXEE.js:1:9576)\n    at ChannelServer.onRawMessage (file:///D:/zcode/resources/app.asar/out/host/chunk-LVLFJXEE.js:1:9246)\n    at file:///D:/zcode/resources/app.asar/out/host/chunk-LVLFJXEE.js:1:8603"}
[2026-08-19 23:45:42.032] [info] [pid:37884] [main] [host-log] (local-1) [host] [2026-08-19 23:45:42.029] [pid:35324] [zcode-host] [rpc:call] subagents.list OK (13.2ms)
[2026-08-19 23:45:42.039] [info] [pid:37884] [main] [host-log] (local-1) [host] [2026-08-19 23:45:42.036] [pid:35324] [zcode-agent-service] 开始请求 ZCode Protocol workspace/readState {"hasRuntimeModel":true,"modelHint":null,"preferWorkspaceDefaults":false,"runtimeModel":{"apiFormat":"anthropic-messages","baseURL":"https://zcode.z.ai/api/v1/zcode-plan/anthropic","kind":"anthropic","model":"builtin:zai-start-plan/GLM-5.3","providerId":"builtin:zai-start-plan","revision":"model-runtime:15e09441d0edf89cce53314d","thoughtLevel":"max"},"workspaceKey":"C:\\Users\\llh04\\.zcode\\workspace\\default","workspacePath":"C:\\Users\\llh04\\.zcode\\workspace\\default"}
[2026-08-19 23:45:42.039] [info] [pid:37884] [main] [host-log] (local-1) [host] [2026-08-19 23:45:42.037] [pid:35324] [zcode-agent] ZCode agent command resolved {"workspaceKey":"C:\\Users\\llh04\\.zcode\\workspace\\default","command":"D:\\zcode\\ZCode.exe","effectiveCommand":"D:\\zcode\\ZCode.exe","resolveCommandDurationMs":0}
[2026-08-19 23:45:42.040] [info] [pid:37884] [main] [host-log] (local-1) [host] [2026-08-19 23:45:42.038] [pid:35324] [zcode-host] [rpc:call] zcode-session.resolveRuntimeModelForV4 OK (2.8ms)
[2026-08-19 23:45:42.042] [info] [pid:37884] [main] [host-log] (local-1) [host] [2026-08-19 23:45:42.041] [pid:35324] [zcode-agent] ZCode agent spawn preflight {"workspaceKey":"C:\\Users\\llh04\\.zcode\\workspace\\default","spawnPreflight":{"command":"D:\\zcode\\ZCode.exe","args":["D:\\zcode\\resources\\glm\\zcode.cjs","app-server","--stdio","--surface","desktop"],"requestedCwd":"C:\\Users\\llh04\\.zcode\\workspace\\default","cwd":"C:\\Users\\llh04\\.zcode\\workspace\\default","cwdSource":"command","commandPathKind":"absolute","commandExists":true,"cwdExists":true}}
[2026-08-19 23:45:42.054] [info] [pid:37884] [main] [stability] perf_agent_start reported {"pid":34132,"runtimeGeneration":1,"runtimeInstanceId":"agent-0f2405f1-73a4-4a8b-a4f5-7df3dffd3627"}
[2026-08-19 23:45:42.055] [info] [pid:37884] [main] [host-log] (local-1) [host] [2026-08-19 23:45:42.053] [pid:35324] [zcode-agent] ZCode agent process started {"workspaceKey":"C:\\Users\\llh04\\.zcode\\workspace\\default","command":"D:\\zcode\\ZCode.exe","cwd":"C:\\Users\\llh04\\.zcode\\workspace\\default","pid":34132,"durationMs":16}
[2026-08-19 23:45:42.076] [info] [pid:37884] [main] [host-log] (local-1) [host] [2026-08-19 23:45:42.075] [pid:35324] [zcode-host] [rpc:call] skills.list OK (59.2ms)
[2026-08-19 23:45:42.139] [info] [pid:37884] [main] [host-log] (local-1) [host] [2026-08-19 23:45:42.138] [pid:35324] [zcode-host] [rpc:call] git.refresh OK (121.3ms)
[2026-08-19 23:45:42.308] [info] [pid:37884] [main] [host-log] (local-1) [host] [2026-08-19 23:45:42.306] [pid:35324] [settingService] writing settings to: C:\Users\llh04\.zcode\v2\setting.json {"recentProjects":["D:\\公考\\图形推理详解"],"locale":"zh-CN","localePreference":"zh-CN","terminalInheritSystemProfile":true,"embeddedBrowserAllowInsecureCertificates":false,"taskAutoArchiveEnabled":false,"taskAutoArchiveOlderThanDays":7,"closeToTrayOnWindows":true,"closeToTrayOnWindowsMigrationInitialized":true,"keepAwakeWhileRunning":false,"desktopChromiumHardwareAccelerationEnabled":true,"messageStreamShowReasoning":false,"messageStreamShowTodos":false,"toolGroupingExploreEnabled":true,"toolGroupingTerminalEnabled":true,"toolGroupingChangesEnabled":false,"zcodeInteractionBehavior":"queue","askUserQuestionAutoResolutionEnabled":true,"modelIoFullRetentionEnabled":false,"optimizeAgentExperienceEnabled":false,"optimizeAgentExperienceMigrationInitialized":true,"enabledBuiltinAgentCliProviders":["glm"],"modelProviderFamilyModes":{"zai":"oauth"},"modelProviderFamilySelectedKeys":{"zai":"coding-plan:builtin:zai-start-plan"},"providerFamilyDomain":"zai","providerFamilyDomainUpdatedAt":1787116588334,"providerFamilyDomainMigrated":true,"repoSnapshotIndexingEnabled":false,"instantGrepIndexingEnabled":false,"nativeSearchEnhancementsEnabled":true,"memoryEnabled":false,"lastWorkspaceSession":[{"kind":"local","workspacePath":"D:\\公考\\图形推理详解","workspacePurpose":"project"},{"kind":"local","workspacePath":"C:\\Users\\llh04\\.zcode\\workspace\\default","workspacePurpose":"conversation"}],"lastActiveTabIndex":1,"receivePreviewUpdates":false,"autoDownloadAndInstallUpdates":true,"skippedElectronUpdateVersions":{},"settingsSyncFirstRunPromptHandled":true}
[2026-08-19 23:45:42.312] [info] [pid:37884] [main] [host-log] (local-1) [host] [2026-08-19 23:45:42.311] [pid:35324] [settingService] write done
[2026-08-19 23:45:42.314] [info] [pid:37884] [main] [host-log] (local-1) [host] [2026-08-19 23:45:42.311] [pid:35324] [zcode-host] [rpc:call] setting.update OK (5.4ms)
[2026-08-19 23:45:42.411] [info] [pid:37884] [main] [host-log] (local-1) [host] [2026-08-19 23:45:42.409] [pid:35324] [zcode-host] [rpc:call] client-scenes.list OK (393.7ms)
[2026-08-19 23:45:42.830] [info] [pid:37884] [main] [host-log] (local-1) [host] [2026-08-19 23:45:42.829] [pid:35324] [zcode-host] [rpc:call] zcode-agent.subscribeSessionsIndexV4 OK (775.3ms)
[2026-08-19 23:45:42.831] [info] [pid:37884] [main] [host-log] (local-1) [host] [2026-08-19 23:45:42.829] [pid:35324] [zcode-agent-service] 为只读会话控制面启动 ZCode agent {"workspaceKey":"C:\\Users\\llh04\\.zcode\\workspace\\default","workspacePath":"C:\\Users\\llh04\\.zcode\\workspace\\default"}
[2026-08-19 23:45:42.832] [info] [pid:37884] [main] [stability] perf_agent_ready reported {"pid":34132,"runtimeGeneration":1,"runtimeInstanceId":"agent-0f2405f1-73a4-4a8b-a4f5-7df3dffd3627","startupDurationMs":777}
[2026-08-19 23:45:42.833] [info] [pid:37884] [main] [host-log] (local-1) [host] [2026-08-19 23:45:42.829] [pid:35324] [zcode-agent-service] provider/model 就绪，允许 ZCode agent 模型执行 {"modelId":"GLM-5.3","providerId":"builtin:zai-start-plan","revision":"sha256:c3adf87375dac1a31e0e3c87273a6e565f48ae1358689ca082267661ed451514","workspaceKey":"C:\\Users\\llh04\\.zcode\\workspace\\default","workspacePath":"C:\\Users\\llh04\\.zcode\\workspace\\default"}
[2026-08-19 23:45:42.833] [info] [pid:37884] [main] [host-log] (local-1) [host] [2026-08-19 23:45:42.830] [pid:35324] [zcode-host] [rpc:call] window-controller.listTaskList OK (0.1ms)
[2026-08-19 23:45:42.834] [info] [pid:37884] [main] [host-log] (local-1) [host] [2026-08-19 23:45:42.830] [pid:35324] [zcode-agent-service] 开始同步本地 provider registry 到 ZCode agent {"providerCount":1,"reason":"v4_command_create_session","revision":"sha256:c3adf87375dac1a31e0e3c87273a6e565f48ae1358689ca082267661ed451514","workspaceKey":"C:\\Users\\llh04\\.zcode\\workspace\\default","workspacePath":"C:\\Users\\llh04\\.zcode\\workspace\\default"}
[2026-08-19 23:45:42.871] [info] [pid:37884] [main] [host-log] (local-1) [host] [2026-08-19 23:45:42.869] [pid:35324] [zcode-agent-service] 本地 provider registry 已同步到 ZCode agent {"appliedProviderRevision":"sha256:c3adf87375dac1a31e0e3c87273a6e565f48ae1358689ca082267661ed451514","providerCount":1,"reason":"v4_command_create_session","status":"applied","workspaceKey":"C:\\Users\\llh04\\.zcode\\workspace\\default","workspacePath":"C:\\Users\\llh04\\.zcode\\workspace\\default"}
[2026-08-19 23:45:45.484] [info] [pid:37884] [main] [host-log] (local-1) [host] [2026-08-19 23:45:45.482] [pid:35324] [zcode-host] [rpc:call] usage-stats.getEntitlementSnapshot OK (11270.6ms)
[2026-08-19 23:45:45.541] [info] [pid:37884] [main] [host-log] (local-1) [host] [2026-08-19 23:45:45.540] [pid:35324] [usage-stats] 读取 BigModel entitlement 已解析授权上下文 {"preferredProviderId":"builtin:zai-coding-plan","providerId":"builtin:zai-coding-plan","scope":"personal","organizationId":null,"projectId":null}
[2026-08-19 23:45:45.648] [info] [pid:37884] [main] [host-log] (local-1) [host] [2026-08-19 23:45:45.646] [pid:35324] [usage-stats] billing/balance 请求完成 {"balanceCount":2,"balances":[{"entitlement_id":"ent_2_0817_glm_5p3","show_name":"GLM-5.3","total_units":3000000,"used_units":354012,"remaining_units":2645988,"available_units":2645988,"reserved_units":null},{"entitlement_id":"ent_2_0817_glm_5turbo","show_name":"GLM-5-Turbo","total_units":2000000,"used_units":0,"remaining_units":2000000,"available_units":2000000,"reserved_units":null}],"code":0,"durationMs":148,"msg":"","payload":{"code":0,"msg":"","data":{"server_time":1787154345,"plans":[{"user_plan_id":"upl_2089944584870027264","plan_id":"zcode-v3-start-plan-0817","name":"ZCode Start Plan","description":"免费 GLM 旗舰模型体验","priority":90,"status":"active","starts_at":1787116592,"ends_at":1787500799,"entitlements":[{"entitlement_id":"ent_2_0817_glm_5p3","show_name":"GLM-5.3","meter":"model_usage","unit_type":"token","capabilities":["model:glm-5.3"],"grant_units":3000000,"period":"daily","priority":110},{"entitlement_id":"ent_2_0817_glm_5turbo","show_name":"GLM-5-Turbo","meter":"model_usage","unit_type":"token","capabilities":["model:GLM-5-Turbo"],"grant_units":2000000,"period":"daily","priority":80}]}],"balances":[{"bucket_id":"bucket_2089944584886804480","user_plan_id":"upl_2089944584870027264","plan_id":"zcode-v3-start-plan-0817","entitlement_id":"ent_2_0817_glm_5p3","show_name":"GLM-5.3","meter":"model_usage","unit_type":"token","capabilities":["model:glm-5.3"],"priority":110,"plan_priority":90,"entitlement_priority":110,"total_units":3000000,"used_units":354012,"remaining_units":2645988,"available_units":2645988,"period_start":1787068800,"period_end":1787155199,"expires_at":1787155199},{"bucket_id":"bucket_2089944584895193088","user_plan_id":"upl_2089944584870027264","plan_id":"zcode-v3-start-plan-0817","entitlement_id":"ent_2_0817_glm_5turbo","show_name":"GLM-5-Turbo","meter":"model_usage","unit_type":"token","capabilities":["model:GLM-5-Turbo"],"priority":80,"plan_priority":90,"entitlement_priority":80,"total_units":2000000,"used_units":0,"remaining_units":2000000,"available_units":2000000,"period_start":1787068800,"period_end":1787155199,"expires_at":1787155199}]}},"planCount":1,"plans":[{"name":"ZCode Start Plan","plan_id":"zcode-v3-start-plan-0817","status":"active"}],"providerId":"builtin:zai-start-plan","success":true,"url":"https://zcode.z.ai/api/v1/zcode-plan/billing/balance?app_version=3.8.1"}
[2026-08-19 23:45:45.649] [info] [pid:37884] [main] [host-log] (local-1) [host] [2026-08-19 23:45:45.646] [pid:35324] [zcode-host] [rpc:call] usage-stats.getEntitlementSnapshot OK (156.8ms)
[2026-08-19 23:45:46.182] [info] [pid:37884] [main] [host-log] (local-1) [host] [2026-08-19 23:45:46.181] [pid:35324] [zcode-host] [rpc:call] usage-stats.getEntitlementSnapshot OK (691.4ms)
[2026-08-19 23:45:48.242] [info] [pid:37884] [main] [host-log] (local-1) [host] [2026-08-19 23:45:48.240] [pid:35324] [zcode-agent-service] ZCode Protocol workspace/readState 完成 {"durationMs":6205,"modelCurrent":"builtin:zai-start-plan/GLM-5.3","modelCount":2,"preferWorkspaceDefaults":false,"providerCount":1,"workspaceKey":"C:\\Users\\llh04\\.zcode\\workspace\\default","workspacePath":"C:\\Users\\llh04\\.zcode\\workspace\\default"}
[2026-08-19 23:45:48.243] [info] [pid:37884] [main] [host-log] (local-1) [host] [2026-08-19 23:45:48.241] [pid:35324] [zcode-host] [rpc:call] zcode-session.readWorkspaceState OK (6205.4ms)
[2026-08-19 23:45:48.397] [info] [pid:37884] [main] [host-log] (local-1) [host] [2026-08-19 23:45:48.395] [pid:35324] [zcode-agent-service] ZCode Protocol workspace/readState 完成 {"durationMs":13943,"modelCurrent":"builtin:zai-start-plan/GLM-5.3","modelCount":2,"preferWorkspaceDefaults":false,"providerCount":1,"workspaceKey":"D:\\公考\\图形推理详解","workspacePath":"D:\\公考\\图形推理详解"}
[2026-08-19 23:45:48.399] [info] [pid:37884] [main] [host-log] (local-1) [host] [2026-08-19 23:45:48.395] [pid:35324] [zcode-host] [rpc:call] zcode-session.readWorkspaceState OK (13943.3ms)
[2026-08-19 23:45:49.183] [info] [pid:37884] [main] [host-log] (local-1) [host] [2026-08-19 23:45:49.182] [pid:35324] [zcode-host] [rpc:call] zcode-agent.sendConversationCommandV4 OK (7128.2ms)
[2026-08-19 23:45:49.303] [info] [pid:37884] [main] [host-log] (local-1) [host] [2026-08-19 23:45:49.302] [pid:35324] [zcode-host] [rpc:call] zcode-agent.sendConversationCommandV4 OK (14826.2ms)
[2026-08-19 23:45:49.311] [info] [pid:37884] [main] [host-log] (local-1) [host] [2026-08-19 23:45:49.309] [pid:35324] [zcode-host] [rpc:call] zcode-agent.sendConversationCommandV4 OK (6.9ms)
[2026-08-19 23:45:49.344] [info] [pid:37884] [main] [host-log] (local-1) [host] [2026-08-19 23:45:49.343] [pid:35324] [zcode-host] [rpc:call] zcode-agent.subscribeConversationV4 OK (149.0ms)
[2026-08-19 23:45:49.501] [info] [pid:37884] [main] [host-log] (local-1) [host] [2026-08-19 23:45:49.499] [pid:35324] [usage-stats] billing/balance 请求完成 {"balanceCount":2,"balances":[{"entitlement_id":"ent_2_0817_glm_5p3","show_name":"GLM-5.3","total_units":3000000,"used_units":354012,"remaining_units":2645988,"available_units":2645988,"reserved_units":null},{"entitlement_id":"ent_2_0817_glm_5turbo","show_name":"GLM-5-Turbo","total_units":2000000,"used_units":0,"remaining_units":2000000,"available_units":2000000,"reserved_units":null}],"code":0,"durationMs":134,"msg":"","payload":{"code":0,"msg":"","data":{"server_time":1787154349,"plans":[{"user_plan_id":"upl_2089944584870027264","plan_id":"zcode-v3-start-plan-0817","name":"ZCode Start Plan","description":"免费 GLM 旗舰模型体验","priority":90,"status":"active","starts_at":1787116592,"ends_at":1787500799,"entitlements":[{"entitlement_id":"ent_2_0817_glm_5p3","show_name":"GLM-5.3","meter":"model_usage","unit_type":"token","capabilities":["model:glm-5.3"],"grant_units":3000000,"period":"daily","priority":110},{"entitlement_id":"ent_2_0817_glm_5turbo","show_name":"GLM-5-Turbo","meter":"model_usage","unit_type":"token","capabilities":["model:GLM-5-Turbo"],"grant_units":2000000,"period":"daily","priority":80}]}],"balances":[{"bucket_id":"bucket_2089944584886804480","user_plan_id":"upl_2089944584870027264","plan_id":"zcode-v3-start-plan-0817","entitlement_id":"ent_2_0817_glm_5p3","show_name":"GLM-5.3","meter":"model_usage","unit_type":"token","capabilities":["model:glm-5.3"],"priority":110,"plan_priority":90,"entitlement_priority":110,"total_units":3000000,"used_units":354012,"remaining_units":2645988,"available_units":2645988,"period_start":1787068800,"period_end":1787155199,"expires_at":1787155199},{"bucket_id":"bucket_2089944584895193088","user_plan_id":"upl_2089944584870027264","plan_id":"zcode-v3-start-plan-0817","entitlement_id":"ent_2_0817_glm_5turbo","show_name":"GLM-5-Turbo","meter":"model_usage","unit_type":"token","capabilities":["model:GLM-5-Turbo"],"priority":80,"plan_priority":90,"entitlement_priority":80,"total_units":2000000,"used_units":0,"remaining_units":2000000,"available_units":2000000,"period_start":1787068800,"period_end":1787155199,"expires_at":1787155199}]}},"planCount":1,"plans":[{"name":"ZCode Start Plan","plan_id":"zcode-v3-start-plan-0817","status":"active"}],"providerId":"builtin:zai-start-plan","success":true,"url":"https://zcode.z.ai/api/v1/zcode-plan/billing/balance?app_version=3.8.1"}
[2026-08-19 23:45:49.502] [info] [pid:37884] [main] [host-log] (local-1) [host] [2026-08-19 23:45:49.499] [pid:35324] [zcode-host] [rpc:call] usage-stats.getEntitlementSnapshot OK (146.7ms)
[2026-08-19 23:45:49.521] [info] [pid:37884] [main] [host-log] (local-1) [host] [2026-08-19 23:45:49.519] [pid:35324] [zcode-host] [rpc:call] zcode-agent.sendConversationCommandV4 OK (163.3ms)
[2026-08-19 23:46:04.372] [info] [pid:37884] [main] [host-log] (local-1) [host] [2026-08-19 23:46:04.370] [pid:35324] [zcode-host] [rpc:call] off-peak-task.list OK (0.3ms)
[2026-08-19 23:46:25.697] [info] [pid:37884] [main] [host-log] (local-1) [host] [2026-08-19 23:46:25.696] [pid:35324] [zcode-host] [rpc:call] zcode-agent.attachmentBeginV4 OK (1.8ms)
[2026-08-19 23:46:25.719] [info] [pid:37884] [main] [host-log] (local-1) [host] [2026-08-19 23:46:25.718] [pid:35324] [zcode-host] [rpc:call] zcode-agent.attachmentChunkV4 OK (5.0ms)
[2026-08-19 23:46:25.725] [info] [pid:37884] [main] [host-log] (local-1) [host] [2026-08-19 23:46:25.724] [pid:35324] [zcode-host] [rpc:call] zcode-agent.attachmentCommitV4 OK (5.4ms)
[2026-08-19 23:46:34.376] [info] [pid:37884] [main] [host-log] (local-1) [host] [2026-08-19 23:46:34.375] [pid:35324] [zcode-host] [rpc:call] off-peak-task.list OK (0.4ms)
[2026-08-19 23:46:42.394] [info] [pid:37884] [main] [host-log] (local-1) [host] [2026-08-19 23:46:42.394] [pid:35324] [zcode-host] [rpc:call] model-provider.getProviderRegistrySnapshot OK (1.1ms)
[2026-08-19 23:46:42.405] [debug] [pid:37884] [main] [browser-use] execute start browserId=iab:31c700f5-3aad-458d-8206-929be57f645c sessionId=sess_ea9ef013-441a-47dd-a8d8-fed7e9bdde79 method=list
[2026-08-19 23:46:42.406] [debug] [pid:37884] [main] [browser-use] execute requestId=c8ddeeb7-0a15-417b-bacc-bdfdffa7b725 browserId=iab:31c700f5-3aad-458d-8206-929be57f645c generation=1787154334095 windowId=1 sessionId=sess_ea9ef013-441a-47dd-a8d8-fed7e9bdde79 method=list
[2026-08-19 23:46:42.406] [debug] [pid:37884] [main] [browser-use] execute done sessionId=sess_ea9ef013-441a-47dd-a8d8-fed7e9bdde79 method=list ok=true elapsedMs=0
[2026-08-19 23:46:42.407] [debug] [pid:37884] [main] [browser-use] execute start browserId=iab:31c700f5-3aad-458d-8206-929be57f645c sessionId=sess_ea9ef013-441a-47dd-a8d8-fed7e9bdde79 method=listUserTabs
[2026-08-19 23:46:42.407] [debug] [pid:37884] [main] [browser-use] execute requestId=8b7ca1f9-536e-40e9-ac76-071538751c40 browserId=iab:31c700f5-3aad-458d-8206-929be57f645c generation=1787154334095 windowId=1 sessionId=sess_ea9ef013-441a-47dd-a8d8-fed7e9bdde79 method=listUserTabs
[2026-08-19 23:46:42.408] [debug] [pid:37884] [main] [browser-use] execute done sessionId=sess_ea9ef013-441a-47dd-a8d8-fed7e9bdde79 method=listUserTabs ok=true elapsedMs=0
[2026-08-19 23:46:42.614] [info] [pid:37884] [main] [host-log] (local-1) [host] [2026-08-19 23:46:42.603] [pid:35324] [zcode-host] [rpc:call] zcode-agent.sendConversationCommandV4 OK (200.5ms)
[2026-08-19 23:46:42.617] [info] [pid:37884] [main] [host-log] (local-1) [host] [2026-08-19 23:46:42.605] [pid:35324] [zcode-agent-service] 开始请求 ZCode Protocol session/resume {"hasRuntimeModel":true,"mcpServerCount":0,"mcpServerNames":[],"modelHint":null,"runtimeModel":{"apiFormat":"anthropic-messages","baseURL":"https://zcode.z.ai/api/v1/zcode-plan/anthropic","kind":"anthropic","model":"builtin:zai-start-plan/GLM-5-Turbo","providerId":"builtin:zai-start-plan","revision":"model-runtime:3457255f58c9a52c3613007b","thoughtLevel":null},"sessionId":"sess_ea9ef013-441a-47dd-a8d8-fed7e9bdde79","workspaceKey":"C:\\Users\\llh04\\.zcode\\workspace\\default","workspacePath":"C:\\Users\\llh04\\.zcode\\workspace\\default"}
[2026-08-19 23:46:42.925] [info] [pid:37884] [main] [host-log] (local-1) [host] [2026-08-19 23:46:42.627] [pid:35324] [zcode-host] [rpc:call] zcode-task.getTaskSessionFilePath OK (0.1ms)
[2026-08-19 23:46:42.975] [info] [pid:37884] [main] [host-log] (local-1) [host] [2026-08-19 23:46:42.627] [pid:35324] [zcode-host] [rpc:call] zcode-task.getTaskNativeSessionLogFile OK (0.4ms)
[2026-08-19 23:46:42.976] [info] [pid:37884] [main] [host-log] (local-1) [host] [2026-08-19 23:46:42.628] [pid:35324] [zcode-host] [rpc:call] zcode-task.getWorkspaceProviderConfigFile OK (0.0ms)
[2026-08-19 23:46:42.977] [info] [pid:37884] [main] [host-log] (local-1) [host] [2026-08-19 23:46:42.628] [pid:35324] [zcode-host] [rpc:call] zcode-task.getTaskNativeSessionLogFile OK (0.2ms)
[2026-08-19 23:46:42.977] [info] [pid:37884] [main] [host-log] (local-1) [host] [2026-08-19 23:46:42.629] [pid:35324] [zcode-host] [rpc:call] zcode-task.getTaskSessionFilePath OK (0.0ms)
[2026-08-19 23:46:42.978] [info] [pid:37884] [main] [host-log] (local-1) [host] [2026-08-19 23:46:42.917] [pid:35324] [settingService] writing settings to: C:\Users\llh04\.zcode\v2\setting.json {"recentProjects":["D:\\公考\\图形推理详解"],"locale":"zh-CN","localePreference":"zh-CN","terminalInheritSystemProfile":true,"embeddedBrowserAllowInsecureCertificates":false,"taskAutoArchiveEnabled":false,"taskAutoArchiveOlderThanDays":7,"closeToTrayOnWindows":true,"closeToTrayOnWindowsMigrationInitialized":true,"keepAwakeWhileRunning":false,"desktopChromiumHardwareAccelerationEnabled":true,"messageStreamShowReasoning":false,"messageStreamShowTodos":false,"toolGroupingExploreEnabled":true,"toolGroupingTerminalEnabled":true,"toolGroupingChangesEnabled":false,"zcodeInteractionBehavior":"queue","askUserQuestionAutoResolutionEnabled":true,"modelIoFullRetentionEnabled":false,"optimizeAgentExperienceEnabled":false,"optimizeAgentExperienceMigrationInitialized":true,"enabledBuiltinAgentCliProviders":["glm"],"modelProviderFamilyModes":{"zai":"oauth"},"modelProviderFamilySelectedKeys":{"zai":"coding-plan:builtin:zai-start-plan"},"providerFamilyDomain":"zai","providerFamilyDomainUpdatedAt":1787116588334,"providerFamilyDomainMigrated":true,"repoSnapshotIndexingEnabled":false,"instantGrepIndexingEnabled":false,"nativeSearchEnhancementsEnabled":true,"memoryEnabled":false,"lastWorkspaceSession":[{"kind":"local","workspacePath":"D:\\公考\\图形推理详解","workspacePurpose":"project"},{"kind":"local","workspacePath":"C:\\Users\\llh04\\.zcode\\workspace\\default","workspacePurpose":"conversation"}],"lastActiveTabIndex":1,"receivePreviewUpdates":false,"autoDownloadAndInstallUpdates":true,"skippedElectronUpdateVersions":{},"settingsSyncFirstRunPromptHandled":true}
[2026-08-19 23:46:42.978] [info] [pid:37884] [main] [host-log] (local-1) [host] [2026-08-19 23:46:42.921] [pid:35324] [settingService] write done
[2026-08-19 23:46:42.979] [info] [pid:37884] [main] [host-log] (local-1) [host] [2026-08-19 23:46:42.921] [pid:35324] [zcode-host] [rpc:call] setting.update OK (4.4ms)
[2026-08-19 23:46:42.980] [info] [pid:37884] [main] [host-log] (local-1) [host] [2026-08-19 23:46:42.961] [pid:35324] [zcode-agent-service][trace:d122e5a0-db94-45e5-b99f-578813767a1b] 收到 ZCode provider runtime headers 请求 {"modelId":"GLM-5-Turbo","providerId":"builtin:zai-start-plan","requestId":"sess_ea9ef013-441a-47dd-a8d8-fed7e9bdde79:provider-runtime-headers:1787154402961","sessionId":"sess_ea9ef013-441a-47dd-a8d8-fed7e9bdde79","turnId":"turn_dd173005-7fdd-4088-92c6-6f2b9c161253","workspaceKey":"C:\\Users\\llh04\\.zcode\\workspace\\default","workspacePath":"C:\\Users\\llh04\\.zcode\\workspace\\default"}
[2026-08-19 23:46:42.981] [info] [pid:37884] [main] [host-log] (local-1) [host] [2026-08-19 23:46:42.976] [pid:35324] [zcode-host] [rpc:call] model-provider.getAllCached OK (13.8ms)
[2026-08-19 23:46:42.981] [info] [pid:37884] [main] [host-log] (local-1) [host] [2026-08-19 23:46:42.978] [pid:35324] [zcode-host] [rpc:call] coding-plan-subscription.getCaptchaConfig OK (0.1ms)
[2026-08-19 23:46:42.995] [info] [pid:37884] [main] [host-log] (local-1) [host] [2026-08-19 23:46:42.994] [pid:35324] [usage-stats] billing/balance 请求完成 {"balanceCount":2,"balances":[{"entitlement_id":"ent_2_0817_glm_5p3","show_name":"GLM-5.3","total_units":3000000,"used_units":354012,"remaining_units":2645988,"available_units":2645988,"reserved_units":null},{"entitlement_id":"ent_2_0817_glm_5turbo","show_name":"GLM-5-Turbo","total_units":2000000,"used_units":0,"remaining_units":2000000,"available_units":2000000,"reserved_units":null}],"code":0,"durationMs":240,"msg":"","payload":{"code":0,"msg":"","data":{"server_time":1787154402,"plans":[{"user_plan_id":"upl_2089944584870027264","plan_id":"zcode-v3-start-plan-0817","name":"ZCode Start Plan","description":"免费 GLM 旗舰模型体验","priority":90,"status":"active","starts_at":1787116592,"ends_at":1787500799,"entitlements":[{"entitlement_id":"ent_2_0817_glm_5p3","show_name":"GLM-5.3","meter":"model_usage","unit_type":"token","capabilities":["model:glm-5.3"],"grant_units":3000000,"period":"daily","priority":110},{"entitlement_id":"ent_2_0817_glm_5turbo","show_name":"GLM-5-Turbo","meter":"model_usage","unit_type":"token","capabilities":["model:GLM-5-Turbo"],"grant_units":2000000,"period":"daily","priority":80}]}],"balances":[{"bucket_id":"bucket_2089944584886804480","user_plan_id":"upl_2089944584870027264","plan_id":"zcode-v3-start-plan-0817","entitlement_id":"ent_2_0817_glm_5p3","show_name":"GLM-5.3","meter":"model_usage","unit_type":"token","capabilities":["model:glm-5.3"],"priority":110,"plan_priority":90,"entitlement_priority":110,"total_units":3000000,"used_units":354012,"remaining_units":2645988,"available_units":2645988,"period_start":1787068800,"period_end":1787155199,"expires_at":1787155199},{"bucket_id":"bucket_2089944584895193088","user_plan_id":"upl_2089944584870027264","plan_id":"zcode-v3-start-plan-0817","entitlement_id":"ent_2_0817_glm_5turbo","show_name":"GLM-5-Turbo","meter":"model_usage","unit_type":"token","capabilities":["model:GLM-5-Turbo"],"priority":80,"plan_priority":90,"entitlement_priority":80,"total_units":2000000,"used_units":0,"remaining_units":2000000,"available_units":2000000,"period_start":1787068800,"period_end":1787155199,"expires_at":1787155199}]}},"planCount":1,"plans":[{"name":"ZCode Start Plan","plan_id":"zcode-v3-start-plan-0817","status":"active"}],"providerId":"builtin:zai-start-plan","success":true,"url":"https://zcode.z.ai/api/v1/zcode-plan/billing/balance?app_version=3.8.1"}
[2026-08-19 23:46:42.996] [info] [pid:37884] [main] [host-log] (local-1) [host] [2026-08-19 23:46:42.994] [pid:35324] [zcode-host] [rpc:call] usage-stats.getEntitlementSnapshot OK (252.7ms)
[2026-08-19 23:46:43.322] [info] [pid:37884] [main] [host-log] (local-1) [host] [2026-08-19 23:46:43.322] [pid:35324] [zcode-agent-service][trace:d122e5a0-db94-45e5-b99f-578813767a1b] ZCode Protocol session/resume 完成 {"durationMs":719,"hasRuntimeModel":true,"messageCount":3,"modelCurrent":"builtin:zai-start-plan/GLM-5-Turbo","mcpServerCount":0,"sessionId":"sess_ea9ef013-441a-47dd-a8d8-fed7e9bdde79","snapshotTraceId":"d122e5a0-db94-45e5-b99f-578813767a1b","workspaceKey":"C:\\Users\\llh04\\.zcode\\workspace\\default","workspacePath":"C:\\Users\\llh04\\.zcode\\workspace\\default"}
[2026-08-19 23:46:43.454] [info] [pid:37884] [main] [host-log] (local-1) [host] [2026-08-19 23:46:43.453] [pid:35324] [zcode-session-service] [zcode-session-service] readSession 历史快照读取完成 {"durationMs":825,"messageLimit":1,"sessionId":"sess_ea9ef013-441a-47dd-a8d8-fed7e9bdde79","snapshot":{"activeTurnId":"turn_dd173005-7fdd-4088-92c6-6f2b9c161253","eventSeq":7,"messageCount":1,"pendingRequestCount":0,"sessionStatus":"running","stateRevision":0},"workspaceIdentity":null,"workspacePath":"C:\\Users\\llh04\\.zcode\\workspace\\default"}
[2026-08-19 23:46:43.455] [info] [pid:37884] [main] [host-log] (local-1) [host] [2026-08-19 23:46:43.454] [pid:35324] [zcode-host] [rpc:call] zcode-session.readSession OK (825.7ms)
[2026-08-19 23:46:43.455] [info] [pid:37884] [main] [host-log] (local-1) [host] [2026-08-19 23:46:43.454] [pid:35324] [zcode-host] [rpc:call] zcode-agent.conversationPlansV4 OK (817.9ms)
[2026-08-19 23:46:43.503] [info] [pid:37884] [main] [host-log] (local-1) [host] [2026-08-19 23:46:43.502] [pid:35324] [zcode-host] [rpc:call] window-controller.listTaskList OK (0.1ms)
[2026-08-19 23:46:43.504] [info] [pid:37884] [main] [host-log] (local-1) [host] [2026-08-19 23:46:43.503] [pid:35324] [zcode-host] [rpc:call] window-controller.listTaskList OK (0.1ms)
[2026-08-19 23:46:43.519] [info] [pid:37884] [main] [host-log] (local-1) [host] [2026-08-19 23:46:43.518] [pid:35324] [zcode-host] [rpc:call] zcode-task.getTaskNativeSessionLogFile OK (0.3ms)
[2026-08-19 23:46:45.973] [info] [pid:37884] [main] [host-log] (local-1) [host] [2026-08-19 23:46:45.971] [pid:35324] [zcode-agent-service] 完成同步当前模型 runtime config 到 ZCode agent {"applyModelSelection":false,"appliedModelRuntimeRevision":"model-runtime:0aa2b402f4d113a3d7a43279","changed":true,"model":"builtin:zai-start-plan/GLM-5-Turbo$enabled","runtimeBaseURL":"https://zcode.z.ai/api/v1/zcode-plan/anthropic","runtimeProviderId":"builtin:zai-start-plan","sessionId":"sess_ea9ef013-441a-47dd-a8d8-fed7e9bdde79","workspaceKey":"C:\\Users\\llh04\\.zcode\\workspace\\default","workspacePath":"C:\\Users\\llh04\\.zcode\\workspace\\default"}
[2026-08-19 23:46:45.973] [info] [pid:37884] [main] [host-log] (local-1) [host] [2026-08-19 23:46:45.972] [pid:35324] [zcode-host] [rpc:call] zcode-agent.respondProviderRuntimeHeaders OK (110.1ms)
[2026-08-19 23:46:45.993] [info] [pid:37884] [main] [host-log] (local-1) [host] [2026-08-19 23:46:45.992] [pid:35324] [zcode-host] [rpc:call] window-controller.listTaskList OK (0.1ms)
[2026-08-19 23:46:48.575] [info] [pid:37884] [main] [host-log] (local-1) [host] [2026-08-19 23:46:48.574] [pid:35324] [usage-stats] 读取 BigModel entitlement 已解析授权上下文 {"preferredProviderId":"builtin:zai-coding-plan","providerId":"builtin:zai-coding-plan","scope":"personal","organizationId":null,"projectId":null}
[2026-08-19 23:46:48.777] [info] [pid:37884] [main] [host-log] (local-1) [host] [2026-08-19 23:46:48.777] [pid:35324] [usage-stats] billing/balance 请求完成 {"balanceCount":2,"balances":[{"entitlement_id":"ent_2_0817_glm_5p3","show_name":"GLM-5.3","total_units":3000000,"used_units":354012,"remaining_units":2645988,"available_units":2645988,"reserved_units":null},{"entitlement_id":"ent_2_0817_glm_5turbo","show_name":"GLM-5-Turbo","total_units":2000000,"used_units":0,"remaining_units":2000000,"available_units":2000000,"reserved_units":null}],"code":0,"durationMs":252,"msg":"","payload":{"code":0,"msg":"","data":{"server_time":1787154408,"plans":[{"user_plan_id":"upl_2089944584870027264","plan_id":"zcode-v3-start-plan-0817","name":"ZCode Start Plan","description":"免费 GLM 旗舰模型体验","priority":90,"status":"active","starts_at":1787116592,"ends_at":1787500799,"entitlements":[{"entitlement_id":"ent_2_0817_glm_5p3","show_name":"GLM-5.3","meter":"model_usage","unit_type":"token","capabilities":["model:glm-5.3"],"grant_units":3000000,"period":"daily","priority":110},{"entitlement_id":"ent_2_0817_glm_5turbo","show_name":"GLM-5-Turbo","meter":"model_usage","unit_type":"token","capabilities":["model:GLM-5-Turbo"],"grant_units":2000000,"period":"daily","priority":80}]}],"balances":[{"bucket_id":"bucket_2089944584886804480","user_plan_id":"upl_2089944584870027264","plan_id":"zcode-v3-start-plan-0817","entitlement_id":"ent_2_0817_glm_5p3","show_name":"GLM-5.3","meter":"model_usage","unit_type":"token","capabilities":["model:glm-5.3"],"priority":110,"plan_priority":90,"entitlement_priority":110,"total_units":3000000,"used_units":354012,"remaining_units":2645988,"available_units":2645988,"period_start":1787068800,"period_end":1787155199,"expires_at":1787155199},{"bucket_id":"bucket_2089944584895193088","user_plan_id":"upl_2089944584870027264","plan_id":"zcode-v3-start-plan-0817","entitlement_id":"ent_2_0817_glm_5turbo","show_name":"GLM-5-Turbo","meter":"model_usage","unit_type":"token","capabilities":["model:GLM-5-Turbo"],"priority":80,"plan_priority":90,"entitlement_priority":80,"total_units":2000000,"used_units":0,"remaining_units":2000000,"available_units":2000000,"period_start":1787068800,"period_end":1787155199,"expires_at":1787155199}]}},"planCount":1,"plans":[{"name":"ZCode Start Plan","plan_id":"zcode-v3-start-plan-0817","status":"active"}],"providerId":"builtin:zai-start-plan","success":true,"url":"https://zcode.z.ai/api/v1/zcode-plan/billing/balance?app_version=3.8.1"}
[2026-08-19 23:46:48.778] [info] [pid:37884] [main] [host-log] (local-1) [host] [2026-08-19 23:46:48.777] [pid:35324] [zcode-host] [rpc:call] usage-stats.getEntitlementSnapshot OK (261.3ms)
[2026-08-19 23:46:54.428] [info] [pid:37884] [main] [host-log] (local-1) [host] [2026-08-19 23:46:54.427] [pid:35324] [settingService] writing settings to: C:\Users\llh04\.zcode\v2\setting.json {"recentProjects":["D:\\公考\\图形推理详解"],"locale":"zh-CN","localePreference":"zh-CN","terminalInheritSystemProfile":true,"embeddedBrowserAllowInsecureCertificates":false,"taskAutoArchiveEnabled":false,"taskAutoArchiveOlderThanDays":7,"closeToTrayOnWindows":true,"closeToTrayOnWindowsMigrationInitialized":true,"keepAwakeWhileRunning":false,"desktopChromiumHardwareAccelerationEnabled":true,"messageStreamShowReasoning":false,"messageStreamShowTodos":false,"toolGroupingExploreEnabled":true,"toolGroupingTerminalEnabled":true,"toolGroupingChangesEnabled":false,"zcodeInteractionBehavior":"queue","askUserQuestionAutoResolutionEnabled":true,"modelIoFullRetentionEnabled":false,"optimizeAgentExperienceEnabled":false,"optimizeAgentExperienceMigrationInitialized":true,"enabledBuiltinAgentCliProviders":["glm"],"modelProviderFamilyModes":{"zai":"oauth"},"modelProviderFamilySelectedKeys":{"zai":"coding-plan:builtin:zai-start-plan"},"providerFamilyDomain":"zai","providerFamilyDomainUpdatedAt":1787116588334,"providerFamilyDomainMigrated":true,"repoSnapshotIndexingEnabled":false,"instantGrepIndexingEnabled":false,"nativeSearchEnhancementsEnabled":true,"memoryEnabled":false,"lastWorkspaceSession":[{"kind":"local","workspacePath":"D:\\公考\\图形推理详解","workspacePurpose":"project"},{"kind":"local","workspacePath":"C:\\Users\\llh04\\.zcode\\workspace\\default","workspacePurpose":"conversation"}],"lastActiveTabIndex":1,"receivePreviewUpdates":false,"autoDownloadAndInstallUpdates":true,"skippedElectronUpdateVersions":{},"settingsSyncFirstRunPromptHandled":true}
[2026-08-19 23:46:54.432] [info] [pid:37884] [main] [host-log] (local-1) [host] [2026-08-19 23:46:54.431] [pid:35324] [settingService] write done
[2026-08-19 23:46:54.432] [info] [pid:37884] [main] [host-log] (local-1) [host] [2026-08-19 23:46:54.431] [pid:35324] [zcode-host] [rpc:call] setting.update OK (4.7ms)
[2026-08-19 23:46:55.781] [info] [pid:37884] [main] [host-log] (local-1) [host] [2026-08-19 23:46:55.780] [pid:35324] [zcode-host] [rpc:call] usage-stats.getEntitlementSnapshot OK (7264.5ms)
[2026-08-19 23:46:55.786] [info] [pid:37884] [main] [host-log] (local-1) [host] [2026-08-19 23:46:55.786] [pid:35324] [settingService] writing settings to: C:\Users\llh04\.zcode\v2\setting.json {"recentProjects":["D:\\公考\\图形推理详解"],"locale":"zh-CN","localePreference":"zh-CN","terminalInheritSystemProfile":true,"embeddedBrowserAllowInsecureCertificates":false,"taskAutoArchiveEnabled":false,"taskAutoArchiveOlderThanDays":7,"closeToTrayOnWindows":true,"closeToTrayOnWindowsMigrationInitialized":true,"keepAwakeWhileRunning":false,"desktopChromiumHardwareAccelerationEnabled":true,"messageStreamShowReasoning":false,"messageStreamShowTodos":false,"toolGroupingExploreEnabled":true,"toolGroupingTerminalEnabled":true,"toolGroupingChangesEnabled":false,"zcodeInteractionBehavior":"queue","askUserQuestionAutoResolutionEnabled":true,"modelIoFullRetentionEnabled":false,"optimizeAgentExperienceEnabled":false,"optimizeAgentExperienceMigrationInitialized":true,"enabledBuiltinAgentCliProviders":["glm"],"modelProviderFamilyModes":{"zai":"oauth"},"modelProviderFamilySelectedKeys":{"zai":"coding-plan:builtin:zai-start-plan"},"providerFamilyDomain":"zai","providerFamilyDomainUpdatedAt":1787116588334,"providerFamilyDomainMigrated":true,"repoSnapshotIndexingEnabled":false,"instantGrepIndexingEnabled":false,"nativeSearchEnhancementsEnabled":true,"memoryEnabled":false,"lastWorkspaceSession":[{"kind":"local","workspacePath":"D:\\公考\\图形推理详解","workspacePurpose":"project"},{"kind":"local","workspacePath":"C:\\Users\\llh04\\.zcode\\workspace\\default","workspacePurpose":"conversation"}],"lastActiveTabIndex":1,"receivePreviewUpdates":false,"autoDownloadAndInstallUpdates":true,"skippedElectronUpdateVersions":{},"settingsSyncFirstRunPromptHandled":true}
[2026-08-19 23:46:55.789] [info] [pid:37884] [main] [host-log] (local-1) [host] [2026-08-19 23:46:55.789] [pid:35324] [settingService] write done
[2026-08-19 23:46:55.790] [info] [pid:37884] [main] [host-log] (local-1) [host] [2026-08-19 23:46:55.789] [pid:35324] [zcode-host] [rpc:call] setting.update OK (3.9ms)
[2026-08-19 23:47:04.585] [info] [pid:37884] [main] [host-log] (local-1) [host] [2026-08-19 23:47:04.585] [pid:35324] [zcode-host] [rpc:call] off-peak-task.list OK (0.3ms)
[2026-08-19 23:47:15.414] [info] [pid:37884] [main] [host-log] (local-1) [host] [2026-08-19 23:47:15.413] [pid:35324] [zcode-host] [rpc:call] window-controller.listTaskList OK (0.1ms)
[2026-08-19 23:47:15.427] [info] [pid:37884] [main] [host-log] (local-1) [host] [2026-08-19 23:47:15.427] [pid:35324] [zcode-host] [rpc:call] window-controller.listTaskList OK (0.1ms)
[2026-08-19 23:47:15.435] [info] [pid:37884] [main] [host-log] (local-1) [host] [2026-08-19 23:47:15.435] [pid:35324] [zcode-host] [rpc:call] window-controller.listTaskList OK (0.1ms)
[2026-08-19 23:47:15.443] [info] [pid:37884] [main] [host-log] (local-1) [host] [2026-08-19 23:47:15.442] [pid:35324] [zcode-host] [rpc:call] window-controller.listTaskList OK (0.1ms)
[2026-08-19 23:47:15.447] [info] [pid:37884] [main] [host-log] (local-1) [host] [2026-08-19 23:47:15.446] [pid:35324] [zcode-host] [rpc:call] window-controller.listTaskList OK (0.1ms)
[2026-08-19 23:47:15.454] [info] [pid:37884] [main] [host-log] (local-1) [host] [2026-08-19 23:47:15.453] [pid:35324] [zcode-agent-service][trace:d122e5a0-db94-45e5-b99f-578813767a1b] 收到 ZCode provider runtime headers 请求 {"modelId":"GLM-5-Turbo","providerId":"builtin:zai-start-plan","requestId":"sess_ea9ef013-441a-47dd-a8d8-fed7e9bdde79:provider-runtime-headers:1787154435453","sessionId":"sess_ea9ef013-441a-47dd-a8d8-fed7e9bdde79","turnId":"turn_dd173005-7fdd-4088-92c6-6f2b9c161253","workspaceKey":"C:\\Users\\llh04\\.zcode\\workspace\\default","workspacePath":"C:\\Users\\llh04\\.zcode\\workspace\\default"}
[2026-08-19 23:47:15.455] [info] [pid:37884] [main] [host-log] (local-1) [host] [2026-08-19 23:47:15.454] [pid:35324] [zcode-host] [rpc:call] window-controller.listTaskList OK (0.1ms)
[2026-08-19 23:47:15.461] [info] [pid:37884] [main] [host-log] (local-1) [host] [2026-08-19 23:47:15.459] [pid:35324] [zcode-host] [rpc:call] window-controller.listTaskList OK (0.1ms)
[2026-08-19 23:47:15.476] [info] [pid:37884] [main] [host-log] (local-1) [host] [2026-08-19 23:47:15.475] [pid:35324] [zcode-host] [rpc:call] model-provider.getAllCached OK (15.2ms)
[2026-08-19 23:47:16.568] [info] [pid:37884] [main] [host-log] (local-1) [host] [2026-08-19 23:47:16.567] [pid:35324] [zcode-agent-service] 完成同步当前模型 runtime config 到 ZCode agent {"applyModelSelection":false,"appliedModelRuntimeRevision":"model-runtime:2b846dac347658072804e984","changed":true,"model":"builtin:zai-start-plan/GLM-5-Turbo$enabled","runtimeBaseURL":"https://zcode.z.ai/api/v1/zcode-plan/anthropic","runtimeProviderId":"builtin:zai-start-plan","sessionId":"sess_ea9ef013-441a-47dd-a8d8-fed7e9bdde79","workspaceKey":"C:\\Users\\llh04\\.zcode\\workspace\\default","workspacePath":"C:\\Users\\llh04\\.zcode\\workspace\\default"}
[2026-08-19 23:47:16.569] [info] [pid:37884] [main] [host-log] (local-1) [host] [2026-08-19 23:47:16.568] [pid:35324] [zcode-host] [rpc:call] zcode-agent.respondProviderRuntimeHeaders OK (205.9ms)
[2026-08-19 23:47:34.371] [info] [pid:37884] [main] [host-log] (local-1) [host] [2026-08-19 23:47:34.370] [pid:35324] [zcode-host] [rpc:call] off-peak-task.list OK (0.3ms)
[2026-08-19 23:47:34.973] [info] [pid:37884] [main] [host-log] (local-1) [host] [2026-08-19 23:47:34.972] [pid:35324] [settingService] writing settings to: C:\Users\llh04\.zcode\v2\setting.json {"recentProjects":["D:\\公考\\图形推理详解"],"locale":"zh-CN","localePreference":"zh-CN","terminalInheritSystemProfile":true,"embeddedBrowserAllowInsecureCertificates":false,"taskAutoArchiveEnabled":false,"taskAutoArchiveOlderThanDays":7,"closeToTrayOnWindows":true,"closeToTrayOnWindowsMigrationInitialized":true,"keepAwakeWhileRunning":false,"desktopChromiumHardwareAccelerationEnabled":true,"messageStreamShowReasoning":false,"messageStreamShowTodos":false,"toolGroupingExploreEnabled":true,"toolGroupingTerminalEnabled":true,"toolGroupingChangesEnabled":false,"zcodeInteractionBehavior":"queue","askUserQuestionAutoResolutionEnabled":true,"modelIoFullRetentionEnabled":false,"optimizeAgentExperienceEnabled":false,"optimizeAgentExperienceMigrationInitialized":true,"enabledBuiltinAgentCliProviders":["glm"],"modelProviderFamilyModes":{"zai":"oauth"},"modelProviderFamilySelectedKeys":{"zai":"coding-plan:builtin:zai-start-plan"},"providerFamilyDomain":"zai","providerFamilyDomainUpdatedAt":1787116588334,"providerFamilyDomainMigrated":true,"repoSnapshotIndexingEnabled":false,"instantGrepIndexingEnabled":false,"nativeSearchEnhancementsEnabled":true,"memoryEnabled":false,"lastWorkspaceSession":[{"kind":"local","workspacePath":"D:\\公考\\图形推理详解","workspacePurpose":"project"},{"kind":"local","workspacePath":"C:\\Users\\llh04\\.zcode\\workspace\\default","workspacePurpose":"conversation"}],"lastActiveTabIndex":1,"receivePreviewUpdates":false,"autoDownloadAndInstallUpdates":true,"skippedElectronUpdateVersions":{},"settingsSyncFirstRunPromptHandled":true}
[2026-08-19 23:47:34.977] [info] [pid:37884] [main] [host-log] (local-1) [host] [2026-08-19 23:47:34.976] [pid:35324] [settingService] write done
[2026-08-19 23:47:34.978] [info] [pid:37884] [main] [host-log] (local-1) [host] [2026-08-19 23:47:34.977] [pid:35324] [zcode-host] [rpc:call] setting.update OK (6.9ms)
[2026-08-19 23:47:35.937] [info] [pid:37884] [main] [host-log] (local-1) [host] [2026-08-19 23:47:35.936] [pid:35324] [settingService] writing settings to: C:\Users\llh04\.zcode\v2\setting.json {"recentProjects":["D:\\公考\\图形推理详解"],"locale":"zh-CN","localePreference":"zh-CN","terminalInheritSystemProfile":true,"embeddedBrowserAllowInsecureCertificates":false,"taskAutoArchiveEnabled":false,"taskAutoArchiveOlderThanDays":7,"closeToTrayOnWindows":true,"closeToTrayOnWindowsMigrationInitialized":true,"keepAwakeWhileRunning":false,"desktopChromiumHardwareAccelerationEnabled":true,"messageStreamShowReasoning":false,"messageStreamShowTodos":false,"toolGroupingExploreEnabled":true,"toolGroupingTerminalEnabled":true,"toolGroupingChangesEnabled":false,"zcodeInteractionBehavior":"queue","askUserQuestionAutoResolutionEnabled":true,"modelIoFullRetentionEnabled":false,"optimizeAgentExperienceEnabled":false,"optimizeAgentExperienceMigrationInitialized":true,"enabledBuiltinAgentCliProviders":["glm"],"modelProviderFamilyModes":{"zai":"oauth"},"modelProviderFamilySelectedKeys":{"zai":"coding-plan:builtin:zai-start-plan"},"providerFamilyDomain":"zai","providerFamilyDomainUpdatedAt":1787116588334,"providerFamilyDomainMigrated":true,"repoSnapshotIndexingEnabled":false,"instantGrepIndexingEnabled":false,"nativeSearchEnhancementsEnabled":true,"memoryEnabled":false,"lastWorkspaceSession":[{"kind":"local","workspacePath":"D:\\公考\\图形推理详解","workspacePurpose":"project"},{"kind":"local","workspacePath":"C:\\Users\\llh04\\.zcode\\workspace\\default","workspacePurpose":"conversation"}],"lastActiveTabIndex":1,"receivePreviewUpdates":false,"autoDownloadAndInstallUpdates":true,"skippedElectronUpdateVersions":{},"settingsSyncFirstRunPromptHandled":true}
[2026-08-19 23:47:35.940] [info] [pid:37884] [main] [host-log] (local-1) [host] [2026-08-19 23:47:35.939] [pid:35324] [settingService] write done
[2026-08-19 23:47:35.941] [info] [pid:37884] [main] [host-log] (local-1) [host] [2026-08-19 23:47:35.940] [pid:35324] [zcode-host] [rpc:call] setting.update OK (4.0ms)
[2026-08-19 23:47:37.935] [info] [pid:37884] [main] [host-log] (local-1) [host] [2026-08-19 23:47:37.934] [pid:35324] [settingService] writing settings to: C:\Users\llh04\.zcode\v2\setting.json {"recentProjects":["D:\\公考\\图形推理详解"],"locale":"zh-CN","localePreference":"zh-CN","terminalInheritSystemProfile":true,"embeddedBrowserAllowInsecureCertificates":false,"taskAutoArchiveEnabled":false,"taskAutoArchiveOlderThanDays":7,"closeToTrayOnWindows":true,"closeToTrayOnWindowsMigrationInitialized":true,"keepAwakeWhileRunning":false,"desktopChromiumHardwareAccelerationEnabled":true,"messageStreamShowReasoning":false,"messageStreamShowTodos":false,"toolGroupingExploreEnabled":true,"toolGroupingTerminalEnabled":true,"toolGroupingChangesEnabled":false,"zcodeInteractionBehavior":"queue","askUserQuestionAutoResolutionEnabled":true,"modelIoFullRetentionEnabled":false,"optimizeAgentExperienceEnabled":false,"optimizeAgentExperienceMigrationInitialized":true,"enabledBuiltinAgentCliProviders":["glm"],"modelProviderFamilyModes":{"zai":"oauth"},"modelProviderFamilySelectedKeys":{"zai":"coding-plan:builtin:zai-start-plan"},"providerFamilyDomain":"zai","providerFamilyDomainUpdatedAt":1787116588334,"providerFamilyDomainMigrated":true,"repoSnapshotIndexingEnabled":false,"instantGrepIndexingEnabled":false,"nativeSearchEnhancementsEnabled":true,"memoryEnabled":false,"lastWorkspaceSession":[{"kind":"local","workspacePath":"D:\\公考\\图形推理详解","workspacePurpose":"project"},{"kind":"local","workspacePath":"C:\\Users\\llh04\\.zcode\\workspace\\default","workspacePurpose":"conversation"}],"lastActiveTabIndex":1,"receivePreviewUpdates":false,"autoDownloadAndInstallUpdates":true,"skippedElectronUpdateVersions":{},"settingsSyncFirstRunPromptHandled":true}
[2026-08-19 23:47:37.939] [info] [pid:37884] [main] [host-log] (local-1) [host] [2026-08-19 23:47:37.938] [pid:35324] [settingService] write done
[2026-08-19 23:47:37.940] [info] [pid:37884] [main] [host-log] (local-1) [host] [2026-08-19 23:47:37.939] [pid:35324] [zcode-host] [rpc:call] setting.update OK (6.7ms)
[2026-08-19 23:47:42.003] [info] [pid:37884] [main] [host-log] (local-1) [host] [2026-08-19 23:47:42.000] [pid:35324] [settingService] writing settings to: C:\Users\llh04\.zcode\v2\setting.json {"recentProjects":["D:\\公考\\图形推理详解"],"locale":"zh-CN","localePreference":"zh-CN","terminalInheritSystemProfile":true,"embeddedBrowserAllowInsecureCertificates":false,"taskAutoArchiveEnabled":false,"taskAutoArchiveOlderThanDays":7,"closeToTrayOnWindows":true,"closeToTrayOnWindowsMigrationInitialized":true,"keepAwakeWhileRunning":false,"desktopChromiumHardwareAccelerationEnabled":true,"messageStreamShowReasoning":false,"messageStreamShowTodos":false,"toolGroupingExploreEnabled":true,"toolGroupingTerminalEnabled":true,"toolGroupingChangesEnabled":false,"zcodeInteractionBehavior":"queue","askUserQuestionAutoResolutionEnabled":true,"modelIoFullRetentionEnabled":false,"optimizeAgentExperienceEnabled":false,"optimizeAgentExperienceMigrationInitialized":true,"enabledBuiltinAgentCliProviders":["glm"],"modelProviderFamilyModes":{"zai":"oauth"},"modelProviderFamilySelectedKeys":{"zai":"coding-plan:builtin:zai-start-plan"},"providerFamilyDomain":"zai","providerFamilyDomainUpdatedAt":1787116588334,"providerFamilyDomainMigrated":true,"repoSnapshotIndexingEnabled":false,"instantGrepIndexingEnabled":false,"nativeSearchEnhancementsEnabled":true,"memoryEnabled":false,"lastWorkspaceSession":[{"kind":"local","workspacePath":"D:\\公考\\图形推理详解","workspacePurpose":"project"},{"kind":"local","workspacePath":"C:\\Users\\llh04\\.zcode\\workspace\\default","workspacePurpose":"conversation"}],"lastActiveTabIndex":1,"receivePreviewUpdates":false,"autoDownloadAndInstallUpdates":true,"skippedElectronUpdateVersions":{},"settingsSyncFirstRunPromptHandled":true}
[2026-08-19 23:47:42.004] [info] [pid:37884] [main] [host-log] (local-1) [host] [2026-08-19 23:47:42.004] [pid:35324] [settingService] write done
[2026-08-19 23:47:42.005] [info] [pid:37884] [main] [host-log] (local-1) [host] [2026-08-19 23:47:42.004] [pid:35324] [zcode-host] [rpc:call] setting.update OK (4.8ms)
[2026-08-19 23:47:44.932] [info] [pid:37884] [main] [host-log] (local-1) [host] [2026-08-19 23:47:44.931] [pid:35324] [settingService] writing settings to: C:\Users\llh04\.zcode\v2\setting.json {"recentProjects":["D:\\公考\\图形推理详解"],"locale":"zh-CN","localePreference":"zh-CN","terminalInheritSystemProfile":true,"embeddedBrowserAllowInsecureCertificates":false,"taskAutoArchiveEnabled":false,"taskAutoArchiveOlderThanDays":7,"closeToTrayOnWindows":true,"closeToTrayOnWindowsMigrationInitialized":true,"keepAwakeWhileRunning":false,"desktopChromiumHardwareAccelerationEnabled":true,"messageStreamShowReasoning":false,"messageStreamShowTodos":false,"toolGroupingExploreEnabled":true,"toolGroupingTerminalEnabled":true,"toolGroupingChangesEnabled":false,"zcodeInteractionBehavior":"queue","askUserQuestionAutoResolutionEnabled":true,"modelIoFullRetentionEnabled":false,"optimizeAgentExperienceEnabled":false,"optimizeAgentExperienceMigrationInitialized":true,"enabledBuiltinAgentCliProviders":["glm"],"modelProviderFamilyModes":{"zai":"oauth"},"modelProviderFamilySelectedKeys":{"zai":"coding-plan:builtin:zai-start-plan"},"providerFamilyDomain":"zai","providerFamilyDomainUpdatedAt":1787116588334,"providerFamilyDomainMigrated":true,"repoSnapshotIndexingEnabled":false,"instantGrepIndexingEnabled":false,"nativeSearchEnhancementsEnabled":true,"memoryEnabled":false,"lastWorkspaceSession":[{"kind":"local","workspacePath":"D:\\公考\\图形推理详解","workspacePurpose":"project"},{"kind":"local","workspacePath":"C:\\Users\\llh04\\.zcode\\workspace\\default","workspacePurpose":"conversation"}],"lastActiveTabIndex":1,"receivePreviewUpdates":false,"autoDownloadAndInstallUpdates":true,"skippedElectronUpdateVersions":{},"settingsSyncFirstRunPromptHandled":true}
[2026-08-19 23:47:44.935] [info] [pid:37884] [main] [host-log] (local-1) [host] [2026-08-19 23:47:44.935] [pid:35324] [settingService] write done
[2026-08-19 23:47:44.936] [info] [pid:37884] [main] [host-log] (local-1) [host] [2026-08-19 23:47:44.935] [pid:35324] [zcode-host] [rpc:call] setting.update OK (4.2ms)
[2026-08-19 23:47:48.397] [info] [pid:37884] [main] [host-log] (local-1) [host] [2026-08-19 23:47:48.396] [pid:35324] [zcode-agent-service][trace:d122e5a0-db94-45e5-b99f-578813767a1b] 收到 ZCode provider runtime headers 请求 {"modelId":"GLM-5-Turbo","providerId":"builtin:zai-start-plan","requestId":"sess_ea9ef013-441a-47dd-a8d8-fed7e9bdde79:provider-runtime-headers:1787154468396","sessionId":"sess_ea9ef013-441a-47dd-a8d8-fed7e9bdde79","turnId":"turn_dd173005-7fdd-4088-92c6-6f2b9c161253","workspaceKey":"C:\\Users\\llh04\\.zcode\\workspace\\default","workspacePath":"C:\\Users\\llh04\\.zcode\\workspace\\default"}
[2026-08-19 23:47:48.404] [info] [pid:37884] [main] [host-log] (local-1) [host] [2026-08-19 23:47:48.404] [pid:35324] [zcode-host] [rpc:call] model-provider.getAllCached OK (7.0ms)
[2026-08-19 23:47:48.406] [info] [pid:37884] [main] [host-log] (local-1) [host] [2026-08-19 23:47:48.405] [pid:35324] [zcode-host] [rpc:call] coding-plan-subscription.getCaptchaConfig OK (0.0ms)
[2026-08-19 23:47:49.278] [info] [pid:37884] [main] [host-log] (local-1) [host] [2026-08-19 23:47:49.277] [pid:35324] [zcode-agent-service] 完成同步当前模型 runtime config 到 ZCode agent {"applyModelSelection":false,"appliedModelRuntimeRevision":"model-runtime:b516b41d84188918c0220997","changed":true,"model":"builtin:zai-start-plan/GLM-5-Turbo$enabled","runtimeBaseURL":"https://zcode.z.ai/api/v1/zcode-plan/anthropic","runtimeProviderId":"builtin:zai-start-plan","sessionId":"sess_ea9ef013-441a-47dd-a8d8-fed7e9bdde79","workspaceKey":"C:\\Users\\llh04\\.zcode\\workspace\\default","workspacePath":"C:\\Users\\llh04\\.zcode\\workspace\\default"}
[2026-08-19 23:47:49.279] [info] [pid:37884] [main] [host-log] (local-1) [host] [2026-08-19 23:47:49.277] [pid:35324] [zcode-host] [rpc:call] zcode-agent.respondProviderRuntimeHeaders OK (126.2ms)
[2026-08-19 23:47:50.845] [info] [pid:37884] [main] [host-log] (local-1) [host] [2026-08-19 23:47:50.844] [pid:35324] [settingService] writing settings to: C:\Users\llh04\.zcode\v2\setting.json {"recentProjects":["D:\\公考\\图形推理详解"],"locale":"zh-CN","localePreference":"zh-CN","terminalInheritSystemProfile":true,"embeddedBrowserAllowInsecureCertificates":false,"taskAutoArchiveEnabled":false,"taskAutoArchiveOlderThanDays":7,"closeToTrayOnWindows":true,"closeToTrayOnWindowsMigrationInitialized":true,"keepAwakeWhileRunning":false,"desktopChromiumHardwareAccelerationEnabled":true,"messageStreamShowReasoning":false,"messageStreamShowTodos":false,"toolGroupingExploreEnabled":true,"toolGroupingTerminalEnabled":true,"toolGroupingChangesEnabled":false,"zcodeInteractionBehavior":"queue","askUserQuestionAutoResolutionEnabled":true,"modelIoFullRetentionEnabled":false,"optimizeAgentExperienceEnabled":false,"optimizeAgentExperienceMigrationInitialized":true,"enabledBuiltinAgentCliProviders":["glm"],"modelProviderFamilyModes":{"zai":"oauth"},"modelProviderFamilySelectedKeys":{"zai":"coding-plan:builtin:zai-start-plan"},"providerFamilyDomain":"zai","providerFamilyDomainUpdatedAt":1787116588334,"providerFamilyDomainMigrated":true,"repoSnapshotIndexingEnabled":false,"instantGrepIndexingEnabled":false,"nativeSearchEnhancementsEnabled":true,"memoryEnabled":false,"lastWorkspaceSession":[{"kind":"local","workspacePath":"D:\\公考\\图形推理详解","workspacePurpose":"project"},{"kind":"local","workspacePath":"C:\\Users\\llh04\\.zcode\\workspace\\default","workspacePurpose":"conversation"}],"lastActiveTabIndex":1,"receivePreviewUpdates":false,"autoDownloadAndInstallUpdates":true,"skippedElectronUpdateVersions":{},"settingsSyncFirstRunPromptHandled":true}
[2026-08-19 23:47:50.849] [info] [pid:37884] [main] [host-log] (local-1) [host] [2026-08-19 23:47:50.849] [pid:35324] [settingService] write done
[2026-08-19 23:47:50.850] [info] [pid:37884] [main] [host-log] (local-1) [host] [2026-08-19 23:47:50.849] [pid:35324] [zcode-host] [rpc:call] setting.update OK (6.4ms)
[2026-08-19 23:47:51.418] [info] [pid:37884] [main] [host-log] (local-1) [host] [2026-08-19 23:47:51.417] [pid:35324] [settingService] writing settings to: C:\Users\llh04\.zcode\v2\setting.json {"recentProjects":["D:\\公考\\图形推理详解"],"locale":"zh-CN","localePreference":"zh-CN","terminalInheritSystemProfile":true,"embeddedBrowserAllowInsecureCertificates":false,"taskAutoArchiveEnabled":false,"taskAutoArchiveOlderThanDays":7,"closeToTrayOnWindows":true,"closeToTrayOnWindowsMigrationInitialized":true,"keepAwakeWhileRunning":false,"desktopChromiumHardwareAccelerationEnabled":true,"messageStreamShowReasoning":false,"messageStreamShowTodos":false,"toolGroupingExploreEnabled":true,"toolGroupingTerminalEnabled":true,"toolGroupingChangesEnabled":false,"zcodeInteractionBehavior":"queue","askUserQuestionAutoResolutionEnabled":true,"modelIoFullRetentionEnabled":false,"optimizeAgentExperienceEnabled":false,"optimizeAgentExperienceMigrationInitialized":true,"enabledBuiltinAgentCliProviders":["glm"],"modelProviderFamilyModes":{"zai":"oauth"},"modelProviderFamilySelectedKeys":{"zai":"coding-plan:builtin:zai-start-plan"},"providerFamilyDomain":"zai","providerFamilyDomainUpdatedAt":1787116588334,"providerFamilyDomainMigrated":true,"repoSnapshotIndexingEnabled":false,"instantGrepIndexingEnabled":false,"nativeSearchEnhancementsEnabled":true,"memoryEnabled":false,"lastWorkspaceSession":[{"kind":"local","workspacePath":"D:\\公考\\图形推理详解","workspacePurpose":"project"},{"kind":"local","workspacePath":"C:\\Users\\llh04\\.zcode\\workspace\\default","workspacePurpose":"conversation"}],"lastActiveTabIndex":1,"receivePreviewUpdates":false,"autoDownloadAndInstallUpdates":true,"skippedElectronUpdateVersions":{},"settingsSyncFirstRunPromptHandled":true}
[2026-08-19 23:47:51.421] [info] [pid:37884] [main] [host-log] (local-1) [host] [2026-08-19 23:47:51.420] [pid:35324] [settingService] write done
[2026-08-19 23:47:51.422] [info] [pid:37884] [main] [host-log] (local-1) [host] [2026-08-19 23:47:51.421] [pid:35324] [zcode-host] [rpc:call] setting.update OK (4.5ms)
[2026-08-19 23:47:51.877] [info] [pid:37884] [main] [host-log] (local-1) [host] [2026-08-19 23:47:51.876] [pid:35324] [settingService] writing settings to: C:\Users\llh04\.zcode\v2\setting.json {"recentProjects":["D:\\公考\\图形推理详解"],"locale":"zh-CN","localePreference":"zh-CN","terminalInheritSystemProfile":true,"embeddedBrowserAllowInsecureCertificates":false,"taskAutoArchiveEnabled":false,"taskAutoArchiveOlderThanDays":7,"closeToTrayOnWindows":true,"closeToTrayOnWindowsMigrationInitialized":true,"keepAwakeWhileRunning":false,"desktopChromiumHardwareAccelerationEnabled":true,"messageStreamShowReasoning":false,"messageStreamShowTodos":false,"toolGroupingExploreEnabled":true,"toolGroupingTerminalEnabled":true,"toolGroupingChangesEnabled":false,"zcodeInteractionBehavior":"queue","askUserQuestionAutoResolutionEnabled":true,"modelIoFullRetentionEnabled":false,"optimizeAgentExperienceEnabled":false,"optimizeAgentExperienceMigrationInitialized":true,"enabledBuiltinAgentCliProviders":["glm"],"modelProviderFamilyModes":{"zai":"oauth"},"modelProviderFamilySelectedKeys":{"zai":"coding-plan:builtin:zai-start-plan"},"providerFamilyDomain":"zai","providerFamilyDomainUpdatedAt":1787116588334,"providerFamilyDomainMigrated":true,"repoSnapshotIndexingEnabled":false,"instantGrepIndexingEnabled":false,"nativeSearchEnhancementsEnabled":true,"memoryEnabled":false,"lastWorkspaceSession":[{"kind":"local","workspacePath":"D:\\公考\\图形推理详解","workspacePurpose":"project"},{"kind":"local","workspacePath":"C:\\Users\\llh04\\.zcode\\workspace\\default","workspacePurpose":"conversation"}],"lastActiveTabIndex":1,"receivePreviewUpdates":false,"autoDownloadAndInstallUpdates":true,"skippedElectronUpdateVersions":{},"settingsSyncFirstRunPromptHandled":true}
[2026-08-19 23:47:51.881] [info] [pid:37884] [main] [host-log] (local-1) [host] [2026-08-19 23:47:51.880] [pid:35324] [settingService] write done
[2026-08-19 23:47:51.881] [info] [pid:37884] [main] [host-log] (local-1) [host] [2026-08-19 23:47:51.880] [pid:35324] [zcode-host] [rpc:call] setting.update OK (4.7ms)
[2026-08-19 23:47:52.276] [info] [pid:37884] [main] [host-log] (local-1) [host] [2026-08-19 23:47:52.276] [pid:35324] [settingService] writing settings to: C:\Users\llh04\.zcode\v2\setting.json {"recentProjects":["D:\\公考\\图形推理详解"],"locale":"zh-CN","localePreference":"zh-CN","terminalInheritSystemProfile":true,"embeddedBrowserAllowInsecureCertificates":false,"taskAutoArchiveEnabled":false,"taskAutoArchiveOlderThanDays":7,"closeToTrayOnWindows":true,"closeToTrayOnWindowsMigrationInitialized":true,"keepAwakeWhileRunning":false,"desktopChromiumHardwareAccelerationEnabled":true,"messageStreamShowReasoning":false,"messageStreamShowTodos":false,"toolGroupingExploreEnabled":true,"toolGroupingTerminalEnabled":true,"toolGroupingChangesEnabled":false,"zcodeInteractionBehavior":"queue","askUserQuestionAutoResolutionEnabled":true,"modelIoFullRetentionEnabled":false,"optimizeAgentExperienceEnabled":false,"optimizeAgentExperienceMigrationInitialized":true,"enabledBuiltinAgentCliProviders":["glm"],"modelProviderFamilyModes":{"zai":"oauth"},"modelProviderFamilySelectedKeys":{"zai":"coding-plan:builtin:zai-start-plan"},"providerFamilyDomain":"zai","providerFamilyDomainUpdatedAt":1787116588334,"providerFamilyDomainMigrated":true,"repoSnapshotIndexingEnabled":false,"instantGrepIndexingEnabled":false,"nativeSearchEnhancementsEnabled":true,"memoryEnabled":false,"lastWorkspaceSession":[{"kind":"local","workspacePath":"D:\\公考\\图形推理详解","workspacePurpose":"project"},{"kind":"local","workspacePath":"C:\\Users\\llh04\\.zcode\\workspace\\default","workspacePurpose":"conversation"}],"lastActiveTabIndex":1,"receivePreviewUpdates":false,"autoDownloadAndInstallUpdates":true,"skippedElectronUpdateVersions":{},"settingsSyncFirstRunPromptHandled":true}
[2026-08-19 23:47:52.280] [info] [pid:37884] [main] [host-log] (local-1) [host] [2026-08-19 23:47:52.279] [pid:35324] [settingService] write done
[2026-08-19 23:47:52.280] [info] [pid:37884] [main] [host-log] (local-1) [host] [2026-08-19 23:47:52.279] [pid:35324] [zcode-host] [rpc:call] setting.update OK (4.4ms)
[2026-08-19 23:48:01.757] [info] [pid:37884] [main] [host-log] (local-1) [host] [2026-08-19 23:48:01.756] [pid:35324] [zcode-host] [rpc:call] broadcast.send OK (0.6ms)
[2026-08-19 23:48:04.371] [info] [pid:37884] [main] [host-log] (local-1) [host] [2026-08-19 23:48:04.368] [pid:35324] [zcode-host] [rpc:call] off-peak-task.list OK (0.3ms)
[2026-08-19 23:48:05.490] [info] [pid:37884] [main] [host-log] (local-1) [host] [2026-08-19 23:48:05.490] [pid:35324] [zcode-host] [rpc:call] broadcast.send OK (0.1ms)
[2026-08-19 23:48:08.413] [info] [pid:37884] [main] [host-log] (local-1) [host] [2026-08-19 23:48:08.412] [pid:35324] [zcode-host] [rpc:call] broadcast.send OK (0.1ms)
[2026-08-19 23:48:12.232] [info] [pid:37884] [main] [host-log] (local-1) [host] [2026-08-19 23:48:12.229] [pid:35324] [zcode-agent] ZCode agent command resolved {"workspaceKey":"C:\\Users\\llh04\\.zcode\\plugin-workspace","command":"D:\\zcode\\ZCode.exe","effectiveCommand":"D:\\zcode\\ZCode.exe","resolveCommandDurationMs":0}
[2026-08-19 23:48:12.233] [info] [pid:37884] [main] [host-log] (local-1) [host] [2026-08-19 23:48:12.230] [pid:35324] [zcode-agent] ZCode agent process start already in progress {"workspaceKey":"C:\\Users\\llh04\\.zcode\\plugin-workspace"}
[2026-08-19 23:48:12.233] [info] [pid:37884] [main] [host-log] (local-1) [host] [2026-08-19 23:48:12.232] [pid:35324] [zcode-agent] ZCode agent spawn preflight {"workspaceKey":"C:\\Users\\llh04\\.zcode\\plugin-workspace","spawnPreflight":{"command":"D:\\zcode\\ZCode.exe","args":["D:\\zcode\\resources\\glm\\zcode.cjs","app-server","--stdio","--surface","desktop"],"requestedCwd":"C:\\Users\\llh04\\.zcode\\plugin-workspace","cwd":"C:\\Users\\llh04\\.zcode\\plugin-workspace","cwdSource":"command","commandPathKind":"absolute","commandExists":true,"cwdExists":true}}
[2026-08-19 23:48:12.246] [info] [pid:37884] [main] [host-log] (local-1) [host] [2026-08-19 23:48:12.245] [pid:35324] [zcode-agent] ZCode agent process start wait completed {"workspaceKey":"C:\\Users\\llh04\\.zcode\\plugin-workspace","durationMs":15}
[2026-08-19 23:48:12.247] [info] [pid:37884] [main] [host-log] (local-1) [host] [2026-08-19 23:48:12.245] [pid:35324] [zcode-agent] ZCode agent process started {"workspaceKey":"C:\\Users\\llh04\\.zcode\\plugin-workspace","command":"D:\\zcode\\ZCode.exe","cwd":"C:\\Users\\llh04\\.zcode\\plugin-workspace","pid":14868,"durationMs":16}
[2026-08-19 23:48:13.120] [info] [pid:37884] [main] [host-log] (local-1) [host] [2026-08-19 23:48:13.119] [pid:35324] [zcode-host] [rpc:call] plugin-management.listPlugins OK (891.6ms)
[2026-08-19 23:48:13.170] [info] [pid:37884] [main] [host-log] (local-1) [host] [2026-08-19 23:48:13.169] [pid:35324] [zcode-host] [rpc:call] plugin-management.getPluginsOverview OK (939.8ms)
[2026-08-19 23:48:14.146] [info] [pid:37884] [main] [host-log] (local-1) [host] [2026-08-19 23:48:14.144] [pid:35324] [zcode-host] [rpc:call] plugin-management.updatePluginMarketplace OK (967.8ms)
[2026-08-19 23:48:22.312] [info] [pid:37884] [main] [host-log] (local-1) [host] [2026-08-19 23:48:22.311] [pid:35324] [zcode-agent-service][trace:d122e5a0-db94-45e5-b99f-578813767a1b] 收到 ZCode provider runtime headers 请求 {"modelId":"GLM-5-Turbo","providerId":"builtin:zai-start-plan","requestId":"sess_ea9ef013-441a-47dd-a8d8-fed7e9bdde79:provider-runtime-headers:1787154502310","sessionId":"sess_ea9ef013-441a-47dd-a8d8-fed7e9bdde79","turnId":"turn_dd173005-7fdd-4088-92c6-6f2b9c161253","workspaceKey":"C:\\Users\\llh04\\.zcode\\workspace\\default","workspacePath":"C:\\Users\\llh04\\.zcode\\workspace\\default"}
[2026-08-19 23:48:22.322] [info] [pid:37884] [main] [host-log] (local-1) [host] [2026-08-19 23:48:22.321] [pid:35324] [zcode-host] [rpc:call] model-provider.getAllCached OK (8.9ms)
[2026-08-19 23:48:23.150] [info] [pid:37884] [main] [host-log] (local-1) [host] [2026-08-19 23:48:23.149] [pid:35324] [zcode-agent-service] 完成同步当前模型 runtime config 到 ZCode agent {"applyModelSelection":false,"appliedModelRuntimeRevision":"model-runtime:55aef3b60bab41e01c4f168a","changed":true,"model":"builtin:zai-start-plan/GLM-5-Turbo$enabled","runtimeBaseURL":"https://zcode.z.ai/api/v1/zcode-plan/anthropic","runtimeProviderId":"builtin:zai-start-plan","sessionId":"sess_ea9ef013-441a-47dd-a8d8-fed7e9bdde79","workspaceKey":"C:\\Users\\llh04\\.zcode\\workspace\\default","workspacePath":"C:\\Users\\llh04\\.zcode\\workspace\\default"}
[2026-08-19 23:48:23.151] [info] [pid:37884] [main] [host-log] (local-1) [host] [2026-08-19 23:48:23.149] [pid:35324] [zcode-host] [rpc:call] zcode-agent.respondProviderRuntimeHeaders OK (117.0ms)
[2026-08-19 23:48:24.778] [info] [pid:37884] [main] [host-log] (local-1) [host] [2026-08-19 23:48:24.777] [pid:35324] [zcode-host] [rpc:call] plugin-management.updatePluginMarketplace OK (11600.7ms)
[2026-08-19 23:48:24.823] [info] [pid:37884] [main] [host-log] (local-1) [host] [2026-08-19 23:48:24.822] [pid:35324] [zcode-host] [rpc:call] plugin-management.listPlugins OK (10677.7ms)
[2026-08-19 23:48:24.870] [info] [pid:37884] [main] [host-log] (local-1) [host] [2026-08-19 23:48:24.869] [pid:35324] [zcode-host] [rpc:call] plugin-management.getPluginsOverview OK (10724.7ms)
[2026-08-19 23:48:33.186] [info] [pid:37884] [main] [host-log] (local-1) [host] [2026-08-19 23:48:33.185] [pid:35324] [zcode-host] [rpc:call] window-controller.listTaskList OK (0.1ms)
[2026-08-19 23:48:33.188] [info] [pid:37884] [main] [host-log] (local-1) [host] [2026-08-19 23:48:33.187] [pid:35324] [zcode-host] [rpc:call] window-controller.listTaskList OK (0.1ms)
[2026-08-19 23:48:33.191] [info] [pid:37884] [main] [host-log] (local-1) [host] [2026-08-19 23:48:33.190] [pid:35324] [zcode-host] [rpc:call] window-controller.listTaskList OK (0.1ms)
[2026-08-19 23:48:33.202] [info] [pid:37884] [main] [host-log] (local-1) [host] [2026-08-19 23:48:33.201] [pid:35324] [zcode-host] [rpc:call] window-controller.listTaskList OK (0.1ms)
[2026-08-19 23:48:33.205] [info] [pid:37884] [main] [host-log] (local-1) [host] [2026-08-19 23:48:33.204] [pid:35324] [zcode-agent-service][trace:d122e5a0-db94-45e5-b99f-578813767a1b] 收到 ZCode provider runtime headers 请求 {"modelId":"GLM-5-Turbo","providerId":"builtin:zai-start-plan","requestId":"sess_ea9ef013-441a-47dd-a8d8-fed7e9bdde79:provider-runtime-headers:1787154513204","sessionId":"sess_ea9ef013-441a-47dd-a8d8-fed7e9bdde79","turnId":"turn_dd173005-7fdd-4088-92c6-6f2b9c161253","workspaceKey":"C:\\Users\\llh04\\.zcode\\workspace\\default","workspacePath":"C:\\Users\\llh04\\.zcode\\workspace\\default"}
[2026-08-19 23:48:33.218] [info] [pid:37884] [main] [host-log] (local-1) [host] [2026-08-19 23:48:33.218] [pid:35324] [zcode-host] [rpc:call] model-provider.getAllCached OK (9.0ms)
[2026-08-19 23:48:33.765] [info] [pid:37884] [main] [host-log] (local-1) [host] [2026-08-19 23:48:33.764] [pid:35324] [zcode-agent-service] 完成同步当前模型 runtime config 到 ZCode agent {"applyModelSelection":false,"appliedModelRuntimeRevision":"model-runtime:6688f50f2d838476724d342d","changed":true,"model":"builtin:zai-start-plan/GLM-5-Turbo$enabled","runtimeBaseURL":"https://zcode.z.ai/api/v1/zcode-plan/anthropic","runtimeProviderId":"builtin:zai-start-plan","sessionId":"sess_ea9ef013-441a-47dd-a8d8-fed7e9bdde79","workspaceKey":"C:\\Users\\llh04\\.zcode\\workspace\\default","workspacePath":"C:\\Users\\llh04\\.zcode\\workspace\\default"}
[2026-08-19 23:48:33.765] [info] [pid:37884] [main] [host-log] (local-1) [host] [2026-08-19 23:48:33.764] [pid:35324] [zcode-host] [rpc:call] zcode-agent.respondProviderRuntimeHeaders OK (114.5ms)
[2026-08-19 23:48:33.770] [info] [pid:37884] [main] [host-log] (local-1) [host] [2026-08-19 23:48:33.769] [pid:35324] [zcode-host] [rpc:call] window-controller.listTaskList OK (0.1ms)
[2026-08-19 23:48:34.368] [info] [pid:37884] [main] [host-log] (local-1) [host] [2026-08-19 23:48:34.367] [pid:35324] [zcode-host] [rpc:call] off-peak-task.list OK (0.3ms)
[2026-08-19 23:48:39.203] [info] [pid:37884] [main] [host-log] (local-1) [host] [2026-08-19 23:48:39.203] [pid:35324] [zcode-host] [rpc:call] zcode-task.getTaskSessionFilePath OK (0.0ms)
[2026-08-19 23:48:39.204] [info] [pid:37884] [main] [host-log] (local-1) [host] [2026-08-19 23:48:39.203] [pid:35324] [zcode-host] [rpc:call] zcode-task.getTaskNativeSessionLogFile OK (0.2ms)
[2026-08-19 23:48:39.205] [info] [pid:37884] [main] [host-log] (local-1) [host] [2026-08-19 23:48:39.203] [pid:35324] [zcode-host] [rpc:call] zcode-task.getWorkspaceProviderConfigFile OK (0.0ms)
[2026-08-19 23:48:39.206] [info] [pid:37884] [main] [host-log] (local-1) [host] [2026-08-19 23:48:39.205] [pid:35324] [zcode-host] [rpc:call] setting.get OK (0.8ms)
[2026-08-19 23:48:39.263] [info] [pid:37884] [main] [host-log] (local-1) [host] [2026-08-19 23:48:39.262] [pid:35324] [zcode-host] [rpc:call] zcode-agent.conversationPlansV4 OK (0.7ms)
[2026-08-19 23:48:39.421] [info] [pid:37884] [main] [host-log] (local-1) [host] [2026-08-19 23:48:39.421] [pid:35324] [zcode-host] [rpc:call] window-controller.listTaskList OK (0.1ms)
[2026-08-19 23:48:39.427] [info] [pid:37884] [main] [host-log] (local-1) [host] [2026-08-19 23:48:39.426] [pid:35324] [zcode-host] [rpc:call] window-controller.listTaskList OK (0.1ms)
[2026-08-19 23:48:39.433] [info] [pid:37884] [main] [host-log] (local-1) [host] [2026-08-19 23:48:39.432] [pid:35324] [zcode-host] [rpc:call] window-controller.listTaskList OK (0.1ms)
[2026-08-19 23:48:39.436] [info] [pid:37884] [main] [host-log] (local-1) [host] [2026-08-19 23:48:39.436] [pid:35324] [zcode-host] [rpc:call] window-controller.listTaskList OK (0.1ms)
[2026-08-19 23:48:39.438] [info] [pid:37884] [main] [host-log] (local-1) [host] [2026-08-19 23:48:39.437] [pid:35324] [zcode-host] [rpc:call] window-controller.listTaskList OK (0.0ms)
[2026-08-19 23:48:39.441] [info] [pid:37884] [main] [host-log] (local-1) [host] [2026-08-19 23:48:39.439] [pid:35324] [zcode-host] [rpc:call] window-controller.listTaskList OK (0.0ms)
[2026-08-19 23:48:39.443] [info] [pid:37884] [main] [host-log] (local-1) [host] [2026-08-19 23:48:39.443] [pid:35324] [zcode-host] [rpc:call] window-controller.listTaskList OK (0.1ms)
[2026-08-19 23:48:39.514] [info] [pid:37884] [main] [host-log] (local-1) [host] [2026-08-19 23:48:39.514] [pid:35324] [usage-stats] billing/balance 请求完成 {"balanceCount":2,"balances":[{"entitlement_id":"ent_2_0817_glm_5p3","show_name":"GLM-5.3","total_units":3000000,"used_units":354012,"remaining_units":2645988,"available_units":2645988,"reserved_units":null},{"entitlement_id":"ent_2_0817_glm_5turbo","show_name":"GLM-5-Turbo","total_units":2000000,"used_units":45091,"remaining_units":1954909,"available_units":1954909,"reserved_units":null}],"code":0,"durationMs":257,"msg":"","payload":{"code":0,"msg":"","data":{"server_time":1787154519,"plans":[{"user_plan_id":"upl_2089944584870027264","plan_id":"zcode-v3-start-plan-0817","name":"ZCode Start Plan","description":"免费 GLM 旗舰模型体验","priority":90,"status":"active","starts_at":1787116592,"ends_at":1787500799,"entitlements":[{"entitlement_id":"ent_2_0817_glm_5p3","show_name":"GLM-5.3","meter":"model_usage","unit_type":"token","capabilities":["model:glm-5.3"],"grant_units":3000000,"period":"daily","priority":110},{"entitlement_id":"ent_2_0817_glm_5turbo","show_name":"GLM-5-Turbo","meter":"model_usage","unit_type":"token","capabilities":["model:GLM-5-Turbo"],"grant_units":2000000,"period":"daily","priority":80}]}],"balances":[{"bucket_id":"bucket_2089944584886804480","user_plan_id":"upl_2089944584870027264","plan_id":"zcode-v3-start-plan-0817","entitlement_id":"ent_2_0817_glm_5p3","show_name":"GLM-5.3","meter":"model_usage","unit_type":"token","capabilities":["model:glm-5.3"],"priority":110,"plan_priority":90,"entitlement_priority":110,"total_units":3000000,"used_units":354012,"remaining_units":2645988,"available_units":2645988,"period_start":1787068800,"period_end":1787155199,"expires_at":1787155199},{"bucket_id":"bucket_2089944584895193088","user_plan_id":"upl_2089944584870027264","plan_id":"zcode-v3-start-plan-0817","entitlement_id":"ent_2_0817_glm_5turbo","show_name":"GLM-5-Turbo","meter":"model_usage","unit_type":"token","capabilities":["model:GLM-5-Turbo"],"priority":80,"plan_priority":90,"entitlement_priority":80,"total_units":2000000,"used_units":45091,"remaining_units":1954909,"available_units":1954909,"period_start":1787068800,"period_end":1787155199,"expires_at":1787155199}]}},"planCount":1,"plans":[{"name":"ZCode Start Plan","plan_id":"zcode-v3-start-plan-0817","status":"active"}],"providerId":"builtin:zai-start-plan","success":true,"url":"https://zcode.z.ai/api/v1/zcode-plan/billing/balance?app_version=3.8.1"}
[2026-08-19 23:48:39.515] [info] [pid:37884] [main] [host-log] (local-1) [host] [2026-08-19 23:48:39.514] [pid:35324] [zcode-host] [rpc:call] usage-stats.getEntitlementSnapshot OK (264.4ms)
[2026-08-19 23:48:39.580] [info] [pid:37884] [main] [host-log] (local-1) [host] [2026-08-19 23:48:39.579] [pid:35324] [settingService] writing settings to: C:\Users\llh04\.zcode\v2\setting.json {"recentProjects":["D:\\公考\\图形推理详解"],"locale":"zh-CN","localePreference":"zh-CN","terminalInheritSystemProfile":true,"embeddedBrowserAllowInsecureCertificates":false,"taskAutoArchiveEnabled":false,"taskAutoArchiveOlderThanDays":7,"closeToTrayOnWindows":true,"closeToTrayOnWindowsMigrationInitialized":true,"keepAwakeWhileRunning":false,"desktopChromiumHardwareAccelerationEnabled":true,"messageStreamShowReasoning":false,"messageStreamShowTodos":false,"toolGroupingExploreEnabled":true,"toolGroupingTerminalEnabled":true,"toolGroupingChangesEnabled":false,"zcodeInteractionBehavior":"queue","askUserQuestionAutoResolutionEnabled":true,"modelIoFullRetentionEnabled":false,"optimizeAgentExperienceEnabled":false,"optimizeAgentExperienceMigrationInitialized":true,"enabledBuiltinAgentCliProviders":["glm"],"modelProviderFamilyModes":{"zai":"oauth"},"modelProviderFamilySelectedKeys":{"zai":"coding-plan:builtin:zai-start-plan"},"providerFamilyDomain":"zai","providerFamilyDomainUpdatedAt":1787116588334,"providerFamilyDomainMigrated":true,"repoSnapshotIndexingEnabled":false,"instantGrepIndexingEnabled":false,"nativeSearchEnhancementsEnabled":true,"memoryEnabled":false,"lastWorkspaceSession":[{"kind":"local","workspacePath":"D:\\公考\\图形推理详解","workspacePurpose":"project"},{"kind":"local","workspacePath":"C:\\Users\\llh04\\.zcode\\workspace\\default","workspacePurpose":"conversation"}],"lastActiveTabIndex":1,"receivePreviewUpdates":false,"autoDownloadAndInstallUpdates":true,"skippedElectronUpdateVersions":{},"settingsSyncFirstRunPromptHandled":true}
[2026-08-19 23:48:39.587] [info] [pid:37884] [main] [host-log] (local-1) [host] [2026-08-19 23:48:39.586] [pid:35324] [settingService] write done
[2026-08-19 23:48:39.587] [info] [pid:37884] [main] [host-log] (local-1) [host] [2026-08-19 23:48:39.586] [pid:35324] [zcode-host] [rpc:call] setting.update OK (8.6ms)
[2026-08-19 23:48:42.784] [info] [pid:37884] [main] [host-log] (local-1) [host] [2026-08-19 23:48:42.783] [pid:35324] [zcode-host] [rpc:call] window-controller.listTaskList OK (0.0ms)
[2026-08-19 23:48:42.786] [info] [pid:37884] [main] [host-log] (local-1) [host] [2026-08-19 23:48:42.785] [pid:35324] [zcode-host] [rpc:call] window-controller.listTaskList OK (0.0ms)
[2026-08-19 23:48:42.788] [info] [pid:37884] [main] [host-log] (local-1) [host] [2026-08-19 23:48:42.788] [pid:35324] [zcode-host] [rpc:call] window-controller.listTaskList OK (0.0ms)
[2026-08-19 23:48:42.793] [info] [pid:37884] [main] [host-log] (local-1) [host] [2026-08-19 23:48:42.792] [pid:35324] [zcode-agent-service][trace:d122e5a0-db94-45e5-b99f-578813767a1b] 收到 ZCode provider runtime headers 请求 {"modelId":"GLM-5-Turbo","providerId":"builtin:zai-start-plan","requestId":"sess_ea9ef013-441a-47dd-a8d8-fed7e9bdde79:provider-runtime-headers:1787154522793","sessionId":"sess_ea9ef013-441a-47dd-a8d8-fed7e9bdde79","turnId":"turn_dd173005-7fdd-4088-92c6-6f2b9c161253","workspaceKey":"C:\\Users\\llh04\\.zcode\\workspace\\default","workspacePath":"C:\\Users\\llh04\\.zcode\\workspace\\default"}
[2026-08-19 23:48:42.794] [info] [pid:37884] [main] [host-log] (local-1) [host] [2026-08-19 23:48:42.793] [pid:35324] [zcode-host] [rpc:call] window-controller.listTaskList OK (0.1ms)
[2026-08-19 23:48:42.804] [info] [pid:37884] [main] [host-log] (local-1) [host] [2026-08-19 23:48:42.803] [pid:35324] [zcode-host] [rpc:call] model-provider.getAllCached OK (7.6ms)
[2026-08-19 23:48:43.380] [info] [pid:37884] [main] [host-log] (local-1) [host] [2026-08-19 23:48:43.380] [pid:35324] [zcode-agent-service] 完成同步当前模型 runtime config 到 ZCode agent {"applyModelSelection":false,"appliedModelRuntimeRevision":"model-runtime:101ea32cf2ab54e1f22e4609","changed":true,"model":"builtin:zai-start-plan/GLM-5-Turbo$enabled","runtimeBaseURL":"https://zcode.z.ai/api/v1/zcode-plan/anthropic","runtimeProviderId":"builtin:zai-start-plan","sessionId":"sess_ea9ef013-441a-47dd-a8d8-fed7e9bdde79","workspaceKey":"C:\\Users\\llh04\\.zcode\\workspace\\default","workspacePath":"C:\\Users\\llh04\\.zcode\\workspace\\default"}
[2026-08-19 23:48:43.381] [info] [pid:37884] [main] [host-log] (local-1) [host] [2026-08-19 23:48:43.380] [pid:35324] [zcode-host] [rpc:call] zcode-agent.respondProviderRuntimeHeaders OK (125.3ms)
[2026-08-19 23:48:43.385] [info] [pid:37884] [main] [host-log] (local-1) [host] [2026-08-19 23:48:43.384] [pid:35324] [zcode-host] [rpc:call] window-controller.listTaskList OK (0.1ms)
[2026-08-19 23:48:49.176] [info] [pid:37884] [main] [host-log] (local-1) [host] [2026-08-19 23:48:49.176] [pid:35324] [settingService] writing settings to: C:\Users\llh04\.zcode\v2\setting.json {"recentProjects":["D:\\公考\\图形推理详解"],"locale":"zh-CN","localePreference":"zh-CN","terminalInheritSystemProfile":true,"embeddedBrowserAllowInsecureCertificates":false,"taskAutoArchiveEnabled":false,"taskAutoArchiveOlderThanDays":7,"closeToTrayOnWindows":true,"closeToTrayOnWindowsMigrationInitialized":true,"keepAwakeWhileRunning":false,"desktopChromiumHardwareAccelerationEnabled":true,"messageStreamShowReasoning":false,"messageStreamShowTodos":false,"toolGroupingExploreEnabled":true,"toolGroupingTerminalEnabled":true,"toolGroupingChangesEnabled":false,"zcodeInteractionBehavior":"queue","askUserQuestionAutoResolutionEnabled":true,"modelIoFullRetentionEnabled":false,"optimizeAgentExperienceEnabled":false,"optimizeAgentExperienceMigrationInitialized":true,"enabledBuiltinAgentCliProviders":["glm"],"modelProviderFamilyModes":{"zai":"oauth"},"modelProviderFamilySelectedKeys":{"zai":"coding-plan:builtin:zai-start-plan"},"providerFamilyDomain":"zai","providerFamilyDomainUpdatedAt":1787116588334,"providerFamilyDomainMigrated":true,"repoSnapshotIndexingEnabled":false,"instantGrepIndexingEnabled":false,"nativeSearchEnhancementsEnabled":true,"memoryEnabled":false,"lastWorkspaceSession":[{"kind":"local","workspacePath":"D:\\公考\\图形推理详解","workspacePurpose":"project"},{"kind":"local","workspacePath":"C:\\Users\\llh04\\.zcode\\workspace\\default","workspacePurpose":"conversation"}],"lastActiveTabIndex":1,"receivePreviewUpdates":false,"autoDownloadAndInstallUpdates":true,"skippedElectronUpdateVersions":{},"settingsSyncFirstRunPromptHandled":true}
[2026-08-19 23:48:49.182] [info] [pid:37884] [main] [host-log] (local-1) [host] [2026-08-19 23:48:49.181] [pid:35324] [settingService] write done
[2026-08-19 23:48:49.183] [info] [pid:37884] [main] [host-log] (local-1) [host] [2026-08-19 23:48:49.181] [pid:35324] [zcode-host] [rpc:call] setting.update OK (6.4ms)
[2026-08-19 23:48:49.229] [info] [pid:37884] [main] [host-log] (local-1) [host] [2026-08-19 23:48:49.228] [pid:35324] [zcode-host] [rpc:call] window-controller.listTaskList OK (0.1ms)
[2026-08-19 23:48:49.231] [info] [pid:37884] [main] [host-log] (local-1) [host] [2026-08-19 23:48:49.230] [pid:35324] [zcode-host] [rpc:call] window-controller.listTaskList OK (0.1ms)
[2026-08-19 23:48:49.235] [info] [pid:37884] [main] [host-log] (local-1) [host] [2026-08-19 23:48:49.235] [pid:35324] [zcode-host] [rpc:call] window-controller.listTaskList OK (0.1ms)
[2026-08-19 23:48:49.240] [info] [pid:37884] [main] [host-log] (local-1) [host] [2026-08-19 23:48:49.239] [pid:35324] [zcode-host] [rpc:call] window-controller.listTaskList OK (0.1ms)
[2026-08-19 23:48:49.247] [info] [pid:37884] [main] [host-log] (local-1) [host] [2026-08-19 23:48:49.246] [pid:35324] [zcode-host] [rpc:call] window-controller.listTaskList OK (0.1ms)
[2026-08-19 23:48:49.249] [info] [pid:37884] [main] [host-log] (local-1) [host] [2026-08-19 23:48:49.248] [pid:35324] [zcode-host] [rpc:call] window-controller.listTaskList OK (0.1ms)
[2026-08-19 23:48:49.251] [info] [pid:37884] [main] [host-log] (local-1) [host] [2026-08-19 23:48:49.251] [pid:35324] [zcode-host] [rpc:call] window-controller.listTaskList OK (0.1ms)
[2026-08-19 23:48:49.666] [info] [pid:37884] [main] [host-log] (local-1) [host] [2026-08-19 23:48:49.665] [pid:35324] [zcode-host] [rpc:call] window-controller.listTaskList OK (0.0ms)
[2026-08-19 23:48:49.668] [info] [pid:37884] [main] [host-log] (local-1) [host] [2026-08-19 23:48:49.668] [pid:35324] [zcode-host] [rpc:call] window-controller.listTaskList OK (0.1ms)
[2026-08-19 23:48:49.671] [info] [pid:37884] [main] [host-log] (local-1) [host] [2026-08-19 23:48:49.671] [pid:35324] [zcode-host] [rpc:call] window-controller.listTaskList OK (0.1ms)
[2026-08-19 23:48:49.677] [info] [pid:37884] [main] [host-log] (local-1) [host] [2026-08-19 23:48:49.676] [pid:35324] [zcode-agent-service][trace:d122e5a0-db94-45e5-b99f-578813767a1b] 收到 ZCode provider runtime headers 请求 {"modelId":"GLM-5-Turbo","providerId":"builtin:zai-start-plan","requestId":"sess_ea9ef013-441a-47dd-a8d8-fed7e9bdde79:provider-runtime-headers:1787154529677","sessionId":"sess_ea9ef013-441a-47dd-a8d8-fed7e9bdde79","turnId":"turn_dd173005-7fdd-4088-92c6-6f2b9c161253","workspaceKey":"C:\\Users\\llh04\\.zcode\\workspace\\default","workspacePath":"C:\\Users\\llh04\\.zcode\\workspace\\default"}
[2026-08-19 23:48:49.678] [info] [pid:37884] [main] [host-log] (local-1) [host] [2026-08-19 23:48:49.678] [pid:35324] [zcode-host] [rpc:call] window-controller.listTaskList OK (0.1ms)
[2026-08-19 23:48:49.690] [info] [pid:37884] [main] [host-log] (local-1) [host] [2026-08-19 23:48:49.690] [pid:35324] [zcode-host] [rpc:call] model-provider.getAllCached OK (10.6ms)
[2026-08-19 23:48:49.692] [info] [pid:37884] [main] [host-log] (local-1) [host] [2026-08-19 23:48:49.691] [pid:35324] [zcode-host] [rpc:call] coding-plan-subscription.getCaptchaConfig OK (0.0ms)
[2026-08-19 23:48:50.241] [info] [pid:37884] [main] [host-log] (local-1) [host] [2026-08-19 23:48:50.239] [pid:35324] [zcode-agent-service] 完成同步当前模型 runtime config 到 ZCode agent {"applyModelSelection":false,"appliedModelRuntimeRevision":"model-runtime:b66281a1587bdce3783f19e9","changed":true,"model":"builtin:zai-start-plan/GLM-5-Turbo$enabled","runtimeBaseURL":"https://zcode.z.ai/api/v1/zcode-plan/anthropic","runtimeProviderId":"builtin:zai-start-plan","sessionId":"sess_ea9ef013-441a-47dd-a8d8-fed7e9bdde79","workspaceKey":"C:\\Users\\llh04\\.zcode\\workspace\\default","workspacePath":"C:\\Users\\llh04\\.zcode\\workspace\\default"}
[2026-08-19 23:48:50.242] [info] [pid:37884] [main] [host-log] (local-1) [host] [2026-08-19 23:48:50.240] [pid:35324] [zcode-host] [rpc:call] zcode-agent.respondProviderRuntimeHeaders OK (111.9ms)
[2026-08-19 23:48:50.245] [info] [pid:37884] [main] [host-log] (local-1) [host] [2026-08-19 23:48:50.245] [pid:35324] [zcode-host] [rpc:call] window-controller.listTaskList OK (0.0ms)
[2026-08-19 23:48:50.539] [info] [pid:37884] [main] [host-log] (local-1) [host] [2026-08-19 23:48:50.538] [pid:35324] [settingService] writing settings to: C:\Users\llh04\.zcode\v2\setting.json {"recentProjects":["D:\\公考\\图形推理详解"],"locale":"zh-CN","localePreference":"zh-CN","terminalInheritSystemProfile":true,"embeddedBrowserAllowInsecureCertificates":false,"taskAutoArchiveEnabled":false,"taskAutoArchiveOlderThanDays":7,"closeToTrayOnWindows":true,"closeToTrayOnWindowsMigrationInitialized":true,"keepAwakeWhileRunning":false,"desktopChromiumHardwareAccelerationEnabled":true,"messageStreamShowReasoning":false,"messageStreamShowTodos":false,"toolGroupingExploreEnabled":true,"toolGroupingTerminalEnabled":true,"toolGroupingChangesEnabled":false,"zcodeInteractionBehavior":"queue","askUserQuestionAutoResolutionEnabled":true,"modelIoFullRetentionEnabled":false,"optimizeAgentExperienceEnabled":false,"optimizeAgentExperienceMigrationInitialized":true,"enabledBuiltinAgentCliProviders":["glm"],"modelProviderFamilyModes":{"zai":"oauth"},"modelProviderFamilySelectedKeys":{"zai":"coding-plan:builtin:zai-start-plan"},"providerFamilyDomain":"zai","providerFamilyDomainUpdatedAt":1787116588334,"providerFamilyDomainMigrated":true,"repoSnapshotIndexingEnabled":false,"instantGrepIndexingEnabled":false,"nativeSearchEnhancementsEnabled":true,"memoryEnabled":false,"lastWorkspaceSession":[{"kind":"local","workspacePath":"D:\\公考\\图形推理详解","workspacePurpose":"project"},{"kind":"local","workspacePath":"C:\\Users\\llh04\\.zcode\\workspace\\default","workspacePurpose":"conversation"}],"lastActiveTabIndex":1,"receivePreviewUpdates":false,"autoDownloadAndInstallUpdates":true,"skippedElectronUpdateVersions":{},"settingsSyncFirstRunPromptHandled":true}
[2026-08-19 23:48:50.545] [info] [pid:37884] [main] [host-log] (local-1) [host] [2026-08-19 23:48:50.544] [pid:35324] [settingService] write done
[2026-08-19 23:48:50.546] [info] [pid:37884] [main] [host-log] (local-1) [host] [2026-08-19 23:48:50.544] [pid:35324] [zcode-host] [rpc:call] setting.update OK (7.3ms)
[2026-08-19 23:48:57.176] [info] [pid:37884] [main] [host-log] (local-1) [host] [2026-08-19 23:48:57.175] [pid:35324] [zcode-host] [rpc:call] window-controller.listTaskList OK (0.1ms)
[2026-08-19 23:48:57.180] [info] [pid:37884] [main] [host-log] (local-1) [host] [2026-08-19 23:48:57.180] [pid:35324] [zcode-host] [rpc:call] window-controller.listTaskList OK (0.1ms)
[2026-08-19 23:48:57.185] [info] [pid:37884] [main] [host-log] (local-1) [host] [2026-08-19 23:48:57.183] [pid:35324] [zcode-host] [rpc:call] window-controller.listTaskList OK (0.1ms)
[2026-08-19 23:48:57.193] [info] [pid:37884] [main] [host-log] (local-1) [host] [2026-08-19 23:48:57.192] [pid:35324] [zcode-host] [rpc:call] window-controller.listTaskList OK (0.1ms)
[2026-08-19 23:48:57.195] [info] [pid:37884] [main] [host-log] (local-1) [host] [2026-08-19 23:48:57.194] [pid:35324] [zcode-host] [rpc:call] window-controller.listTaskList OK (0.1ms)
[2026-08-19 23:48:57.198] [info] [pid:37884] [main] [host-log] (local-1) [host] [2026-08-19 23:48:57.197] [pid:35324] [zcode-host] [rpc:call] window-controller.listTaskList OK (0.1ms)
[2026-08-19 23:48:57.201] [info] [pid:37884] [main] [host-log] (local-1) [host] [2026-08-19 23:48:57.200] [pid:35324] [zcode-host] [rpc:call] window-controller.listTaskList OK (0.1ms)
[2026-08-19 23:48:57.330] [info] [pid:37884] [main] [host-log] (local-1) [host] [2026-08-19 23:48:57.330] [pid:35324] [usage-stats] 读取 BigModel entitlement 已解析授权上下文 {"preferredProviderId":"builtin:zai-coding-plan","providerId":"builtin:zai-coding-plan","scope":"personal","organizationId":null,"projectId":null}
[2026-08-19 23:48:57.494] [info] [pid:37884] [main] [host-log] (local-1) [host] [2026-08-19 23:48:57.493] [pid:35324] [usage-stats] billing/balance 请求完成 {"balanceCount":2,"balances":[{"entitlement_id":"ent_2_0817_glm_5p3","show_name":"GLM-5.3","total_units":3000000,"used_units":354012,"remaining_units":2645988,"available_units":2645988,"reserved_units":null},{"entitlement_id":"ent_2_0817_glm_5turbo","show_name":"GLM-5-Turbo","total_units":2000000,"used_units":76162,"remaining_units":1923838,"available_units":1923838,"reserved_units":null}],"code":0,"durationMs":246,"msg":"","payload":{"code":0,"msg":"","data":{"server_time":1787154537,"plans":[{"user_plan_id":"upl_2089944584870027264","plan_id":"zcode-v3-start-plan-0817","name":"ZCode Start Plan","description":"免费 GLM 旗舰模型体验","priority":90,"status":"active","starts_at":1787116592,"ends_at":1787500799,"entitlements":[{"entitlement_id":"ent_2_0817_glm_5p3","show_name":"GLM-5.3","meter":"model_usage","unit_type":"token","capabilities":["model:glm-5.3"],"grant_units":3000000,"period":"daily","priority":110},{"entitlement_id":"ent_2_0817_glm_5turbo","show_name":"GLM-5-Turbo","meter":"model_usage","unit_type":"token","capabilities":["model:GLM-5-Turbo"],"grant_units":2000000,"period":"daily","priority":80}]}],"balances":[{"bucket_id":"bucket_2089944584886804480","user_plan_id":"upl_2089944584870027264","plan_id":"zcode-v3-start-plan-0817","entitlement_id":"ent_2_0817_glm_5p3","show_name":"GLM-5.3","meter":"model_usage","unit_type":"token","capabilities":["model:glm-5.3"],"priority":110,"plan_priority":90,"entitlement_priority":110,"total_units":3000000,"used_units":354012,"remaining_units":2645988,"available_units":2645988,"period_start":1787068800,"period_end":1787155199,"expires_at":1787155199},{"bucket_id":"bucket_2089944584895193088","user_plan_id":"upl_2089944584870027264","plan_id":"zcode-v3-start-plan-0817","entitlement_id":"ent_2_0817_glm_5turbo","show_name":"GLM-5-Turbo","meter":"model_usage","unit_type":"token","capabilities":["model:GLM-5-Turbo"],"priority":80,"plan_priority":90,"entitlement_priority":80,"total_units":2000000,"used_units":76162,"remaining_units":1923838,"available_units":1923838,"period_start":1787068800,"period_end":1787155199,"expires_at":1787155199}]}},"planCount":1,"plans":[{"name":"ZCode Start Plan","plan_id":"zcode-v3-start-plan-0817","status":"active"}],"providerId":"builtin:zai-start-plan","success":true,"url":"https://zcode.z.ai/api/v1/zcode-plan/billing/balance?app_version=3.8.1"}
[2026-08-19 23:48:57.494] [info] [pid:37884] [main] [host-log] (local-1) [host] [2026-08-19 23:48:57.493] [pid:35324] [zcode-host] [rpc:call] usage-stats.getEntitlementSnapshot OK (256.1ms)
[2026-08-19 23:48:57.793] [info] [pid:37884] [main] [host-log] (local-1) [host] [2026-08-19 23:48:57.793] [pid:35324] [zcode-host] [rpc:call] window-controller.listTaskList OK (0.1ms)
[2026-08-19 23:48:57.795] [info] [pid:37884] [main] [host-log] (local-1) [host] [2026-08-19 23:48:57.795] [pid:35324] [zcode-host] [rpc:call] window-controller.listTaskList OK (0.1ms)
[2026-08-19 23:48:57.820] [info] [pid:37884] [main] [host-log] (local-1) [host] [2026-08-19 23:48:57.818] [pid:35324] [zcode-agent-service][trace:d122e5a0-db94-45e5-b99f-578813767a1b] 收到 ZCode provider runtime headers 请求 {"modelId":"GLM-5-Turbo","providerId":"builtin:zai-start-plan","requestId":"sess_ea9ef013-441a-47dd-a8d8-fed7e9bdde79:provider-runtime-headers:1787154537804","sessionId":"sess_ea9ef013-441a-47dd-a8d8-fed7e9bdde79","turnId":"turn_dd173005-7fdd-4088-92c6-6f2b9c161253","workspaceKey":"C:\\Users\\llh04\\.zcode\\workspace\\default","workspacePath":"C:\\Users\\llh04\\.zcode\\workspace\\default"}
[2026-08-19 23:48:57.821] [info] [pid:37884] [main] [host-log] (local-1) [host] [2026-08-19 23:48:57.819] [pid:35324] [zcode-host] [rpc:call] window-controller.listTaskList OK (0.1ms)
[2026-08-19 23:48:57.823] [info] [pid:37884] [main] [host-log] (local-1) [host] [2026-08-19 23:48:57.823] [pid:35324] [zcode-host] [rpc:call] window-controller.listTaskList OK (0.1ms)
[2026-08-19 23:48:57.832] [info] [pid:37884] [main] [host-log] (local-1) [host] [2026-08-19 23:48:57.831] [pid:35324] [zcode-host] [rpc:call] model-provider.getAllCached OK (8.2ms)
[2026-08-19 23:48:57.903] [info] [pid:37884] [main] [host-log] (local-1) [host] [2026-08-19 23:48:57.903] [pid:35324] [settingService] writing settings to: C:\Users\llh04\.zcode\v2\setting.json {"recentProjects":["D:\\公考\\图形推理详解"],"locale":"zh-CN","localePreference":"zh-CN","terminalInheritSystemProfile":true,"embeddedBrowserAllowInsecureCertificates":false,"taskAutoArchiveEnabled":false,"taskAutoArchiveOlderThanDays":7,"closeToTrayOnWindows":true,"closeToTrayOnWindowsMigrationInitialized":true,"keepAwakeWhileRunning":false,"desktopChromiumHardwareAccelerationEnabled":true,"messageStreamShowReasoning":false,"messageStreamShowTodos":false,"toolGroupingExploreEnabled":true,"toolGroupingTerminalEnabled":true,"toolGroupingChangesEnabled":false,"zcodeInteractionBehavior":"queue","askUserQuestionAutoResolutionEnabled":true,"modelIoFullRetentionEnabled":false,"optimizeAgentExperienceEnabled":false,"optimizeAgentExperienceMigrationInitialized":true,"enabledBuiltinAgentCliProviders":["glm"],"modelProviderFamilyModes":{"zai":"oauth"},"modelProviderFamilySelectedKeys":{"zai":"coding-plan:builtin:zai-start-plan"},"providerFamilyDomain":"zai","providerFamilyDomainUpdatedAt":1787116588334,"providerFamilyDomainMigrated":true,"repoSnapshotIndexingEnabled":false,"instantGrepIndexingEnabled":false,"nativeSearchEnhancementsEnabled":true,"memoryEnabled":false,"lastWorkspaceSession":[{"kind":"local","workspacePath":"D:\\公考\\图形推理详解","workspacePurpose":"project"},{"kind":"local","workspacePath":"C:\\Users\\llh04\\.zcode\\workspace\\default","workspacePurpose":"conversation"}],"lastActiveTabIndex":1,"receivePreviewUpdates":false,"autoDownloadAndInstallUpdates":true,"skippedElectronUpdateVersions":{},"settingsSyncFirstRunPromptHandled":true}
[2026-08-19 23:48:57.907] [info] [pid:37884] [main] [host-log] (local-1) [host] [2026-08-19 23:48:57.906] [pid:35324] [settingService] write done
[2026-08-19 23:48:57.908] [info] [pid:37884] [main] [host-log] (local-1) [host] [2026-08-19 23:48:57.906] [pid:35324] [zcode-host] [rpc:call] setting.update OK (4.5ms)
[2026-08-19 23:48:58.388] [info] [pid:37884] [main] [host-log] (local-1) [host] [2026-08-19 23:48:58.387] [pid:35324] [zcode-agent-service] 完成同步当前模型 runtime config 到 ZCode agent {"applyModelSelection":false,"appliedModelRuntimeRevision":"model-runtime:6d8e189764ae0cc122e99b69","changed":true,"model":"builtin:zai-start-plan/GLM-5-Turbo$enabled","runtimeBaseURL":"https://zcode.z.ai/api/v1/zcode-plan/anthropic","runtimeProviderId":"builtin:zai-start-plan","sessionId":"sess_ea9ef013-441a-47dd-a8d8-fed7e9bdde79","workspaceKey":"C:\\Users\\llh04\\.zcode\\workspace\\default","workspacePath":"C:\\Users\\llh04\\.zcode\\workspace\\default"}
[2026-08-19 23:48:58.388] [info] [pid:37884] [main] [host-log] (local-1) [host] [2026-08-19 23:48:58.387] [pid:35324] [zcode-host] [rpc:call] zcode-agent.respondProviderRuntimeHeaders OK (110.7ms)
[2026-08-19 23:48:58.392] [info] [pid:37884] [main] [host-log] (local-1) [host] [2026-08-19 23:48:58.391] [pid:35324] [zcode-host] [rpc:call] window-controller.listTaskList OK (0.1ms)
[2026-08-19 23:48:58.754] [info] [pid:37884] [main] [host-log] (local-1) [host] [2026-08-19 23:48:58.753] [pid:35324] [settingService] writing settings to: C:\Users\llh04\.zcode\v2\setting.json {"recentProjects":["D:\\公考\\图形推理详解"],"locale":"zh-CN","localePreference":"zh-CN","terminalInheritSystemProfile":true,"embeddedBrowserAllowInsecureCertificates":false,"taskAutoArchiveEnabled":false,"taskAutoArchiveOlderThanDays":7,"closeToTrayOnWindows":true,"closeToTrayOnWindowsMigrationInitialized":true,"keepAwakeWhileRunning":false,"desktopChromiumHardwareAccelerationEnabled":true,"messageStreamShowReasoning":false,"messageStreamShowTodos":false,"toolGroupingExploreEnabled":true,"toolGroupingTerminalEnabled":true,"toolGroupingChangesEnabled":false,"zcodeInteractionBehavior":"queue","askUserQuestionAutoResolutionEnabled":true,"modelIoFullRetentionEnabled":false,"optimizeAgentExperienceEnabled":false,"optimizeAgentExperienceMigrationInitialized":true,"enabledBuiltinAgentCliProviders":["glm"],"modelProviderFamilyModes":{"zai":"oauth"},"modelProviderFamilySelectedKeys":{"zai":"coding-plan:builtin:zai-start-plan"},"providerFamilyDomain":"zai","providerFamilyDomainUpdatedAt":1787116588334,"providerFamilyDomainMigrated":true,"repoSnapshotIndexingEnabled":false,"instantGrepIndexingEnabled":false,"nativeSearchEnhancementsEnabled":true,"memoryEnabled":false,"lastWorkspaceSession":[{"kind":"local","workspacePath":"D:\\公考\\图形推理详解","workspacePurpose":"project"},{"kind":"local","workspacePath":"C:\\Users\\llh04\\.zcode\\workspace\\default","workspacePurpose":"conversation"}],"lastActiveTabIndex":1,"receivePreviewUpdates":false,"autoDownloadAndInstallUpdates":true,"skippedElectronUpdateVersions":{},"settingsSyncFirstRunPromptHandled":true}
[2026-08-19 23:48:58.760] [info] [pid:37884] [main] [host-log] (local-1) [host] [2026-08-19 23:48:58.759] [pid:35324] [settingService] write done
[2026-08-19 23:48:58.760] [info] [pid:37884] [main] [host-log] (local-1) [host] [2026-08-19 23:48:58.759] [pid:35324] [zcode-host] [rpc:call] setting.update OK (7.8ms)
[2026-08-19 23:49:03.979] [info] [pid:37884] [main] [host-log] (local-1) [host] [2026-08-19 23:49:03.979] [pid:35324] [zcode-host] [rpc:call] window-controller.listTaskList OK (0.2ms)
[2026-08-19 23:49:03.989] [info] [pid:37884] [main] [host-log] (local-1) [host] [2026-08-19 23:49:03.988] [pid:35324] [zcode-host] [rpc:call] window-controller.listTaskList OK (0.1ms)
[2026-08-19 23:49:03.993] [info] [pid:37884] [main] [host-log] (local-1) [host] [2026-08-19 23:49:03.993] [pid:35324] [zcode-host] [rpc:call] window-controller.listTaskList OK (0.1ms)
[2026-08-19 23:49:03.997] [info] [pid:37884] [main] [host-log] (local-1) [host] [2026-08-19 23:49:03.996] [pid:35324] [zcode-host] [rpc:call] window-controller.listTaskList OK (0.1ms)
[2026-08-19 23:49:04.002] [info] [pid:37884] [main] [host-log] (local-1) [host] [2026-08-19 23:49:04.002] [pid:35324] [zcode-host] [rpc:call] window-controller.listTaskList OK (0.1ms)
[2026-08-19 23:49:04.007] [info] [pid:37884] [main] [host-log] (local-1) [host] [2026-08-19 23:49:04.006] [pid:35324] [zcode-host] [rpc:call] window-controller.listTaskList OK (0.1ms)
[2026-08-19 23:49:04.365] [info] [pid:37884] [main] [host-log] (local-1) [host] [2026-08-19 23:49:04.364] [pid:35324] [zcode-host] [rpc:call] off-peak-task.list OK (0.2ms)
[2026-08-19 23:49:04.593] [info] [pid:37884] [main] [host-log] (local-1) [host] [2026-08-19 23:49:04.592] [pid:35324] [zcode-host] [rpc:call] window-controller.listTaskList OK (0.0ms)
[2026-08-19 23:49:04.595] [info] [pid:37884] [main] [host-log] (local-1) [host] [2026-08-19 23:49:04.594] [pid:35324] [zcode-host] [rpc:call] window-controller.listTaskList OK (0.1ms)
[2026-08-19 23:49:04.617] [info] [pid:37884] [main] [host-log] (local-1) [host] [2026-08-19 23:49:04.597] [pid:35324] [zcode-host] [rpc:call] window-controller.listTaskList OK (0.1ms)
[2026-08-19 23:49:04.617] [info] [pid:37884] [main] [host-log] (local-1) [host] [2026-08-19 23:49:04.601] [pid:35324] [zcode-agent-service][trace:d122e5a0-db94-45e5-b99f-578813767a1b] 收到 ZCode provider runtime headers 请求 {"modelId":"GLM-5-Turbo","providerId":"builtin:zai-start-plan","requestId":"sess_ea9ef013-441a-47dd-a8d8-fed7e9bdde79:provider-runtime-headers:1787154544601","sessionId":"sess_ea9ef013-441a-47dd-a8d8-fed7e9bdde79","turnId":"turn_dd173005-7fdd-4088-92c6-6f2b9c161253","workspaceKey":"C:\\Users\\llh04\\.zcode\\workspace\\default","workspacePath":"C:\\Users\\llh04\\.zcode\\workspace\\default"}
[2026-08-19 23:49:04.618] [info] [pid:37884] [main] [host-log] (local-1) [host] [2026-08-19 23:49:04.601] [pid:35324] [zcode-host] [rpc:call] window-controller.listTaskList OK (0.0ms)
[2026-08-19 23:49:04.618] [info] [pid:37884] [main] [host-log] (local-1) [host] [2026-08-19 23:49:04.610] [pid:35324] [zcode-host] [rpc:call] model-provider.getAllCached OK (8.1ms)
[2026-08-19 23:49:05.183] [info] [pid:37884] [main] [host-log] (local-1) [host] [2026-08-19 23:49:05.182] [pid:35324] [zcode-agent-service] 完成同步当前模型 runtime config 到 ZCode agent {"applyModelSelection":false,"appliedModelRuntimeRevision":"model-runtime:ad0de0d84a887739fc1863af","changed":true,"model":"builtin:zai-start-plan/GLM-5-Turbo$enabled","runtimeBaseURL":"https://zcode.z.ai/api/v1/zcode-plan/anthropic","runtimeProviderId":"builtin:zai-start-plan","sessionId":"sess_ea9ef013-441a-47dd-a8d8-fed7e9bdde79","workspaceKey":"C:\\Users\\llh04\\.zcode\\workspace\\default","workspacePath":"C:\\Users\\llh04\\.zcode\\workspace\\default"}
[2026-08-19 23:49:05.184] [info] [pid:37884] [main] [host-log] (local-1) [host] [2026-08-19 23:49:05.183] [pid:35324] [zcode-host] [rpc:call] zcode-agent.respondProviderRuntimeHeaders OK (116.6ms)
[2026-08-19 23:49:05.227] [info] [pid:37884] [main] [host-log] (local-1) [host] [2026-08-19 23:49:05.226] [pid:35324] [zcode-host] [rpc:call] window-controller.listTaskList OK (0.1ms)
[2026-08-19 23:49:06.166] [info] [pid:37884] [main] [host-log] (local-1) [host] [2026-08-19 23:49:06.165] [pid:35324] [settingService] writing settings to: C:\Users\llh04\.zcode\v2\setting.json {"recentProjects":["D:\\公考\\图形推理详解"],"locale":"zh-CN","localePreference":"zh-CN","terminalInheritSystemProfile":true,"embeddedBrowserAllowInsecureCertificates":false,"taskAutoArchiveEnabled":false,"taskAutoArchiveOlderThanDays":7,"closeToTrayOnWindows":true,"closeToTrayOnWindowsMigrationInitialized":true,"keepAwakeWhileRunning":false,"desktopChromiumHardwareAccelerationEnabled":true,"messageStreamShowReasoning":false,"messageStreamShowTodos":false,"toolGroupingExploreEnabled":true,"toolGroupingTerminalEnabled":true,"toolGroupingChangesEnabled":false,"zcodeInteractionBehavior":"queue","askUserQuestionAutoResolutionEnabled":true,"modelIoFullRetentionEnabled":false,"optimizeAgentExperienceEnabled":false,"optimizeAgentExperienceMigrationInitialized":true,"enabledBuiltinAgentCliProviders":["glm"],"modelProviderFamilyModes":{"zai":"oauth"},"modelProviderFamilySelectedKeys":{"zai":"coding-plan:builtin:zai-start-plan"},"providerFamilyDomain":"zai","providerFamilyDomainUpdatedAt":1787116588334,"providerFamilyDomainMigrated":true,"repoSnapshotIndexingEnabled":false,"instantGrepIndexingEnabled":false,"nativeSearchEnhancementsEnabled":true,"memoryEnabled":false,"lastWorkspaceSession":[{"kind":"local","workspacePath":"D:\\公考\\图形推理详解","workspacePurpose":"project"},{"kind":"local","workspacePath":"C:\\Users\\llh04\\.zcode\\workspace\\default","workspacePurpose":"conversation"}],"lastActiveTabIndex":1,"receivePreviewUpdates":false,"autoDownloadAndInstallUpdates":true,"skippedElectronUpdateVersions":{},"settingsSyncFirstRunPromptHandled":true}
[2026-08-19 23:49:06.170] [info] [pid:37884] [main] [host-log] (local-1) [host] [2026-08-19 23:49:06.169] [pid:35324] [settingService] write done
[2026-08-19 23:49:06.170] [info] [pid:37884] [main] [host-log] (local-1) [host] [2026-08-19 23:49:06.169] [pid:35324] [zcode-host] [rpc:call] setting.update OK (5.2ms)
[2026-08-19 23:49:08.206] [info] [pid:37884] [main] [host-log] (local-1) [host] [2026-08-19 23:49:08.205] [pid:35324] [settingService] writing settings to: C:\Users\llh04\.zcode\v2\setting.json {"recentProjects":["D:\\公考\\图形推理详解"],"locale":"zh-CN","localePreference":"zh-CN","terminalInheritSystemProfile":true,"embeddedBrowserAllowInsecureCertificates":false,"taskAutoArchiveEnabled":false,"taskAutoArchiveOlderThanDays":7,"closeToTrayOnWindows":true,"closeToTrayOnWindowsMigrationInitialized":true,"keepAwakeWhileRunning":false,"desktopChromiumHardwareAccelerationEnabled":true,"messageStreamShowReasoning":false,"messageStreamShowTodos":false,"toolGroupingExploreEnabled":true,"toolGroupingTerminalEnabled":true,"toolGroupingChangesEnabled":false,"zcodeInteractionBehavior":"queue","askUserQuestionAutoResolutionEnabled":true,"modelIoFullRetentionEnabled":false,"optimizeAgentExperienceEnabled":false,"optimizeAgentExperienceMigrationInitialized":true,"enabledBuiltinAgentCliProviders":["glm"],"modelProviderFamilyModes":{"zai":"oauth"},"modelProviderFamilySelectedKeys":{"zai":"coding-plan:builtin:zai-start-plan"},"providerFamilyDomain":"zai","providerFamilyDomainUpdatedAt":1787116588334,"providerFamilyDomainMigrated":true,"repoSnapshotIndexingEnabled":false,"instantGrepIndexingEnabled":false,"nativeSearchEnhancementsEnabled":true,"memoryEnabled":false,"lastWorkspaceSession":[{"kind":"local","workspacePath":"D:\\公考\\图形推理详解","workspacePurpose":"project"},{"kind":"local","workspacePath":"C:\\Users\\llh04\\.zcode\\workspace\\default","workspacePurpose":"conversation"}],"lastActiveTabIndex":1,"receivePreviewUpdates":false,"autoDownloadAndInstallUpdates":true,"skippedElectronUpdateVersions":{},"settingsSyncFirstRunPromptHandled":true}
[2026-08-19 23:49:08.209] [info] [pid:37884] [main] [host-log] (local-1) [host] [2026-08-19 23:49:08.209] [pid:35324] [settingService] write done
[2026-08-19 23:49:08.210] [info] [pid:37884] [main] [host-log] (local-1) [host] [2026-08-19 23:49:08.209] [pid:35324] [zcode-host] [rpc:call] setting.update OK (4.2ms)
[2026-08-19 23:49:09.340] [info] [pid:37884] [main] [host-log] (local-1) [host] [2026-08-19 23:49:09.339] [pid:35324] [zcode-host] [rpc:call] window-controller.listTaskList OK (0.0ms)
[2026-08-19 23:49:09.346] [info] [pid:37884] [main] [host-log] (local-1) [host] [2026-08-19 23:49:09.345] [pid:35324] [zcode-host] [rpc:call] window-controller.listTaskList OK (0.1ms)
[2026-08-19 23:49:09.350] [info] [pid:37884] [main] [host-log] (local-1) [host] [2026-08-19 23:49:09.350] [pid:35324] [zcode-host] [rpc:call] window-controller.listTaskList OK (0.1ms)
[2026-08-19 23:49:09.358] [info] [pid:37884] [main] [host-log] (local-1) [host] [2026-08-19 23:49:09.357] [pid:35324] [zcode-host] [rpc:call] window-controller.listTaskList OK (0.1ms)
[2026-08-19 23:49:09.359] [info] [pid:37884] [main] [host-log] (local-1) [host] [2026-08-19 23:49:09.358] [pid:35324] [zcode-host] [rpc:call] window-controller.listTaskList OK (0.1ms)
[2026-08-19 23:49:09.363] [info] [pid:37884] [main] [host-log] (local-1) [host] [2026-08-19 23:49:09.363] [pid:35324] [zcode-host] [rpc:call] window-controller.listTaskList OK (0.1ms)
[2026-08-19 23:49:09.366] [info] [pid:37884] [main] [host-log] (local-1) [host] [2026-08-19 23:49:09.366] [pid:35324] [zcode-host] [rpc:call] window-controller.listTaskList OK (0.3ms)
[2026-08-19 23:49:09.386] [info] [pid:37884] [main] [host-log] (local-1) [host] [2026-08-19 23:49:09.385] [pid:35324] [zcode-host] [rpc:call] window-controller.listTaskList OK (0.1ms)
[2026-08-19 23:49:09.387] [info] [pid:37884] [main] [host-log] (local-1) [host] [2026-08-19 23:49:09.386] [pid:35324] [zcode-agent-service][trace:d122e5a0-db94-45e5-b99f-578813767a1b] 收到 ZCode provider runtime headers 请求 {"modelId":"GLM-5-Turbo","providerId":"builtin:zai-start-plan","requestId":"sess_ea9ef013-441a-47dd-a8d8-fed7e9bdde79:provider-runtime-headers:1787154549386","sessionId":"sess_ea9ef013-441a-47dd-a8d8-fed7e9bdde79","turnId":"turn_dd173005-7fdd-4088-92c6-6f2b9c161253","workspaceKey":"C:\\Users\\llh04\\.zcode\\workspace\\default","workspacePath":"C:\\Users\\llh04\\.zcode\\workspace\\default"}
[2026-08-19 23:49:09.387] [info] [pid:37884] [main] [host-log] (local-1) [host] [2026-08-19 23:49:09.386] [pid:35324] [zcode-host] [rpc:call] window-controller.listTaskList OK (0.0ms)
[2026-08-19 23:49:09.388] [info] [pid:37884] [main] [host-log] (local-1) [host] [2026-08-19 23:49:09.388] [pid:35324] [zcode-host] [rpc:call] window-controller.listTaskList OK (0.1ms)
[2026-08-19 23:49:09.391] [info] [pid:37884] [main] [host-log] (local-1) [host] [2026-08-19 23:49:09.390] [pid:35324] [zcode-host] [rpc:call] window-controller.listTaskList OK (0.1ms)
[2026-08-19 23:49:09.399] [info] [pid:37884] [main] [host-log] (local-1) [host] [2026-08-19 23:49:09.398] [pid:35324] [zcode-host] [rpc:call] model-provider.getAllCached OK (7.9ms)
[2026-08-19 23:49:09.935] [info] [pid:37884] [main] [host-log] (local-1) [host] [2026-08-19 23:49:09.935] [pid:35324] [zcode-agent-service] 完成同步当前模型 runtime config 到 ZCode agent {"applyModelSelection":false,"appliedModelRuntimeRevision":"model-runtime:29d509fa09258fb3f22dd102","changed":true,"model":"builtin:zai-start-plan/GLM-5-Turbo$enabled","runtimeBaseURL":"https://zcode.z.ai/api/v1/zcode-plan/anthropic","runtimeProviderId":"builtin:zai-start-plan","sessionId":"sess_ea9ef013-441a-47dd-a8d8-fed7e9bdde79","workspaceKey":"C:\\Users\\llh04\\.zcode\\workspace\\default","workspacePath":"C:\\Users\\llh04\\.zcode\\workspace\\default"}
[2026-08-19 23:49:09.936] [info] [pid:37884] [main] [host-log] (local-1) [host] [2026-08-19 23:49:09.935] [pid:35324] [zcode-host] [rpc:call] zcode-agent.respondProviderRuntimeHeaders OK (116.6ms)
[2026-08-19 23:49:09.940] [info] [pid:37884] [main] [host-log] (local-1) [host] [2026-08-19 23:49:09.939] [pid:35324] [zcode-host] [rpc:call] window-controller.listTaskList OK (0.0ms)
[2026-08-19 23:49:11.046] [info] [pid:37884] [main] [host-log] (local-1) [host] [2026-08-19 23:49:11.046] [pid:35324] [settingService] writing settings to: C:\Users\llh04\.zcode\v2\setting.json {"recentProjects":["D:\\公考\\图形推理详解"],"locale":"zh-CN","localePreference":"zh-CN","terminalInheritSystemProfile":true,"embeddedBrowserAllowInsecureCertificates":false,"taskAutoArchiveEnabled":false,"taskAutoArchiveOlderThanDays":7,"closeToTrayOnWindows":true,"closeToTrayOnWindowsMigrationInitialized":true,"keepAwakeWhileRunning":false,"desktopChromiumHardwareAccelerationEnabled":true,"messageStreamShowReasoning":false,"messageStreamShowTodos":false,"toolGroupingExploreEnabled":true,"toolGroupingTerminalEnabled":true,"toolGroupingChangesEnabled":false,"zcodeInteractionBehavior":"queue","askUserQuestionAutoResolutionEnabled":true,"modelIoFullRetentionEnabled":false,"optimizeAgentExperienceEnabled":false,"optimizeAgentExperienceMigrationInitialized":true,"enabledBuiltinAgentCliProviders":["glm"],"modelProviderFamilyModes":{"zai":"oauth"},"modelProviderFamilySelectedKeys":{"zai":"coding-plan:builtin:zai-start-plan"},"providerFamilyDomain":"zai","providerFamilyDomainUpdatedAt":1787116588334,"providerFamilyDomainMigrated":true,"repoSnapshotIndexingEnabled":false,"instantGrepIndexingEnabled":false,"nativeSearchEnhancementsEnabled":true,"memoryEnabled":false,"lastWorkspaceSession":[{"kind":"local","workspacePath":"D:\\公考\\图形推理详解","workspacePurpose":"project"},{"kind":"local","workspacePath":"C:\\Users\\llh04\\.zcode\\workspace\\default","workspacePurpose":"conversation"}],"lastActiveTabIndex":1,"receivePreviewUpdates":false,"autoDownloadAndInstallUpdates":true,"skippedElectronUpdateVersions":{},"settingsSyncFirstRunPromptHandled":true}
[2026-08-19 23:49:11.050] [info] [pid:37884] [main] [host-log] (local-1) [host] [2026-08-19 23:49:11.050] [pid:35324] [settingService] write done
[2026-08-19 23:49:11.051] [info] [pid:37884] [main] [host-log] (local-1) [host] [2026-08-19 23:49:11.050] [pid:35324] [zcode-host] [rpc:call] setting.update OK (4.5ms)
[2026-08-19 23:49:11.947] [info] [pid:37884] [main] [host-log] (local-1) [host] [2026-08-19 23:49:11.946] [pid:35324] [settingService] writing settings to: C:\Users\llh04\.zcode\v2\setting.json {"recentProjects":["D:\\公考\\图形推理详解"],"locale":"zh-CN","localePreference":"zh-CN","terminalInheritSystemProfile":true,"embeddedBrowserAllowInsecureCertificates":false,"taskAutoArchiveEnabled":false,"taskAutoArchiveOlderThanDays":7,"closeToTrayOnWindows":true,"closeToTrayOnWindowsMigrationInitialized":true,"keepAwakeWhileRunning":false,"desktopChromiumHardwareAccelerationEnabled":true,"messageStreamShowReasoning":false,"messageStreamShowTodos":false,"toolGroupingExploreEnabled":true,"toolGroupingTerminalEnabled":true,"toolGroupingChangesEnabled":false,"zcodeInteractionBehavior":"queue","askUserQuestionAutoResolutionEnabled":true,"modelIoFullRetentionEnabled":false,"optimizeAgentExperienceEnabled":false,"optimizeAgentExperienceMigrationInitialized":true,"enabledBuiltinAgentCliProviders":["glm"],"modelProviderFamilyModes":{"zai":"oauth"},"modelProviderFamilySelectedKeys":{"zai":"coding-plan:builtin:zai-start-plan"},"providerFamilyDomain":"zai","providerFamilyDomainUpdatedAt":1787116588334,"providerFamilyDomainMigrated":true,"repoSnapshotIndexingEnabled":false,"instantGrepIndexingEnabled":false,"nativeSearchEnhancementsEnabled":true,"memoryEnabled":false,"lastWorkspaceSession":[{"kind":"local","workspacePath":"D:\\公考\\图形推理详解","workspacePurpose":"project"},{"kind":"local","workspacePath":"C:\\Users\\llh04\\.zcode\\workspace\\default","workspacePurpose":"conversation"}],"lastActiveTabIndex":1,"receivePreviewUpdates":false,"autoDownloadAndInstallUpdates":true,"skippedElectronUpdateVersions":{},"settingsSyncFirstRunPromptHandled":true}
[2026-08-19 23:49:11.953] [info] [pid:37884] [main] [host-log] (local-1) [host] [2026-08-19 23:49:11.952] [pid:35324] [settingService] write done
[2026-08-19 23:49:11.954] [info] [pid:37884] [main] [host-log] (local-1) [host] [2026-08-19 23:49:11.952] [pid:35324] [zcode-host] [rpc:call] setting.update OK (6.8ms)
[2026-08-19 23:49:12.429] [info] [pid:37884] [main] [host-log] (local-1) [host] [2026-08-19 23:49:12.429] [pid:35324] [settingService] writing settings to: C:\Users\llh04\.zcode\v2\setting.json {"recentProjects":["D:\\公考\\图形推理详解"],"locale":"zh-CN","localePreference":"zh-CN","terminalInheritSystemProfile":true,"embeddedBrowserAllowInsecureCertificates":false,"taskAutoArchiveEnabled":false,"taskAutoArchiveOlderThanDays":7,"closeToTrayOnWindows":true,"closeToTrayOnWindowsMigrationInitialized":true,"keepAwakeWhileRunning":false,"desktopChromiumHardwareAccelerationEnabled":true,"messageStreamShowReasoning":false,"messageStreamShowTodos":false,"toolGroupingExploreEnabled":true,"toolGroupingTerminalEnabled":true,"toolGroupingChangesEnabled":false,"zcodeInteractionBehavior":"queue","askUserQuestionAutoResolutionEnabled":true,"modelIoFullRetentionEnabled":false,"optimizeAgentExperienceEnabled":false,"optimizeAgentExperienceMigrationInitialized":true,"enabledBuiltinAgentCliProviders":["glm"],"modelProviderFamilyModes":{"zai":"oauth"},"modelProviderFamilySelectedKeys":{"zai":"coding-plan:builtin:zai-start-plan"},"providerFamilyDomain":"zai","providerFamilyDomainUpdatedAt":1787116588334,"providerFamilyDomainMigrated":true,"repoSnapshotIndexingEnabled":false,"instantGrepIndexingEnabled":false,"nativeSearchEnhancementsEnabled":true,"memoryEnabled":false,"lastWorkspaceSession":[{"kind":"local","workspacePath":"D:\\公考\\图形推理详解","workspacePurpose":"project"},{"kind":"local","workspacePath":"C:\\Users\\llh04\\.zcode\\workspace\\default","workspacePurpose":"conversation"}],"lastActiveTabIndex":1,"receivePreviewUpdates":false,"autoDownloadAndInstallUpdates":true,"skippedElectronUpdateVersions":{},"settingsSyncFirstRunPromptHandled":true}
[2026-08-19 23:49:12.434] [info] [pid:37884] [main] [host-log] (local-1) [host] [2026-08-19 23:49:12.433] [pid:35324] [settingService] write done
[2026-08-19 23:49:12.434] [info] [pid:37884] [main] [host-log] (local-1) [host] [2026-08-19 23:49:12.433] [pid:35324] [zcode-host] [rpc:call] setting.update OK (5.8ms)
[2026-08-19 23:49:15.719] [info] [pid:37884] [main] [host-log] (local-1) [host] [2026-08-19 23:49:15.718] [pid:35324] [zcode-host] [rpc:call] window-controller.listTaskList OK (0.0ms)
[2026-08-19 23:49:15.735] [info] [pid:37884] [main] [host-log] (local-1) [host] [2026-08-19 23:49:15.734] [pid:35324] [zcode-host] [rpc:call] window-controller.listTaskList OK (0.1ms)
[2026-08-19 23:49:15.740] [info] [pid:37884] [main] [host-log] (local-1) [host] [2026-08-19 23:49:15.740] [pid:35324] [zcode-host] [rpc:call] window-controller.listTaskList OK (0.1ms)
[2026-08-19 23:49:15.746] [info] [pid:37884] [main] [host-log] (local-1) [host] [2026-08-19 23:49:15.746] [pid:35324] [zcode-host] [rpc:call] window-controller.listTaskList OK (0.1ms)
[2026-08-19 23:49:15.748] [info] [pid:37884] [main] [host-log] (local-1) [host] [2026-08-19 23:49:15.748] [pid:35324] [zcode-host] [rpc:call] window-controller.listTaskList OK (0.1ms)
[2026-08-19 23:49:15.752] [info] [pid:37884] [main] [host-log] (local-1) [host] [2026-08-19 23:49:15.751] [pid:35324] [zcode-host] [rpc:call] window-controller.listTaskList OK (0.1ms)
[2026-08-19 23:49:15.754] [info] [pid:37884] [main] [host-log] (local-1) [host] [2026-08-19 23:49:15.753] [pid:35324] [zcode-host] [rpc:call] window-controller.listTaskList OK (0.1ms)
[2026-08-19 23:49:15.772] [info] [pid:37884] [main] [host-log] (local-1) [host] [2026-08-19 23:49:15.771] [pid:35324] [zcode-host] [rpc:call] window-controller.listTaskList OK (0.1ms)
[2026-08-19 23:49:15.773] [info] [pid:37884] [main] [host-log] (local-1) [host] [2026-08-19 23:49:15.773] [pid:35324] [zcode-host] [rpc:call] window-controller.listTaskList OK (0.0ms)
[2026-08-19 23:49:15.774] [info] [pid:37884] [main] [host-log] (local-1) [host] [2026-08-19 23:49:15.774] [pid:35324] [zcode-host] [rpc:call] window-controller.listTaskList OK (0.0ms)
[2026-08-19 23:49:15.775] [info] [pid:37884] [main] [host-log] (local-1) [host] [2026-08-19 23:49:15.774] [pid:35324] [zcode-agent-service][trace:d122e5a0-db94-45e5-b99f-578813767a1b] 收到 ZCode provider runtime headers 请求 {"modelId":"GLM-5-Turbo","providerId":"builtin:zai-start-plan","requestId":"sess_ea9ef013-441a-47dd-a8d8-fed7e9bdde79:provider-runtime-headers:1787154555775","sessionId":"sess_ea9ef013-441a-47dd-a8d8-fed7e9bdde79","turnId":"turn_dd173005-7fdd-4088-92c6-6f2b9c161253","workspaceKey":"C:\\Users\\llh04\\.zcode\\workspace\\default","workspacePath":"C:\\Users\\llh04\\.zcode\\workspace\\default"}
[2026-08-19 23:49:15.776] [info] [pid:37884] [main] [host-log] (local-1) [host] [2026-08-19 23:49:15.776] [pid:35324] [zcode-host] [rpc:call] window-controller.listTaskList OK (0.0ms)
[2026-08-19 23:49:15.787] [info] [pid:37884] [main] [host-log] (local-1) [host] [2026-08-19 23:49:15.786] [pid:35324] [zcode-host] [rpc:call] model-provider.getAllCached OK (9.1ms)
[2026-08-19 23:49:16.309] [info] [pid:37884] [main] [host-log] (local-1) [host] [2026-08-19 23:49:16.308] [pid:35324] [zcode-agent-service] 完成同步当前模型 runtime config 到 ZCode agent {"applyModelSelection":false,"appliedModelRuntimeRevision":"model-runtime:7f3fe3d5da729e7d205f9331","changed":true,"model":"builtin:zai-start-plan/GLM-5-Turbo$enabled","runtimeBaseURL":"https://zcode.z.ai/api/v1/zcode-plan/anthropic","runtimeProviderId":"builtin:zai-start-plan","sessionId":"sess_ea9ef013-441a-47dd-a8d8-fed7e9bdde79","workspaceKey":"C:\\Users\\llh04\\.zcode\\workspace\\default","workspacePath":"C:\\Users\\llh04\\.zcode\\workspace\\default"}
[2026-08-19 23:49:16.310] [info] [pid:37884] [main] [host-log] (local-1) [host] [2026-08-19 23:49:16.309] [pid:35324] [zcode-host] [rpc:call] zcode-agent.respondProviderRuntimeHeaders OK (115.6ms)
[2026-08-19 23:49:16.313] [info] [pid:37884] [main] [host-log] (local-1) [host] [2026-08-19 23:49:16.312] [pid:35324] [zcode-host] [rpc:call] window-controller.listTaskList OK (0.0ms)
[2026-08-19 23:49:18.541] [warn] [pid:37884] [main] [host-log] (local-1) [host] [2026-08-19 23:49:18.528] [pid:35324] [zcode-host] [rpc:call] usage-stats.getEntitlementSnapshot FAIL (21290.8ms) {"name":"ApiError","message":"fetch failed","stack":"ApiError: fetch failed\n    at NodeApiClient.request (file:///D:/zcode/resources/app.asar/out/host/index.js:1171:109087)\n    at process.processTicksAndRejections (node:internal/process/task_queues:104:5)\n    at async readApiJson (file:///D:/zcode/resources/app.asar/out/host/index.js:1171:28258)\n    at async BigModelUsageQuotaProvider.getSnapshotForRequest (file:///D:/zcode/resources/app.asar/out/host/index.js:1173:84844)\n    at async NetworkTelemetryServerChannel.call (file:///D:/zcode/resources/app.asar/out/host/chunk-LVLFJXEE.js:3:3483)\n    at async LoggingServerChannel.call (file:///D:/zcode/resources/app.asar/out/host/chunk-LVLFJXEE.js:3:1922)","cause":{"name":"TypeError","message":"fetch failed","stack":"TypeError: fetch failed","cause":{"name":"ConnectTimeoutError","message":"Connect Timeout Error (attempted addresses: 2602:ffe4:407:20e8::23:443, 128.1.150.233:443, timeout: 10000ms)","stack":"ConnectTimeoutError: Connect Timeout Error (attempted addresses: 2602:ffe4:407:20e8::23:443, 128.1.150.233:443, timeout: 10000ms)\n    at onConnectTimeout (node:internal/deps/undici/undici:1936:23)\n    at Immediate._onImmediate (node:internal/deps/undici/undici:1902:35)\n    at process.processImmediate (node:internal/timers:504:21)"}}}
[2026-08-19 23:49:19.791] [info] [pid:37884] [main] [host-log] (local-1) [host] [2026-08-19 23:49:19.791] [pid:35324] [zcode-host] [rpc:call] window-controller.listTaskList OK (0.0ms)
[2026-08-19 23:49:19.798] [info] [pid:37884] [main] [host-log] (local-1) [host] [2026-08-19 23:49:19.797] [pid:35324] [zcode-host] [rpc:call] window-controller.listTaskList OK (0.1ms)
[2026-08-19 23:49:19.803] [info] [pid:37884] [main] [host-log] (local-1) [host] [2026-08-19 23:49:19.803] [pid:35324] [zcode-host] [rpc:call] window-controller.listTaskList OK (0.1ms)
[2026-08-19 23:49:19.813] [info] [pid:37884] [main] [host-log] (local-1) [host] [2026-08-19 23:49:19.811] [pid:35324] [zcode-host] [rpc:call] window-controller.listTaskList OK (0.1ms)
[2026-08-19 23:49:19.815] [info] [pid:37884] [main] [host-log] (local-1) [host] [2026-08-19 23:49:19.815] [pid:35324] [zcode-host] [rpc:call] window-controller.listTaskList OK (0.1ms)
[2026-08-19 23:49:19.816] [info] [pid:37884] [main] [host-log] (local-1) [host] [2026-08-19 23:49:19.816] [pid:35324] [zcode-host] [rpc:call] window-controller.listTaskList OK (0.0ms)
[2026-08-19 23:49:19.818] [info] [pid:37884] [main] [host-log] (local-1) [host] [2026-08-19 23:49:19.818] [pid:35324] [zcode-host] [rpc:call] window-controller.listTaskList OK (0.1ms)
[2026-08-19 23:49:19.823] [info] [pid:37884] [main] [host-log] (local-1) [host] [2026-08-19 23:49:19.822] [pid:35324] [zcode-host] [rpc:call] window-controller.listTaskList OK (0.1ms)
[2026-08-19 23:49:19.825] [info] [pid:37884] [main] [host-log] (local-1) [host] [2026-08-19 23:49:19.825] [pid:35324] [zcode-host] [rpc:call] window-controller.listTaskList OK (0.1ms)
[2026-08-19 23:49:19.829] [info] [pid:37884] [main] [host-log] (local-1) [host] [2026-08-19 23:49:19.828] [pid:35324] [zcode-agent-service][trace:d122e5a0-db94-45e5-b99f-578813767a1b] 收到 ZCode provider runtime headers 请求 {"modelId":"GLM-5-Turbo","providerId":"builtin:zai-start-plan","requestId":"sess_ea9ef013-441a-47dd-a8d8-fed7e9bdde79:provider-runtime-headers:1787154559828","sessionId":"sess_ea9ef013-441a-47dd-a8d8-fed7e9bdde79","turnId":"turn_dd173005-7fdd-4088-92c6-6f2b9c161253","workspaceKey":"C:\\Users\\llh04\\.zcode\\workspace\\default","workspacePath":"C:\\Users\\llh04\\.zcode\\workspace\\default"}
[2026-08-19 23:49:19.830] [info] [pid:37884] [main] [host-log] (local-1) [host] [2026-08-19 23:49:19.830] [pid:35324] [zcode-host] [rpc:call] window-controller.listTaskList OK (0.0ms)
[2026-08-19 23:49:19.832] [info] [pid:37884] [main] [host-log] (local-1) [host] [2026-08-19 23:49:19.831] [pid:35324] [zcode-host] [rpc:call] window-controller.listTaskList OK (0.0ms)
[2026-08-19 23:49:19.834] [info] [pid:37884] [main] [host-log] (local-1) [host] [2026-08-19 23:49:19.834] [pid:35324] [zcode-host] [rpc:call] window-controller.listTaskList OK (0.0ms)
[2026-08-19 23:49:19.852] [info] [pid:37884] [main] [host-log] (local-1) [host] [2026-08-19 23:49:19.852] [pid:35324] [zcode-host] [rpc:call] model-provider.getAllCached OK (7.7ms)
[2026-08-19 23:49:20.426] [info] [pid:37884] [main] [host-log] (local-1) [host] [2026-08-19 23:49:20.426] [pid:35324] [zcode-agent-service] 完成同步当前模型 runtime config 到 ZCode agent {"applyModelSelection":false,"appliedModelRuntimeRevision":"model-runtime:4253d434a179c070b3e057ad","changed":true,"model":"builtin:zai-start-plan/GLM-5-Turbo$enabled","runtimeBaseURL":"https://zcode.z.ai/api/v1/zcode-plan/anthropic","runtimeProviderId":"builtin:zai-start-plan","sessionId":"sess_ea9ef013-441a-47dd-a8d8-fed7e9bdde79","workspaceKey":"C:\\Users\\llh04\\.zcode\\workspace\\default","workspacePath":"C:\\Users\\llh04\\.zcode\\workspace\\default"}
[2026-08-19 23:49:20.427] [info] [pid:37884] [main] [host-log] (local-1) [host] [2026-08-19 23:49:20.426] [pid:35324] [zcode-host] [rpc:call] zcode-agent.respondProviderRuntimeHeaders OK (114.7ms)
[2026-08-19 23:49:20.430] [info] [pid:37884] [main] [host-log] (local-1) [host] [2026-08-19 23:49:20.429] [pid:35324] [zcode-host] [rpc:call] window-controller.listTaskList OK (0.1ms)
[2026-08-19 23:49:22.171] [info] [pid:37884] [main] [host-log] (local-1) [host] [2026-08-19 23:49:22.171] [pid:35324] [settingService] writing settings to: C:\Users\llh04\.zcode\v2\setting.json {"recentProjects":["D:\\公考\\图形推理详解"],"locale":"zh-CN","localePreference":"zh-CN","terminalInheritSystemProfile":true,"embeddedBrowserAllowInsecureCertificates":false,"taskAutoArchiveEnabled":false,"taskAutoArchiveOlderThanDays":7,"closeToTrayOnWindows":true,"closeToTrayOnWindowsMigrationInitialized":true,"keepAwakeWhileRunning":false,"desktopChromiumHardwareAccelerationEnabled":true,"messageStreamShowReasoning":false,"messageStreamShowTodos":false,"toolGroupingExploreEnabled":true,"toolGroupingTerminalEnabled":true,"toolGroupingChangesEnabled":false,"zcodeInteractionBehavior":"queue","askUserQuestionAutoResolutionEnabled":true,"modelIoFullRetentionEnabled":false,"optimizeAgentExperienceEnabled":false,"optimizeAgentExperienceMigrationInitialized":true,"enabledBuiltinAgentCliProviders":["glm"],"modelProviderFamilyModes":{"zai":"oauth"},"modelProviderFamilySelectedKeys":{"zai":"coding-plan:builtin:zai-start-plan"},"providerFamilyDomain":"zai","providerFamilyDomainUpdatedAt":1787116588334,"providerFamilyDomainMigrated":true,"repoSnapshotIndexingEnabled":false,"instantGrepIndexingEnabled":false,"nativeSearchEnhancementsEnabled":true,"memoryEnabled":false,"lastWorkspaceSession":[{"kind":"local","workspacePath":"D:\\公考\\图形推理详解","workspacePurpose":"project"},{"kind":"local","workspacePath":"C:\\Users\\llh04\\.zcode\\workspace\\default","workspacePurpose":"conversation"}],"lastActiveTabIndex":1,"receivePreviewUpdates":false,"autoDownloadAndInstallUpdates":true,"skippedElectronUpdateVersions":{},"settingsSyncFirstRunPromptHandled":true}
[2026-08-19 23:49:22.175] [info] [pid:37884] [main] [host-log] (local-1) [host] [2026-08-19 23:49:22.175] [pid:35324] [settingService] write done
[2026-08-19 23:49:22.176] [info] [pid:37884] [main] [host-log] (local-1) [host] [2026-08-19 23:49:22.175] [pid:35324] [zcode-host] [rpc:call] setting.update OK (4.8ms)
[2026-08-19 23:49:23.521] [info] [pid:37884] [main] [host-log] (local-1) [host] [2026-08-19 23:49:23.520] [pid:35324] [settingService] writing settings to: C:\Users\llh04\.zcode\v2\setting.json {"recentProjects":["D:\\公考\\图形推理详解"],"locale":"zh-CN","localePreference":"zh-CN","terminalInheritSystemProfile":true,"embeddedBrowserAllowInsecureCertificates":false,"taskAutoArchiveEnabled":false,"taskAutoArchiveOlderThanDays":7,"closeToTrayOnWindows":true,"closeToTrayOnWindowsMigrationInitialized":true,"keepAwakeWhileRunning":false,"desktopChromiumHardwareAccelerationEnabled":true,"messageStreamShowReasoning":false,"messageStreamShowTodos":false,"toolGroupingExploreEnabled":true,"toolGroupingTerminalEnabled":true,"toolGroupingChangesEnabled":false,"zcodeInteractionBehavior":"queue","askUserQuestionAutoResolutionEnabled":true,"modelIoFullRetentionEnabled":false,"optimizeAgentExperienceEnabled":false,"optimizeAgentExperienceMigrationInitialized":true,"enabledBuiltinAgentCliProviders":["glm"],"modelProviderFamilyModes":{"zai":"oauth"},"modelProviderFamilySelectedKeys":{"zai":"coding-plan:builtin:zai-start-plan"},"providerFamilyDomain":"zai","providerFamilyDomainUpdatedAt":1787116588334,"providerFamilyDomainMigrated":true,"repoSnapshotIndexingEnabled":false,"instantGrepIndexingEnabled":false,"nativeSearchEnhancementsEnabled":true,"memoryEnabled":false,"lastWorkspaceSession":[{"kind":"local","workspacePath":"D:\\公考\\图形推理详解","workspacePurpose":"project"},{"kind":"local","workspacePath":"C:\\Users\\llh04\\.zcode\\workspace\\default","workspacePurpose":"conversation"}],"lastActiveTabIndex":1,"receivePreviewUpdates":false,"autoDownloadAndInstallUpdates":true,"skippedElectronUpdateVersions":{},"settingsSyncFirstRunPromptHandled":true}
[2026-08-19 23:49:23.527] [info] [pid:37884] [main] [host-log] (local-1) [host] [2026-08-19 23:49:23.524] [pid:35324] [settingService] write done
[2026-08-19 23:49:23.528] [info] [pid:37884] [main] [host-log] (local-1) [host] [2026-08-19 23:49:23.524] [pid:35324] [zcode-host] [rpc:call] setting.update OK (5.4ms)
[2026-08-19 23:49:24.889] [info] [pid:37884] [main] [host-log] (local-1) [host] [2026-08-19 23:49:24.889] [pid:35324] [zcode-host] [rpc:call] window-controller.listTaskList OK (0.1ms)
[2026-08-19 23:49:24.893] [info] [pid:37884] [main] [host-log] (local-1) [host] [2026-08-19 23:49:24.892] [pid:35324] [zcode-host] [rpc:call] window-controller.listTaskList OK (0.1ms)
[2026-08-19 23:49:24.899] [info] [pid:37884] [main] [host-log] (local-1) [host] [2026-08-19 23:49:24.898] [pid:35324] [zcode-host] [rpc:call] window-controller.listTaskList OK (0.0ms)
[2026-08-19 23:49:24.903] [info] [pid:37884] [main] [host-log] (local-1) [host] [2026-08-19 23:49:24.901] [pid:35324] [zcode-host] [rpc:call] window-controller.listTaskList OK (0.1ms)
[2026-08-19 23:49:24.907] [info] [pid:37884] [main] [host-log] (local-1) [host] [2026-08-19 23:49:24.906] [pid:35324] [zcode-host] [rpc:call] window-controller.listTaskList OK (0.1ms)
[2026-08-19 23:49:24.909] [info] [pid:37884] [main] [host-log] (local-1) [host] [2026-08-19 23:49:24.908] [pid:35324] [zcode-host] [rpc:call] window-controller.listTaskList OK (0.1ms)
[2026-08-19 23:49:24.911] [info] [pid:37884] [main] [host-log] (local-1) [host] [2026-08-19 23:49:24.911] [pid:35324] [zcode-host] [rpc:call] window-controller.listTaskList OK (0.1ms)
[2026-08-19 23:49:24.914] [info] [pid:37884] [main] [host-log] (local-1) [host] [2026-08-19 23:49:24.913] [pid:35324] [zcode-host] [rpc:call] window-controller.listTaskList OK (0.0ms)
[2026-08-19 23:49:24.915] [info] [pid:37884] [main] [host-log] (local-1) [host] [2026-08-19 23:49:24.915] [pid:35324] [zcode-host] [rpc:call] window-controller.listTaskList OK (0.0ms)
[2026-08-19 23:49:24.924] [info] [pid:37884] [main] [host-log] (local-1) [host] [2026-08-19 23:49:24.924] [pid:35324] [zcode-agent-service][trace:d122e5a0-db94-45e5-b99f-578813767a1b] 收到 ZCode provider runtime headers 请求 {"modelId":"GLM-5-Turbo","providerId":"builtin:zai-start-plan","requestId":"sess_ea9ef013-441a-47dd-a8d8-fed7e9bdde79:provider-runtime-headers:1787154564924","sessionId":"sess_ea9ef013-441a-47dd-a8d8-fed7e9bdde79","turnId":"turn_dd173005-7fdd-4088-92c6-6f2b9c161253","workspaceKey":"C:\\Users\\llh04\\.zcode\\workspace\\default","workspacePath":"C:\\Users\\llh04\\.zcode\\workspace\\default"}
[2026-08-19 23:49:24.925] [info] [pid:37884] [main] [host-log] (local-1) [host] [2026-08-19 23:49:24.924] [pid:35324] [zcode-host] [rpc:call] window-controller.listTaskList OK (0.1ms)
[2026-08-19 23:49:24.948] [info] [pid:37884] [main] [host-log] (local-1) [host] [2026-08-19 23:49:24.947] [pid:35324] [zcode-host] [rpc:call] model-provider.getAllCached OK (8.2ms)
[2026-08-19 23:49:25.578] [info] [pid:37884] [main] [host-log] (local-1) [host] [2026-08-19 23:49:25.578] [pid:35324] [zcode-agent-service] 完成同步当前模型 runtime config 到 ZCode agent {"applyModelSelection":false,"appliedModelRuntimeRevision":"model-runtime:c8ac6b9251ceddb20a1cbf3a","changed":true,"model":"builtin:zai-start-plan/GLM-5-Turbo$enabled","runtimeBaseURL":"https://zcode.z.ai/api/v1/zcode-plan/anthropic","runtimeProviderId":"builtin:zai-start-plan","sessionId":"sess_ea9ef013-441a-47dd-a8d8-fed7e9bdde79","workspaceKey":"C:\\Users\\llh04\\.zcode\\workspace\\default","workspacePath":"C:\\Users\\llh04\\.zcode\\workspace\\default"}
[2026-08-19 23:49:25.579] [info] [pid:37884] [main] [host-log] (local-1) [host] [2026-08-19 23:49:25.578] [pid:35324] [zcode-host] [rpc:call] zcode-agent.respondProviderRuntimeHeaders OK (112.6ms)
[2026-08-19 23:49:25.582] [info] [pid:37884] [main] [host-log] (local-1) [host] [2026-08-19 23:49:25.582] [pid:35324] [zcode-host] [rpc:call] window-controller.listTaskList OK (0.0ms)
[2026-08-19 23:49:34.369] [info] [pid:37884] [main] [host-log] (local-1) [host] [2026-08-19 23:49:34.369] [pid:35324] [zcode-host] [rpc:call] off-peak-task.list OK (0.2ms)
[2026-08-19 23:49:47.831] [info] [pid:37884] [main] [host-log] (local-1) [host] [2026-08-19 23:49:47.830] [pid:35324] [zcode-host] [rpc:call] zcode-agent.sendConversationCommandV4 OK (8.6ms)
[2026-08-19 23:49:47.832] [info] [pid:37884] [main] [host-log] (local-1) [host] [2026-08-19 23:49:47.831] [pid:35324] [zcode-host] [rpc:call] window-controller.listTaskList OK (0.0ms)
[2026-08-19 23:49:47.864] [info] [pid:37884] [main] [host-log] (local-1) [host] [2026-08-19 23:49:47.844] [pid:35324] [zcode-host] [rpc:call] window-controller.listTaskList OK (0.1ms)
[2026-08-19 23:49:47.865] [info] [pid:37884] [main] [host-log] (local-1) [host] [2026-08-19 23:49:47.845] [pid:35324] [zcode-agent-service][trace:d122e5a0-db94-45e5-b99f-578813767a1b] 开始请求 ZCode Protocol session/resume {"hasRuntimeModel":true,"mcpServerCount":0,"mcpServerNames":[],"modelHint":null,"runtimeModel":{"apiFormat":"anthropic-messages","baseURL":"https://zcode.z.ai/api/v1/zcode-plan/anthropic","kind":"anthropic","model":"builtin:zai-start-plan/GLM-5-Turbo","providerId":"builtin:zai-start-plan","revision":"model-runtime:3457255f58c9a52c3613007b","thoughtLevel":null},"sessionId":"sess_ea9ef013-441a-47dd-a8d8-fed7e9bdde79","workspaceKey":"C:\\Users\\llh04\\.zcode\\workspace\\default","workspacePath":"C:\\Users\\llh04\\.zcode\\workspace\\default"}
[2026-08-19 23:49:48.007] [info] [pid:37884] [main] [host-log] (local-1) [host] [2026-08-19 23:49:48.007] [pid:35324] [settingService] writing settings to: C:\Users\llh04\.zcode\v2\setting.json {"recentProjects":["D:\\公考\\图形推理详解"],"locale":"zh-CN","localePreference":"zh-CN","terminalInheritSystemProfile":true,"embeddedBrowserAllowInsecureCertificates":false,"taskAutoArchiveEnabled":false,"taskAutoArchiveOlderThanDays":7,"closeToTrayOnWindows":true,"closeToTrayOnWindowsMigrationInitialized":true,"keepAwakeWhileRunning":false,"desktopChromiumHardwareAccelerationEnabled":true,"messageStreamShowReasoning":false,"messageStreamShowTodos":false,"toolGroupingExploreEnabled":true,"toolGroupingTerminalEnabled":true,"toolGroupingChangesEnabled":false,"zcodeInteractionBehavior":"queue","askUserQuestionAutoResolutionEnabled":true,"modelIoFullRetentionEnabled":false,"optimizeAgentExperienceEnabled":false,"optimizeAgentExperienceMigrationInitialized":true,"enabledBuiltinAgentCliProviders":["glm"],"modelProviderFamilyModes":{"zai":"oauth"},"modelProviderFamilySelectedKeys":{"zai":"coding-plan:builtin:zai-start-plan"},"providerFamilyDomain":"zai","providerFamilyDomainUpdatedAt":1787116588334,"providerFamilyDomainMigrated":true,"repoSnapshotIndexingEnabled":false,"instantGrepIndexingEnabled":false,"nativeSearchEnhancementsEnabled":true,"memoryEnabled":false,"lastWorkspaceSession":[{"kind":"local","workspacePath":"D:\\公考\\图形推理详解","workspacePurpose":"project"},{"kind":"local","workspacePath":"C:\\Users\\llh04\\.zcode\\workspace\\default","workspacePurpose":"conversation"}],"lastActiveTabIndex":1,"receivePreviewUpdates":false,"autoDownloadAndInstallUpdates":true,"skippedElectronUpdateVersions":{},"settingsSyncFirstRunPromptHandled":true}
[2026-08-19 23:49:48.011] [info] [pid:37884] [main] [host-log] (local-1) [host] [2026-08-19 23:49:48.010] [pid:35324] [settingService] write done
[2026-08-19 23:49:48.012] [info] [pid:37884] [main] [host-log] (local-1) [host] [2026-08-19 23:49:48.011] [pid:35324] [zcode-host] [rpc:call] setting.update OK (5.0ms)
[2026-08-19 23:49:48.154] [info] [pid:37884] [main] [host-log] (local-1) [host] [2026-08-19 23:49:48.153] [pid:35324] [usage-stats] billing/balance 请求完成 {"balanceCount":2,"balances":[{"entitlement_id":"ent_2_0817_glm_5p3","show_name":"GLM-5.3","total_units":3000000,"used_units":354012,"remaining_units":2645988,"available_units":2645988,"reserved_units":null},{"entitlement_id":"ent_2_0817_glm_5turbo","show_name":"GLM-5-Turbo","total_units":2000000,"used_units":168072,"remaining_units":1831928,"available_units":1831928,"reserved_units":null}],"code":0,"durationMs":240,"msg":"","payload":{"code":0,"msg":"","data":{"server_time":1787154588,"plans":[{"user_plan_id":"upl_2089944584870027264","plan_id":"zcode-v3-start-plan-0817","name":"ZCode Start Plan","description":"免费 GLM 旗舰模型体验","priority":90,"status":"active","starts_at":1787116592,"ends_at":1787500799,"entitlements":[{"entitlement_id":"ent_2_0817_glm_5p3","show_name":"GLM-5.3","meter":"model_usage","unit_type":"token","capabilities":["model:glm-5.3"],"grant_units":3000000,"period":"daily","priority":110},{"entitlement_id":"ent_2_0817_glm_5turbo","show_name":"GLM-5-Turbo","meter":"model_usage","unit_type":"token","capabilities":["model:GLM-5-Turbo"],"grant_units":2000000,"period":"daily","priority":80}]}],"balances":[{"bucket_id":"bucket_2089944584886804480","user_plan_id":"upl_2089944584870027264","plan_id":"zcode-v3-start-plan-0817","entitlement_id":"ent_2_0817_glm_5p3","show_name":"GLM-5.3","meter":"model_usage","unit_type":"token","capabilities":["model:glm-5.3"],"priority":110,"plan_priority":90,"entitlement_priority":110,"total_units":3000000,"used_units":354012,"remaining_units":2645988,"available_units":2645988,"period_start":1787068800,"period_end":1787155199,"expires_at":1787155199},{"bucket_id":"bucket_2089944584895193088","user_plan_id":"upl_2089944584870027264","plan_id":"zcode-v3-start-plan-0817","entitlement_id":"ent_2_0817_glm_5turbo","show_name":"GLM-5-Turbo","meter":"model_usage","unit_type":"token","capabilities":["model:GLM-5-Turbo"],"priority":80,"plan_priority":90,"entitlement_priority":80,"total_units":2000000,"used_units":168072,"remaining_units":1831928,"available_units":1831928,"period_start":1787068800,"period_end":1787155199,"expires_at":1787155199}]}},"planCount":1,"plans":[{"name":"ZCode Start Plan","plan_id":"zcode-v3-start-plan-0817","status":"active"}],"providerId":"builtin:zai-start-plan","success":true,"url":"https://zcode.z.ai/api/v1/zcode-plan/billing/balance?app_version=3.8.1"}
[2026-08-19 23:49:48.155] [info] [pid:37884] [main] [host-log] (local-1) [host] [2026-08-19 23:49:48.153] [pid:35324] [zcode-host] [rpc:call] usage-stats.getEntitlementSnapshot OK (248.8ms)
[2026-08-19 23:49:48.384] [info] [pid:37884] [main] [host-log] (local-1) [host] [2026-08-19 23:49:48.383] [pid:35324] [zcode-agent-service][trace:d122e5a0-db94-45e5-b99f-578813767a1b] ZCode Protocol session/resume 完成 {"durationMs":540,"hasRuntimeModel":true,"messageCount":12,"modelCurrent":"builtin:zai-start-plan/GLM-5-Turbo","mcpServerCount":0,"sessionId":"sess_ea9ef013-441a-47dd-a8d8-fed7e9bdde79","snapshotTraceId":"d122e5a0-db94-45e5-b99f-578813767a1b","workspaceKey":"C:\\Users\\llh04\\.zcode\\workspace\\default","workspacePath":"C:\\Users\\llh04\\.zcode\\workspace\\default"}
[2026-08-19 23:50:04.579] [info] [pid:37884] [main] [host-log] (local-1) [host] [2026-08-19 23:50:04.578] [pid:35324] [zcode-host] [rpc:call] off-peak-task.list OK (0.4ms)
[2026-08-19 23:50:32.482] [info] [pid:37884] [main] [resource] perf_resource window flushed
[2026-08-19 23:50:32.531] [info] [pid:37884] [main] [network] perf_network flushed interfaces=42
[2026-08-19 23:50:34.583] [info] [pid:37884] [main] [host-log] (local-1) [host] [2026-08-19 23:50:34.582] [pid:35324] [zcode-host] [rpc:call] off-peak-task.list OK (0.3ms)
[2026-08-19 23:51:34.580] [info] [pid:37884] [main] [host-log] (local-1) [host] [2026-08-19 23:51:34.581] [pid:35324] [zcode-host] [rpc:call] off-peak-task.list OK (0.2ms)
[2026-08-19 23:51:59.734] [info] [pid:37884] [main] [host-log] (local-1) [host] [2026-08-19 23:51:59.734] [pid:35324] [zcode-host] [rpc:call] coding-plan-subscription.getStaticTeamProducts OK (0.1ms)
[2026-08-19 23:51:59.735] [info] [pid:37884] [main] [host-log] (local-1) [host] [2026-08-19 23:51:59.735] [pid:35324] [zcode-host] [rpc:call] coding-plan-subscription.getStaticTeamProducts OK (0.0ms)
[2026-08-19 23:51:59.735] [info] [pid:37884] [main] [task-realtime] updated host workspace scopes {"hostId":"248a71b2-128a-438a-82c5-94e3e3158559","workspaceKeyCount":2}
[2026-08-19 23:51:59.737] [info] [pid:37884] [main] [host-log] (local-1) [host] [2026-08-19 23:51:59.736] [pid:35324] [zcode-host] [rpc:call] system.info OK (0.4ms)
[2026-08-19 23:51:59.738] [info] [pid:37884] [main] [host-log] (local-1) [host] [2026-08-19 23:51:59.737] [pid:35324] [zcode-host] [rpc:call] setting.get OK (2.7ms)
[2026-08-19 23:51:59.739] [info] [pid:37884] [main] [host-log] (local-1) [host] [2026-08-19 23:51:59.737] [pid:35324] [zcode-host] [rpc:call] setting.get OK (2.1ms)
[2026-08-19 23:51:59.749] [info] [pid:37884] [main] [host-log] (local-1) [host] [2026-08-19 23:51:59.749] [pid:35324] [usage-stats] 读取 BigModel entitlement 已解析授权上下文 {"preferredProviderId":"builtin:zai-coding-plan","providerId":"builtin:zai-coding-plan","scope":"personal","organizationId":null,"projectId":null}
[2026-08-19 23:51:59.800] [info] [pid:37884] [main] [host-log] (local-1) [host] [2026-08-19 23:51:59.800] [pid:35324] [zcode-host] [rpc:call] system.listIntegratedTerminalShells OK (8.3ms)
[2026-08-19 23:52:00.021] [info] [pid:37884] [main] [host-log] (local-1) [host] [2026-08-19 23:52:00.021] [pid:35324] [settingService] writing settings to: C:\Users\llh04\.zcode\v2\setting.json {"recentProjects":["D:\\公考\\图形推理详解"],"locale":"zh-CN","localePreference":"zh-CN","terminalInheritSystemProfile":true,"embeddedBrowserAllowInsecureCertificates":false,"taskAutoArchiveEnabled":false,"taskAutoArchiveOlderThanDays":7,"closeToTrayOnWindows":true,"closeToTrayOnWindowsMigrationInitialized":true,"keepAwakeWhileRunning":false,"desktopChromiumHardwareAccelerationEnabled":true,"messageStreamShowReasoning":false,"messageStreamShowTodos":false,"toolGroupingExploreEnabled":true,"toolGroupingTerminalEnabled":true,"toolGroupingChangesEnabled":false,"zcodeInteractionBehavior":"queue","askUserQuestionAutoResolutionEnabled":true,"modelIoFullRetentionEnabled":false,"optimizeAgentExperienceEnabled":false,"optimizeAgentExperienceMigrationInitialized":true,"enabledBuiltinAgentCliProviders":["glm"],"modelProviderFamilyModes":{"zai":"oauth"},"modelProviderFamilySelectedKeys":{"zai":"coding-plan:builtin:zai-start-plan"},"providerFamilyDomain":"zai","providerFamilyDomainUpdatedAt":1787116588334,"providerFamilyDomainMigrated":true,"repoSnapshotIndexingEnabled":false,"instantGrepIndexingEnabled":false,"nativeSearchEnhancementsEnabled":true,"memoryEnabled":false,"lastWorkspaceSession":[{"kind":"local","workspacePath":"D:\\公考\\图形推理详解","workspacePurpose":"project"},{"kind":"local","workspacePath":"C:\\Users\\llh04\\.zcode\\workspace\\default","workspacePurpose":"conversation"}],"lastActiveTabIndex":1,"receivePreviewUpdates":false,"autoDownloadAndInstallUpdates":true,"skippedElectronUpdateVersions":{},"settingsSyncFirstRunPromptHandled":true}
[2026-08-19 23:52:00.025] [info] [pid:37884] [main] [host-log] (local-1) [host] [2026-08-19 23:52:00.025] [pid:35324] [settingService] write done
[2026-08-19 23:52:00.025] [info] [pid:37884] [main] [host-log] (local-1) [host] [2026-08-19 23:52:00.025] [pid:35324] [zcode-host] [rpc:call] setting.update OK (4.8ms)
[2026-08-19 23:52:00.701] [info] [pid:37884] [main] [host-log] (local-1) [host] [2026-08-19 23:52:00.701] [pid:35324] [zcode-host] [rpc:call] usage-stats.getEntitlementSnapshot OK (966.5ms)
[2026-08-19 23:52:02.590] [info] [pid:37884] [main] [host-log] (local-1) [host] [2026-08-19 23:52:02.590] [pid:35324] [zcode-host] [rpc:call] skills.list OK (44.2ms)
[2026-08-19 23:52:02.653] [info] [pid:37884] [main] [host-log] (local-1) [host] [2026-08-19 23:52:02.653] [pid:35324] [zcode-host] [rpc:call] plugin-management.listPlugins OK (112.6ms)
[2026-08-19 23:52:02.708] [info] [pid:37884] [main] [host-log] (local-1) [host] [2026-08-19 23:52:02.709] [pid:35324] [zcode-host] [rpc:call] plugin-management.getPluginsOverview OK (168.0ms)
[2026-08-19 23:52:02.753] [info] [pid:37884] [main] [host-log] (local-1) [host] [2026-08-19 23:52:02.753] [pid:35324] [zcode-host] [rpc:call] mcp-sync.listWorkspaceMcpServerStatuses OK (195.6ms)
[2026-08-19 23:52:03.275] [info] [pid:37884] [main] [host-log] (local-1) [host] [2026-08-19 23:52:03.276] [pid:35324] [zcode-host] [rpc:call] setting.get OK (0.9ms)
[2026-08-19 23:52:03.277] [info] [pid:37884] [main] [host-log] (local-1) [host] [2026-08-19 23:52:03.277] [pid:35324] [zcode-host] [rpc:call] credential.load OK (2.2ms)
[2026-08-19 23:52:03.277] [info] [pid:37884] [main] [host-log] (local-1) [host] [2026-08-19 23:52:03.277] [pid:35324] [zcode-host] [rpc:call] credential.load OK (2.2ms)
[2026-08-19 23:52:03.278] [info] [pid:37884] [main] [host-log] (local-1) [host] [2026-08-19 23:52:03.277] [pid:35324] [zcode-host] [rpc:call] credential.load OK (2.4ms)
[2026-08-19 23:52:03.284] [info] [pid:37884] [main] [host-log] (local-1) [host] [2026-08-19 23:52:03.284] [pid:35324] [usage-stats] 读取 BigModel entitlement 已解析授权上下文 {"preferredProviderId":"builtin:zai-coding-plan","providerId":"builtin:zai-coding-plan","scope":"personal","organizationId":null,"projectId":null}
[2026-08-19 23:52:03.289] [info] [pid:37884] [main] [host-log] (local-1) [host] [2026-08-19 23:52:03.289] [pid:35324] [zcode-host] [rpc:call] coding-plan-subscription.getStaticProducts OK (0.7ms)
[2026-08-19 23:52:03.330] [info] [pid:37884] [main] [host-log] (local-1) [host] [2026-08-19 23:52:03.330] [pid:35324] [zcode-host] [rpc:call] coding-plan-subscription.getStaticTeamProducts OK (0.0ms)
[2026-08-19 23:52:03.585] [info] [pid:37884] [main] [host-log] (local-1) [host] [2026-08-19 23:52:03.585] [pid:35324] [usage-stats] billing/balance 请求完成 {"balanceCount":2,"balances":[{"entitlement_id":"ent_2_0817_glm_5p3","show_name":"GLM-5.3","total_units":3000000,"used_units":354012,"remaining_units":2645988,"available_units":2645988,"reserved_units":null},{"entitlement_id":"ent_2_0817_glm_5turbo","show_name":"GLM-5-Turbo","total_units":2000000,"used_units":188762,"remaining_units":1811238,"available_units":1811238,"reserved_units":null}],"code":0,"durationMs":275,"msg":"","payload":{"code":0,"msg":"","data":{"server_time":1787154723,"plans":[{"user_plan_id":"upl_2089944584870027264","plan_id":"zcode-v3-start-plan-0817","name":"ZCode Start Plan","description":"免费 GLM 旗舰模型体验","priority":90,"status":"active","starts_at":1787116592,"ends_at":1787500799,"entitlements":[{"entitlement_id":"ent_2_0817_glm_5p3","show_name":"GLM-5.3","meter":"model_usage","unit_type":"token","capabilities":["model:glm-5.3"],"grant_units":3000000,"period":"daily","priority":110},{"entitlement_id":"ent_2_0817_glm_5turbo","show_name":"GLM-5-Turbo","meter":"model_usage","unit_type":"token","capabilities":["model:GLM-5-Turbo"],"grant_units":2000000,"period":"daily","priority":80}]}],"balances":[{"bucket_id":"bucket_2089944584886804480","user_plan_id":"upl_2089944584870027264","plan_id":"zcode-v3-start-plan-0817","entitlement_id":"ent_2_0817_glm_5p3","show_name":"GLM-5.3","meter":"model_usage","unit_type":"token","capabilities":["model:glm-5.3"],"priority":110,"plan_priority":90,"entitlement_priority":110,"total_units":3000000,"used_units":354012,"remaining_units":2645988,"available_units":2645988,"period_start":1787068800,"period_end":1787155199,"expires_at":1787155199},{"bucket_id":"bucket_2089944584895193088","user_plan_id":"upl_2089944584870027264","plan_id":"zcode-v3-start-plan-0817","entitlement_id":"ent_2_0817_glm_5turbo","show_name":"GLM-5-Turbo","meter":"model_usage","unit_type":"token","capabilities":["model:GLM-5-Turbo"],"priority":80,"plan_priority":90,"entitlement_priority":80,"total_units":2000000,"used_units":188762,"remaining_units":1811238,"available_units":1811238,"period_start":1787068800,"period_end":1787155199,"expires_at":1787155199}]}},"planCount":1,"plans":[{"name":"ZCode Start Plan","plan_id":"zcode-v3-start-plan-0817","status":"active"}],"providerId":"builtin:zai-start-plan","success":true,"url":"https://zcode.z.ai/api/v1/zcode-plan/billing/balance?app_version=3.8.1"}
[2026-08-19 23:52:03.586] [info] [pid:37884] [main] [host-log] (local-1) [host] [2026-08-19 23:52:03.585] [pid:35324] [zcode-host] [rpc:call] usage-stats.getEntitlementSnapshot OK (296.1ms)
[2026-08-19 23:52:03.929] [info] [pid:37884] [main] [host-log] (local-1) [host] [2026-08-19 23:52:03.929] [pid:35324] [zcode-host] [rpc:call] usage-stats.getEntitlementSnapshot OK (654.1ms)
[2026-08-19 23:52:04.369] [info] [pid:37884] [main] [host-log] (local-1) [host] [2026-08-19 23:52:04.368] [pid:35324] [zcode-host] [rpc:call] off-peak-task.list OK (0.5ms)
[2026-08-19 23:52:04.473] [info] [pid:37884] [main] [host-log] (local-1) [host] [2026-08-19 23:52:04.473] [pid:35324] [zcode-host] [rpc:call] coding-plan-subscription.getEnterprisePricing OK (1142.1ms)
[2026-08-19 23:52:04.898] [info] [pid:37884] [main] [host-log] (local-1) [host] [2026-08-19 23:52:04.898] [pid:35324] [zcode-host] [rpc:call] system.probeIntranet OK (1623.7ms)
[2026-08-19 23:52:07.275] [info] [pid:37884] [main] [host-log] (local-1) [host] [2026-08-19 23:52:07.275] [pid:35324] [zcode-host] [rpc:call] coding-plan-subscription.getEnterprisePricing OK (7540.5ms)
[2026-08-19 23:52:10.334] [warn] [pid:37884] [main] [host-log] (local-1) [host] [2026-08-19 23:52:10.334] [pid:35324] [zcode-host] [rpc:call] coding-plan-subscription.getEnterprisePricing FAIL (10598.5ms) {"name":"ApiError","message":"fetch failed","stack":"ApiError: fetch failed\n    at NodeApiClient.request (file:///D:/zcode/resources/app.asar/out/host/index.js:1171:109087)\n    at process.processTicksAndRejections (node:internal/process/task_queues:104:5)\n    at async readApiJson (file:///D:/zcode/resources/app.asar/out/host/index.js:1171:28258)\n    at async readCodingPlanApiJson (file:///D:/zcode/resources/app.asar/out/host/index.js:1173:25178)\n    at async fw.get (file:///D:/zcode/resources/app.asar/out/host/index.js:1173:14160)\n    at async fw.getEnterprisePricing (file:///D:/zcode/resources/app.asar/out/host/index.js:1173:12773)\n    at async NetworkTelemetryServerChannel.call (file:///D:/zcode/resources/app.asar/out/host/chunk-LVLFJXEE.js:3:3483)\n    at async LoggingServerChannel.call (file:///D:/zcode/resources/app.asar/out/host/chunk-LVLFJXEE.js:3:1922)","cause":{"name":"TypeError","message":"fetch failed","stack":"TypeError: fetch failed","cause":{"name":"ConnectTimeoutError","message":"Connect Timeout Error (attempted addresses: 2602:ffe4:407:20e8::23:443, 128.1.150.233:443, timeout: 10000ms)","stack":"ConnectTimeoutError: Connect Timeout Error (attempted addresses: 2602:ffe4:407:20e8::23:443, 128.1.150.233:443, timeout: 10000ms)\n    at onConnectTimeout (node:internal/deps/undici/undici:1936:23)\n    at Immediate._onImmediate (node:internal/deps/undici/undici:1902:35)\n    at process.processImmediate (node:internal/timers:504:21)"}}}
[2026-08-19 23:52:34.366] [info] [pid:37884] [main] [host-log] (local-1) [host] [2026-08-19 23:52:34.366] [pid:35324] [zcode-host] [rpc:call] off-peak-task.list OK (0.4ms)
[2026-08-19 23:52:44.764] [info] [pid:37884] [main] [host-log] (local-1) [host] [2026-08-19 23:52:44.764] [pid:35324] [zcode-host] [rpc:call] model-provider.getCatalogProviders OK (15.8ms)
[2026-08-19 23:52:46.055] [info] [pid:37884] [main] [host-log] (local-1) [host] [2026-08-19 23:52:46.054] [pid:35324] [zcode-host] [rpc:call] model-provider.getCatalogProviders OK (2.4ms)
[2026-08-19 23:53:04.368] [info] [pid:37884] [main] [host-log] (local-1) [host] [2026-08-19 23:53:04.366] [pid:35324] [zcode-host] [rpc:call] off-peak-task.list OK (0.5ms)
[2026-08-19 23:53:07.362] [info] [pid:37884] [main] [host-log] (local-1) [host] [2026-08-19 23:53:07.360] [pid:35324] [zcode-host] [rpc:call] credential.load OK (0.6ms)
[2026-08-19 23:53:07.363] [info] [pid:37884] [main] [host-log] (local-1) [host] [2026-08-19 23:53:07.360] [pid:35324] [zcode-host] [rpc:call] credential.load OK (0.7ms)
[2026-08-19 23:53:07.363] [info] [pid:37884] [main] [host-log] (local-1) [host] [2026-08-19 23:53:07.360] [pid:35324] [zcode-host] [rpc:call] credential.load OK (0.8ms)
[2026-08-19 23:53:07.374] [info] [pid:37884] [main] [host-log] (local-1) [host] [2026-08-19 23:53:07.372] [pid:35324] [zcode-host] [rpc:call] model-provider.save OK (31.3ms)
[2026-08-19 23:53:07.397] [info] [pid:37884] [main] [host-log] (local-1) [host] [2026-08-19 23:53:07.396] [pid:35324] [zcode-agent-service] 开始同步本地 provider registry 到 ZCode agent {"providerCount":2,"reason":"save:f8d53391-8e89-464c-82c4-9831991b8c7d","revision":"sha256:c1c97ad1e240d0faaf2104666aa0e0885cfdf4ef5120366c40143334440204df","workspaceKey":"D:\\公考\\图形推理详解","workspacePath":"D:\\公考\\图形推理详解"}
[2026-08-19 23:53:07.397] [info] [pid:37884] [main] [host-log] (local-1) [host] [2026-08-19 23:53:07.397] [pid:35324] [zcode-agent-service] 开始同步本地 provider registry 到 ZCode agent {"providerCount":2,"reason":"save:f8d53391-8e89-464c-82c4-9831991b8c7d","revision":"sha256:c1c97ad1e240d0faaf2104666aa0e0885cfdf4ef5120366c40143334440204df","workspaceKey":"C:\\Users\\llh04\\.zcode\\workspace\\default","workspacePath":"C:\\Users\\llh04\\.zcode\\workspace\\default"}
[2026-08-19 23:53:07.403] [info] [pid:37884] [main] [host-log] (local-1) [host] [2026-08-19 23:53:07.402] [pid:35324] [zcode-host] [rpc:call] model-provider.getProviderRegistrySnapshot OK (29.2ms)
[2026-08-19 23:53:07.405] [info] [pid:37884] [main] [host-log] (local-1) [host] [2026-08-19 23:53:07.405] [pid:35324] [zcode-agent-service] 开始请求 ZCode Protocol workspace/updateProviderRegistry {"providerCount":2,"revision":"sha256:c1c97ad1e240d0faaf2104666aa0e0885cfdf4ef5120366c40143334440204df","workspaceKey":"D:\\公考\\图形推理详解","workspacePath":"D:\\公考\\图形推理详解"}
[2026-08-19 23:53:07.465] [info] [pid:37884] [main] [host-log] (local-1) [host] [2026-08-19 23:53:07.464] [pid:35324] [zcode-agent-service] 本地 provider registry 已同步到 ZCode agent {"appliedProviderRevision":"sha256:c1c97ad1e240d0faaf2104666aa0e0885cfdf4ef5120366c40143334440204df","providerCount":2,"reason":"save:f8d53391-8e89-464c-82c4-9831991b8c7d","status":"applied","workspaceKey":"D:\\公考\\图形推理详解","workspacePath":"D:\\公考\\图形推理详解"}
[2026-08-19 23:53:07.466] [info] [pid:37884] [main] [host-log] (local-1) [host] [2026-08-19 23:53:07.464] [pid:35324] [zcode-agent-service] provider registry 变更已推送到本地 active workspace {"providerCount":2,"reason":"save:f8d53391-8e89-464c-82c4-9831991b8c7d","revision":"sha256:c1c97ad1e240d0faaf2104666aa0e0885cfdf4ef5120366c40143334440204df","workspaceKey":"D:\\公考\\图形推理详解","workspacePath":"D:\\公考\\图形推理详解"}
[2026-08-19 23:53:07.707] [info] [pid:37884] [main] [host-log] (local-1) [host] [2026-08-19 23:53:07.706] [pid:35324] [zcode-agent-service] 本地 provider registry 已同步到 ZCode agent {"appliedProviderRevision":"sha256:c1c97ad1e240d0faaf2104666aa0e0885cfdf4ef5120366c40143334440204df","providerCount":2,"reason":"save:f8d53391-8e89-464c-82c4-9831991b8c7d","status":"applied","workspaceKey":"C:\\Users\\llh04\\.zcode\\workspace\\default","workspacePath":"C:\\Users\\llh04\\.zcode\\workspace\\default"}
[2026-08-19 23:53:07.707] [info] [pid:37884] [main] [host-log] (local-1) [host] [2026-08-19 23:53:07.707] [pid:35324] [zcode-agent-service] provider registry 变更已推送到本地 active workspace {"providerCount":2,"reason":"save:f8d53391-8e89-464c-82c4-9831991b8c7d","revision":"sha256:c1c97ad1e240d0faaf2104666aa0e0885cfdf4ef5120366c40143334440204df","workspaceKey":"C:\\Users\\llh04\\.zcode\\workspace\\default","workspacePath":"C:\\Users\\llh04\\.zcode\\workspace\\default"}
[2026-08-19 23:53:07.852] [info] [pid:37884] [main] [host-log] (local-1) [host] [2026-08-19 23:53:07.851] [pid:35324] [zcode-agent-service] ZCode Protocol workspace/updateProviderRegistry 完成 {"appliedProviderRevision":"sha256:c1c97ad1e240d0faaf2104666aa0e0885cfdf4ef5120366c40143334440204df","durationMs":447,"providerCount":2,"status":"unchanged","workspaceKey":"D:\\公考\\图形推理详解","workspacePath":"D:\\公考\\图形推理详解"}
[2026-08-19 23:53:07.853] [info] [pid:37884] [main] [host-log] (local-1) [host] [2026-08-19 23:53:07.852] [pid:35324] [zcode-host] [rpc:call] zcode-session.updateProviderRegistry OK (448.3ms)
[2026-08-19 23:53:07.853] [info] [pid:37884] [main] [host-log] (local-1) [host] [2026-08-19 23:53:07.853] [pid:35324] [zcode-host] [rpc:call] zcode-session.getWorkspaceRuntimeIdentity OK (0.1ms)
[2026-08-19 23:53:07.856] [info] [pid:37884] [main] [host-log] (local-1) [host] [2026-08-19 23:53:07.855] [pid:35324] [zcode-host] [rpc:call] model-provider.getProviderRegistrySnapshot OK (0.8ms)
[2026-08-19 23:53:07.857] [info] [pid:37884] [main] [host-log] (local-1) [host] [2026-08-19 23:53:07.857] [pid:35324] [zcode-agent-service] 开始请求 ZCode Protocol workspace/updateProviderRegistry {"providerCount":2,"revision":"sha256:c1c97ad1e240d0faaf2104666aa0e0885cfdf4ef5120366c40143334440204df","workspaceKey":"C:\\Users\\llh04\\.zcode\\workspace\\default","workspacePath":"C:\\Users\\llh04\\.zcode\\workspace\\default"}
[2026-08-19 23:53:07.951] [info] [pid:37884] [main] [host-log] (local-1) [host] [2026-08-19 23:53:07.949] [pid:35324] [zcode-agent-service] 完成同步当前模型 runtime config 到 ZCode agent {"applyModelSelection":true,"appliedModelRuntimeRevision":"model-runtime:b8f203a58ef0efb3c92743ee","changed":true,"model":"builtin:zai-start-plan/GLM-5-Turbo","runtimeBaseURL":"https://zcode.z.ai/api/v1/zcode-plan/anthropic","runtimeProviderId":"builtin:zai-start-plan","sessionId":"sess_ea9ef013-441a-47dd-a8d8-fed7e9bdde79","workspaceKey":"C:\\Users\\llh04\\.zcode\\workspace\\default","workspacePath":"C:\\Users\\llh04\\.zcode\\workspace\\default"}
[2026-08-19 23:53:08.120] [info] [pid:37884] [main] [host-log] (local-1) [host] [2026-08-19 23:53:08.119] [pid:35324] [zcode-agent-service] ZCode Protocol workspace/updateProviderRegistry 完成 {"appliedProviderRevision":"sha256:c1c97ad1e240d0faaf2104666aa0e0885cfdf4ef5120366c40143334440204df","durationMs":263,"providerCount":2,"status":"unchanged","workspaceKey":"C:\\Users\\llh04\\.zcode\\workspace\\default","workspacePath":"C:\\Users\\llh04\\.zcode\\workspace\\default"}
[2026-08-19 23:53:08.122] [info] [pid:37884] [main] [host-log] (local-1) [host] [2026-08-19 23:53:08.120] [pid:35324] [zcode-host] [rpc:call] zcode-session.updateProviderRegistry OK (263.3ms)
[2026-08-19 23:53:08.123] [info] [pid:37884] [main] [host-log] (local-1) [host] [2026-08-19 23:53:08.121] [pid:35324] [zcode-host] [rpc:call] zcode-session.getWorkspaceRuntimeIdentity OK (0.0ms)
[2026-08-19 23:53:08.129] [info] [pid:37884] [main] [host-log] (local-1) [host] [2026-08-19 23:53:08.129] [pid:35324] [zcode-host] [rpc:call] model-provider.getProviderRegistrySnapshot OK (0.6ms)
[2026-08-19 23:53:08.130] [info] [pid:37884] [main] [host-log] (local-1) [host] [2026-08-19 23:53:08.129] [pid:35324] [zcode-host] [rpc:call] model-provider.getProviderRegistrySnapshot OK (0.8ms)
[2026-08-19 23:53:08.130] [info] [pid:37884] [main] [host-log] (local-1) [host] [2026-08-19 23:53:08.129] [pid:35324] [zcode-host] [rpc:call] zcode-session.getWorkspaceRuntimeIdentity OK (0.0ms)
[2026-08-19 23:53:08.131] [info] [pid:37884] [main] [host-log] (local-1) [host] [2026-08-19 23:53:08.130] [pid:35324] [zcode-host] [rpc:call] zcode-session.getWorkspaceRuntimeIdentity OK (0.0ms)
[2026-08-19 23:53:14.343] [info] [pid:37884] [main] [host-log] (local-1) [host] [2026-08-19 23:53:14.342] [pid:35324] [model-provider] [testModelConnectivity] start {"apiFormat":"anthropic-messages","defaultKind":"anthropic","endpointType":"anthropic","kind":"anthropic","model":"glm5.2","providerId":"f8d53391-8e89-464c-82c4-9831991b8c7d","requestUrl":"https://ai.fsykk.cn/v1/v1/messages","url":"https://ai.fsykk.cn/v1"}
[2026-08-19 23:53:14.344] [info] [pid:37884] [main] [host-log] (local-1) [host] [2026-08-19 23:53:14.343] [pid:35324] [model-provider] [testModelConnectivity] request {"body":"{\"model\":\"glm5.2\",\"max_tokens\":1,\"messages\":[{\"role\":\"user\",\"content\":\"hi\"}]}","endpointType":"anthropic","headers":{"content-type":"application/json","Authorization":"Bearer <redacted:51>","x-api-key":"<redacted:51>","anthropic-version":"2023-06-01","User-Agent":"ZCode/unknown","HTTP-Referer":"https://zcode.z.ai","X-Title":"Z Code@electron"},"method":"POST","model":"glm5.2","providerId":"f8d53391-8e89-464c-82c4-9831991b8c7d","requestUrl":"https://ai.fsykk.cn/v1/v1/messages"}
[2026-08-19 23:53:15.834] [info] [pid:37884] [main] [host-log] (local-1) [host] [2026-08-19 23:53:15.832] [pid:35324] [model-provider] [testModelConnectivity] response {"body":"{\"error\":{\"message\":\"Invalid URL (POST /v1/v1/messages)\",\"type\":\"invalid_request_error\",\"param\":\"\",\"code\":\"\"}}","endpointType":"anthropic","headers":{"age":"0","cache-control":"max-age=604800","cache-version":"b688f2fb5be447c25e5aa3bd063087a83db32a288bf6a4f35f2d8db310e40b14","connection":"keep-alive","content-encoding":"gzip","content-length":"115","content-type":"application/json; charset=utf-8","date":"Wed, 19 Aug 2026 15:53:14 GMT","eo-cache-status":"MISS","eo-log-uuid":"8940014277900265262","nel":"{\"success_fraction\":0.1,\"report_to\":\"eo-nel\",\"max_age\":604800}","report-to":"{\"endpoints\":[{\"url\":\"https://nel.teo-rum.com/eo-cgi/nel\"}],\"group\":\"eo-nel\",\"max_age\":604800}","server":"nginx","vary":"Accept-Encoding","x-new-api-version":"main-c0a0b21e34c2","x-oneapi-request-id":"202608191553157584531728268d9d6zi2iDIcS"},"httpStatus":404,"model":"glm5.2","ok":false,"providerId":"f8d53391-8e89-464c-82c4-9831991b8c7d","requestUrl":"https://ai.fsykk.cn/v1/v1/messages","statusText":"Not Found"}
[2026-08-19 23:53:15.835] [warn] [pid:37884] [main] [host-log] (local-1) [host] [2026-08-19 23:53:15.834] [pid:35324] [model-provider] [testModelConnectivity] failed {"apiFormat":"anthropic-messages","defaultKind":"anthropic","durationMs":1491,"endpointType":"anthropic","errorKind":"model_not_found","httpStatus":404,"kind":"anthropic","model":"glm5.2","providerId":"f8d53391-8e89-464c-82c4-9831991b8c7d","requestUrl":"https://ai.fsykk.cn/v1/v1/messages","success":false,"url":"https://ai.fsykk.cn/v1"}
[2026-08-19 23:53:15.835] [info] [pid:37884] [main] [host-log] (local-1) [host] [2026-08-19 23:53:15.835] [pid:35324] [zcode-host] [rpc:call] model-provider.testModelConnectivity OK (1494.5ms)
[2026-08-19 23:53:28.605] [info] [pid:37884] [main] [host-log] (local-1) [host] [2026-08-19 23:53:28.605] [pid:35324] [zcode-host] [rpc:call] credential.load OK (0.3ms)
[2026-08-19 23:53:28.606] [info] [pid:37884] [main] [host-log] (local-1) [host] [2026-08-19 23:53:28.605] [pid:35324] [zcode-host] [rpc:call] credential.load OK (0.6ms)
[2026-08-19 23:53:28.606] [info] [pid:37884] [main] [host-log] (local-1) [host] [2026-08-19 23:53:28.605] [pid:35324] [zcode-host] [rpc:call] credential.load OK (0.6ms)
[2026-08-19 23:53:28.619] [info] [pid:37884] [main] [host-log] (local-1) [host] [2026-08-19 23:53:28.618] [pid:35324] [zcode-host] [rpc:call] model-provider.save OK (30.7ms)
[2026-08-19 23:53:28.640] [info] [pid:37884] [main] [host-log] (local-1) [host] [2026-08-19 23:53:28.640] [pid:35324] [zcode-agent-service] 开始同步本地 provider registry 到 ZCode agent {"providerCount":2,"reason":"save:f8d53391-8e89-464c-82c4-9831991b8c7d","revision":"sha256:24b4b13f262c8d18bb4a1ee1e1cbf28170470b68ec8bf4cdf3d1c4b799bcda42","workspaceKey":"D:\\公考\\图形推理详解","workspacePath":"D:\\公考\\图形推理详解"}
[2026-08-19 23:53:28.641] [info] [pid:37884] [main] [host-log] (local-1) [host] [2026-08-19 23:53:28.640] [pid:35324] [zcode-agent-service] 开始同步本地 provider registry 到 ZCode agent {"providerCount":2,"reason":"save:f8d53391-8e89-464c-82c4-9831991b8c7d","revision":"sha256:24b4b13f262c8d18bb4a1ee1e1cbf28170470b68ec8bf4cdf3d1c4b799bcda42","workspaceKey":"C:\\Users\\llh04\\.zcode\\workspace\\default","workspacePath":"C:\\Users\\llh04\\.zcode\\workspace\\default"}
[2026-08-19 23:53:28.647] [info] [pid:37884] [main] [host-log] (local-1) [host] [2026-08-19 23:53:28.647] [pid:35324] [zcode-host] [rpc:call] model-provider.getProviderRegistrySnapshot OK (23.0ms)
[2026-08-19 23:53:28.648] [info] [pid:37884] [main] [host-log] (local-1) [host] [2026-08-19 23:53:28.648] [pid:35324] [zcode-agent-service] 开始请求 ZCode Protocol workspace/updateProviderRegistry {"providerCount":2,"revision":"sha256:24b4b13f262c8d18bb4a1ee1e1cbf28170470b68ec8bf4cdf3d1c4b799bcda42","workspaceKey":"D:\\公考\\图形推理详解","workspacePath":"D:\\公考\\图形推理详解"}
[2026-08-19 23:53:28.681] [info] [pid:37884] [main] [host-log] (local-1) [host] [2026-08-19 23:53:28.681] [pid:35324] [zcode-agent-service] 本地 provider registry 已同步到 ZCode agent {"appliedProviderRevision":"sha256:24b4b13f262c8d18bb4a1ee1e1cbf28170470b68ec8bf4cdf3d1c4b799bcda42","providerCount":2,"reason":"save:f8d53391-8e89-464c-82c4-9831991b8c7d","status":"applied","workspaceKey":"D:\\公考\\图形推理详解","workspacePath":"D:\\公考\\图形推理详解"}
[2026-08-19 23:53:28.682] [info] [pid:37884] [main] [host-log] (local-1) [host] [2026-08-19 23:53:28.681] [pid:35324] [zcode-agent-service] provider registry 变更已推送到本地 active workspace {"providerCount":2,"reason":"save:f8d53391-8e89-464c-82c4-9831991b8c7d","revision":"sha256:24b4b13f262c8d18bb4a1ee1e1cbf28170470b68ec8bf4cdf3d1c4b799bcda42","workspaceKey":"D:\\公考\\图形推理详解","workspacePath":"D:\\公考\\图形推理详解"}
[2026-08-19 23:53:28.890] [info] [pid:37884] [main] [host-log] (local-1) [host] [2026-08-19 23:53:28.889] [pid:35324] [zcode-agent-service] 本地 provider registry 已同步到 ZCode agent {"appliedProviderRevision":"sha256:24b4b13f262c8d18bb4a1ee1e1cbf28170470b68ec8bf4cdf3d1c4b799bcda42","providerCount":2,"reason":"save:f8d53391-8e89-464c-82c4-9831991b8c7d","status":"applied","workspaceKey":"C:\\Users\\llh04\\.zcode\\workspace\\default","workspacePath":"C:\\Users\\llh04\\.zcode\\workspace\\default"}
[2026-08-19 23:53:28.891] [info] [pid:37884] [main] [host-log] (local-1) [host] [2026-08-19 23:53:28.889] [pid:35324] [zcode-agent-service] provider registry 变更已推送到本地 active workspace {"providerCount":2,"reason":"save:f8d53391-8e89-464c-82c4-9831991b8c7d","revision":"sha256:24b4b13f262c8d18bb4a1ee1e1cbf28170470b68ec8bf4cdf3d1c4b799bcda42","workspaceKey":"C:\\Users\\llh04\\.zcode\\workspace\\default","workspacePath":"C:\\Users\\llh04\\.zcode\\workspace\\default"}
[2026-08-19 23:53:29.010] [info] [pid:37884] [main] [host-log] (local-1) [host] [2026-08-19 23:53:29.009] [pid:35324] [zcode-agent-service] ZCode Protocol workspace/updateProviderRegistry 完成 {"appliedProviderRevision":"sha256:24b4b13f262c8d18bb4a1ee1e1cbf28170470b68ec8bf4cdf3d1c4b799bcda42","durationMs":361,"providerCount":2,"status":"unchanged","workspaceKey":"D:\\公考\\图形推理详解","workspacePath":"D:\\公考\\图形推理详解"}
[2026-08-19 23:53:29.011] [info] [pid:37884] [main] [host-log] (local-1) [host] [2026-08-19 23:53:29.010] [pid:35324] [zcode-host] [rpc:call] zcode-session.updateProviderRegistry OK (361.8ms)
[2026-08-19 23:53:29.011] [info] [pid:37884] [main] [host-log] (local-1) [host] [2026-08-19 23:53:29.011] [pid:35324] [zcode-host] [rpc:call] zcode-session.getWorkspaceRuntimeIdentity OK (0.0ms)
[2026-08-19 23:53:29.013] [info] [pid:37884] [main] [host-log] (local-1) [host] [2026-08-19 23:53:29.012] [pid:35324] [zcode-host] [rpc:call] model-provider.getProviderRegistrySnapshot OK (0.8ms)
[2026-08-19 23:53:29.014] [info] [pid:37884] [main] [host-log] (local-1) [host] [2026-08-19 23:53:29.013] [pid:35324] [zcode-agent-service] 开始请求 ZCode Protocol workspace/updateProviderRegistry {"providerCount":2,"revision":"sha256:24b4b13f262c8d18bb4a1ee1e1cbf28170470b68ec8bf4cdf3d1c4b799bcda42","workspaceKey":"C:\\Users\\llh04\\.zcode\\workspace\\default","workspacePath":"C:\\Users\\llh04\\.zcode\\workspace\\default"}
[2026-08-19 23:53:29.123] [info] [pid:37884] [main] [host-log] (local-1) [host] [2026-08-19 23:53:29.122] [pid:35324] [zcode-agent-service] 完成同步当前模型 runtime config 到 ZCode agent {"applyModelSelection":true,"appliedModelRuntimeRevision":"model-runtime:fba2b27ee5d0ce8d8f67b780","changed":true,"model":"builtin:zai-start-plan/GLM-5-Turbo","runtimeBaseURL":"https://zcode.z.ai/api/v1/zcode-plan/anthropic","runtimeProviderId":"builtin:zai-start-plan","sessionId":"sess_ea9ef013-441a-47dd-a8d8-fed7e9bdde79","workspaceKey":"C:\\Users\\llh04\\.zcode\\workspace\\default","workspacePath":"C:\\Users\\llh04\\.zcode\\workspace\\default"}
[2026-08-19 23:53:29.278] [info] [pid:37884] [main] [host-log] (local-1) [host] [2026-08-19 23:53:29.278] [pid:35324] [zcode-agent-service] ZCode Protocol workspace/updateProviderRegistry 完成 {"appliedProviderRevision":"sha256:24b4b13f262c8d18bb4a1ee1e1cbf28170470b68ec8bf4cdf3d1c4b799bcda42","durationMs":265,"providerCount":2,"status":"unchanged","workspaceKey":"C:\\Users\\llh04\\.zcode\\workspace\\default","workspacePath":"C:\\Users\\llh04\\.zcode\\workspace\\default"}
[2026-08-19 23:53:29.279] [info] [pid:37884] [main] [host-log] (local-1) [host] [2026-08-19 23:53:29.278] [pid:35324] [zcode-host] [rpc:call] zcode-session.updateProviderRegistry OK (264.8ms)
[2026-08-19 23:53:29.279] [info] [pid:37884] [main] [host-log] (local-1) [host] [2026-08-19 23:53:29.279] [pid:35324] [zcode-host] [rpc:call] zcode-session.getWorkspaceRuntimeIdentity OK (0.0ms)
[2026-08-19 23:53:29.281] [info] [pid:37884] [main] [host-log] (local-1) [host] [2026-08-19 23:53:29.280] [pid:35324] [zcode-host] [rpc:call] model-provider.getProviderRegistrySnapshot OK (0.4ms)
[2026-08-19 23:53:29.282] [info] [pid:37884] [main] [host-log] (local-1) [host] [2026-08-19 23:53:29.281] [pid:35324] [zcode-host] [rpc:call] model-provider.getProviderRegistrySnapshot OK (0.8ms)
[2026-08-19 23:53:29.282] [info] [pid:37884] [main] [host-log] (local-1) [host] [2026-08-19 23:53:29.281] [pid:35324] [zcode-host] [rpc:call] zcode-session.getWorkspaceRuntimeIdentity OK (0.0ms)
[2026-08-19 23:53:29.283] [info] [pid:37884] [main] [host-log] (local-1) [host] [2026-08-19 23:53:29.281] [pid:35324] [zcode-host] [rpc:call] zcode-session.getWorkspaceRuntimeIdentity OK (0.0ms)
[2026-08-19 23:53:31.245] [info] [pid:37884] [main] [host-log] (local-1) [host] [2026-08-19 23:53:31.245] [pid:35324] [model-provider] [testModelConnectivity] start {"apiFormat":"openai-chat-completions","defaultKind":"openai-compatible","endpointType":"openai_chat","kind":"openai-compatible","model":"glm5.2","providerId":"f8d53391-8e89-464c-82c4-9831991b8c7d","requestUrl":"https://ai.fsykk.cn/v1/chat/completions","url":"https://ai.fsykk.cn/v1"}
[2026-08-19 23:53:31.246] [info] [pid:37884] [main] [host-log] (local-1) [host] [2026-08-19 23:53:31.245] [pid:35324] [model-provider] [testModelConnectivity] request {"body":"{\"model\":\"glm5.2\",\"max_tokens\":1,\"messages\":[{\"role\":\"user\",\"content\":\"hi\"}]}","endpointType":"openai_chat","headers":{"content-type":"application/json","authorization":"Bearer <redacted:51>","User-Agent":"ZCode/unknown","HTTP-Referer":"https://zcode.z.ai","X-Title":"Z Code@electron"},"method":"POST","model":"glm5.2","providerId":"f8d53391-8e89-464c-82c4-9831991b8c7d","requestUrl":"https://ai.fsykk.cn/v1/chat/completions"}
[2026-08-19 23:53:32.154] [info] [pid:37884] [main] [host-log] (local-1) [host] [2026-08-19 23:53:32.153] [pid:35324] [model-provider] [testModelConnectivity] response {"body":"{\"error\":{\"code\":\"model_not_found\",\"message\":\"No available channel for model glm5.2 under group default (distributor) (request id: 202608191553314971456968268d9d6imdNXTMo)\",\"type\":\"new_api_error\"}}","endpointType":"openai_chat","headers":{"age":"0","connection":"keep-alive","content-length":"197","content-type":"application/json; charset=utf-8","date":"Wed, 19 Aug 2026 15:53:31 GMT","eo-cache-status":"MISS","eo-log-uuid":"17443163728376633388","nel":"{\"success_fraction\":0.1,\"report_to\":\"eo-nel\",\"max_age\":604800}","report-to":"{\"endpoints\":[{\"url\":\"https://nel.teo-rum.com/eo-cgi/nel\"}],\"group\":\"eo-nel\",\"max_age\":604800}","server":"nginx","x-new-api-version":"main-c0a0b21e34c2","x-oneapi-request-id":"202608191553314971456968268d9d6imdNXTMo"},"httpStatus":503,"model":"glm5.2","ok":false,"providerId":"f8d53391-8e89-464c-82c4-9831991b8c7d","requestUrl":"https://ai.fsykk.cn/v1/chat/completions","statusText":"Service Temporarily Unavailable"}
[2026-08-19 23:53:32.155] [warn] [pid:37884] [main] [host-log] (local-1) [host] [2026-08-19 23:53:32.153] [pid:35324] [model-provider] [testModelConnectivity] failed {"apiFormat":"openai-chat-completions","defaultKind":"openai-compatible","durationMs":909,"endpointType":"openai_chat","errorKind":"server","httpStatus":503,"kind":"openai-compatible","model":"glm5.2","providerId":"f8d53391-8e89-464c-82c4-9831991b8c7d","requestUrl":"https://ai.fsykk.cn/v1/chat/completions","success":false,"url":"https://ai.fsykk.cn/v1"}
[2026-08-19 23:53:32.155] [info] [pid:37884] [main] [host-log] (local-1) [host] [2026-08-19 23:53:32.153] [pid:35324] [zcode-host] [rpc:call] model-provider.testModelConnectivity OK (908.7ms)
[2026-08-19 23:53:34.366] [info] [pid:37884] [main] [host-log] (local-1) [host] [2026-08-19 23:53:34.365] [pid:35324] [zcode-host] [rpc:call] off-peak-task.list OK (0.3ms)
[2026-08-19 23:53:43.500] [info] [pid:37884] [main] [host-log] (local-1) [host] [2026-08-19 23:53:43.500] [pid:35324] [zcode-host] [rpc:call] credential.load OK (0.5ms)
[2026-08-19 23:53:43.501] [info] [pid:37884] [main] [host-log] (local-1) [host] [2026-08-19 23:53:43.500] [pid:35324] [zcode-host] [rpc:call] credential.load OK (0.6ms)
[2026-08-19 23:53:43.501] [info] [pid:37884] [main] [host-log] (local-1) [host] [2026-08-19 23:53:43.500] [pid:35324] [zcode-host] [rpc:call] credential.load OK (0.6ms)
[2026-08-19 23:53:43.520] [info] [pid:37884] [main] [host-log] (local-1) [host] [2026-08-19 23:53:43.520] [pid:35324] [zcode-host] [rpc:call] model-provider.save OK (35.8ms)
[2026-08-19 23:53:43.540] [info] [pid:37884] [main] [host-log] (local-1) [host] [2026-08-19 23:53:43.540] [pid:35324] [zcode-agent-service] 开始同步本地 provider registry 到 ZCode agent {"providerCount":1,"reason":"save:f8d53391-8e89-464c-82c4-9831991b8c7d","revision":"sha256:c3adf87375dac1a31e0e3c87273a6e565f48ae1358689ca082267661ed451514","workspaceKey":"D:\\公考\\图形推理详解","workspacePath":"D:\\公考\\图形推理详解"}
[2026-08-19 23:53:43.541] [info] [pid:37884] [main] [host-log] (local-1) [host] [2026-08-19 23:53:43.540] [pid:35324] [zcode-agent-service] 开始同步本地 provider registry 到 ZCode agent {"providerCount":1,"reason":"save:f8d53391-8e89-464c-82c4-9831991b8c7d","revision":"sha256:c3adf87375dac1a31e0e3c87273a6e565f48ae1358689ca082267661ed451514","workspaceKey":"C:\\Users\\llh04\\.zcode\\workspace\\default","workspacePath":"C:\\Users\\llh04\\.zcode\\workspace\\default"}
[2026-08-19 23:53:43.588] [info] [pid:37884] [main] [host-log] (local-1) [host] [2026-08-19 23:53:43.588] [pid:35324] [zcode-agent-service] 本地 provider registry 已同步到 ZCode agent {"appliedProviderRevision":"sha256:c3adf87375dac1a31e0e3c87273a6e565f48ae1358689ca082267661ed451514","providerCount":1,"reason":"save:f8d53391-8e89-464c-82c4-9831991b8c7d","status":"applied","workspaceKey":"D:\\公考\\图形推理详解","workspacePath":"D:\\公考\\图形推理详解"}
[2026-08-19 23:53:43.589] [info] [pid:37884] [main] [host-log] (local-1) [host] [2026-08-19 23:53:43.588] [pid:35324] [zcode-agent-service] provider registry 变更已推送到本地 active workspace {"providerCount":1,"reason":"save:f8d53391-8e89-464c-82c4-9831991b8c7d","revision":"sha256:c3adf87375dac1a31e0e3c87273a6e565f48ae1358689ca082267661ed451514","workspaceKey":"D:\\公考\\图形推理详解","workspacePath":"D:\\公考\\图形推理详解"}
[2026-08-19 23:53:43.798] [info] [pid:37884] [main] [host-log] (local-1) [host] [2026-08-19 23:53:43.797] [pid:35324] [zcode-agent-service] 本地 provider registry 已同步到 ZCode agent {"appliedProviderRevision":"sha256:c3adf87375dac1a31e0e3c87273a6e565f48ae1358689ca082267661ed451514","providerCount":1,"reason":"save:f8d53391-8e89-464c-82c4-9831991b8c7d","status":"applied","workspaceKey":"C:\\Users\\llh04\\.zcode\\workspace\\default","workspacePath":"C:\\Users\\llh04\\.zcode\\workspace\\default"}
[2026-08-19 23:53:43.799] [info] [pid:37884] [main] [host-log] (local-1) [host] [2026-08-19 23:53:43.797] [pid:35324] [zcode-agent-service] provider registry 变更已推送到本地 active workspace {"providerCount":1,"reason":"save:f8d53391-8e89-464c-82c4-9831991b8c7d","revision":"sha256:c3adf87375dac1a31e0e3c87273a6e565f48ae1358689ca082267661ed451514","workspaceKey":"C:\\Users\\llh04\\.zcode\\workspace\\default","workspacePath":"C:\\Users\\llh04\\.zcode\\workspace\\default"}
[2026-08-19 23:53:44.020] [info] [pid:37884] [main] [host-log] (local-1) [host] [2026-08-19 23:53:44.020] [pid:35324] [zcode-agent-service] 完成同步当前模型 runtime config 到 ZCode agent {"applyModelSelection":true,"appliedModelRuntimeRevision":"model-runtime:a8e1c1f278f0f28771e6b9f0","changed":true,"model":"builtin:zai-start-plan/GLM-5-Turbo","runtimeBaseURL":"https://zcode.z.ai/api/v1/zcode-plan/anthropic","runtimeProviderId":"builtin:zai-start-plan","sessionId":"sess_ea9ef013-441a-47dd-a8d8-fed7e9bdde79","workspaceKey":"C:\\Users\\llh04\\.zcode\\workspace\\default","workspacePath":"C:\\Users\\llh04\\.zcode\\workspace\\default"}
[2026-08-19 23:53:52.367] [info] [pid:37884] [main] [host-log] (local-1) [host] [2026-08-19 23:53:52.366] [pid:35324] [zcode-host] [rpc:call] model-provider.getCatalogProviders OK (1.7ms)
[2026-08-19 23:53:53.512] [info] [pid:37884] [main] [host-log] (local-1) [host] [2026-08-19 23:53:53.511] [pid:35324] [zcode-host] [rpc:call] credential.load OK (0.7ms)
[2026-08-19 23:53:53.513] [info] [pid:37884] [main] [host-log] (local-1) [host] [2026-08-19 23:53:53.511] [pid:35324] [zcode-host] [rpc:call] credential.load OK (0.9ms)
[2026-08-19 23:53:53.513] [info] [pid:37884] [main] [host-log] (local-1) [host] [2026-08-19 23:53:53.511] [pid:35324] [zcode-host] [rpc:call] credential.load OK (0.9ms)
[2026-08-19 23:53:53.522] [info] [pid:37884] [main] [host-log] (local-1) [host] [2026-08-19 23:53:53.518] [pid:35324] [zcode-host] [rpc:call] model-provider.save OK (24.8ms)
[2026-08-19 23:53:53.544] [info] [pid:37884] [main] [host-log] (local-1) [host] [2026-08-19 23:53:53.543] [pid:35324] [zcode-agent-service] 开始同步本地 provider registry 到 ZCode agent {"providerCount":2,"reason":"save:f8d53391-8e89-464c-82c4-9831991b8c7d","revision":"sha256:b0c4b8f0bcd0af1c02b4e393f40c31d390e759db1dd7d7b1969bee1e93e27696","workspaceKey":"D:\\公考\\图形推理详解","workspacePath":"D:\\公考\\图形推理详解"}
[2026-08-19 23:53:53.545] [info] [pid:37884] [main] [host-log] (local-1) [host] [2026-08-19 23:53:53.543] [pid:35324] [zcode-agent-service] 开始同步本地 provider registry 到 ZCode agent {"providerCount":2,"reason":"save:f8d53391-8e89-464c-82c4-9831991b8c7d","revision":"sha256:b0c4b8f0bcd0af1c02b4e393f40c31d390e759db1dd7d7b1969bee1e93e27696","workspaceKey":"C:\\Users\\llh04\\.zcode\\workspace\\default","workspacePath":"C:\\Users\\llh04\\.zcode\\workspace\\default"}
[2026-08-19 23:53:53.553] [info] [pid:37884] [main] [host-log] (local-1) [host] [2026-08-19 23:53:53.552] [pid:35324] [zcode-host] [rpc:call] model-provider.getProviderRegistrySnapshot OK (30.8ms)
[2026-08-19 23:53:53.555] [info] [pid:37884] [main] [host-log] (local-1) [host] [2026-08-19 23:53:53.553] [pid:35324] [zcode-agent-service] 开始请求 ZCode Protocol workspace/updateProviderRegistry {"providerCount":2,"revision":"sha256:b0c4b8f0bcd0af1c02b4e393f40c31d390e759db1dd7d7b1969bee1e93e27696","workspaceKey":"D:\\公考\\图形推理详解","workspacePath":"D:\\公考\\图形推理详解"}
[2026-08-19 23:53:53.584] [info] [pid:37884] [main] [host-log] (local-1) [host] [2026-08-19 23:53:53.583] [pid:35324] [zcode-agent-service] 本地 provider registry 已同步到 ZCode agent {"appliedProviderRevision":"sha256:b0c4b8f0bcd0af1c02b4e393f40c31d390e759db1dd7d7b1969bee1e93e27696","providerCount":2,"reason":"save:f8d53391-8e89-464c-82c4-9831991b8c7d","status":"applied","workspaceKey":"D:\\公考\\图形推理详解","workspacePath":"D:\\公考\\图形推理详解"}
[2026-08-19 23:53:53.585] [info] [pid:37884] [main] [host-log] (local-1) [host] [2026-08-19 23:53:53.583] [pid:35324] [zcode-agent-service] provider registry 变更已推送到本地 active workspace {"providerCount":2,"reason":"save:f8d53391-8e89-464c-82c4-9831991b8c7d","revision":"sha256:b0c4b8f0bcd0af1c02b4e393f40c31d390e759db1dd7d7b1969bee1e93e27696","workspaceKey":"D:\\公考\\图形推理详解","workspacePath":"D:\\公考\\图形推理详解"}
[2026-08-19 23:53:53.788] [info] [pid:37884] [main] [host-log] (local-1) [host] [2026-08-19 23:53:53.787] [pid:35324] [zcode-agent-service] 本地 provider registry 已同步到 ZCode agent {"appliedProviderRevision":"sha256:b0c4b8f0bcd0af1c02b4e393f40c31d390e759db1dd7d7b1969bee1e93e27696","providerCount":2,"reason":"save:f8d53391-8e89-464c-82c4-9831991b8c7d","status":"applied","workspaceKey":"C:\\Users\\llh04\\.zcode\\workspace\\default","workspacePath":"C:\\Users\\llh04\\.zcode\\workspace\\default"}
[2026-08-19 23:53:53.789] [info] [pid:37884] [main] [host-log] (local-1) [host] [2026-08-19 23:53:53.787] [pid:35324] [zcode-agent-service] provider registry 变更已推送到本地 active workspace {"providerCount":2,"reason":"save:f8d53391-8e89-464c-82c4-9831991b8c7d","revision":"sha256:b0c4b8f0bcd0af1c02b4e393f40c31d390e759db1dd7d7b1969bee1e93e27696","workspaceKey":"C:\\Users\\llh04\\.zcode\\workspace\\default","workspacePath":"C:\\Users\\llh04\\.zcode\\workspace\\default"}
[2026-08-19 23:53:53.901] [info] [pid:37884] [main] [host-log] (local-1) [host] [2026-08-19 23:53:53.900] [pid:35324] [zcode-agent-service] ZCode Protocol workspace/updateProviderRegistry 完成 {"appliedProviderRevision":"sha256:b0c4b8f0bcd0af1c02b4e393f40c31d390e759db1dd7d7b1969bee1e93e27696","durationMs":347,"providerCount":2,"status":"unchanged","workspaceKey":"D:\\公考\\图形推理详解","workspacePath":"D:\\公考\\图形推理详解"}
[2026-08-19 23:53:53.902] [info] [pid:37884] [main] [host-log] (local-1) [host] [2026-08-19 23:53:53.900] [pid:35324] [zcode-host] [rpc:call] zcode-session.updateProviderRegistry OK (347.0ms)
[2026-08-19 23:53:53.902] [info] [pid:37884] [main] [host-log] (local-1) [host] [2026-08-19 23:53:53.901] [pid:35324] [zcode-host] [rpc:call] zcode-session.getWorkspaceRuntimeIdentity OK (0.0ms)
[2026-08-19 23:53:53.905] [info] [pid:37884] [main] [host-log] (local-1) [host] [2026-08-19 23:53:53.904] [pid:35324] [zcode-host] [rpc:call] model-provider.getProviderRegistrySnapshot OK (1.3ms)
[2026-08-19 23:53:53.906] [info] [pid:37884] [main] [host-log] (local-1) [host] [2026-08-19 23:53:53.905] [pid:35324] [zcode-agent-service] 开始请求 ZCode Protocol workspace/updateProviderRegistry {"providerCount":2,"revision":"sha256:b0c4b8f0bcd0af1c02b4e393f40c31d390e759db1dd7d7b1969bee1e93e27696","workspaceKey":"C:\\Users\\llh04\\.zcode\\workspace\\default","workspacePath":"C:\\Users\\llh04\\.zcode\\workspace\\default"}
[2026-08-19 23:53:54.021] [info] [pid:37884] [main] [host-log] (local-1) [host] [2026-08-19 23:53:54.020] [pid:35324] [zcode-agent-service] 完成同步当前模型 runtime config 到 ZCode agent {"applyModelSelection":true,"appliedModelRuntimeRevision":"model-runtime:81b2502e149343064903bc5d","changed":true,"model":"builtin:zai-start-plan/GLM-5-Turbo","runtimeBaseURL":"https://zcode.z.ai/api/v1/zcode-plan/anthropic","runtimeProviderId":"builtin:zai-start-plan","sessionId":"sess_ea9ef013-441a-47dd-a8d8-fed7e9bdde79","workspaceKey":"C:\\Users\\llh04\\.zcode\\workspace\\default","workspacePath":"C:\\Users\\llh04\\.zcode\\workspace\\default"}
[2026-08-19 23:53:54.183] [info] [pid:37884] [main] [host-log] (local-1) [host] [2026-08-19 23:53:54.183] [pid:35324] [zcode-agent-service] ZCode Protocol workspace/updateProviderRegistry 完成 {"appliedProviderRevision":"sha256:b0c4b8f0bcd0af1c02b4e393f40c31d390e759db1dd7d7b1969bee1e93e27696","durationMs":278,"providerCount":2,"status":"unchanged","workspaceKey":"C:\\Users\\llh04\\.zcode\\workspace\\default","workspacePath":"C:\\Users\\llh04\\.zcode\\workspace\\default"}
[2026-08-19 23:53:54.184] [info] [pid:37884] [main] [host-log] (local-1) [host] [2026-08-19 23:53:54.183] [pid:35324] [zcode-host] [rpc:call] zcode-session.updateProviderRegistry OK (278.2ms)
[2026-08-19 23:53:54.185] [info] [pid:37884] [main] [host-log] (local-1) [host] [2026-08-19 23:53:54.183] [pid:35324] [zcode-host] [rpc:call] zcode-session.getWorkspaceRuntimeIdentity OK (0.0ms)
[2026-08-19 23:53:54.191] [info] [pid:37884] [main] [host-log] (local-1) [host] [2026-08-19 23:53:54.189] [pid:35324] [zcode-host] [rpc:call] model-provider.getProviderRegistrySnapshot OK (0.8ms)
[2026-08-19 23:53:54.191] [info] [pid:37884] [main] [host-log] (local-1) [host] [2026-08-19 23:53:54.190] [pid:35324] [zcode-host] [rpc:call] model-provider.getProviderRegistrySnapshot OK (1.2ms)
[2026-08-19 23:53:54.192] [info] [pid:37884] [main] [host-log] (local-1) [host] [2026-08-19 23:53:54.191] [pid:35324] [zcode-host] [rpc:call] zcode-session.getWorkspaceRuntimeIdentity OK (0.0ms)
[2026-08-19 23:53:54.192] [info] [pid:37884] [main] [host-log] (local-1) [host] [2026-08-19 23:53:54.191] [pid:35324] [zcode-host] [rpc:call] zcode-session.getWorkspaceRuntimeIdentity OK (0.0ms)
[2026-08-19 23:53:55.338] [info] [pid:37884] [main] [host-log] (local-1) [host] [2026-08-19 23:53:55.337] [pid:35324] [zcode-host] [rpc:call] credential.load OK (0.5ms)
[2026-08-19 23:53:55.338] [info] [pid:37884] [main] [host-log] (local-1) [host] [2026-08-19 23:53:55.337] [pid:35324] [zcode-host] [rpc:call] credential.load OK (0.5ms)
[2026-08-19 23:53:55.339] [info] [pid:37884] [main] [host-log] (local-1) [host] [2026-08-19 23:53:55.337] [pid:35324] [zcode-host] [rpc:call] credential.load OK (0.6ms)
[2026-08-19 23:53:55.352] [info] [pid:37884] [main] [host-log] (local-1) [host] [2026-08-19 23:53:55.351] [pid:35324] [zcode-host] [rpc:call] model-provider.save OK (27.1ms)
[2026-08-19 23:53:55.373] [info] [pid:37884] [main] [host-log] (local-1) [host] [2026-08-19 23:53:55.372] [pid:35324] [zcode-agent-service] 开始同步本地 provider registry 到 ZCode agent {"providerCount":1,"reason":"save:f8d53391-8e89-464c-82c4-9831991b8c7d","revision":"sha256:c3adf87375dac1a31e0e3c87273a6e565f48ae1358689ca082267661ed451514","workspaceKey":"D:\\公考\\图形推理详解","workspacePath":"D:\\公考\\图形推理详解"}
[2026-08-19 23:53:55.374] [info] [pid:37884] [main] [host-log] (local-1) [host] [2026-08-19 23:53:55.372] [pid:35324] [zcode-agent-service] 开始同步本地 provider registry 到 ZCode agent {"providerCount":1,"reason":"save:f8d53391-8e89-464c-82c4-9831991b8c7d","revision":"sha256:c3adf87375dac1a31e0e3c87273a6e565f48ae1358689ca082267661ed451514","workspaceKey":"C:\\Users\\llh04\\.zcode\\workspace\\default","workspacePath":"C:\\Users\\llh04\\.zcode\\workspace\\default"}
[2026-08-19 23:53:55.406] [info] [pid:37884] [main] [host-log] (local-1) [host] [2026-08-19 23:53:55.404] [pid:35324] [zcode-agent-service] 本地 provider registry 已同步到 ZCode agent {"appliedProviderRevision":"sha256:c3adf87375dac1a31e0e3c87273a6e565f48ae1358689ca082267661ed451514","providerCount":1,"reason":"save:f8d53391-8e89-464c-82c4-9831991b8c7d","status":"applied","workspaceKey":"D:\\公考\\图形推理详解","workspacePath":"D:\\公考\\图形推理详解"}
[2026-08-19 23:53:55.407] [info] [pid:37884] [main] [host-log] (local-1) [host] [2026-08-19 23:53:55.404] [pid:35324] [zcode-agent-service] provider registry 变更已推送到本地 active workspace {"providerCount":1,"reason":"save:f8d53391-8e89-464c-82c4-9831991b8c7d","revision":"sha256:c3adf87375dac1a31e0e3c87273a6e565f48ae1358689ca082267661ed451514","workspaceKey":"D:\\公考\\图形推理详解","workspacePath":"D:\\公考\\图形推理详解"}
[2026-08-19 23:53:55.599] [info] [pid:37884] [main] [host-log] (local-1) [host] [2026-08-19 23:53:55.598] [pid:35324] [zcode-agent-service] 本地 provider registry 已同步到 ZCode agent {"appliedProviderRevision":"sha256:c3adf87375dac1a31e0e3c87273a6e565f48ae1358689ca082267661ed451514","providerCount":1,"reason":"save:f8d53391-8e89-464c-82c4-9831991b8c7d","status":"applied","workspaceKey":"C:\\Users\\llh04\\.zcode\\workspace\\default","workspacePath":"C:\\Users\\llh04\\.zcode\\workspace\\default"}
[2026-08-19 23:53:55.600] [info] [pid:37884] [main] [host-log] (local-1) [host] [2026-08-19 23:53:55.598] [pid:35324] [zcode-agent-service] provider registry 变更已推送到本地 active workspace {"providerCount":1,"reason":"save:f8d53391-8e89-464c-82c4-9831991b8c7d","revision":"sha256:c3adf87375dac1a31e0e3c87273a6e565f48ae1358689ca082267661ed451514","workspaceKey":"C:\\Users\\llh04\\.zcode\\workspace\\default","workspacePath":"C:\\Users\\llh04\\.zcode\\workspace\\default"}
[2026-08-19 23:53:55.825] [info] [pid:37884] [main] [host-log] (local-1) [host] [2026-08-19 23:53:55.824] [pid:35324] [zcode-agent-service] 完成同步当前模型 runtime config 到 ZCode agent {"applyModelSelection":true,"appliedModelRuntimeRevision":"model-runtime:a8e1c1f278f0f28771e6b9f0","changed":true,"model":"builtin:zai-start-plan/GLM-5-Turbo","runtimeBaseURL":"https://zcode.z.ai/api/v1/zcode-plan/anthropic","runtimeProviderId":"builtin:zai-start-plan","sessionId":"sess_ea9ef013-441a-47dd-a8d8-fed7e9bdde79","workspaceKey":"C:\\Users\\llh04\\.zcode\\workspace\\default","workspacePath":"C:\\Users\\llh04\\.zcode\\workspace\\default"}
[2026-08-19 23:53:58.344] [info] [pid:37884] [main] [host-log] (local-1) [host] [2026-08-19 23:53:58.343] [pid:35324] [zcode-host] [rpc:call] credential.load OK (0.8ms)
[2026-08-19 23:53:58.345] [info] [pid:37884] [main] [host-log] (local-1) [host] [2026-08-19 23:53:58.343] [pid:35324] [zcode-host] [rpc:call] credential.load OK (0.7ms)
[2026-08-19 23:53:58.345] [info] [pid:37884] [main] [host-log] (local-1) [host] [2026-08-19 23:53:58.343] [pid:35324] [zcode-host] [rpc:call] credential.load OK (1.0ms)
[2026-08-19 23:53:58.364] [info] [pid:37884] [main] [host-log] (local-1) [host] [2026-08-19 23:53:58.361] [pid:35324] [zcode-host] [rpc:call] model-provider.save OK (30.4ms)
[2026-08-19 23:53:58.376] [info] [pid:37884] [main] [host-log] (local-1) [host] [2026-08-19 23:53:58.375] [pid:35324] [zcode-agent-service] provider registry 变更已推送到本地 active workspace {"providerCount":1,"reason":"save:f8d53391-8e89-464c-82c4-9831991b8c7d","revision":"sha256:c3adf87375dac1a31e0e3c87273a6e565f48ae1358689ca082267661ed451514","workspaceKey":"D:\\公考\\图形推理详解","workspacePath":"D:\\公考\\图形推理详解"}
[2026-08-19 23:53:58.377] [info] [pid:37884] [main] [host-log] (local-1) [host] [2026-08-19 23:53:58.375] [pid:35324] [zcode-agent-service] provider registry 变更已推送到本地 active workspace {"providerCount":1,"reason":"save:f8d53391-8e89-464c-82c4-9831991b8c7d","revision":"sha256:c3adf87375dac1a31e0e3c87273a6e565f48ae1358689ca082267661ed451514","workspaceKey":"C:\\Users\\llh04\\.zcode\\workspace\\default","workspacePath":"C:\\Users\\llh04\\.zcode\\workspace\\default"}
[2026-08-19 23:54:00.144] [info] [pid:37884] [main] [host-log] (local-1) [host] [2026-08-19 23:54:00.143] [pid:35324] [zcode-host] [rpc:call] credential.load OK (0.5ms)
[2026-08-19 23:54:00.145] [info] [pid:37884] [main] [host-log] (local-1) [host] [2026-08-19 23:54:00.143] [pid:35324] [zcode-host] [rpc:call] credential.load OK (0.9ms)
[2026-08-19 23:54:00.145] [info] [pid:37884] [main] [host-log] (local-1) [host] [2026-08-19 23:54:00.143] [pid:35324] [zcode-host] [rpc:call] credential.load OK (0.9ms)
[2026-08-19 23:54:00.158] [info] [pid:37884] [main] [host-log] (local-1) [host] [2026-08-19 23:54:00.156] [pid:35324] [zcode-host] [rpc:call] model-provider.save OK (26.0ms)
[2026-08-19 23:54:00.174] [info] [pid:37884] [main] [host-log] (local-1) [host] [2026-08-19 23:54:00.173] [pid:35324] [zcode-agent-service] provider registry 变更已推送到本地 active workspace {"providerCount":1,"reason":"save:f8d53391-8e89-464c-82c4-9831991b8c7d","revision":"sha256:c3adf87375dac1a31e0e3c87273a6e565f48ae1358689ca082267661ed451514","workspaceKey":"D:\\公考\\图形推理详解","workspacePath":"D:\\公考\\图形推理详解"}
[2026-08-19 23:54:00.175] [info] [pid:37884] [main] [host-log] (local-1) [host] [2026-08-19 23:54:00.173] [pid:35324] [zcode-agent-service] provider registry 变更已推送到本地 active workspace {"providerCount":1,"reason":"save:f8d53391-8e89-464c-82c4-9831991b8c7d","revision":"sha256:c3adf87375dac1a31e0e3c87273a6e565f48ae1358689ca082267661ed451514","workspaceKey":"C:\\Users\\llh04\\.zcode\\workspace\\default","workspacePath":"C:\\Users\\llh04\\.zcode\\workspace\\default"}
[2026-08-19 23:54:04.371] [info] [pid:37884] [main] [host-log] (local-1) [host] [2026-08-19 23:54:04.369] [pid:35324] [zcode-host] [rpc:call] off-peak-task.list OK (0.1ms)
[2026-08-19 23:54:05.740] [info] [pid:37884] [main] [host-log] (local-1) [host] [2026-08-19 23:54:05.739] [pid:35324] [zcode-host] [rpc:call] coding-plan-subscription.getStaticTeamProducts OK (0.0ms)
[2026-08-19 23:54:05.754] [info] [pid:37884] [main] [host-log] (local-1) [host] [2026-08-19 23:54:05.753] [pid:35324] [usage-stats] 读取 BigModel entitlement 已解析授权上下文 {"preferredProviderId":"builtin:zai-coding-plan","providerId":"builtin:zai-coding-plan","scope":"personal","organizationId":null,"projectId":null}
[2026-08-19 23:54:06.102] [info] [pid:37884] [main] [host-log] (local-1) [host] [2026-08-19 23:54:06.101] [pid:35324] [usage-stats] billing/balance 请求完成 {"balanceCount":2,"balances":[{"entitlement_id":"ent_2_0817_glm_5p3","show_name":"GLM-5.3","total_units":3000000,"used_units":354012,"remaining_units":2645988,"available_units":2645988,"reserved_units":null},{"entitlement_id":"ent_2_0817_glm_5turbo","show_name":"GLM-5-Turbo","total_units":2000000,"used_units":188762,"remaining_units":1811238,"available_units":1811238,"reserved_units":null}],"code":0,"durationMs":308,"msg":"","payload":{"code":0,"msg":"","data":{"server_time":1787154846,"plans":[{"user_plan_id":"upl_2089944584870027264","plan_id":"zcode-v3-start-plan-0817","name":"ZCode Start Plan","description":"免费 GLM 旗舰模型体验","priority":90,"status":"active","starts_at":1787116592,"ends_at":1787500799,"entitlements":[{"entitlement_id":"ent_2_0817_glm_5p3","show_name":"GLM-5.3","meter":"model_usage","unit_type":"token","capabilities":["model:glm-5.3"],"grant_units":3000000,"period":"daily","priority":110},{"entitlement_id":"ent_2_0817_glm_5turbo","show_name":"GLM-5-Turbo","meter":"model_usage","unit_type":"token","capabilities":["model:GLM-5-Turbo"],"grant_units":2000000,"period":"daily","priority":80}]}],"balances":[{"bucket_id":"bucket_2089944584886804480","user_plan_id":"upl_2089944584870027264","plan_id":"zcode-v3-start-plan-0817","entitlement_id":"ent_2_0817_glm_5p3","show_name":"GLM-5.3","meter":"model_usage","unit_type":"token","capabilities":["model:glm-5.3"],"priority":110,"plan_priority":90,"entitlement_priority":110,"total_units":3000000,"used_units":354012,"remaining_units":2645988,"available_units":2645988,"period_start":1787068800,"period_end":1787155199,"expires_at":1787155199},{"bucket_id":"bucket_2089944584895193088","user_plan_id":"upl_2089944584870027264","plan_id":"zcode-v3-start-plan-0817","entitlement_id":"ent_2_0817_glm_5turbo","show_name":"GLM-5-Turbo","meter":"model_usage","unit_type":"token","capabilities":["model:GLM-5-Turbo"],"priority":80,"plan_priority":90,"entitlement_priority":80,"total_units":2000000,"used_units":188762,"remaining_units":1811238,"available_units":1811238,"period_start":1787068800,"period_end":1787155199,"expires_at":1787155199}]}},"planCount":1,"plans":[{"name":"ZCode Start Plan","plan_id":"zcode-v3-start-plan-0817","status":"active"}],"providerId":"builtin:zai-start-plan","success":true,"url":"https://zcode.z.ai/api/v1/zcode-plan/billing/balance?app_version=3.8.1"}
[2026-08-19 23:54:06.103] [info] [pid:37884] [main] [host-log] (local-1) [host] [2026-08-19 23:54:06.102] [pid:35324] [zcode-host] [rpc:call] usage-stats.getEntitlementSnapshot OK (362.5ms)
[2026-08-19 23:54:06.155] [info] [pid:37884] [main] [host-log] (local-1) [host] [2026-08-19 23:54:06.154] [pid:35324] [zcode-agent-service] provider registry 变更已推送到本地 active workspace {"providerCount":1,"reason":"getAll","revision":"sha256:c3adf87375dac1a31e0e3c87273a6e565f48ae1358689ca082267661ed451514","workspaceKey":"D:\\公考\\图形推理详解","workspacePath":"D:\\公考\\图形推理详解"}
[2026-08-19 23:54:06.156] [info] [pid:37884] [main] [host-log] (local-1) [host] [2026-08-19 23:54:06.154] [pid:35324] [zcode-agent-service] provider registry 变更已推送到本地 active workspace {"providerCount":1,"reason":"getAll","revision":"sha256:c3adf87375dac1a31e0e3c87273a6e565f48ae1358689ca082267661ed451514","workspaceKey":"C:\\Users\\llh04\\.zcode\\workspace\\default","workspacePath":"C:\\Users\\llh04\\.zcode\\workspace\\default"}
[2026-08-19 23:54:06.159] [info] [pid:37884] [main] [host-log] (local-1) [host] [2026-08-19 23:54:06.158] [pid:35324] [zcode-host] [rpc:call] model-provider.getAll OK (419.2ms)
[2026-08-19 23:54:06.172] [info] [pid:37884] [main] [host-log] (local-1) [host] [2026-08-19 23:54:06.172] [pid:35324] [zcode-host] [rpc:call] credential.load OK (0.4ms)
[2026-08-19 23:54:06.173] [info] [pid:37884] [main] [host-log] (local-1) [host] [2026-08-19 23:54:06.172] [pid:35324] [zcode-host] [rpc:call] credential.load OK (0.7ms)
[2026-08-19 23:54:06.173] [info] [pid:37884] [main] [host-log] (local-1) [host] [2026-08-19 23:54:06.172] [pid:35324] [zcode-host] [rpc:call] credential.load OK (0.6ms)
[2026-08-19 23:54:07.628] [info] [pid:37884] [main] [host-log] (local-1) [host] [2026-08-19 23:54:07.627] [pid:35324] [zcode-host] [rpc:call] plugin-management.listPlugins OK (59.4ms)
[2026-08-19 23:54:07.678] [info] [pid:37884] [main] [host-log] (local-1) [host] [2026-08-19 23:54:07.677] [pid:35324] [zcode-host] [rpc:call] plugin-management.getPluginsOverview OK (109.3ms)
[2026-08-19 23:54:08.771] [info] [pid:37884] [main] [host-log] (local-1) [host] [2026-08-19 23:54:08.770] [pid:35324] [zcode-host] [rpc:call] setting.get OK (0.9ms)
[2026-08-19 23:54:08.771] [info] [pid:37884] [main] [host-log] (local-1) [host] [2026-08-19 23:54:08.770] [pid:35324] [zcode-host] [rpc:call] credential.load OK (1.0ms)
[2026-08-19 23:54:08.772] [info] [pid:37884] [main] [host-log] (local-1) [host] [2026-08-19 23:54:08.770] [pid:35324] [zcode-host] [rpc:call] credential.load OK (0.9ms)
[2026-08-19 23:54:08.772] [info] [pid:37884] [main] [host-log] (local-1) [host] [2026-08-19 23:54:08.770] [pid:35324] [zcode-host] [rpc:call] credential.load OK (0.9ms)
[2026-08-19 23:54:08.812] [info] [pid:37884] [main] [host-log] (local-1) [host] [2026-08-19 23:54:08.810] [pid:35324] [zcode-host] [rpc:call] coding-plan-subscription.getStaticTeamProducts OK (0.0ms)
[2026-08-19 23:54:08.915] [info] [pid:37884] [main] [host-log] (local-1) [host] [2026-08-19 23:54:08.914] [pid:35324] [usage-stats] billing/balance 请求完成 {"balanceCount":2,"balances":[{"entitlement_id":"ent_2_0817_glm_5p3","show_name":"GLM-5.3","total_units":3000000,"used_units":354012,"remaining_units":2645988,"available_units":2645988,"reserved_units":null},{"entitlement_id":"ent_2_0817_glm_5turbo","show_name":"GLM-5-Turbo","total_units":2000000,"used_units":188762,"remaining_units":1811238,"available_units":1811238,"reserved_units":null}],"code":0,"durationMs":125,"msg":"","payload":{"code":0,"msg":"","data":{"server_time":1787154848,"plans":[{"user_plan_id":"upl_2089944584870027264","plan_id":"zcode-v3-start-plan-0817","name":"ZCode Start Plan","description":"免费 GLM 旗舰模型体验","priority":90,"status":"active","starts_at":1787116592,"ends_at":1787500799,"entitlements":[{"entitlement_id":"ent_2_0817_glm_5p3","show_name":"GLM-5.3","meter":"model_usage","unit_type":"token","capabilities":["model:glm-5.3"],"grant_units":3000000,"period":"daily","priority":110},{"entitlement_id":"ent_2_0817_glm_5turbo","show_name":"GLM-5-Turbo","meter":"model_usage","unit_type":"token","capabilities":["model:GLM-5-Turbo"],"grant_units":2000000,"period":"daily","priority":80}]}],"balances":[{"bucket_id":"bucket_2089944584886804480","user_plan_id":"upl_2089944584870027264","plan_id":"zcode-v3-start-plan-0817","entitlement_id":"ent_2_0817_glm_5p3","show_name":"GLM-5.3","meter":"model_usage","unit_type":"token","capabilities":["model:glm-5.3"],"priority":110,"plan_priority":90,"entitlement_priority":110,"total_units":3000000,"used_units":354012,"remaining_units":2645988,"available_units":2645988,"period_start":1787068800,"period_end":1787155199,"expires_at":1787155199},{"bucket_id":"bucket_2089944584895193088","user_plan_id":"upl_2089944584870027264","plan_id":"zcode-v3-start-plan-0817","entitlement_id":"ent_2_0817_glm_5turbo","show_name":"GLM-5-Turbo","meter":"model_usage","unit_type":"token","capabilities":["model:GLM-5-Turbo"],"priority":80,"plan_priority":90,"entitlement_priority":80,"total_units":2000000,"used_units":188762,"remaining_units":1811238,"available_units":1811238,"period_start":1787068800,"period_end":1787155199,"expires_at":1787155199}]}},"planCount":1,"plans":[{"name":"ZCode Start Plan","plan_id":"zcode-v3-start-plan-0817","status":"active"}],"providerId":"builtin:zai-start-plan","success":true,"url":"https://zcode.z.ai/api/v1/zcode-plan/billing/balance?app_version=3.8.1"}
[2026-08-19 23:54:08.916] [info] [pid:37884] [main] [host-log] (local-1) [host] [2026-08-19 23:54:08.915] [pid:35324] [zcode-host] [rpc:call] usage-stats.getEntitlementSnapshot OK (134.3ms)
[2026-08-19 23:54:09.473] [info] [pid:37884] [main] [host-log] (local-1) [host] [2026-08-19 23:54:09.470] [pid:35324] [zcode-host] [rpc:call] usage-stats.getEntitlementSnapshot OK (3731.4ms)
[2026-08-19 23:54:10.384] [info] [pid:37884] [main] [host-log] (local-1) [host] [2026-08-19 23:54:10.383] [pid:35324] [zcode-host] [rpc:call] system.probeIntranet OK (1615.0ms)
[2026-08-19 23:54:12.310] [info] [pid:37884] [main] [host-log] (local-1) [host] [2026-08-19 23:54:12.309] [pid:35324] [zcode-host] [rpc:call] coding-plan-subscription.getEnterprisePricing OK (3498.1ms)
[2026-08-19 23:54:13.452] [info] [pid:37884] [main] [host-log] (local-1) [host] [2026-08-19 23:54:13.451] [pid:35324] [zcode-host] [rpc:call] coding-plan-subscription.getEnterprisePricing OK (7712.1ms)
[2026-08-19 23:54:16.003] [info] [pid:37884] [main] [host-log] (local-1) [host] [2026-08-19 23:54:16.002] [pid:35324] [zcode-host] [rpc:call] credential.load OK (0.5ms)
[2026-08-19 23:54:16.003] [info] [pid:37884] [main] [host-log] (local-1) [host] [2026-08-19 23:54:16.002] [pid:35324] [zcode-host] [rpc:call] credential.load OK (0.7ms)
[2026-08-19 23:54:16.004] [info] [pid:37884] [main] [host-log] (local-1) [host] [2026-08-19 23:54:16.002] [pid:35324] [zcode-host] [rpc:call] credential.load OK (0.7ms)
[2026-08-19 23:54:16.019] [info] [pid:37884] [main] [host-log] (local-1) [host] [2026-08-19 23:54:16.017] [pid:35324] [zcode-host] [rpc:call] model-provider.save OK (29.5ms)
[2026-08-19 23:54:16.042] [info] [pid:37884] [main] [host-log] (local-1) [host] [2026-08-19 23:54:16.041] [pid:35324] [zcode-agent-service] provider registry 变更已推送到本地 active workspace {"providerCount":1,"reason":"save:f8d53391-8e89-464c-82c4-9831991b8c7d","revision":"sha256:c3adf87375dac1a31e0e3c87273a6e565f48ae1358689ca082267661ed451514","workspaceKey":"D:\\公考\\图形推理详解","workspacePath":"D:\\公考\\图形推理详解"}
[2026-08-19 23:54:16.048] [info] [pid:37884] [main] [host-log] (local-1) [host] [2026-08-19 23:54:16.042] [pid:35324] [zcode-agent-service] provider registry 变更已推送到本地 active workspace {"providerCount":1,"reason":"save:f8d53391-8e89-464c-82c4-9831991b8c7d","revision":"sha256:c3adf87375dac1a31e0e3c87273a6e565f48ae1358689ca082267661ed451514","workspaceKey":"C:\\Users\\llh04\\.zcode\\workspace\\default","workspacePath":"C:\\Users\\llh04\\.zcode\\workspace\\default"}
[2026-08-19 23:54:16.049] [info] [pid:37884] [main] [host-log] (local-1) [host] [2026-08-19 23:54:16.045] [pid:35324] [zcode-host] [rpc:call] model-provider.getProviderRegistrySnapshot OK (25.6ms)
[2026-08-19 23:54:16.049] [info] [pid:37884] [main] [host-log] (local-1) [host] [2026-08-19 23:54:16.046] [pid:35324] [zcode-agent-service] 开始请求 ZCode Protocol workspace/updateProviderRegistry {"providerCount":1,"revision":"sha256:c3adf87375dac1a31e0e3c87273a6e565f48ae1358689ca082267661ed451514","workspaceKey":"D:\\公考\\图形推理详解","workspacePath":"D:\\公考\\图形推理详解"}
[2026-08-19 23:54:16.324] [info] [pid:37884] [main] [host-log] (local-1) [host] [2026-08-19 23:54:16.322] [pid:35324] [zcode-agent-service] ZCode Protocol workspace/updateProviderRegistry 完成 {"appliedProviderRevision":"sha256:c3adf87375dac1a31e0e3c87273a6e565f48ae1358689ca082267661ed451514","durationMs":276,"providerCount":1,"status":"unchanged","workspaceKey":"D:\\公考\\图形推理详解","workspacePath":"D:\\公考\\图形推理详解"}
[2026-08-19 23:54:16.325] [info] [pid:37884] [main] [host-log] (local-1) [host] [2026-08-19 23:54:16.323] [pid:35324] [zcode-host] [rpc:call] zcode-session.updateProviderRegistry OK (277.0ms)
[2026-08-19 23:54:16.326] [info] [pid:37884] [main] [host-log] (local-1) [host] [2026-08-19 23:54:16.324] [pid:35324] [zcode-host] [rpc:call] zcode-session.getWorkspaceRuntimeIdentity OK (0.0ms)
[2026-08-19 23:54:16.326] [info] [pid:37884] [main] [host-log] (local-1) [host] [2026-08-19 23:54:16.325] [pid:35324] [zcode-host] [rpc:call] model-provider.getProviderRegistrySnapshot OK (0.8ms)
[2026-08-19 23:54:16.327] [info] [pid:37884] [main] [host-log] (local-1) [host] [2026-08-19 23:54:16.326] [pid:35324] [zcode-agent-service] 开始请求 ZCode Protocol workspace/updateProviderRegistry {"providerCount":1,"revision":"sha256:c3adf87375dac1a31e0e3c87273a6e565f48ae1358689ca082267661ed451514","workspaceKey":"C:\\Users\\llh04\\.zcode\\workspace\\default","workspacePath":"C:\\Users\\llh04\\.zcode\\workspace\\default"}
[2026-08-19 23:54:16.493] [info] [pid:37884] [main] [host-log] (local-1) [host] [2026-08-19 23:54:16.492] [pid:35324] [zcode-agent-service] ZCode Protocol workspace/updateProviderRegistry 完成 {"appliedProviderRevision":"sha256:c3adf87375dac1a31e0e3c87273a6e565f48ae1358689ca082267661ed451514","durationMs":166,"providerCount":1,"status":"unchanged","workspaceKey":"C:\\Users\\llh04\\.zcode\\workspace\\default","workspacePath":"C:\\Users\\llh04\\.zcode\\workspace\\default"}
[2026-08-19 23:54:16.494] [info] [pid:37884] [main] [host-log] (local-1) [host] [2026-08-19 23:54:16.492] [pid:35324] [zcode-host] [rpc:call] zcode-session.updateProviderRegistry OK (166.0ms)
[2026-08-19 23:54:16.495] [info] [pid:37884] [main] [host-log] (local-1) [host] [2026-08-19 23:54:16.493] [pid:35324] [zcode-host] [rpc:call] zcode-session.getWorkspaceRuntimeIdentity OK (0.0ms)
[2026-08-19 23:54:16.500] [info] [pid:37884] [main] [host-log] (local-1) [host] [2026-08-19 23:54:16.500] [pid:35324] [zcode-host] [rpc:call] model-provider.getProviderRegistrySnapshot OK (0.9ms)
[2026-08-19 23:54:16.501] [info] [pid:37884] [main] [host-log] (local-1) [host] [2026-08-19 23:54:16.500] [pid:35324] [zcode-host] [rpc:call] model-provider.getProviderRegistrySnapshot OK (1.1ms)
[2026-08-19 23:54:16.502] [info] [pid:37884] [main] [host-log] (local-1) [host] [2026-08-19 23:54:16.500] [pid:35324] [zcode-host] [rpc:call] zcode-session.getWorkspaceRuntimeIdentity OK (0.0ms)
[2026-08-19 23:54:16.502] [info] [pid:37884] [main] [host-log] (local-1) [host] [2026-08-19 23:54:16.501] [pid:35324] [zcode-host] [rpc:call] zcode-session.getWorkspaceRuntimeIdentity OK (0.0ms)
[2026-08-19 23:54:19.293] [info] [pid:37884] [main] [host-log] (local-1) [host] [2026-08-19 23:54:19.291] [pid:35324] [zcode-host] [rpc:call] model-provider.getCatalogProviders OK (2.5ms)
[2026-08-19 23:54:19.859] [info] [pid:37884] [main] [host-log] (local-1) [host] [2026-08-19 23:54:19.859] [pid:35324] [zcode-host] [rpc:call] credential.load OK (0.5ms)
[2026-08-19 23:54:19.860] [info] [pid:37884] [main] [host-log] (local-1) [host] [2026-08-19 23:54:19.859] [pid:35324] [zcode-host] [rpc:call] credential.load OK (0.7ms)
[2026-08-19 23:54:19.860] [info] [pid:37884] [main] [host-log] (local-1) [host] [2026-08-19 23:54:19.859] [pid:35324] [zcode-host] [rpc:call] credential.load OK (0.8ms)
[2026-08-19 23:54:19.877] [info] [pid:37884] [main] [host-log] (local-1) [host] [2026-08-19 23:54:19.876] [pid:35324] [zcode-host] [rpc:call] model-provider.save OK (32.4ms)
[2026-08-19 23:54:19.902] [info] [pid:37884] [main] [host-log] (local-1) [host] [2026-08-19 23:54:19.900] [pid:35324] [zcode-agent-service] 开始同步本地 provider registry 到 ZCode agent {"providerCount":2,"reason":"save:f8d53391-8e89-464c-82c4-9831991b8c7d","revision":"sha256:c4a7ce4d78516275909d8f5fb691ca4c26c65161801e318904e28fba59a93f56","workspaceKey":"D:\\公考\\图形推理详解","workspacePath":"D:\\公考\\图形推理详解"}
[2026-08-19 23:54:19.903] [info] [pid:37884] [main] [host-log] (local-1) [host] [2026-08-19 23:54:19.901] [pid:35324] [zcode-agent-service] 开始同步本地 provider registry 到 ZCode agent {"providerCount":2,"reason":"save:f8d53391-8e89-464c-82c4-9831991b8c7d","revision":"sha256:c4a7ce4d78516275909d8f5fb691ca4c26c65161801e318904e28fba59a93f56","workspaceKey":"C:\\Users\\llh04\\.zcode\\workspace\\default","workspacePath":"C:\\Users\\llh04\\.zcode\\workspace\\default"}
[2026-08-19 23:54:19.910] [info] [pid:37884] [main] [host-log] (local-1) [host] [2026-08-19 23:54:19.909] [pid:35324] [zcode-host] [rpc:call] model-provider.getProviderRegistrySnapshot OK (31.5ms)
[2026-08-19 23:54:19.912] [info] [pid:37884] [main] [host-log] (local-1) [host] [2026-08-19 23:54:19.911] [pid:35324] [zcode-agent-service] 开始请求 ZCode Protocol workspace/updateProviderRegistry {"providerCount":2,"revision":"sha256:c4a7ce4d78516275909d8f5fb691ca4c26c65161801e318904e28fba59a93f56","workspaceKey":"D:\\公考\\图形推理详解","workspacePath":"D:\\公考\\图形推理详解"}
[2026-08-19 23:54:19.943] [info] [pid:37884] [main] [host-log] (local-1) [host] [2026-08-19 23:54:19.942] [pid:35324] [zcode-agent-service] 本地 provider registry 已同步到 ZCode agent {"appliedProviderRevision":"sha256:c4a7ce4d78516275909d8f5fb691ca4c26c65161801e318904e28fba59a93f56","providerCount":2,"reason":"save:f8d53391-8e89-464c-82c4-9831991b8c7d","status":"applied","workspaceKey":"D:\\公考\\图形推理详解","workspacePath":"D:\\公考\\图形推理详解"}
[2026-08-19 23:54:19.944] [info] [pid:37884] [main] [host-log] (local-1) [host] [2026-08-19 23:54:19.942] [pid:35324] [zcode-agent-service] provider registry 变更已推送到本地 active workspace {"providerCount":2,"reason":"save:f8d53391-8e89-464c-82c4-9831991b8c7d","revision":"sha256:c4a7ce4d78516275909d8f5fb691ca4c26c65161801e318904e28fba59a93f56","workspaceKey":"D:\\公考\\图形推理详解","workspacePath":"D:\\公考\\图形推理详解"}
[2026-08-19 23:54:20.148] [info] [pid:37884] [main] [host-log] (local-1) [host] [2026-08-19 23:54:20.147] [pid:35324] [zcode-agent-service] 本地 provider registry 已同步到 ZCode agent {"appliedProviderRevision":"sha256:c4a7ce4d78516275909d8f5fb691ca4c26c65161801e318904e28fba59a93f56","providerCount":2,"reason":"save:f8d53391-8e89-464c-82c4-9831991b8c7d","status":"applied","workspaceKey":"C:\\Users\\llh04\\.zcode\\workspace\\default","workspacePath":"C:\\Users\\llh04\\.zcode\\workspace\\default"}
[2026-08-19 23:54:20.148] [info] [pid:37884] [main] [host-log] (local-1) [host] [2026-08-19 23:54:20.147] [pid:35324] [zcode-agent-service] provider registry 变更已推送到本地 active workspace {"providerCount":2,"reason":"save:f8d53391-8e89-464c-82c4-9831991b8c7d","revision":"sha256:c4a7ce4d78516275909d8f5fb691ca4c26c65161801e318904e28fba59a93f56","workspaceKey":"C:\\Users\\llh04\\.zcode\\workspace\\default","workspacePath":"C:\\Users\\llh04\\.zcode\\workspace\\default"}
[2026-08-19 23:54:20.267] [info] [pid:37884] [main] [host-log] (local-1) [host] [2026-08-19 23:54:20.265] [pid:35324] [zcode-agent-service] ZCode Protocol workspace/updateProviderRegistry 完成 {"appliedProviderRevision":"sha256:c4a7ce4d78516275909d8f5fb691ca4c26c65161801e318904e28fba59a93f56","durationMs":354,"providerCount":2,"status":"unchanged","workspaceKey":"D:\\公考\\图形推理详解","workspacePath":"D:\\公考\\图形推理详解"}
[2026-08-19 23:54:20.267] [info] [pid:37884] [main] [host-log] (local-1) [host] [2026-08-19 23:54:20.265] [pid:35324] [zcode-host] [rpc:call] zcode-session.updateProviderRegistry OK (354.9ms)
[2026-08-19 23:54:20.268] [info] [pid:37884] [main] [host-log] (local-1) [host] [2026-08-19 23:54:20.267] [pid:35324] [zcode-host] [rpc:call] zcode-session.getWorkspaceRuntimeIdentity OK (0.0ms)
[2026-08-19 23:54:20.269] [info] [pid:37884] [main] [host-log] (local-1) [host] [2026-08-19 23:54:20.268] [pid:35324] [zcode-host] [rpc:call] model-provider.getProviderRegistrySnapshot OK (0.7ms)
[2026-08-19 23:54:20.272] [info] [pid:37884] [main] [host-log] (local-1) [host] [2026-08-19 23:54:20.270] [pid:35324] [zcode-agent-service] 开始请求 ZCode Protocol workspace/updateProviderRegistry {"providerCount":2,"revision":"sha256:c4a7ce4d78516275909d8f5fb691ca4c26c65161801e318904e28fba59a93f56","workspaceKey":"C:\\Users\\llh04\\.zcode\\workspace\\default","workspacePath":"C:\\Users\\llh04\\.zcode\\workspace\\default"}
[2026-08-19 23:54:20.389] [info] [pid:37884] [main] [host-log] (local-1) [host] [2026-08-19 23:54:20.388] [pid:35324] [zcode-agent-service] 完成同步当前模型 runtime config 到 ZCode agent {"applyModelSelection":true,"appliedModelRuntimeRevision":"model-runtime:6f9263ea2bb15abb818180ff","changed":true,"model":"builtin:zai-start-plan/GLM-5-Turbo","runtimeBaseURL":"https://zcode.z.ai/api/v1/zcode-plan/anthropic","runtimeProviderId":"builtin:zai-start-plan","sessionId":"sess_ea9ef013-441a-47dd-a8d8-fed7e9bdde79","workspaceKey":"C:\\Users\\llh04\\.zcode\\workspace\\default","workspacePath":"C:\\Users\\llh04\\.zcode\\workspace\\default"}
[2026-08-19 23:54:20.551] [info] [pid:37884] [main] [host-log] (local-1) [host] [2026-08-19 23:54:20.550] [pid:35324] [zcode-agent-service] ZCode Protocol workspace/updateProviderRegistry 完成 {"appliedProviderRevision":"sha256:c4a7ce4d78516275909d8f5fb691ca4c26c65161801e318904e28fba59a93f56","durationMs":280,"providerCount":2,"status":"unchanged","workspaceKey":"C:\\Users\\llh04\\.zcode\\workspace\\default","workspacePath":"C:\\Users\\llh04\\.zcode\\workspace\\default"}
[2026-08-19 23:54:20.551] [info] [pid:37884] [main] [host-log] (local-1) [host] [2026-08-19 23:54:20.550] [pid:35324] [zcode-host] [rpc:call] zcode-session.updateProviderRegistry OK (280.4ms)
[2026-08-19 23:54:20.552] [info] [pid:37884] [main] [host-log] (local-1) [host] [2026-08-19 23:54:20.551] [pid:35324] [zcode-host] [rpc:call] zcode-session.getWorkspaceRuntimeIdentity OK (0.0ms)
[2026-08-19 23:54:20.559] [info] [pid:37884] [main] [host-log] (local-1) [host] [2026-08-19 23:54:20.558] [pid:35324] [zcode-host] [rpc:call] model-provider.getProviderRegistrySnapshot OK (0.7ms)
[2026-08-19 23:54:20.559] [info] [pid:37884] [main] [host-log] (local-1) [host] [2026-08-19 23:54:20.559] [pid:35324] [zcode-host] [rpc:call] model-provider.getProviderRegistrySnapshot OK (1.3ms)
[2026-08-19 23:54:20.560] [info] [pid:37884] [main] [host-log] (local-1) [host] [2026-08-19 23:54:20.559] [pid:35324] [zcode-host] [rpc:call] zcode-session.getWorkspaceRuntimeIdentity OK (0.0ms)
[2026-08-19 23:54:20.560] [info] [pid:37884] [main] [host-log] (local-1) [host] [2026-08-19 23:54:20.559] [pid:35324] [zcode-host] [rpc:call] zcode-session.getWorkspaceRuntimeIdentity OK (0.0ms)
[2026-08-19 23:54:21.854] [info] [pid:37884] [main] [host-log] (local-1) [host] [2026-08-19 23:54:21.853] [pid:35324] [model-provider] [testModelConnectivity] start {"apiFormat":"openai-responses","defaultKind":"openai","endpointType":"openai_responses","kind":"openai","model":"1","providerId":"f8d53391-8e89-464c-82c4-9831991b8c7d","requestUrl":"https://ai.fsykk.cn/v1/responses","url":"https://ai.fsykk.cn/v1"}
[2026-08-19 23:54:21.854] [info] [pid:37884] [main] [host-log] (local-1) [host] [2026-08-19 23:54:21.853] [pid:35324] [model-provider] [testModelConnectivity] request {"body":"{\"model\":\"1\",\"input\":\"hi\",\"max_output_tokens\":1}","endpointType":"openai_responses","headers":{"content-type":"application/json","authorization":"Bearer <redacted:51>","User-Agent":"ZCode/unknown","HTTP-Referer":"https://zcode.z.ai","X-Title":"Z Code@electron"},"method":"POST","model":"1","providerId":"f8d53391-8e89-464c-82c4-9831991b8c7d","requestUrl":"https://ai.fsykk.cn/v1/responses"}
[2026-08-19 23:54:22.866] [info] [pid:37884] [main] [host-log] (local-1) [host] [2026-08-19 23:54:22.865] [pid:35324] [model-provider] [testModelConnectivity] response {"body":"{\"error\":{\"code\":\"model_not_found\",\"message\":\"No available channel for model 1 under group default (distributor) (request id: 202608191554227930944218268d9d6qzhMDdQW)\",\"type\":\"new_api_error\"}}","endpointType":"openai_responses","headers":{"age":"0","connection":"keep-alive","content-length":"192","content-type":"application/json; charset=utf-8","date":"Wed, 19 Aug 2026 15:54:22 GMT","eo-cache-status":"MISS","eo-log-uuid":"17519402299186168947","nel":"{\"success_fraction\":0.1,\"report_to\":\"eo-nel\",\"max_age\":604800}","report-to":"{\"endpoints\":[{\"url\":\"https://nel.teo-rum.com/eo-cgi/nel\"}],\"group\":\"eo-nel\",\"max_age\":604800}","server":"nginx","x-new-api-version":"main-c0a0b21e34c2","x-oneapi-request-id":"202608191554227930944218268d9d6qzhMDdQW"},"httpStatus":503,"model":"1","ok":false,"providerId":"f8d53391-8e89-464c-82c4-9831991b8c7d","requestUrl":"https://ai.fsykk.cn/v1/responses","statusText":"Service Temporarily Unavailable"}
[2026-08-19 23:54:22.867] [warn] [pid:37884] [main] [host-log] (local-1) [host] [2026-08-19 23:54:22.866] [pid:35324] [model-provider] [testModelConnectivity] failed {"apiFormat":"openai-responses","defaultKind":"openai","durationMs":1013,"endpointType":"openai_responses","errorKind":"server","httpStatus":503,"kind":"openai","model":"1","providerId":"f8d53391-8e89-464c-82c4-9831991b8c7d","requestUrl":"https://ai.fsykk.cn/v1/responses","success":false,"url":"https://ai.fsykk.cn/v1"}
[2026-08-19 23:54:22.867] [info] [pid:37884] [main] [host-log] (local-1) [host] [2026-08-19 23:54:22.866] [pid:35324] [zcode-host] [rpc:call] model-provider.testModelConnectivity OK (1013.1ms)
[2026-08-19 23:54:34.371] [info] [pid:37884] [main] [host-log] (local-1) [host] [2026-08-19 23:54:34.370] [pid:35324] [zcode-host] [rpc:call] off-peak-task.list OK (0.3ms)
[2026-08-19 23:54:36.685] [info] [pid:37884] [main] [host-log] (local-1) [host] [2026-08-19 23:54:36.684] [pid:35324] [zcode-host] [rpc:call] credential.load OK (0.5ms)
[2026-08-19 23:54:36.686] [info] [pid:37884] [main] [host-log] (local-1) [host] [2026-08-19 23:54:36.685] [pid:35324] [zcode-host] [rpc:call] credential.load OK (0.8ms)
[2026-08-19 23:54:36.686] [info] [pid:37884] [main] [host-log] (local-1) [host] [2026-08-19 23:54:36.685] [pid:35324] [zcode-host] [rpc:call] credential.load OK (0.8ms)
[2026-08-19 23:54:36.696] [info] [pid:37884] [main] [host-log] (local-1) [host] [2026-08-19 23:54:36.694] [pid:35324] [zcode-host] [rpc:call] model-provider.delete OK (23.8ms)
[2026-08-19 23:54:36.716] [info] [pid:37884] [main] [host-log] (local-1) [host] [2026-08-19 23:54:36.715] [pid:35324] [zcode-agent-service] 开始同步本地 provider registry 到 ZCode agent {"providerCount":1,"reason":"delete:f8d53391-8e89-464c-82c4-9831991b8c7d","revision":"sha256:c3adf87375dac1a31e0e3c87273a6e565f48ae1358689ca082267661ed451514","workspaceKey":"D:\\公考\\图形推理详解","workspacePath":"D:\\公考\\图形推理详解"}
[2026-08-19 23:54:36.717] [info] [pid:37884] [main] [host-log] (local-1) [host] [2026-08-19 23:54:36.716] [pid:35324] [zcode-agent-service] 开始同步本地 provider registry 到 ZCode agent {"providerCount":1,"reason":"delete:f8d53391-8e89-464c-82c4-9831991b8c7d","revision":"sha256:c3adf87375dac1a31e0e3c87273a6e565f48ae1358689ca082267661ed451514","workspaceKey":"C:\\Users\\llh04\\.zcode\\workspace\\default","workspacePath":"C:\\Users\\llh04\\.zcode\\workspace\\default"}
[2026-08-19 23:54:36.723] [info] [pid:37884] [main] [host-log] (local-1) [host] [2026-08-19 23:54:36.722] [pid:35324] [zcode-host] [rpc:call] model-provider.getProviderRegistrySnapshot OK (25.7ms)
[2026-08-19 23:54:36.724] [info] [pid:37884] [main] [host-log] (local-1) [host] [2026-08-19 23:54:36.723] [pid:35324] [zcode-agent-service] 开始请求 ZCode Protocol workspace/updateProviderRegistry {"providerCount":1,"revision":"sha256:c3adf87375dac1a31e0e3c87273a6e565f48ae1358689ca082267661ed451514","workspaceKey":"D:\\公考\\图形推理详解","workspacePath":"D:\\公考\\图形推理详解"}
[2026-08-19 23:54:36.752] [info] [pid:37884] [main] [host-log] (local-1) [host] [2026-08-19 23:54:36.751] [pid:35324] [zcode-agent-service] 本地 provider registry 已同步到 ZCode agent {"appliedProviderRevision":"sha256:c3adf87375dac1a31e0e3c87273a6e565f48ae1358689ca082267661ed451514","providerCount":1,"reason":"delete:f8d53391-8e89-464c-82c4-9831991b8c7d","status":"applied","workspaceKey":"D:\\公考\\图形推理详解","workspacePath":"D:\\公考\\图形推理详解"}
[2026-08-19 23:54:36.753] [info] [pid:37884] [main] [host-log] (local-1) [host] [2026-08-19 23:54:36.751] [pid:35324] [zcode-agent-service] provider registry 变更已推送到本地 active workspace {"providerCount":1,"reason":"delete:f8d53391-8e89-464c-82c4-9831991b8c7d","revision":"sha256:c3adf87375dac1a31e0e3c87273a6e565f48ae1358689ca082267661ed451514","workspaceKey":"D:\\公考\\图形推理详解","workspacePath":"D:\\公考\\图形推理详解"}
[2026-08-19 23:54:36.970] [info] [pid:37884] [main] [host-log] (local-1) [host] [2026-08-19 23:54:36.969] [pid:35324] [zcode-agent-service] 本地 provider registry 已同步到 ZCode agent {"appliedProviderRevision":"sha256:c3adf87375dac1a31e0e3c87273a6e565f48ae1358689ca082267661ed451514","providerCount":1,"reason":"delete:f8d53391-8e89-464c-82c4-9831991b8c7d","status":"applied","workspaceKey":"C:\\Users\\llh04\\.zcode\\workspace\\default","workspacePath":"C:\\Users\\llh04\\.zcode\\workspace\\default"}
[2026-08-19 23:54:36.971] [info] [pid:37884] [main] [host-log] (local-1) [host] [2026-08-19 23:54:36.970] [pid:35324] [zcode-agent-service] provider registry 变更已推送到本地 active workspace {"providerCount":1,"reason":"delete:f8d53391-8e89-464c-82c4-9831991b8c7d","revision":"sha256:c3adf87375dac1a31e0e3c87273a6e565f48ae1358689ca082267661ed451514","workspaceKey":"C:\\Users\\llh04\\.zcode\\workspace\\default","workspacePath":"C:\\Users\\llh04\\.zcode\\workspace\\default"}
[2026-08-19 23:54:37.070] [info] [pid:37884] [main] [host-log] (local-1) [host] [2026-08-19 23:54:37.069] [pid:35324] [zcode-agent-service] ZCode Protocol workspace/updateProviderRegistry 完成 {"appliedProviderRevision":"sha256:c3adf87375dac1a31e0e3c87273a6e565f48ae1358689ca082267661ed451514","durationMs":346,"providerCount":1,"status":"unchanged","workspaceKey":"D:\\公考\\图形推理详解","workspacePath":"D:\\公考\\图形推理详解"}
[2026-08-19 23:54:37.071] [info] [pid:37884] [main] [host-log] (local-1) [host] [2026-08-19 23:54:37.069] [pid:35324] [zcode-host] [rpc:call] zcode-session.updateProviderRegistry OK (346.5ms)
[2026-08-19 23:54:37.071] [info] [pid:37884] [main] [host-log] (local-1) [host] [2026-08-19 23:54:37.070] [pid:35324] [zcode-host] [rpc:call] zcode-session.getWorkspaceRuntimeIdentity OK (0.0ms)
[2026-08-19 23:54:37.073] [info] [pid:37884] [main] [host-log] (local-1) [host] [2026-08-19 23:54:37.072] [pid:35324] [zcode-host] [rpc:call] model-provider.getProviderRegistrySnapshot OK (0.7ms)
[2026-08-19 23:54:37.074] [info] [pid:37884] [main] [host-log] (local-1) [host] [2026-08-19 23:54:37.072] [pid:35324] [zcode-agent-service] 开始请求 ZCode Protocol workspace/updateProviderRegistry {"providerCount":1,"revision":"sha256:c3adf87375dac1a31e0e3c87273a6e565f48ae1358689ca082267661ed451514","workspaceKey":"C:\\Users\\llh04\\.zcode\\workspace\\default","workspacePath":"C:\\Users\\llh04\\.zcode\\workspace\\default"}
[2026-08-19 23:54:37.216] [info] [pid:37884] [main] [host-log] (local-1) [host] [2026-08-19 23:54:37.215] [pid:35324] [zcode-agent-service] 完成同步当前模型 runtime config 到 ZCode agent {"applyModelSelection":true,"appliedModelRuntimeRevision":"model-runtime:a8e1c1f278f0f28771e6b9f0","changed":true,"model":"builtin:zai-start-plan/GLM-5-Turbo","runtimeBaseURL":"https://zcode.z.ai/api/v1/zcode-plan/anthropic","runtimeProviderId":"builtin:zai-start-plan","sessionId":"sess_ea9ef013-441a-47dd-a8d8-fed7e9bdde79","workspaceKey":"C:\\Users\\llh04\\.zcode\\workspace\\default","workspacePath":"C:\\Users\\llh04\\.zcode\\workspace\\default"}
[2026-08-19 23:54:37.382] [info] [pid:37884] [main] [host-log] (local-1) [host] [2026-08-19 23:54:37.381] [pid:35324] [zcode-agent-service] ZCode Protocol workspace/updateProviderRegistry 完成 {"appliedProviderRevision":"sha256:c3adf87375dac1a31e0e3c87273a6e565f48ae1358689ca082267661ed451514","durationMs":309,"providerCount":1,"status":"unchanged","workspaceKey":"C:\\Users\\llh04\\.zcode\\workspace\\default","workspacePath":"C:\\Users\\llh04\\.zcode\\workspace\\default"}
[2026-08-19 23:54:37.383] [info] [pid:37884] [main] [host-log] (local-1) [host] [2026-08-19 23:54:37.382] [pid:35324] [zcode-host] [rpc:call] zcode-session.updateProviderRegistry OK (309.2ms)
[2026-08-19 23:54:37.384] [info] [pid:37884] [main] [host-log] (local-1) [host] [2026-08-19 23:54:37.383] [pid:35324] [zcode-host] [rpc:call] zcode-session.getWorkspaceRuntimeIdentity OK (0.0ms)
[2026-08-19 23:54:42.588] [info] [pid:37884] [main] [host-log] (local-1) [host] [2026-08-19 23:54:42.588] [pid:35324] [settingService] writing settings to: C:\Users\llh04\.zcode\v2\setting.json {"recentProjects":["D:\\公考\\图形推理详解"],"locale":"zh-CN","localePreference":"zh-CN","terminalInheritSystemProfile":true,"embeddedBrowserAllowInsecureCertificates":false,"taskAutoArchiveEnabled":false,"taskAutoArchiveOlderThanDays":7,"closeToTrayOnWindows":true,"closeToTrayOnWindowsMigrationInitialized":true,"keepAwakeWhileRunning":false,"desktopChromiumHardwareAccelerationEnabled":true,"messageStreamShowReasoning":false,"messageStreamShowTodos":false,"toolGroupingExploreEnabled":true,"toolGroupingTerminalEnabled":true,"toolGroupingChangesEnabled":false,"zcodeInteractionBehavior":"queue","askUserQuestionAutoResolutionEnabled":true,"modelIoFullRetentionEnabled":false,"optimizeAgentExperienceEnabled":false,"optimizeAgentExperienceMigrationInitialized":true,"enabledBuiltinAgentCliProviders":["glm"],"modelProviderFamilyModes":{"zai":"apiKey"},"modelProviderFamilySelectedKeys":{"zai":"preset:builtin:zai"},"providerFamilyDomain":"zai","providerFamilyDomainUpdatedAt":1787116588334,"providerFamilyDomainMigrated":true,"repoSnapshotIndexingEnabled":false,"instantGrepIndexingEnabled":false,"nativeSearchEnhancementsEnabled":true,"memoryEnabled":false,"lastWorkspaceSession":[{"kind":"local","workspacePath":"D:\\公考\\图形推理详解","workspacePurpose":"project"},{"kind":"local","workspacePath":"C:\\Users\\llh04\\.zcode\\workspace\\default","workspacePurpose":"conversation"}],"lastActiveTabIndex":1,"receivePreviewUpdates":false,"autoDownloadAndInstallUpdates":true,"skippedElectronUpdateVersions":{},"settingsSyncFirstRunPromptHandled":true}
[2026-08-19 23:54:42.594] [info] [pid:37884] [main] [host-log] (local-1) [host] [2026-08-19 23:54:42.593] [pid:35324] [settingService] write done
[2026-08-19 23:54:42.594] [info] [pid:37884] [main] [host-log] (local-1) [host] [2026-08-19 23:54:42.593] [pid:35324] [zcode-host] [rpc:call] setting.update OK (6.2ms)
[2026-08-19 23:54:42.615] [info] [pid:37884] [main] [host-log] (local-1) [host] [2026-08-19 23:54:42.613] [pid:35324] [zcode-host] [rpc:call] setting.get OK (0.8ms)
[2026-08-19 23:55:04.366] [info] [pid:37884] [main] [host-log] (local-1) [host] [2026-08-19 23:55:04.366] [pid:35324] [zcode-host] [rpc:call] off-peak-task.list OK (0.2ms)
[2026-08-19 23:55:32.450] [info] [pid:37884] [main] [resource] perf_resource window flushed
[2026-08-19 23:55:32.500] [info] [pid:37884] [main] [network] perf_network flushed interfaces=23
[2026-08-19 23:55:32.795] [info] [pid:37884] [main] [host-log] (local-1) [host] [2026-08-19 23:55:32.795] [pid:35324] [zcode-host] [rpc:call] coding-plan-subscription.getStaticTeamProducts OK (0.0ms)
[2026-08-19 23:55:32.808] [info] [pid:37884] [main] [host-log] (local-1) [host] [2026-08-19 23:55:32.808] [pid:35324] [usage-stats] 读取 BigModel entitlement 已解析授权上下文 {"preferredProviderId":"builtin:zai-coding-plan","providerId":"builtin:zai-coding-plan","scope":"personal","organizationId":null,"projectId":null}
[2026-08-19 23:55:33.073] [info] [pid:37884] [main] [host-log] (local-1) [host] [2026-08-19 23:55:33.073] [pid:35324] [usage-stats] billing/balance 请求完成 {"balanceCount":2,"balances":[{"entitlement_id":"ent_2_0817_glm_5p3","show_name":"GLM-5.3","total_units":3000000,"used_units":354012,"remaining_units":2645988,"available_units":2645988,"reserved_units":null},{"entitlement_id":"ent_2_0817_glm_5turbo","show_name":"GLM-5-Turbo","total_units":2000000,"used_units":188762,"remaining_units":1811238,"available_units":1811238,"reserved_units":null}],"code":0,"durationMs":224,"msg":"","payload":{"code":0,"msg":"","data":{"server_time":1787154933,"plans":[{"user_plan_id":"upl_2089944584870027264","plan_id":"zcode-v3-start-plan-0817","name":"ZCode Start Plan","description":"免费 GLM 旗舰模型体验","priority":90,"status":"active","starts_at":1787116592,"ends_at":1787500799,"entitlements":[{"entitlement_id":"ent_2_0817_glm_5p3","show_name":"GLM-5.3","meter":"model_usage","unit_type":"token","capabilities":["model:glm-5.3"],"grant_units":3000000,"period":"daily","priority":110},{"entitlement_id":"ent_2_0817_glm_5turbo","show_name":"GLM-5-Turbo","meter":"model_usage","unit_type":"token","capabilities":["model:GLM-5-Turbo"],"grant_units":2000000,"period":"daily","priority":80}]}],"balances":[{"bucket_id":"bucket_2089944584886804480","user_plan_id":"upl_2089944584870027264","plan_id":"zcode-v3-start-plan-0817","entitlement_id":"ent_2_0817_glm_5p3","show_name":"GLM-5.3","meter":"model_usage","unit_type":"token","capabilities":["model:glm-5.3"],"priority":110,"plan_priority":90,"entitlement_priority":110,"total_units":3000000,"used_units":354012,"remaining_units":2645988,"available_units":2645988,"period_start":1787068800,"period_end":1787155199,"expires_at":1787155199},{"bucket_id":"bucket_2089944584895193088","user_plan_id":"upl_2089944584870027264","plan_id":"zcode-v3-start-plan-0817","entitlement_id":"ent_2_0817_glm_5turbo","show_name":"GLM-5-Turbo","meter":"model_usage","unit_type":"token","capabilities":["model:GLM-5-Turbo"],"priority":80,"plan_priority":90,"entitlement_priority":80,"total_units":2000000,"used_units":188762,"remaining_units":1811238,"available_units":1811238,"period_start":1787068800,"period_end":1787155199,"expires_at":1787155199}]}},"planCount":1,"plans":[{"name":"ZCode Start Plan","plan_id":"zcode-v3-start-plan-0817","status":"active"}],"providerId":"builtin:zai-start-plan","success":true,"url":"https://zcode.z.ai/api/v1/zcode-plan/billing/balance?app_version=3.8.1"}
[2026-08-19 23:55:33.074] [info] [pid:37884] [main] [host-log] (local-1) [host] [2026-08-19 23:55:33.073] [pid:35324] [zcode-host] [rpc:call] usage-stats.getEntitlementSnapshot OK (277.7ms)
[2026-08-19 23:55:33.146] [info] [pid:37884] [main] [host-log] (local-1) [host] [2026-08-19 23:55:33.146] [pid:35324] [zcode-agent-service] 开始同步本地 provider registry 到 ZCode agent {"providerCount":0,"reason":"getAll","revision":"sha256:4f53cda18c2baa0c0354bb5f9a3ecbe5ed12ab4d8e11ba873c2f11161202b945","workspaceKey":"D:\\公考\\图形推理详解","workspacePath":"D:\\公考\\图形推理详解"}
[2026-08-19 23:55:33.147] [info] [pid:37884] [main] [host-log] (local-1) [host] [2026-08-19 23:55:33.146] [pid:35324] [zcode-agent-service] 开始同步本地 provider registry 到 ZCode agent {"providerCount":0,"reason":"getAll","revision":"sha256:4f53cda18c2baa0c0354bb5f9a3ecbe5ed12ab4d8e11ba873c2f11161202b945","workspaceKey":"C:\\Users\\llh04\\.zcode\\workspace\\default","workspacePath":"C:\\Users\\llh04\\.zcode\\workspace\\default"}
[2026-08-19 23:55:33.149] [info] [pid:37884] [main] [host-log] (local-1) [host] [2026-08-19 23:55:33.149] [pid:35324] [zcode-host] [rpc:call] model-provider.getAll OK (354.0ms)
[2026-08-19 23:55:33.165] [info] [pid:37884] [main] [host-log] (local-1) [host] [2026-08-19 23:55:33.165] [pid:35324] [zcode-agent-service] 本地 provider registry 已同步到 ZCode agent {"appliedProviderRevision":"sha256:4f53cda18c2baa0c0354bb5f9a3ecbe5ed12ab4d8e11ba873c2f11161202b945","providerCount":0,"reason":"getAll","status":"applied","workspaceKey":"D:\\公考\\图形推理详解","workspacePath":"D:\\公考\\图形推理详解"}
[2026-08-19 23:55:33.165] [info] [pid:37884] [main] [host-log] (local-1) [host] [2026-08-19 23:55:33.165] [pid:35324] [zcode-agent-service] provider registry 变更已推送到本地 active workspace {"providerCount":0,"reason":"getAll","revision":"sha256:4f53cda18c2baa0c0354bb5f9a3ecbe5ed12ab4d8e11ba873c2f11161202b945","workspaceKey":"D:\\公考\\图形推理详解","workspacePath":"D:\\公考\\图形推理详解"}
[2026-08-19 23:55:33.166] [info] [pid:37884] [main] [host-log] (local-1) [host] [2026-08-19 23:55:33.165] [pid:35324] [zcode-host] [rpc:call] credential.load OK (0.8ms)
[2026-08-19 23:55:33.166] [info] [pid:37884] [main] [host-log] (local-1) [host] [2026-08-19 23:55:33.165] [pid:35324] [zcode-host] [rpc:call] credential.load OK (1.0ms)
[2026-08-19 23:55:33.167] [info] [pid:37884] [main] [host-log] (local-1) [host] [2026-08-19 23:55:33.165] [pid:35324] [zcode-host] [rpc:call] credential.load OK (1.2ms)
[2026-08-19 23:55:33.320] [info] [pid:37884] [main] [host-log] (local-1) [host] [2026-08-19 23:55:33.320] [pid:35324] [zcode-agent-service] 本地 provider registry 已同步到 ZCode agent {"appliedProviderRevision":"sha256:4f53cda18c2baa0c0354bb5f9a3ecbe5ed12ab4d8e11ba873c2f11161202b945","providerCount":0,"reason":"getAll","status":"applied","workspaceKey":"C:\\Users\\llh04\\.zcode\\workspace\\default","workspacePath":"C:\\Users\\llh04\\.zcode\\workspace\\default"}
[2026-08-19 23:55:33.321] [info] [pid:37884] [main] [host-log] (local-1) [host] [2026-08-19 23:55:33.320] [pid:35324] [zcode-agent-service] provider registry 变更已推送到本地 active workspace {"providerCount":0,"reason":"getAll","revision":"sha256:4f53cda18c2baa0c0354bb5f9a3ecbe5ed12ab4d8e11ba873c2f11161202b945","workspaceKey":"C:\\Users\\llh04\\.zcode\\workspace\\default","workspacePath":"C:\\Users\\llh04\\.zcode\\workspace\\default"}
[2026-08-19 23:55:34.338] [info] [pid:37884] [main] [host-log] (local-1) [host] [2026-08-19 23:55:34.338] [pid:35324] [zcode-host] [rpc:call] commands.list OK (7.6ms)
[2026-08-19 23:55:34.374] [info] [pid:37884] [main] [host-log] (local-1) [host] [2026-08-19 23:55:34.373] [pid:35324] [zcode-host] [rpc:call] off-peak-task.list OK (0.1ms)
[2026-08-19 23:55:34.380] [info] [pid:37884] [main] [host-log] (local-1) [host] [2026-08-19 23:55:34.380] [pid:35324] [zcode-host] [rpc:call] plugin-management.listPlugins OK (48.8ms)
[2026-08-19 23:55:34.427] [info] [pid:37884] [main] [host-log] (local-1) [host] [2026-08-19 23:55:34.427] [pid:35324] [zcode-host] [rpc:call] plugin-management.getPluginsOverview OK (95.1ms)
[2026-08-19 23:55:39.341] [info] [pid:37884] [main] [host-log] (local-1) [host] [2026-08-19 23:55:39.341] [pid:35324] [settingService] writing settings to: C:\Users\llh04\.zcode\v2\setting.json {"recentProjects":["D:\\公考\\图形推理详解"],"locale":"zh-CN","localePreference":"zh-CN","terminalInheritSystemProfile":true,"embeddedBrowserAllowInsecureCertificates":false,"taskAutoArchiveEnabled":false,"taskAutoArchiveOlderThanDays":7,"closeToTrayOnWindows":true,"closeToTrayOnWindowsMigrationInitialized":true,"keepAwakeWhileRunning":false,"desktopChromiumHardwareAccelerationEnabled":true,"messageStreamShowReasoning":false,"messageStreamShowTodos":false,"toolGroupingExploreEnabled":true,"toolGroupingTerminalEnabled":true,"toolGroupingChangesEnabled":false,"zcodeInteractionBehavior":"queue","askUserQuestionAutoResolutionEnabled":true,"modelIoFullRetentionEnabled":false,"optimizeAgentExperienceEnabled":false,"optimizeAgentExperienceMigrationInitialized":true,"enabledBuiltinAgentCliProviders":["glm"],"modelProviderFamilyModes":{"zai":"apiKey"},"modelProviderFamilySelectedKeys":{"zai":"preset:builtin:zai"},"providerFamilyDomain":"zai","providerFamilyDomainUpdatedAt":1787116588334,"providerFamilyDomainMigrated":true,"repoSnapshotIndexingEnabled":false,"instantGrepIndexingEnabled":false,"nativeSearchEnhancementsEnabled":true,"memoryEnabled":false,"lastWorkspaceSession":[{"kind":"local","workspacePath":"D:\\公考\\图形推理详解","workspacePurpose":"project"},{"kind":"local","workspacePath":"C:\\Users\\llh04\\.zcode\\workspace\\default","workspacePurpose":"conversation"}],"lastActiveTabIndex":1,"receivePreviewUpdates":false,"autoDownloadAndInstallUpdates":true,"skippedElectronUpdateVersions":{},"settingsSyncFirstRunPromptHandled":true}
[2026-08-19 23:55:39.344] [info] [pid:37884] [main] [host-log] (local-1) [host] [2026-08-19 23:55:39.344] [pid:35324] [settingService] write done
[2026-08-19 23:55:39.345] [info] [pid:37884] [main] [host-log] (local-1) [host] [2026-08-19 23:55:39.344] [pid:35324] [zcode-host] [rpc:call] setting.update OK (4.1ms)
[2026-08-19 23:55:40.257] [info] [pid:37884] [main] [host-log] (local-1) [host] [2026-08-19 23:55:40.257] [pid:35324] [zcode-host] [rpc:call] coding-plan-subscription.getEnterprisePricing OK (7461.5ms)
[2026-08-19 23:55:41.721] [info] [pid:37884] [main] [host-log] (local-1) [host] [2026-08-19 23:55:41.722] [pid:35324] [settingService] writing settings to: C:\Users\llh04\.zcode\v2\setting.json {"recentProjects":["D:\\公考\\图形推理详解"],"locale":"zh-CN","localePreference":"zh-CN","terminalInheritSystemProfile":true,"embeddedBrowserAllowInsecureCertificates":false,"taskAutoArchiveEnabled":false,"taskAutoArchiveOlderThanDays":7,"closeToTrayOnWindows":true,"closeToTrayOnWindowsMigrationInitialized":true,"keepAwakeWhileRunning":false,"desktopChromiumHardwareAccelerationEnabled":true,"messageStreamShowReasoning":false,"messageStreamShowTodos":false,"toolGroupingExploreEnabled":true,"toolGroupingTerminalEnabled":true,"toolGroupingChangesEnabled":false,"zcodeInteractionBehavior":"queue","askUserQuestionAutoResolutionEnabled":true,"modelIoFullRetentionEnabled":false,"optimizeAgentExperienceEnabled":false,"optimizeAgentExperienceMigrationInitialized":true,"enabledBuiltinAgentCliProviders":["glm"],"modelProviderFamilyModes":{"zai":"apiKey"},"modelProviderFamilySelectedKeys":{"zai":"preset:builtin:zai"},"providerFamilyDomain":"zai","providerFamilyDomainUpdatedAt":1787116588334,"providerFamilyDomainMigrated":true,"repoSnapshotIndexingEnabled":false,"instantGrepIndexingEnabled":false,"nativeSearchEnhancementsEnabled":true,"memoryEnabled":false,"lastWorkspaceSession":[{"kind":"local","workspacePath":"D:\\公考\\图形推理详解","workspacePurpose":"project"},{"kind":"local","workspacePath":"C:\\Users\\llh04\\.zcode\\workspace\\default","workspacePurpose":"conversation"}],"lastActiveTabIndex":1,"receivePreviewUpdates":false,"autoDownloadAndInstallUpdates":true,"skippedElectronUpdateVersions":{},"settingsSyncFirstRunPromptHandled":true}
[2026-08-19 23:55:41.725] [info] [pid:37884] [main] [host-log] (local-1) [host] [2026-08-19 23:55:41.726] [pid:35324] [settingService] write done
[2026-08-19 23:55:41.726] [info] [pid:37884] [main] [host-log] (local-1) [host] [2026-08-19 23:55:41.726] [pid:35324] [zcode-host] [rpc:call] setting.update OK (4.8ms)
[2026-08-19 23:55:42.175] [info] [pid:37884] [main] [host-log] (local-1) [host] [2026-08-19 23:55:42.175] [pid:35324] [zcode-host] [rpc:call] usage-stats.getEntitlementSnapshot OK (9379.8ms)
[2026-08-19 23:55:42.699] [info] [pid:37884] [main] [host-log] (local-1) [host] [2026-08-19 23:55:42.699] [pid:35324] [settingService] writing settings to: C:\Users\llh04\.zcode\v2\setting.json {"recentProjects":["D:\\公考\\图形推理详解"],"locale":"zh-CN","localePreference":"zh-CN","terminalInheritSystemProfile":true,"embeddedBrowserAllowInsecureCertificates":false,"taskAutoArchiveEnabled":false,"taskAutoArchiveOlderThanDays":7,"closeToTrayOnWindows":true,"closeToTrayOnWindowsMigrationInitialized":true,"keepAwakeWhileRunning":false,"desktopChromiumHardwareAccelerationEnabled":true,"messageStreamShowReasoning":false,"messageStreamShowTodos":false,"toolGroupingExploreEnabled":true,"toolGroupingTerminalEnabled":true,"toolGroupingChangesEnabled":false,"zcodeInteractionBehavior":"queue","askUserQuestionAutoResolutionEnabled":true,"modelIoFullRetentionEnabled":false,"optimizeAgentExperienceEnabled":false,"optimizeAgentExperienceMigrationInitialized":true,"enabledBuiltinAgentCliProviders":["glm"],"modelProviderFamilyModes":{"zai":"apiKey"},"modelProviderFamilySelectedKeys":{"zai":"preset:builtin:zai"},"providerFamilyDomain":"zai","providerFamilyDomainUpdatedAt":1787116588334,"providerFamilyDomainMigrated":true,"repoSnapshotIndexingEnabled":false,"instantGrepIndexingEnabled":false,"nativeSearchEnhancementsEnabled":true,"memoryEnabled":false,"lastWorkspaceSession":[{"kind":"local","workspacePath":"D:\\公考\\图形推理详解","workspacePurpose":"project"},{"kind":"local","workspacePath":"C:\\Users\\llh04\\.zcode\\workspace\\default","workspacePurpose":"conversation"}],"lastActiveTabIndex":1,"receivePreviewUpdates":false,"autoDownloadAndInstallUpdates":true,"skippedElectronUpdateVersions":{},"settingsSyncFirstRunPromptHandled":true}
[2026-08-19 23:55:42.702] [info] [pid:37884] [main] [host-log] (local-1) [host] [2026-08-19 23:55:42.702] [pid:35324] [settingService] write done
[2026-08-19 23:55:42.703] [info] [pid:37884] [main] [host-log] (local-1) [host] [2026-08-19 23:55:42.703] [pid:35324] [zcode-host] [rpc:call] setting.update OK (4.3ms)
[2026-08-19 23:55:43.545] [info] [pid:37884] [main] [host-log] (local-1) [host] [2026-08-19 23:55:43.545] [pid:35324] [settingService] writing settings to: C:\Users\llh04\.zcode\v2\setting.json {"recentProjects":["D:\\公考\\图形推理详解"],"locale":"zh-CN","localePreference":"zh-CN","terminalInheritSystemProfile":true,"embeddedBrowserAllowInsecureCertificates":false,"taskAutoArchiveEnabled":false,"taskAutoArchiveOlderThanDays":7,"closeToTrayOnWindows":true,"closeToTrayOnWindowsMigrationInitialized":true,"keepAwakeWhileRunning":false,"desktopChromiumHardwareAccelerationEnabled":true,"messageStreamShowReasoning":false,"messageStreamShowTodos":false,"toolGroupingExploreEnabled":true,"toolGroupingTerminalEnabled":true,"toolGroupingChangesEnabled":false,"zcodeInteractionBehavior":"queue","askUserQuestionAutoResolutionEnabled":true,"modelIoFullRetentionEnabled":false,"optimizeAgentExperienceEnabled":false,"optimizeAgentExperienceMigrationInitialized":true,"enabledBuiltinAgentCliProviders":["glm"],"modelProviderFamilyModes":{"zai":"apiKey"},"modelProviderFamilySelectedKeys":{"zai":"preset:builtin:zai"},"providerFamilyDomain":"zai","providerFamilyDomainUpdatedAt":1787116588334,"providerFamilyDomainMigrated":true,"repoSnapshotIndexingEnabled":false,"instantGrepIndexingEnabled":false,"nativeSearchEnhancementsEnabled":true,"memoryEnabled":false,"lastWorkspaceSession":[{"kind":"local","workspacePath":"D:\\公考\\图形推理详解","workspacePurpose":"project"},{"kind":"local","workspacePath":"C:\\Users\\llh04\\.zcode\\workspace\\default","workspacePurpose":"conversation"}],"lastActiveTabIndex":1,"receivePreviewUpdates":false,"autoDownloadAndInstallUpdates":true,"skippedElectronUpdateVersions":{},"settingsSyncFirstRunPromptHandled":true}
[2026-08-19 23:55:43.549] [info] [pid:37884] [main] [host-log] (local-1) [host] [2026-08-19 23:55:43.549] [pid:35324] [settingService] write done
[2026-08-19 23:55:43.549] [info] [pid:37884] [main] [host-log] (local-1) [host] [2026-08-19 23:55:43.549] [pid:35324] [zcode-host] [rpc:call] setting.update OK (5.2ms)
[2026-08-19 23:55:43.787] [info] [pid:37884] [main] [host-log] (local-1) [host] [2026-08-19 23:55:43.787] [pid:35324] [zcode-host] [rpc:call] coding-plan-subscription.getStaticTeamProducts OK (0.0ms)
[2026-08-19 23:55:43.788] [info] [pid:37884] [main] [host-log] (local-1) [host] [2026-08-19 23:55:43.788] [pid:35324] [zcode-host] [rpc:call] coding-plan-subscription.getStaticTeamProducts OK (0.0ms)
[2026-08-19 23:55:43.789] [info] [pid:37884] [main] [host-log] (local-1) [host] [2026-08-19 23:55:43.789] [pid:35324] [zcode-host] [rpc:call] system.info OK (0.0ms)
[2026-08-19 23:55:43.789] [info] [pid:37884] [main] [host-log] (local-1) [host] [2026-08-19 23:55:43.789] [pid:35324] [zcode-host] [rpc:call] setting.get OK (1.9ms)
[2026-08-19 23:55:43.789] [info] [pid:37884] [main] [host-log] (local-1) [host] [2026-08-19 23:55:43.790] [pid:35324] [zcode-host] [rpc:call] credential.load OK (1.2ms)
[2026-08-19 23:55:43.795] [info] [pid:37884] [main] [host-log] (local-1) [host] [2026-08-19 23:55:43.792] [pid:35324] [zcode-host] [rpc:call] credential.load OK (3.3ms)
[2026-08-19 23:55:43.796] [info] [pid:37884] [main] [host-log] (local-1) [host] [2026-08-19 23:55:43.793] [pid:35324] [zcode-host] [rpc:call] setting.get OK (3.9ms)
[2026-08-19 23:55:43.796] [info] [pid:37884] [main] [host-log] (local-1) [host] [2026-08-19 23:55:43.793] [pid:35324] [zcode-host] [rpc:call] credential.load OK (4.4ms)
[2026-08-19 23:55:43.799] [info] [pid:37884] [main] [host-log] (local-1) [host] [2026-08-19 23:55:43.799] [pid:35324] [usage-stats] 读取 BigModel entitlement 已解析授权上下文 {"preferredProviderId":"builtin:zai-coding-plan","providerId":"builtin:zai-coding-plan","scope":"personal","organizationId":null,"projectId":null}
[2026-08-19 23:55:43.829] [info] [pid:37884] [main] [host-log] (local-1) [host] [2026-08-19 23:55:43.830] [pid:35324] [zcode-host] [rpc:call] system.listIntegratedTerminalShells OK (8.2ms)
[2026-08-19 23:55:43.836] [info] [pid:37884] [main] [host-log] (local-1) [host] [2026-08-19 23:55:43.837] [pid:35324] [zcode-host] [rpc:call] coding-plan-subscription.getStaticTeamProducts OK (0.0ms)
[2026-08-19 23:55:44.073] [info] [pid:37884] [main] [host-log] (local-1) [host] [2026-08-19 23:55:44.073] [pid:35324] [settingService] writing settings to: C:\Users\llh04\.zcode\v2\setting.json {"recentProjects":["D:\\公考\\图形推理详解"],"locale":"zh-CN","localePreference":"zh-CN","terminalInheritSystemProfile":true,"embeddedBrowserAllowInsecureCertificates":false,"taskAutoArchiveEnabled":false,"taskAutoArchiveOlderThanDays":7,"closeToTrayOnWindows":true,"closeToTrayOnWindowsMigrationInitialized":true,"keepAwakeWhileRunning":false,"desktopChromiumHardwareAccelerationEnabled":true,"messageStreamShowReasoning":false,"messageStreamShowTodos":false,"toolGroupingExploreEnabled":true,"toolGroupingTerminalEnabled":true,"toolGroupingChangesEnabled":false,"zcodeInteractionBehavior":"queue","askUserQuestionAutoResolutionEnabled":true,"modelIoFullRetentionEnabled":false,"optimizeAgentExperienceEnabled":false,"optimizeAgentExperienceMigrationInitialized":true,"enabledBuiltinAgentCliProviders":["glm"],"modelProviderFamilyModes":{"zai":"apiKey"},"modelProviderFamilySelectedKeys":{"zai":"preset:builtin:zai"},"providerFamilyDomain":"zai","providerFamilyDomainUpdatedAt":1787116588334,"providerFamilyDomainMigrated":true,"repoSnapshotIndexingEnabled":false,"instantGrepIndexingEnabled":false,"nativeSearchEnhancementsEnabled":true,"memoryEnabled":false,"lastWorkspaceSession":[{"kind":"local","workspacePath":"D:\\公考\\图形推理详解","workspacePurpose":"project"},{"kind":"local","workspacePath":"C:\\Users\\llh04\\.zcode\\workspace\\default","workspacePurpose":"conversation"}],"lastActiveTabIndex":1,"receivePreviewUpdates":false,"autoDownloadAndInstallUpdates":true,"skippedElectronUpdateVersions":{},"settingsSyncFirstRunPromptHandled":true}
[2026-08-19 23:55:44.077] [info] [pid:37884] [main] [host-log] (local-1) [host] [2026-08-19 23:55:44.078] [pid:35324] [settingService] write done
[2026-08-19 23:55:44.078] [info] [pid:37884] [main] [host-log] (local-1) [host] [2026-08-19 23:55:44.078] [pid:35324] [zcode-host] [rpc:call] setting.update OK (5.4ms)
[2026-08-19 23:55:44.129] [info] [pid:37884] [main] [host-log] (local-1) [host] [2026-08-19 23:55:44.129] [pid:35324] [usage-stats] billing/balance 请求完成 {"balanceCount":2,"balances":[{"entitlement_id":"ent_2_0817_glm_5p3","show_name":"GLM-5.3","total_units":3000000,"used_units":354012,"remaining_units":2645988,"available_units":2645988,"reserved_units":null},{"entitlement_id":"ent_2_0817_glm_5turbo","show_name":"GLM-5-Turbo","total_units":2000000,"used_units":188762,"remaining_units":1811238,"available_units":1811238,"reserved_units":null}],"code":0,"durationMs":311,"msg":"","payload":{"code":0,"msg":"","data":{"server_time":1787154944,"plans":[{"user_plan_id":"upl_2089944584870027264","plan_id":"zcode-v3-start-plan-0817","name":"ZCode Start Plan","description":"免费 GLM 旗舰模型体验","priority":90,"status":"active","starts_at":1787116592,"ends_at":1787500799,"entitlements":[{"entitlement_id":"ent_2_0817_glm_5p3","show_name":"GLM-5.3","meter":"model_usage","unit_type":"token","capabilities":["model:glm-5.3"],"grant_units":3000000,"period":"daily","priority":110},{"entitlement_id":"ent_2_0817_glm_5turbo","show_name":"GLM-5-Turbo","meter":"model_usage","unit_type":"token","capabilities":["model:GLM-5-Turbo"],"grant_units":2000000,"period":"daily","priority":80}]}],"balances":[{"bucket_id":"bucket_2089944584886804480","user_plan_id":"upl_2089944584870027264","plan_id":"zcode-v3-start-plan-0817","entitlement_id":"ent_2_0817_glm_5p3","show_name":"GLM-5.3","meter":"model_usage","unit_type":"token","capabilities":["model:glm-5.3"],"priority":110,"plan_priority":90,"entitlement_priority":110,"total_units":3000000,"used_units":354012,"remaining_units":2645988,"available_units":2645988,"period_start":1787068800,"period_end":1787155199,"expires_at":1787155199},{"bucket_id":"bucket_2089944584895193088","user_plan_id":"upl_2089944584870027264","plan_id":"zcode-v3-start-plan-0817","entitlement_id":"ent_2_0817_glm_5turbo","show_name":"GLM-5-Turbo","meter":"model_usage","unit_type":"token","capabilities":["model:GLM-5-Turbo"],"priority":80,"plan_priority":90,"entitlement_priority":80,"total_units":2000000,"used_units":188762,"remaining_units":1811238,"available_units":1811238,"period_start":1787068800,"period_end":1787155199,"expires_at":1787155199}]}},"planCount":1,"plans":[{"name":"ZCode Start Plan","plan_id":"zcode-v3-start-plan-0817","status":"active"}],"providerId":"builtin:zai-start-plan","success":true,"url":"https://zcode.z.ai/api/v1/zcode-plan/billing/balance?app_version=3.8.1"}
[2026-08-19 23:55:44.130] [info] [pid:37884] [main] [host-log] (local-1) [host] [2026-08-19 23:55:44.129] [pid:35324] [zcode-host] [rpc:call] usage-stats.getEntitlementSnapshot OK (329.0ms)
[2026-08-19 23:55:45.398] [info] [pid:37884] [main] [host-log] (local-1) [host] [2026-08-19 23:55:45.398] [pid:35324] [zcode-host] [rpc:call] system.probeIntranet OK (1610.6ms)
[2026-08-19 23:55:46.276] [info] [pid:37884] [main] [host-log] (local-1) [host] [2026-08-19 23:55:46.276] [pid:35324] [zcode-host] [rpc:call] coding-plan-subscription.getEnterprisePricing OK (2488.5ms)
[2026-08-19 23:55:47.767] [info] [pid:37884] [main] [host-log] (local-1) [host] [2026-08-19 23:55:47.768] [pid:35324] [zcode-host] [rpc:call] usage-stats.getEntitlementSnapshot OK (3979.4ms)
[2026-08-19 23:55:49.233] [info] [pid:37884] [main] [host-log] (local-1) [host] [2026-08-19 23:55:49.233] [pid:35324] [zcode-host] [rpc:call] coding-plan-subscription.getEnterprisePricing OK (5396.2ms)
[2026-08-19 23:55:54.128] [info] [pid:37884] [main] [host-log] (local-1) [host] [2026-08-19 23:55:54.128] [pid:35324] [settingService] writing settings to: C:\Users\llh04\.zcode\v2\setting.json {"recentProjects":["D:\\公考\\图形推理详解"],"locale":"zh-CN","localePreference":"zh-CN","terminalInheritSystemProfile":true,"embeddedBrowserAllowInsecureCertificates":false,"taskAutoArchiveEnabled":false,"taskAutoArchiveOlderThanDays":7,"closeToTrayOnWindows":true,"closeToTrayOnWindowsMigrationInitialized":true,"keepAwakeWhileRunning":false,"desktopChromiumHardwareAccelerationEnabled":true,"messageStreamShowReasoning":false,"messageStreamShowTodos":false,"toolGroupingExploreEnabled":true,"toolGroupingTerminalEnabled":true,"toolGroupingChangesEnabled":false,"zcodeInteractionBehavior":"queue","askUserQuestionAutoResolutionEnabled":true,"modelIoFullRetentionEnabled":false,"optimizeAgentExperienceEnabled":false,"optimizeAgentExperienceMigrationInitialized":true,"enabledBuiltinAgentCliProviders":["glm"],"modelProviderFamilyModes":{"zai":"oauth"},"modelProviderFamilySelectedKeys":{"zai":"coding-plan:builtin:zai-start-plan"},"providerFamilyDomain":"zai","providerFamilyDomainUpdatedAt":1787116588334,"providerFamilyDomainMigrated":true,"repoSnapshotIndexingEnabled":false,"instantGrepIndexingEnabled":false,"nativeSearchEnhancementsEnabled":true,"memoryEnabled":false,"lastWorkspaceSession":[{"kind":"local","workspacePath":"D:\\公考\\图形推理详解","workspacePurpose":"project"},{"kind":"local","workspacePath":"C:\\Users\\llh04\\.zcode\\workspace\\default","workspacePurpose":"conversation"}],"lastActiveTabIndex":1,"receivePreviewUpdates":false,"autoDownloadAndInstallUpdates":true,"skippedElectronUpdateVersions":{},"settingsSyncFirstRunPromptHandled":true}
[2026-08-19 23:55:54.134] [info] [pid:37884] [main] [host-log] (local-1) [host] [2026-08-19 23:55:54.134] [pid:35324] [settingService] write done
[2026-08-19 23:55:54.134] [info] [pid:37884] [main] [host-log] (local-1) [host] [2026-08-19 23:55:54.134] [pid:35324] [zcode-host] [rpc:call] setting.update OK (6.6ms)
[2026-08-19 23:55:54.167] [info] [pid:37884] [main] [host-log] (local-1) [host] [2026-08-19 23:55:54.154] [pid:35324] [zcode-host] [rpc:call] setting.get OK (0.7ms)
[2026-08-19 23:56:01.410] [info] [pid:37884] [main] [host-log] (local-1) [host] [2026-08-19 23:56:01.409] [pid:35324] [settingService] writing settings to: C:\Users\llh04\.zcode\v2\setting.json {"recentProjects":["D:\\公考\\图形推理详解"],"locale":"zh-CN","localePreference":"zh-CN","terminalInheritSystemProfile":true,"embeddedBrowserAllowInsecureCertificates":false,"taskAutoArchiveEnabled":false,"taskAutoArchiveOlderThanDays":7,"closeToTrayOnWindows":true,"closeToTrayOnWindowsMigrationInitialized":true,"keepAwakeWhileRunning":false,"desktopChromiumHardwareAccelerationEnabled":true,"messageStreamShowReasoning":false,"messageStreamShowTodos":false,"toolGroupingExploreEnabled":true,"toolGroupingTerminalEnabled":true,"toolGroupingChangesEnabled":false,"zcodeInteractionBehavior":"queue","askUserQuestionAutoResolutionEnabled":true,"modelIoFullRetentionEnabled":false,"optimizeAgentExperienceEnabled":false,"optimizeAgentExperienceMigrationInitialized":true,"enabledBuiltinAgentCliProviders":["glm"],"modelProviderFamilyModes":{"zai":"oauth"},"modelProviderFamilySelectedKeys":{"zai":"coding-plan:builtin:zai-start-plan"},"providerFamilyDomain":"zai","providerFamilyDomainUpdatedAt":1787116588334,"providerFamilyDomainMigrated":true,"repoSnapshotIndexingEnabled":false,"instantGrepIndexingEnabled":false,"nativeSearchEnhancementsEnabled":true,"memoryEnabled":false,"lastWorkspaceSession":[{"kind":"local","workspacePath":"D:\\公考\\图形推理详解","workspacePurpose":"project"},{"kind":"local","workspacePath":"C:\\Users\\llh04\\.zcode\\workspace\\default","workspacePurpose":"conversation"}],"lastActiveTabIndex":1,"receivePreviewUpdates":false,"autoDownloadAndInstallUpdates":true,"skippedElectronUpdateVersions":{},"settingsSyncFirstRunPromptHandled":true}
[2026-08-19 23:56:01.412] [info] [pid:37884] [main] [host-log] (local-1) [host] [2026-08-19 23:56:01.412] [pid:35324] [settingService] write done
[2026-08-19 23:56:01.412] [info] [pid:37884] [main] [host-log] (local-1) [host] [2026-08-19 23:56:01.412] [pid:35324] [zcode-host] [rpc:call] setting.update OK (4.0ms)
[2026-08-19 23:56:02.247] [info] [pid:37884] [main] [host-log] (local-1) [host] [2026-08-19 23:56:02.248] [pid:35324] [settingService] writing settings to: C:\Users\llh04\.zcode\v2\setting.json {"recentProjects":["D:\\公考\\图形推理详解"],"locale":"zh-CN","localePreference":"zh-CN","terminalInheritSystemProfile":true,"embeddedBrowserAllowInsecureCertificates":false,"taskAutoArchiveEnabled":false,"taskAutoArchiveOlderThanDays":7,"closeToTrayOnWindows":true,"closeToTrayOnWindowsMigrationInitialized":true,"keepAwakeWhileRunning":false,"desktopChromiumHardwareAccelerationEnabled":true,"messageStreamShowReasoning":false,"messageStreamShowTodos":false,"toolGroupingExploreEnabled":true,"toolGroupingTerminalEnabled":true,"toolGroupingChangesEnabled":false,"zcodeInteractionBehavior":"queue","askUserQuestionAutoResolutionEnabled":true,"modelIoFullRetentionEnabled":false,"optimizeAgentExperienceEnabled":false,"optimizeAgentExperienceMigrationInitialized":true,"enabledBuiltinAgentCliProviders":["glm"],"modelProviderFamilyModes":{"zai":"oauth"},"modelProviderFamilySelectedKeys":{"zai":"coding-plan:builtin:zai-start-plan"},"providerFamilyDomain":"zai","providerFamilyDomainUpdatedAt":1787116588334,"providerFamilyDomainMigrated":true,"repoSnapshotIndexingEnabled":false,"instantGrepIndexingEnabled":false,"nativeSearchEnhancementsEnabled":true,"memoryEnabled":false,"lastWorkspaceSession":[{"kind":"local","workspacePath":"D:\\公考\\图形推理详解","workspacePurpose":"project"},{"kind":"local","workspacePath":"C:\\Users\\llh04\\.zcode\\workspace\\default","workspacePurpose":"conversation"}],"lastActiveTabIndex":1,"receivePreviewUpdates":false,"autoDownloadAndInstallUpdates":true,"skippedElectronUpdateVersions":{},"settingsSyncFirstRunPromptHandled":true}
[2026-08-19 23:56:02.262] [info] [pid:37884] [main] [host-log] (local-1) [host] [2026-08-19 23:56:02.262] [pid:35324] [settingService] write done
[2026-08-19 23:56:02.263] [info] [pid:37884] [main] [host-log] (local-1) [host] [2026-08-19 23:56:02.263] [pid:35324] [zcode-host] [rpc:call] setting.update OK (16.6ms)
[2026-08-19 23:56:04.368] [info] [pid:37884] [main] [host-log] (local-1) [host] [2026-08-19 23:56:04.367] [pid:35324] [zcode-host] [rpc:call] off-peak-task.list OK (0.2ms)
[2026-08-19 23:56:04.876] [info] [pid:37884] [main] [host-log] (local-1) [host] [2026-08-19 23:56:04.876] [pid:35324] [zcode-agent-service] 开始同步本地 provider registry 到 ZCode agent {"providerCount":1,"reason":"codingPlanApiKey:builtin:zai-start-plan","revision":"sha256:c3adf87375dac1a31e0e3c87273a6e565f48ae1358689ca082267661ed451514","workspaceKey":"D:\\公考\\图形推理详解","workspacePath":"D:\\公考\\图形推理详解"}
[2026-08-19 23:56:04.877] [info] [pid:37884] [main] [host-log] (local-1) [host] [2026-08-19 23:56:04.876] [pid:35324] [zcode-agent-service] 开始同步本地 provider registry 到 ZCode agent {"providerCount":1,"reason":"codingPlanApiKey:builtin:zai-start-plan","revision":"sha256:c3adf87375dac1a31e0e3c87273a6e565f48ae1358689ca082267661ed451514","workspaceKey":"C:\\Users\\llh04\\.zcode\\workspace\\default","workspacePath":"C:\\Users\\llh04\\.zcode\\workspace\\default"}
[2026-08-19 23:56:04.894] [info] [pid:37884] [main] [host-log] (local-1) [host] [2026-08-19 23:56:04.894] [pid:35324] [zcode-agent-service] 本地 provider registry 已同步到 ZCode agent {"appliedProviderRevision":"sha256:c3adf87375dac1a31e0e3c87273a6e565f48ae1358689ca082267661ed451514","providerCount":1,"reason":"codingPlanApiKey:builtin:zai-start-plan","status":"applied","workspaceKey":"D:\\公考\\图形推理详解","workspacePath":"D:\\公考\\图形推理详解"}
[2026-08-19 23:56:04.896] [info] [pid:37884] [main] [host-log] (local-1) [host] [2026-08-19 23:56:04.894] [pid:35324] [zcode-agent-service] provider registry 变更已推送到本地 active workspace {"providerCount":1,"reason":"codingPlanApiKey:builtin:zai-start-plan","revision":"sha256:c3adf87375dac1a31e0e3c87273a6e565f48ae1358689ca082267661ed451514","workspaceKey":"D:\\公考\\图形推理详解","workspacePath":"D:\\公考\\图形推理详解"}
[2026-08-19 23:56:05.022] [info] [pid:37884] [main] [host-log] (local-1) [host] [2026-08-19 23:56:05.022] [pid:35324] [zcode-host] [rpc:call] window-controller.listTaskList OK (0.1ms)
[2026-08-19 23:56:05.162] [info] [pid:37884] [main] [host-log] (local-1) [host] [2026-08-19 23:56:05.163] [pid:35324] [zcode-agent-service] 本地 provider registry 已同步到 ZCode agent {"appliedProviderRevision":"sha256:c3adf87375dac1a31e0e3c87273a6e565f48ae1358689ca082267661ed451514","providerCount":1,"reason":"codingPlanApiKey:builtin:zai-start-plan","status":"applied","workspaceKey":"C:\\Users\\llh04\\.zcode\\workspace\\default","workspacePath":"C:\\Users\\llh04\\.zcode\\workspace\\default"}
[2026-08-19 23:56:05.163] [info] [pid:37884] [main] [host-log] (local-1) [host] [2026-08-19 23:56:05.163] [pid:35324] [zcode-agent-service] provider registry 变更已推送到本地 active workspace {"providerCount":1,"reason":"codingPlanApiKey:builtin:zai-start-plan","revision":"sha256:c3adf87375dac1a31e0e3c87273a6e565f48ae1358689ca082267661ed451514","workspaceKey":"C:\\Users\\llh04\\.zcode\\workspace\\default","workspacePath":"C:\\Users\\llh04\\.zcode\\workspace\\default"}
[2026-08-19 23:56:05.172] [info] [pid:37884] [main] [host-log] (local-1) [host] [2026-08-19 23:56:05.172] [pid:35324] [coding-plan-availability] billing/balance 请求完成 {"durationMs":291,"hasActiveStartPlan":true,"msg":"","payload":{"code":0,"msg":"","data":{"server_time":1787154965,"plans":[{"user_plan_id":"upl_2089944584870027264","plan_id":"zcode-v3-start-plan-0817","name":"ZCode Start Plan","description":"免费 GLM 旗舰模型体验","priority":90,"status":"active","starts_at":1787116592,"ends_at":1787500799,"entitlements":[{"entitlement_id":"ent_2_0817_glm_5p3","show_name":"GLM-5.3","meter":"model_usage","unit_type":"token","capabilities":["model:glm-5.3"],"grant_units":3000000,"period":"daily","priority":110},{"entitlement_id":"ent_2_0817_glm_5turbo","show_name":"GLM-5-Turbo","meter":"model_usage","unit_type":"token","capabilities":["model:GLM-5-Turbo"],"grant_units":2000000,"period":"daily","priority":80}]}],"balances":[{"bucket_id":"bucket_2089944584886804480","user_plan_id":"upl_2089944584870027264","plan_id":"zcode-v3-start-plan-0817","entitlement_id":"ent_2_0817_glm_5p3","show_name":"GLM-5.3","meter":"model_usage","unit_type":"token","capabilities":["model:glm-5.3"],"priority":110,"plan_priority":90,"entitlement_priority":110,"total_units":3000000,"used_units":354012,"remaining_units":2645988,"available_units":2645988,"period_start":1787068800,"period_end":1787155199,"expires_at":1787155199},{"bucket_id":"bucket_2089944584895193088","user_plan_id":"upl_2089944584870027264","plan_id":"zcode-v3-start-plan-0817","entitlement_id":"ent_2_0817_glm_5turbo","show_name":"GLM-5-Turbo","meter":"model_usage","unit_type":"token","capabilities":["model:GLM-5-Turbo"],"priority":80,"plan_priority":90,"entitlement_priority":80,"total_units":2000000,"used_units":188762,"remaining_units":1811238,"available_units":1811238,"period_start":1787068800,"period_end":1787155199,"expires_at":1787155199}]}},"planCount":1,"plans":[{"name":"ZCode Start Plan","plan_id":"zcode-v3-start-plan-0817","status":"active"}],"providerId":"builtin:zai-start-plan","success":true,"url":"https://zcode.z.ai/api/v1/zcode-plan/billing/balance?app_version=3.8.1","code":0}
[2026-08-19 23:56:05.348] [info] [pid:37884] [main] [host-log] (local-1) [host] [2026-08-19 23:56:05.348] [pid:35324] [zcode-host] [rpc:call] zcode-agent.sendConversationCommandV4 OK (146.9ms)
[2026-08-19 23:56:05.522] [info] [pid:37884] [main] [host-log] (local-1) [host] [2026-08-19 23:56:05.522] [pid:35324] [settingService] writing settings to: C:\Users\llh04\.zcode\v2\setting.json {"recentProjects":["D:\\公考\\图形推理详解"],"locale":"zh-CN","localePreference":"zh-CN","terminalInheritSystemProfile":true,"embeddedBrowserAllowInsecureCertificates":false,"taskAutoArchiveEnabled":false,"taskAutoArchiveOlderThanDays":7,"closeToTrayOnWindows":true,"closeToTrayOnWindowsMigrationInitialized":true,"keepAwakeWhileRunning":false,"desktopChromiumHardwareAccelerationEnabled":true,"messageStreamShowReasoning":false,"messageStreamShowTodos":false,"toolGroupingExploreEnabled":true,"toolGroupingTerminalEnabled":true,"toolGroupingChangesEnabled":false,"zcodeInteractionBehavior":"queue","askUserQuestionAutoResolutionEnabled":true,"modelIoFullRetentionEnabled":false,"optimizeAgentExperienceEnabled":false,"optimizeAgentExperienceMigrationInitialized":true,"enabledBuiltinAgentCliProviders":["glm"],"modelProviderFamilyModes":{"zai":"oauth"},"modelProviderFamilySelectedKeys":{"zai":"coding-plan:builtin:zai-start-plan"},"providerFamilyDomain":"zai","providerFamilyDomainUpdatedAt":1787116588334,"providerFamilyDomainMigrated":true,"repoSnapshotIndexingEnabled":false,"instantGrepIndexingEnabled":false,"nativeSearchEnhancementsEnabled":true,"memoryEnabled":false,"lastWorkspaceSession":[{"kind":"local","workspacePath":"D:\\公考\\图形推理详解","workspacePurpose":"project"},{"kind":"local","workspacePath":"C:\\Users\\llh04\\.zcode\\workspace\\default","workspacePurpose":"conversation"}],"lastActiveTabIndex":1,"receivePreviewUpdates":false,"autoDownloadAndInstallUpdates":true,"skippedElectronUpdateVersions":{},"settingsSyncFirstRunPromptHandled":true}
[2026-08-19 23:56:05.526] [info] [pid:37884] [main] [host-log] (local-1) [host] [2026-08-19 23:56:05.526] [pid:35324] [settingService] write done
[2026-08-19 23:56:05.527] [info] [pid:37884] [main] [host-log] (local-1) [host] [2026-08-19 23:56:05.526] [pid:35324] [zcode-host] [rpc:call] setting.update OK (5.4ms)
[2026-08-19 23:56:06.147] [info] [pid:37884] [main] [host-log] (local-1) [host] [2026-08-19 23:56:06.147] [pid:35324] [settingService] writing settings to: C:\Users\llh04\.zcode\v2\setting.json {"recentProjects":["D:\\公考\\图形推理详解"],"locale":"zh-CN","localePreference":"zh-CN","terminalInheritSystemProfile":true,"embeddedBrowserAllowInsecureCertificates":false,"taskAutoArchiveEnabled":false,"taskAutoArchiveOlderThanDays":7,"closeToTrayOnWindows":true,"closeToTrayOnWindowsMigrationInitialized":true,"keepAwakeWhileRunning":false,"desktopChromiumHardwareAccelerationEnabled":true,"messageStreamShowReasoning":false,"messageStreamShowTodos":false,"toolGroupingExploreEnabled":true,"toolGroupingTerminalEnabled":true,"toolGroupingChangesEnabled":false,"zcodeInteractionBehavior":"queue","askUserQuestionAutoResolutionEnabled":true,"modelIoFullRetentionEnabled":false,"optimizeAgentExperienceEnabled":false,"optimizeAgentExperienceMigrationInitialized":true,"enabledBuiltinAgentCliProviders":["glm"],"modelProviderFamilyModes":{"zai":"oauth"},"modelProviderFamilySelectedKeys":{"zai":"coding-plan:builtin:zai-start-plan"},"providerFamilyDomain":"zai","providerFamilyDomainUpdatedAt":1787116588334,"providerFamilyDomainMigrated":true,"repoSnapshotIndexingEnabled":false,"instantGrepIndexingEnabled":false,"nativeSearchEnhancementsEnabled":true,"memoryEnabled":false,"lastWorkspaceSession":[{"kind":"local","workspacePath":"D:\\公考\\图形推理详解","workspacePurpose":"project"},{"kind":"local","workspacePath":"C:\\Users\\llh04\\.zcode\\workspace\\default","workspacePurpose":"conversation"}],"lastActiveTabIndex":1,"receivePreviewUpdates":false,"autoDownloadAndInstallUpdates":true,"skippedElectronUpdateVersions":{},"settingsSyncFirstRunPromptHandled":true}
[2026-08-19 23:56:06.152] [info] [pid:37884] [main] [host-log] (local-1) [host] [2026-08-19 23:56:06.152] [pid:35324] [settingService] write done
[2026-08-19 23:56:06.153] [info] [pid:37884] [main] [host-log] (local-1) [host] [2026-08-19 23:56:06.152] [pid:35324] [zcode-host] [rpc:call] setting.update OK (8.5ms)
[2026-08-19 23:56:08.357] [info] [pid:37884] [main] [host-log] (local-1) [host] [2026-08-19 23:56:08.356] [pid:35324] [settingService] writing settings to: C:\Users\llh04\.zcode\v2\setting.json {"recentProjects":["D:\\公考\\图形推理详解"],"locale":"zh-CN","localePreference":"zh-CN","terminalInheritSystemProfile":true,"embeddedBrowserAllowInsecureCertificates":false,"taskAutoArchiveEnabled":false,"taskAutoArchiveOlderThanDays":7,"closeToTrayOnWindows":true,"closeToTrayOnWindowsMigrationInitialized":true,"keepAwakeWhileRunning":false,"desktopChromiumHardwareAccelerationEnabled":true,"messageStreamShowReasoning":false,"messageStreamShowTodos":false,"toolGroupingExploreEnabled":true,"toolGroupingTerminalEnabled":true,"toolGroupingChangesEnabled":false,"zcodeInteractionBehavior":"queue","askUserQuestionAutoResolutionEnabled":true,"modelIoFullRetentionEnabled":false,"optimizeAgentExperienceEnabled":false,"optimizeAgentExperienceMigrationInitialized":true,"enabledBuiltinAgentCliProviders":["glm"],"modelProviderFamilyModes":{"zai":"oauth"},"modelProviderFamilySelectedKeys":{"zai":"coding-plan:builtin:zai-start-plan"},"providerFamilyDomain":"zai","providerFamilyDomainUpdatedAt":1787116588334,"providerFamilyDomainMigrated":true,"repoSnapshotIndexingEnabled":false,"instantGrepIndexingEnabled":false,"nativeSearchEnhancementsEnabled":true,"memoryEnabled":false,"lastWorkspaceSession":[{"kind":"local","workspacePath":"D:\\公考\\图形推理详解","workspacePurpose":"project"},{"kind":"local","workspacePath":"C:\\Users\\llh04\\.zcode\\workspace\\default","workspacePurpose":"conversation"}],"lastActiveTabIndex":1,"receivePreviewUpdates":false,"autoDownloadAndInstallUpdates":true,"skippedElectronUpdateVersions":{},"settingsSyncFirstRunPromptHandled":true}
[2026-08-19 23:56:08.359] [info] [pid:37884] [main] [host-log] (local-1) [host] [2026-08-19 23:56:08.359] [pid:35324] [settingService] write done
[2026-08-19 23:56:08.360] [info] [pid:37884] [main] [host-log] (local-1) [host] [2026-08-19 23:56:08.360] [pid:35324] [zcode-host] [rpc:call] setting.update OK (4.6ms)
[2026-08-19 23:56:11.704] [info] [pid:37884] [main] [host-log] (local-1) [host] [2026-08-19 23:56:11.704] [pid:35324] [zcode-host] [rpc:call] model-provider.refreshCodingPlanApiKey OK (17537.6ms)
[2026-08-19 23:56:11.705] [info] [pid:37884] [main] [host-log] (local-1) [host] [2026-08-19 23:56:11.705] [pid:35324] [zcode-host] [rpc:call] credential.load OK (0.5ms)
[2026-08-19 23:56:11.706] [info] [pid:37884] [main] [host-log] (local-1) [host] [2026-08-19 23:56:11.705] [pid:35324] [zcode-host] [rpc:call] credential.load OK (0.7ms)
[2026-08-19 23:56:11.706] [info] [pid:37884] [main] [host-log] (local-1) [host] [2026-08-19 23:56:11.706] [pid:35324] [zcode-host] [rpc:call] credential.load OK (0.9ms)
[2026-08-19 23:56:11.721] [info] [pid:37884] [main] [host-log] (local-1) [host] [2026-08-19 23:56:11.722] [pid:35324] [zcode-agent-service] provider registry 变更已推送到本地 active workspace {"providerCount":1,"reason":"codingPlanAvailability:builtin:zai-start-plan","revision":"sha256:c3adf87375dac1a31e0e3c87273a6e565f48ae1358689ca082267661ed451514","workspaceKey":"D:\\公考\\图形推理详解","workspacePath":"D:\\公考\\图形推理详解"}
[2026-08-19 23:56:11.722] [info] [pid:37884] [main] [host-log] (local-1) [host] [2026-08-19 23:56:11.722] [pid:35324] [zcode-agent-service] provider registry 变更已推送到本地 active workspace {"providerCount":1,"reason":"codingPlanAvailability:builtin:zai-start-plan","revision":"sha256:c3adf87375dac1a31e0e3c87273a6e565f48ae1358689ca082267661ed451514","workspaceKey":"C:\\Users\\llh04\\.zcode\\workspace\\default","workspacePath":"C:\\Users\\llh04\\.zcode\\workspace\\default"}
[2026-08-19 23:56:11.925] [info] [pid:37884] [main] [host-log] (local-1) [host] [2026-08-19 23:56:11.925] [pid:35324] [zcode-agent-service] 完成同步当前模型 runtime config 到 ZCode agent {"applyModelSelection":true,"appliedModelRuntimeRevision":"model-runtime:15e09441d0edf89cce53314d","changed":true,"model":"builtin:zai-start-plan/GLM-5.3","runtimeBaseURL":"https://zcode.z.ai/api/v1/zcode-plan/anthropic","runtimeProviderId":"builtin:zai-start-plan","sessionId":"sess_ea9ef013-441a-47dd-a8d8-fed7e9bdde79","workspaceKey":"C:\\Users\\llh04\\.zcode\\workspace\\default","workspacePath":"C:\\Users\\llh04\\.zcode\\workspace\\default"}
[2026-08-19 23:56:12.030] [info] [pid:37884] [main] [host-log] (local-1) [host] [2026-08-19 23:56:12.031] [pid:35324] [zcode-agent-service] provider registry 变更已推送到本地 active workspace {"providerCount":1,"reason":"getAll","revision":"sha256:c3adf87375dac1a31e0e3c87273a6e565f48ae1358689ca082267661ed451514","workspaceKey":"D:\\公考\\图形推理详解","workspacePath":"D:\\公考\\图形推理详解"}
[2026-08-19 23:56:12.031] [info] [pid:37884] [main] [host-log] (local-1) [host] [2026-08-19 23:56:12.031] [pid:35324] [zcode-agent-service] provider registry 变更已推送到本地 active workspace {"providerCount":1,"reason":"getAll","revision":"sha256:c3adf87375dac1a31e0e3c87273a6e565f48ae1358689ca082267661ed451514","workspaceKey":"C:\\Users\\llh04\\.zcode\\workspace\\default","workspacePath":"C:\\Users\\llh04\\.zcode\\workspace\\default"}
[2026-08-19 23:56:12.034] [info] [pid:37884] [main] [host-log] (local-1) [host] [2026-08-19 23:56:12.034] [pid:35324] [zcode-host] [rpc:call] model-provider.getAll OK (328.0ms)
[2026-08-19 23:56:29.100] [debug] [pid:37884] [main] [browser-use] execute start browserId=iab:31c700f5-3aad-458d-8206-929be57f645c sessionId=sess_ea9ef013-441a-47dd-a8d8-fed7e9bdde79 method=list
[2026-08-19 23:56:29.101] [debug] [pid:37884] [main] [browser-use] execute requestId=838e5523-15b5-4d09-8f3b-4de65972d98b browserId=iab:31c700f5-3aad-458d-8206-929be57f645c generation=1787154334095 windowId=1 sessionId=sess_ea9ef013-441a-47dd-a8d8-fed7e9bdde79 method=list
[2026-08-19 23:56:29.101] [debug] [pid:37884] [main] [browser-use] execute done sessionId=sess_ea9ef013-441a-47dd-a8d8-fed7e9bdde79 method=list ok=true elapsedMs=0
[2026-08-19 23:56:29.102] [debug] [pid:37884] [main] [browser-use] execute start browserId=iab:31c700f5-3aad-458d-8206-929be57f645c sessionId=sess_ea9ef013-441a-47dd-a8d8-fed7e9bdde79 method=listUserTabs
[2026-08-19 23:56:29.103] [debug] [pid:37884] [main] [browser-use] execute requestId=00c9a0f0-dc27-4ff9-b29e-7b5e8584ea28 browserId=iab:31c700f5-3aad-458d-8206-929be57f645c generation=1787154334095 windowId=1 sessionId=sess_ea9ef013-441a-47dd-a8d8-fed7e9bdde79 method=listUserTabs
[2026-08-19 23:56:29.104] [debug] [pid:37884] [main] [browser-use] execute done sessionId=sess_ea9ef013-441a-47dd-a8d8-fed7e9bdde79 method=listUserTabs ok=true elapsedMs=0
[2026-08-19 23:56:29.137] [info] [pid:37884] [main] [host-log] (local-1) [host] [2026-08-19 23:56:29.137] [pid:35324] [zcode-host] [rpc:call] window-controller.listTaskList OK (0.0ms)
[2026-08-19 23:56:29.152] [info] [pid:37884] [main] [host-log] (local-1) [host] [2026-08-19 23:56:29.152] [pid:35324] [zcode-host] [rpc:call] zcode-agent.sendConversationCommandV4 OK (51.2ms)
[2026-08-19 23:56:29.162] [info] [pid:37884] [main] [host-log] (local-1) [host] [2026-08-19 23:56:29.161] [pid:35324] [zcode-host] [rpc:call] window-controller.listTaskList OK (0.1ms)
[2026-08-19 23:56:29.213] [info] [pid:37884] [main] [host-log] (local-1) [host] [2026-08-19 23:56:29.213] [pid:35324] [zcode-host] [rpc:call] window-controller.listTaskList OK (0.1ms)
[2026-08-19 23:56:29.215] [info] [pid:37884] [main] [host-log] (local-1) [host] [2026-08-19 23:56:29.215] [pid:35324] [zcode-agent-service][trace:d122e5a0-db94-45e5-b99f-578813767a1b] 收到 ZCode provider runtime headers 请求 {"modelId":"GLM-5.3","providerId":"builtin:zai-start-plan","requestId":"sess_ea9ef013-441a-47dd-a8d8-fed7e9bdde79:provider-runtime-headers:1787154989215","sessionId":"sess_ea9ef013-441a-47dd-a8d8-fed7e9bdde79","turnId":"turn_0304334b-dec8-4217-8417-b5db224cdafa","workspaceKey":"C:\\Users\\llh04\\.zcode\\workspace\\default","workspacePath":"C:\\Users\\llh04\\.zcode\\workspace\\default"}
[2026-08-19 23:56:29.288] [info] [pid:37884] [main] [host-log] (local-1) [host] [2026-08-19 23:56:29.288] [pid:35324] [zcode-host] [rpc:call] model-provider.getAllCached OK (47.7ms)
[2026-08-19 23:56:29.288] [info] [pid:37884] [main] [host-log] (local-1) [host] [2026-08-19 23:56:29.289] [pid:35324] [zcode-host] [rpc:call] coding-plan-subscription.getCaptchaConfig OK (0.0ms)
[2026-08-19 23:56:29.516] [info] [pid:37884] [main] [host-log] (local-1) [host] [2026-08-19 23:56:29.516] [pid:35324] [usage-stats] billing/balance 请求完成 {"balanceCount":2,"balances":[{"entitlement_id":"ent_2_0817_glm_5p3","show_name":"GLM-5.3","total_units":3000000,"used_units":354012,"remaining_units":2645988,"available_units":2645988,"reserved_units":null},{"entitlement_id":"ent_2_0817_glm_5turbo","show_name":"GLM-5-Turbo","total_units":2000000,"used_units":188762,"remaining_units":1811238,"available_units":1811238,"reserved_units":null}],"code":0,"durationMs":265,"msg":"","payload":{"code":0,"msg":"","data":{"server_time":1787154989,"plans":[{"user_plan_id":"upl_2089944584870027264","plan_id":"zcode-v3-start-plan-0817","name":"ZCode Start Plan","description":"免费 GLM 旗舰模型体验","priority":90,"status":"active","starts_at":1787116592,"ends_at":1787500799,"entitlements":[{"entitlement_id":"ent_2_0817_glm_5p3","show_name":"GLM-5.3","meter":"model_usage","unit_type":"token","capabilities":["model:glm-5.3"],"grant_units":3000000,"period":"daily","priority":110},{"entitlement_id":"ent_2_0817_glm_5turbo","show_name":"GLM-5-Turbo","meter":"model_usage","unit_type":"token","capabilities":["model:GLM-5-Turbo"],"grant_units":2000000,"period":"daily","priority":80}]}],"balances":[{"bucket_id":"bucket_2089944584886804480","user_plan_id":"upl_2089944584870027264","plan_id":"zcode-v3-start-plan-0817","entitlement_id":"ent_2_0817_glm_5p3","show_name":"GLM-5.3","meter":"model_usage","unit_type":"token","capabilities":["model:glm-5.3"],"priority":110,"plan_priority":90,"entitlement_priority":110,"total_units":3000000,"used_units":354012,"remaining_units":2645988,"available_units":2645988,"period_start":1787068800,"period_end":1787155199,"expires_at":1787155199},{"bucket_id":"bucket_2089944584895193088","user_plan_id":"upl_2089944584870027264","plan_id":"zcode-v3-start-plan-0817","entitlement_id":"ent_2_0817_glm_5turbo","show_name":"GLM-5-Turbo","meter":"model_usage","unit_type":"token","capabilities":["model:GLM-5-Turbo"],"priority":80,"plan_priority":90,"entitlement_priority":80,"total_units":2000000,"used_units":188762,"remaining_units":1811238,"available_units":1811238,"period_start":1787068800,"period_end":1787155199,"expires_at":1787155199}]}},"planCount":1,"plans":[{"name":"ZCode Start Plan","plan_id":"zcode-v3-start-plan-0817","status":"active"}],"providerId":"builtin:zai-start-plan","success":true,"url":"https://zcode.z.ai/api/v1/zcode-plan/billing/balance?app_version=3.8.1"}
[2026-08-19 23:56:29.517] [info] [pid:37884] [main] [host-log] (local-1) [host] [2026-08-19 23:56:29.516] [pid:35324] [zcode-host] [rpc:call] usage-stats.getEntitlementSnapshot OK (283.8ms)
[2026-08-19 23:56:30.215] [info] [pid:37884] [main] [host-log] (local-1) [host] [2026-08-19 23:56:30.214] [pid:35324] [zcode-agent-service] 完成同步当前模型 runtime config 到 ZCode agent {"applyModelSelection":false,"appliedModelRuntimeRevision":"model-runtime:66de76ae3793ec183c188b6b","changed":true,"model":"builtin:zai-start-plan/GLM-5.3$max","runtimeBaseURL":"https://zcode.z.ai/api/v1/zcode-plan/anthropic","runtimeProviderId":"builtin:zai-start-plan","sessionId":"sess_ea9ef013-441a-47dd-a8d8-fed7e9bdde79","workspaceKey":"C:\\Users\\llh04\\.zcode\\workspace\\default","workspacePath":"C:\\Users\\llh04\\.zcode\\workspace\\default"}
[2026-08-19 23:56:30.216] [info] [pid:37884] [main] [host-log] (local-1) [host] [2026-08-19 23:56:30.215] [pid:35324] [zcode-host] [rpc:call] zcode-agent.respondProviderRuntimeHeaders OK (115.8ms)
[2026-08-19 23:56:30.219] [info] [pid:37884] [main] [host-log] (local-1) [host] [2026-08-19 23:56:30.219] [pid:35324] [zcode-host] [rpc:call] window-controller.listTaskList OK (0.0ms)
[2026-08-19 23:56:34.367] [info] [pid:37884] [main] [host-log] (local-1) [host] [2026-08-19 23:56:34.366] [pid:35324] [zcode-host] [rpc:call] off-peak-task.list OK (0.2ms)
[2026-08-19 23:56:36.380] [info] [pid:37884] [main] [host-log] (local-1) [host] [2026-08-19 23:56:36.380] [pid:35324] [zcode-host] [rpc:call] window-controller.listTaskList OK (0.1ms)
[2026-08-19 23:56:36.397] [info] [pid:37884] [main] [host-log] (local-1) [host] [2026-08-19 23:56:36.397] [pid:35324] [zcode-host] [rpc:call] window-controller.listTaskList OK (0.1ms)
[2026-08-19 23:56:36.401] [info] [pid:37884] [main] [host-log] (local-1) [host] [2026-08-19 23:56:36.401] [pid:35324] [zcode-host] [rpc:call] window-controller.listTaskList OK (0.1ms)
[2026-08-19 23:56:36.406] [info] [pid:37884] [main] [host-log] (local-1) [host] [2026-08-19 23:56:36.406] [pid:35324] [zcode-host] [rpc:call] window-controller.listTaskList OK (0.1ms)
[2026-08-19 23:56:36.410] [info] [pid:37884] [main] [host-log] (local-1) [host] [2026-08-19 23:56:36.410] [pid:35324] [zcode-host] [rpc:call] window-controller.listTaskList OK (0.0ms)
[2026-08-19 23:56:36.412] [info] [pid:37884] [main] [host-log] (local-1) [host] [2026-08-19 23:56:36.412] [pid:35324] [zcode-host] [rpc:call] window-controller.listTaskList OK (0.1ms)
[2026-08-19 23:56:36.414] [info] [pid:37884] [main] [host-log] (local-1) [host] [2026-08-19 23:56:36.415] [pid:35324] [zcode-host] [rpc:call] window-controller.listTaskList OK (0.1ms)
[2026-08-19 23:56:36.445] [info] [pid:37884] [main] [host-log] (local-1) [host] [2026-08-19 23:56:36.445] [pid:35324] [zcode-host] [rpc:call] window-controller.listTaskList OK (0.0ms)
[2026-08-19 23:56:36.447] [info] [pid:37884] [main] [host-log] (local-1) [host] [2026-08-19 23:56:36.447] [pid:35324] [zcode-host] [rpc:call] window-controller.listTaskList OK (0.1ms)
[2026-08-19 23:56:36.449] [info] [pid:37884] [main] [host-log] (local-1) [host] [2026-08-19 23:56:36.449] [pid:35324] [zcode-host] [rpc:call] window-controller.listTaskList OK (0.0ms)
[2026-08-19 23:56:36.459] [info] [pid:37884] [main] [host-log] (local-1) [host] [2026-08-19 23:56:36.459] [pid:35324] [zcode-host] [rpc:call] window-controller.listTaskList OK (0.0ms)
[2026-08-19 23:56:36.460] [info] [pid:37884] [main] [host-log] (local-1) [host] [2026-08-19 23:56:36.460] [pid:35324] [zcode-agent-service][trace:d122e5a0-db94-45e5-b99f-578813767a1b] 收到 ZCode provider runtime headers 请求 {"modelId":"GLM-5.3","providerId":"builtin:zai-start-plan","requestId":"sess_ea9ef013-441a-47dd-a8d8-fed7e9bdde79:provider-runtime-headers:1787154996460","sessionId":"sess_ea9ef013-441a-47dd-a8d8-fed7e9bdde79","turnId":"turn_0304334b-dec8-4217-8417-b5db224cdafa","workspaceKey":"C:\\Users\\llh04\\.zcode\\workspace\\default","workspacePath":"C:\\Users\\llh04\\.zcode\\workspace\\default"}
[2026-08-19 23:56:36.466] [info] [pid:37884] [main] [host-log] (local-1) [host] [2026-08-19 23:56:36.466] [pid:35324] [zcode-host] [rpc:call] model-provider.getAllCached OK (5.5ms)
[2026-08-19 23:56:37.043] [info] [pid:37884] [main] [host-log] (local-1) [host] [2026-08-19 23:56:37.043] [pid:35324] [zcode-agent-service] 完成同步当前模型 runtime config 到 ZCode agent {"applyModelSelection":false,"appliedModelRuntimeRevision":"model-runtime:2d521f7c60c57802ba71570f","changed":true,"model":"builtin:zai-start-plan/GLM-5.3$max","runtimeBaseURL":"https://zcode.z.ai/api/v1/zcode-plan/anthropic","runtimeProviderId":"builtin:zai-start-plan","sessionId":"sess_ea9ef013-441a-47dd-a8d8-fed7e9bdde79","workspaceKey":"C:\\Users\\llh04\\.zcode\\workspace\\default","workspacePath":"C:\\Users\\llh04\\.zcode\\workspace\\default"}
[2026-08-19 23:56:37.044] [info] [pid:37884] [main] [host-log] (local-1) [host] [2026-08-19 23:56:37.043] [pid:35324] [zcode-host] [rpc:call] zcode-agent.respondProviderRuntimeHeaders OK (107.2ms)
[2026-08-19 23:56:37.047] [info] [pid:37884] [main] [host-log] (local-1) [host] [2026-08-19 23:56:37.047] [pid:35324] [zcode-host] [rpc:call] window-controller.listTaskList OK (0.1ms)
[2026-08-19 23:56:44.388] [warn] [pid:37884] [main] [host-log] (local-1) [host] [2026-08-19 23:56:44.387] [pid:35324] [zcode-host] [rpc:call] coding-plan-subscription.getEnterprisePricing FAIL (60598.4ms) {"name":"ApiError","message":"terminated","stack":"ApiError: terminated\n    at readApiJson (file:///D:/zcode/resources/app.asar/out/host/index.js:1171:28436)\n    at process.processTicksAndRejections (node:internal/process/task_queues:104:5)\n    at async readCodingPlanApiJson (file:///D:/zcode/resources/app.asar/out/host/index.js:1173:25178)\n    at async fw.get (file:///D:/zcode/resources/app.asar/out/host/index.js:1173:14160)\n    at async fw.getEnterprisePricing (file:///D:/zcode/resources/app.asar/out/host/index.js:1173:12773)\n    at async NetworkTelemetryServerChannel.call (file:///D:/zcode/resources/app.asar/out/host/chunk-LVLFJXEE.js:3:3483)\n    at async LoggingServerChannel.call (file:///D:/zcode/resources/app.asar/out/host/chunk-LVLFJXEE.js:3:1922)","cause":{"name":"TypeError","message":"terminated","stack":"TypeError: terminated\n    at Fetch.onAborted (node:internal/deps/undici/undici:12826:53)\n    at Fetch.emit (node:events:508:28)\n    at Fetch.terminate (node:internal/deps/undici/undici:11963:14)\n    at Object.onError (node:internal/deps/undici/undici:12950:38)\n    at Request.onError (node:internal/deps/undici/undici:3015:31)\n    at Object.errorRequest (node:internal/deps/undici/undici:1887:17)\n    at TLSSocket.onHttpSocketClose (node:internal/deps/undici/undici:7661:14)\n    at TLSSocket.emit (node:events:520:35)\n    at node:net:346:12\n    at TCP.done (node:internal/tls/wrap:667:7)","cause":{"name":"Error","message":"read ECONNRESET","stack":"Error: read ECONNRESET\n    at TLSWrap.onStreamRead (node:internal/stream_base_commons:216:20)"}}}
[2026-08-19 23:56:44.802] [info] [pid:37884] [main] [host-log] (local-1) [host] [2026-08-19 23:56:44.801] [pid:35324] [zcode-host] [rpc:call] window-controller.listTaskList OK (0.1ms)
[2026-08-19 23:56:44.809] [info] [pid:37884] [main] [host-log] (local-1) [host] [2026-08-19 23:56:44.808] [pid:35324] [zcode-host] [rpc:call] window-controller.listTaskList OK (0.1ms)
[2026-08-19 23:56:44.820] [info] [pid:37884] [main] [host-log] (local-1) [host] [2026-08-19 23:56:44.819] [pid:35324] [zcode-host] [rpc:call] window-controller.listTaskList OK (0.1ms)
[2026-08-19 23:56:44.822] [info] [pid:37884] [main] [host-log] (local-1) [host] [2026-08-19 23:56:44.821] [pid:35324] [zcode-host] [rpc:call] window-controller.listTaskList OK (0.0ms)
[2026-08-19 23:56:44.825] [info] [pid:37884] [main] [host-log] (local-1) [host] [2026-08-19 23:56:44.824] [pid:35324] [zcode-host] [rpc:call] window-controller.listTaskList OK (0.1ms)
[2026-08-19 23:56:44.828] [info] [pid:37884] [main] [host-log] (local-1) [host] [2026-08-19 23:56:44.827] [pid:35324] [zcode-host] [rpc:call] window-controller.listTaskList OK (0.1ms)
[2026-08-19 23:56:45.604] [info] [pid:37884] [main] [host-log] (local-1) [host] [2026-08-19 23:56:45.603] [pid:35324] [zcode-host] [rpc:call] window-controller.listTaskList OK (0.0ms)
[2026-08-19 23:56:45.606] [info] [pid:37884] [main] [host-log] (local-1) [host] [2026-08-19 23:56:45.605] [pid:35324] [zcode-host] [rpc:call] window-controller.listTaskList OK (0.1ms)
[2026-08-19 23:56:45.622] [info] [pid:37884] [main] [host-log] (local-1) [host] [2026-08-19 23:56:45.609] [pid:35324] [zcode-host] [rpc:call] window-controller.listTaskList OK (0.1ms)
[2026-08-19 23:56:45.627] [info] [pid:37884] [main] [host-log] (local-1) [host] [2026-08-19 23:56:45.611] [pid:35324] [zcode-host] [rpc:call] window-controller.listTaskList OK (0.1ms)
[2026-08-19 23:56:45.628] [info] [pid:37884] [main] [host-log] (local-1) [host] [2026-08-19 23:56:45.616] [pid:35324] [zcode-host] [rpc:call] window-controller.listTaskList OK (0.1ms)
[2026-08-19 23:56:45.628] [info] [pid:37884] [main] [host-log] (local-1) [host] [2026-08-19 23:56:45.618] [pid:35324] [zcode-agent-service][trace:d122e5a0-db94-45e5-b99f-578813767a1b] 收到 ZCode provider runtime headers 请求 {"modelId":"GLM-5.3","providerId":"builtin:zai-start-plan","requestId":"sess_ea9ef013-441a-47dd-a8d8-fed7e9bdde79:provider-runtime-headers:1787155005618","sessionId":"sess_ea9ef013-441a-47dd-a8d8-fed7e9bdde79","turnId":"turn_0304334b-dec8-4217-8417-b5db224cdafa","workspaceKey":"C:\\Users\\llh04\\.zcode\\workspace\\default","workspacePath":"C:\\Users\\llh04\\.zcode\\workspace\\default"}
[2026-08-19 23:56:45.629] [info] [pid:37884] [main] [host-log] (local-1) [host] [2026-08-19 23:56:45.628] [pid:35324] [zcode-host] [rpc:call] model-provider.getAllCached OK (10.0ms)
[2026-08-19 23:56:46.190] [info] [pid:37884] [main] [host-log] (local-1) [host] [2026-08-19 23:56:46.189] [pid:35324] [zcode-agent-service] 完成同步当前模型 runtime config 到 ZCode agent {"applyModelSelection":false,"appliedModelRuntimeRevision":"model-runtime:e48ed310feb0ea6c16bb72a3","changed":true,"model":"builtin:zai-start-plan/GLM-5.3$max","runtimeBaseURL":"https://zcode.z.ai/api/v1/zcode-plan/anthropic","runtimeProviderId":"builtin:zai-start-plan","sessionId":"sess_ea9ef013-441a-47dd-a8d8-fed7e9bdde79","workspaceKey":"C:\\Users\\llh04\\.zcode\\workspace\\default","workspacePath":"C:\\Users\\llh04\\.zcode\\workspace\\default"}
[2026-08-19 23:56:46.191] [info] [pid:37884] [main] [host-log] (local-1) [host] [2026-08-19 23:56:46.189] [pid:35324] [zcode-host] [rpc:call] zcode-agent.respondProviderRuntimeHeaders OK (114.7ms)
[2026-08-19 23:56:46.194] [info] [pid:37884] [main] [host-log] (local-1) [host] [2026-08-19 23:56:46.193] [pid:35324] [zcode-host] [rpc:call] window-controller.listTaskList OK (0.1ms)
[2026-08-19 23:56:51.319] [info] [pid:37884] [main] [host-log] (local-1) [host] [2026-08-19 23:56:51.318] [pid:35324] [zcode-host] [rpc:call] window-controller.listTaskList OK (0.0ms)
[2026-08-19 23:56:51.328] [info] [pid:37884] [main] [host-log] (local-1) [host] [2026-08-19 23:56:51.327] [pid:35324] [zcode-host] [rpc:call] window-controller.listTaskList OK (0.1ms)
[2026-08-19 23:56:51.333] [info] [pid:37884] [main] [host-log] (local-1) [host] [2026-08-19 23:56:51.331] [pid:35324] [zcode-host] [rpc:call] window-controller.listTaskList OK (0.1ms)
[2026-08-19 23:56:51.335] [info] [pid:37884] [main] [host-log] (local-1) [host] [2026-08-19 23:56:51.334] [pid:35324] [zcode-host] [rpc:call] window-controller.listTaskList OK (0.1ms)
[2026-08-19 23:56:51.337] [info] [pid:37884] [main] [host-log] (local-1) [host] [2026-08-19 23:56:51.336] [pid:35324] [zcode-host] [rpc:call] window-controller.listTaskList OK (0.1ms)
[2026-08-19 23:56:51.340] [info] [pid:37884] [main] [host-log] (local-1) [host] [2026-08-19 23:56:51.338] [pid:35324] [zcode-host] [rpc:call] window-controller.listTaskList OK (0.1ms)
[2026-08-19 23:56:51.342] [info] [pid:37884] [main] [host-log] (local-1) [host] [2026-08-19 23:56:51.341] [pid:35324] [zcode-host] [rpc:call] window-controller.listTaskList OK (0.1ms)
[2026-08-19 23:56:52.099] [info] [pid:37884] [main] [host-log] (local-1) [host] [2026-08-19 23:56:52.098] [pid:35324] [zcode-host] [rpc:call] window-controller.listTaskList OK (0.1ms)
[2026-08-19 23:56:52.101] [info] [pid:37884] [main] [host-log] (local-1) [host] [2026-08-19 23:56:52.100] [pid:35324] [zcode-host] [rpc:call] window-controller.listTaskList OK (0.1ms)
[2026-08-19 23:56:52.103] [info] [pid:37884] [main] [host-log] (local-1) [host] [2026-08-19 23:56:52.101] [pid:35324] [zcode-agent-service][trace:d122e5a0-db94-45e5-b99f-578813767a1b] 收到 ZCode provider runtime headers 请求 {"modelId":"GLM-5.3","providerId":"builtin:zai-start-plan","requestId":"sess_ea9ef013-441a-47dd-a8d8-fed7e9bdde79:provider-runtime-headers:1787155012102","sessionId":"sess_ea9ef013-441a-47dd-a8d8-fed7e9bdde79","turnId":"turn_0304334b-dec8-4217-8417-b5db224cdafa","workspaceKey":"C:\\Users\\llh04\\.zcode\\workspace\\default","workspacePath":"C:\\Users\\llh04\\.zcode\\workspace\\default"}
[2026-08-19 23:56:52.103] [info] [pid:37884] [main] [host-log] (local-1) [host] [2026-08-19 23:56:52.102] [pid:35324] [zcode-host] [rpc:call] window-controller.listTaskList OK (0.0ms)
[2026-08-19 23:56:52.105] [info] [pid:37884] [main] [host-log] (local-1) [host] [2026-08-19 23:56:52.104] [pid:35324] [zcode-host] [rpc:call] window-controller.listTaskList OK (0.1ms)
[2026-08-19 23:56:52.107] [info] [pid:37884] [main] [host-log] (local-1) [host] [2026-08-19 23:56:52.106] [pid:35324] [zcode-host] [rpc:call] window-controller.listTaskList OK (0.0ms)
[2026-08-19 23:56:52.116] [info] [pid:37884] [main] [host-log] (local-1) [host] [2026-08-19 23:56:52.115] [pid:35324] [zcode-host] [rpc:call] model-provider.getAllCached OK (8.9ms)
[2026-08-19 23:56:52.887] [info] [pid:37884] [main] [host-log] (local-1) [host] [2026-08-19 23:56:52.886] [pid:35324] [zcode-agent-service] 完成同步当前模型 runtime config 到 ZCode agent {"applyModelSelection":false,"appliedModelRuntimeRevision":"model-runtime:02e19ecccf4624415fedb7d8","changed":true,"model":"builtin:zai-start-plan/GLM-5.3$max","runtimeBaseURL":"https://zcode.z.ai/api/v1/zcode-plan/anthropic","runtimeProviderId":"builtin:zai-start-plan","sessionId":"sess_ea9ef013-441a-47dd-a8d8-fed7e9bdde79","workspaceKey":"C:\\Users\\llh04\\.zcode\\workspace\\default","workspacePath":"C:\\Users\\llh04\\.zcode\\workspace\\default"}
[2026-08-19 23:56:52.888] [info] [pid:37884] [main] [host-log] (local-1) [host] [2026-08-19 23:56:52.886] [pid:35324] [zcode-host] [rpc:call] zcode-agent.respondProviderRuntimeHeaders OK (117.2ms)
[2026-08-19 23:56:52.893] [info] [pid:37884] [main] [host-log] (local-1) [host] [2026-08-19 23:56:52.892] [pid:35324] [zcode-host] [rpc:call] window-controller.listTaskList OK (0.1ms)
[2026-08-19 23:57:00.874] [info] [pid:37884] [main] [host-log] (local-1) [host] [2026-08-19 23:57:00.873] [pid:35324] [zcode-host] [rpc:call] window-controller.listTaskList OK (0.0ms)
[2026-08-19 23:57:00.880] [info] [pid:37884] [main] [host-log] (local-1) [host] [2026-08-19 23:57:00.879] [pid:35324] [zcode-host] [rpc:call] window-controller.listTaskList OK (0.1ms)
[2026-08-19 23:57:00.882] [info] [pid:37884] [main] [host-log] (local-1) [host] [2026-08-19 23:57:00.881] [pid:35324] [zcode-host] [rpc:call] window-controller.listTaskList OK (0.1ms)
[2026-08-19 23:57:00.885] [info] [pid:37884] [main] [host-log] (local-1) [host] [2026-08-19 23:57:00.884] [pid:35324] [zcode-host] [rpc:call] window-controller.listTaskList OK (0.0ms)
[2026-08-19 23:57:00.888] [info] [pid:37884] [main] [host-log] (local-1) [host] [2026-08-19 23:57:00.887] [pid:35324] [zcode-host] [rpc:call] window-controller.listTaskList OK (0.0ms)
[2026-08-19 23:57:00.890] [info] [pid:37884] [main] [host-log] (local-1) [host] [2026-08-19 23:57:00.889] [pid:35324] [zcode-host] [rpc:call] window-controller.listTaskList OK (0.1ms)
[2026-08-19 23:57:01.035] [info] [pid:37884] [main] [host-log] (local-1) [host] [2026-08-19 23:57:01.034] [pid:35324] [zcode-host] [rpc:call] window-controller.listTaskList OK (0.0ms)
[2026-08-19 23:57:01.037] [info] [pid:37884] [main] [host-log] (local-1) [host] [2026-08-19 23:57:01.036] [pid:35324] [zcode-host] [rpc:call] window-controller.listTaskList OK (0.0ms)
[2026-08-19 23:57:01.043] [info] [pid:37884] [main] [host-log] (local-1) [host] [2026-08-19 23:57:01.042] [pid:35324] [zcode-host] [rpc:call] window-controller.listTaskList OK (0.4ms)
[2026-08-19 23:57:01.045] [info] [pid:37884] [main] [host-log] (local-1) [host] [2026-08-19 23:57:01.044] [pid:35324] [zcode-host] [rpc:call] window-controller.listTaskList OK (0.1ms)
[2026-08-19 23:57:01.047] [info] [pid:37884] [main] [host-log] (local-1) [host] [2026-08-19 23:57:01.046] [pid:35324] [zcode-host] [rpc:call] window-controller.listTaskList OK (0.0ms)
[2026-08-19 23:57:01.050] [info] [pid:37884] [main] [host-log] (local-1) [host] [2026-08-19 23:57:01.049] [pid:35324] [zcode-host] [rpc:call] window-controller.listTaskList OK (0.0ms)
[2026-08-19 23:57:01.099] [info] [pid:37884] [main] [host-log] (local-1) [host] [2026-08-19 23:57:01.098] [pid:35324] [zcode-host] [rpc:call] window-controller.listTaskList OK (0.0ms)
[2026-08-19 23:57:01.105] [info] [pid:37884] [main] [host-log] (local-1) [host] [2026-08-19 23:57:01.104] [pid:35324] [zcode-host] [rpc:call] window-controller.listTaskList OK (0.1ms)
[2026-08-19 23:57:01.112] [info] [pid:37884] [main] [host-log] (local-1) [host] [2026-08-19 23:57:01.111] [pid:35324] [zcode-host] [rpc:call] window-controller.listTaskList OK (0.1ms)
[2026-08-19 23:57:01.114] [info] [pid:37884] [main] [host-log] (local-1) [host] [2026-08-19 23:57:01.113] [pid:35324] [zcode-host] [rpc:call] window-controller.listTaskList OK (0.1ms)
[2026-08-19 23:57:01.117] [info] [pid:37884] [main] [host-log] (local-1) [host] [2026-08-19 23:57:01.115] [pid:35324] [zcode-host] [rpc:call] window-controller.listTaskList OK (0.1ms)
[2026-08-19 23:57:01.119] [info] [pid:37884] [main] [host-log] (local-1) [host] [2026-08-19 23:57:01.118] [pid:35324] [zcode-host] [rpc:call] window-controller.listTaskList OK (0.1ms)
[2026-08-19 23:57:01.127] [info] [pid:37884] [main] [host-log] (local-1) [host] [2026-08-19 23:57:01.125] [pid:35324] [zcode-host] [rpc:call] window-controller.listTaskList OK (0.1ms)
[2026-08-19 23:57:01.134] [info] [pid:37884] [main] [host-log] (local-1) [host] [2026-08-19 23:57:01.133] [pid:35324] [zcode-agent-service][trace:d122e5a0-db94-45e5-b99f-578813767a1b] 收到 ZCode provider runtime headers 请求 {"modelId":"GLM-5.3","providerId":"builtin:zai-start-plan","requestId":"sess_ea9ef013-441a-47dd-a8d8-fed7e9bdde79:provider-runtime-headers:1787155021133","sessionId":"sess_ea9ef013-441a-47dd-a8d8-fed7e9bdde79","turnId":"turn_0304334b-dec8-4217-8417-b5db224cdafa","workspaceKey":"C:\\Users\\llh04\\.zcode\\workspace\\default","workspacePath":"C:\\Users\\llh04\\.zcode\\workspace\\default"}
[2026-08-19 23:57:01.142] [info] [pid:37884] [main] [host-log] (local-1) [host] [2026-08-19 23:57:01.141] [pid:35324] [zcode-host] [rpc:call] model-provider.getAllCached OK (6.3ms)
[2026-08-19 23:57:01.723] [info] [pid:37884] [main] [host-log] (local-1) [host] [2026-08-19 23:57:01.722] [pid:35324] [zcode-agent-service] 完成同步当前模型 runtime config 到 ZCode agent {"applyModelSelection":false,"appliedModelRuntimeRevision":"model-runtime:900175dc729c01a5c71d0dda","changed":true,"model":"builtin:zai-start-plan/GLM-5.3$max","runtimeBaseURL":"https://zcode.z.ai/api/v1/zcode-plan/anthropic","runtimeProviderId":"builtin:zai-start-plan","sessionId":"sess_ea9ef013-441a-47dd-a8d8-fed7e9bdde79","workspaceKey":"C:\\Users\\llh04\\.zcode\\workspace\\default","workspacePath":"C:\\Users\\llh04\\.zcode\\workspace\\default"}
[2026-08-19 23:57:01.724] [info] [pid:37884] [main] [host-log] (local-1) [host] [2026-08-19 23:57:01.722] [pid:35324] [zcode-host] [rpc:call] zcode-agent.respondProviderRuntimeHeaders OK (111.3ms)
[2026-08-19 23:57:01.728] [info] [pid:37884] [main] [host-log] (local-1) [host] [2026-08-19 23:57:01.727] [pid:35324] [zcode-host] [rpc:call] window-controller.listTaskList OK (0.1ms)
[2026-08-19 23:57:04.369] [info] [pid:37884] [main] [host-log] (local-1) [host] [2026-08-19 23:57:04.366] [pid:35324] [zcode-host] [rpc:call] off-peak-task.list OK (0.2ms)
[2026-08-19 23:57:15.179] [info] [pid:37884] [main] [host-log] (local-1) [host] [2026-08-19 23:57:15.178] [pid:35324] [zcode-host] [rpc:call] window-controller.listTaskList OK (0.0ms)
[2026-08-19 23:57:15.188] [info] [pid:37884] [main] [host-log] (local-1) [host] [2026-08-19 23:57:15.187] [pid:35324] [zcode-host] [rpc:call] window-controller.listTaskList OK (0.0ms)
[2026-08-19 23:57:15.191] [info] [pid:37884] [main] [host-log] (local-1) [host] [2026-08-19 23:57:15.191] [pid:35324] [zcode-host] [rpc:call] window-controller.listTaskList OK (0.1ms)
[2026-08-19 23:57:15.195] [info] [pid:37884] [main] [host-log] (local-1) [host] [2026-08-19 23:57:15.194] [pid:35324] [zcode-host] [rpc:call] window-controller.listTaskList OK (0.1ms)
[2026-08-19 23:57:15.198] [info] [pid:37884] [main] [host-log] (local-1) [host] [2026-08-19 23:57:15.197] [pid:35324] [zcode-host] [rpc:call] window-controller.listTaskList OK (0.1ms)
[2026-08-19 23:57:15.202] [info] [pid:37884] [main] [host-log] (local-1) [host] [2026-08-19 23:57:15.201] [pid:35324] [zcode-host] [rpc:call] window-controller.listTaskList OK (0.1ms)
[2026-08-19 23:57:15.205] [info] [pid:37884] [main] [host-log] (local-1) [host] [2026-08-19 23:57:15.204] [pid:35324] [zcode-host] [rpc:call] window-controller.listTaskList OK (0.1ms)
[2026-08-19 23:57:16.006] [info] [pid:37884] [main] [host-log] (local-1) [host] [2026-08-19 23:57:16.005] [pid:35324] [zcode-host] [rpc:call] window-controller.listTaskList OK (0.0ms)
[2026-08-19 23:57:16.008] [info] [pid:37884] [main] [host-log] (local-1) [host] [2026-08-19 23:57:16.007] [pid:35324] [zcode-host] [rpc:call] window-controller.listTaskList OK (0.1ms)
[2026-08-19 23:57:16.010] [info] [pid:37884] [main] [host-log] (local-1) [host] [2026-08-19 23:57:16.010] [pid:35324] [zcode-host] [rpc:call] window-controller.listTaskList OK (0.0ms)
[2026-08-19 23:57:16.012] [info] [pid:37884] [main] [host-log] (local-1) [host] [2026-08-19 23:57:16.012] [pid:35324] [zcode-host] [rpc:call] window-controller.listTaskList OK (0.0ms)
[2026-08-19 23:57:16.018] [info] [pid:37884] [main] [host-log] (local-1) [host] [2026-08-19 23:57:16.017] [pid:35324] [zcode-host] [rpc:call] window-controller.listTaskList OK (0.1ms)
[2026-08-19 23:57:16.019] [info] [pid:37884] [main] [host-log] (local-1) [host] [2026-08-19 23:57:16.018] [pid:35324] [zcode-agent-service][trace:d122e5a0-db94-45e5-b99f-578813767a1b] 收到 ZCode provider runtime headers 请求 {"modelId":"GLM-5.3","providerId":"builtin:zai-start-plan","requestId":"sess_ea9ef013-441a-47dd-a8d8-fed7e9bdde79:provider-runtime-headers:1787155036018","sessionId":"sess_ea9ef013-441a-47dd-a8d8-fed7e9bdde79","turnId":"turn_0304334b-dec8-4217-8417-b5db224cdafa","workspaceKey":"C:\\Users\\llh04\\.zcode\\workspace\\default","workspacePath":"C:\\Users\\llh04\\.zcode\\workspace\\default"}
[2026-08-19 23:57:16.026] [info] [pid:37884] [main] [host-log] (local-1) [host] [2026-08-19 23:57:16.025] [pid:35324] [zcode-host] [rpc:call] model-provider.getAllCached OK (6.6ms)
[2026-08-19 23:57:16.592] [info] [pid:37884] [main] [host-log] (local-1) [host] [2026-08-19 23:57:16.591] [pid:35324] [zcode-agent-service] 完成同步当前模型 runtime config 到 ZCode agent {"applyModelSelection":false,"appliedModelRuntimeRevision":"model-runtime:d84f76aa316af478a88e1e47","changed":true,"model":"builtin:zai-start-plan/GLM-5.3$max","runtimeBaseURL":"https://zcode.z.ai/api/v1/zcode-plan/anthropic","runtimeProviderId":"builtin:zai-start-plan","sessionId":"sess_ea9ef013-441a-47dd-a8d8-fed7e9bdde79","workspaceKey":"C:\\Users\\llh04\\.zcode\\workspace\\default","workspacePath":"C:\\Users\\llh04\\.zcode\\workspace\\default"}
[2026-08-19 23:57:16.593] [info] [pid:37884] [main] [host-log] (local-1) [host] [2026-08-19 23:57:16.591] [pid:35324] [zcode-host] [rpc:call] zcode-agent.respondProviderRuntimeHeaders OK (109.0ms)
[2026-08-19 23:57:16.596] [info] [pid:37884] [main] [host-log] (local-1) [host] [2026-08-19 23:57:16.596] [pid:35324] [zcode-host] [rpc:call] window-controller.listTaskList OK (0.1ms)
[2026-08-19 23:57:25.952] [info] [pid:37884] [main] [host-log] (local-1) [host] [2026-08-19 23:57:25.951] [pid:35324] [zcode-host] [rpc:call] window-controller.listTaskList OK (0.0ms)
[2026-08-19 23:57:25.960] [info] [pid:37884] [main] [host-log] (local-1) [host] [2026-08-19 23:57:25.959] [pid:35324] [zcode-host] [rpc:call] window-controller.listTaskList OK (0.1ms)
[2026-08-19 23:57:25.964] [info] [pid:37884] [main] [host-log] (local-1) [host] [2026-08-19 23:57:25.963] [pid:35324] [zcode-host] [rpc:call] window-controller.listTaskList OK (0.1ms)
[2026-08-19 23:57:25.968] [info] [pid:37884] [main] [host-log] (local-1) [host] [2026-08-19 23:57:25.967] [pid:35324] [zcode-host] [rpc:call] window-controller.listTaskList OK (0.1ms)
[2026-08-19 23:57:25.970] [info] [pid:37884] [main] [host-log] (local-1) [host] [2026-08-19 23:57:25.969] [pid:35324] [zcode-host] [rpc:call] window-controller.listTaskList OK (0.1ms)
[2026-08-19 23:57:25.973] [info] [pid:37884] [main] [host-log] (local-1) [host] [2026-08-19 23:57:25.973] [pid:35324] [zcode-host] [rpc:call] window-controller.listTaskList OK (0.1ms)
[2026-08-19 23:57:25.977] [info] [pid:37884] [main] [host-log] (local-1) [host] [2026-08-19 23:57:25.976] [pid:35324] [zcode-host] [rpc:call] window-controller.listTaskList OK (0.1ms)
[2026-08-19 23:57:27.889] [info] [pid:37884] [main] [host-log] (local-1) [host] [2026-08-19 23:57:27.888] [pid:35324] [zcode-host] [rpc:call] window-controller.listTaskList OK (0.0ms)
[2026-08-19 23:57:27.891] [info] [pid:37884] [main] [host-log] (local-1) [host] [2026-08-19 23:57:27.890] [pid:35324] [zcode-host] [rpc:call] window-controller.listTaskList OK (0.1ms)
[2026-08-19 23:57:27.912] [info] [pid:37884] [main] [host-log] (local-1) [host] [2026-08-19 23:57:27.894] [pid:35324] [zcode-host] [rpc:call] window-controller.listTaskList OK (0.1ms)
[2026-08-19 23:57:27.913] [info] [pid:37884] [main] [host-log] (local-1) [host] [2026-08-19 23:57:27.897] [pid:35324] [zcode-host] [rpc:call] window-controller.listTaskList OK (0.1ms)
[2026-08-19 23:57:27.914] [info] [pid:37884] [main] [host-log] (local-1) [host] [2026-08-19 23:57:27.902] [pid:35324] [zcode-host] [rpc:call] window-controller.listTaskList OK (0.1ms)
[2026-08-19 23:57:27.914] [info] [pid:37884] [main] [host-log] (local-1) [host] [2026-08-19 23:57:27.904] [pid:35324] [zcode-agent-service][trace:d122e5a0-db94-45e5-b99f-578813767a1b] 收到 ZCode provider runtime headers 请求 {"modelId":"GLM-5.3","providerId":"builtin:zai-start-plan","requestId":"sess_ea9ef013-441a-47dd-a8d8-fed7e9bdde79:provider-runtime-headers:1787155047904","sessionId":"sess_ea9ef013-441a-47dd-a8d8-fed7e9bdde79","turnId":"turn_0304334b-dec8-4217-8417-b5db224cdafa","workspaceKey":"C:\\Users\\llh04\\.zcode\\workspace\\default","workspacePath":"C:\\Users\\llh04\\.zcode\\workspace\\default"}
[2026-08-19 23:57:27.914] [info] [pid:37884] [main] [host-log] (local-1) [host] [2026-08-19 23:57:27.911] [pid:35324] [zcode-host] [rpc:call] model-provider.getAllCached OK (6.5ms)
[2026-08-19 23:57:28.486] [info] [pid:37884] [main] [host-log] (local-1) [host] [2026-08-19 23:57:28.485] [pid:35324] [zcode-agent-service] 完成同步当前模型 runtime config 到 ZCode agent {"applyModelSelection":false,"appliedModelRuntimeRevision":"model-runtime:edf6e69cc783633a15d5fa04","changed":true,"model":"builtin:zai-start-plan/GLM-5.3$max","runtimeBaseURL":"https://zcode.z.ai/api/v1/zcode-plan/anthropic","runtimeProviderId":"builtin:zai-start-plan","sessionId":"sess_ea9ef013-441a-47dd-a8d8-fed7e9bdde79","workspaceKey":"C:\\Users\\llh04\\.zcode\\workspace\\default","workspacePath":"C:\\Users\\llh04\\.zcode\\workspace\\default"}
[2026-08-19 23:57:28.487] [info] [pid:37884] [main] [host-log] (local-1) [host] [2026-08-19 23:57:28.485] [pid:35324] [zcode-host] [rpc:call] zcode-agent.respondProviderRuntimeHeaders OK (112.7ms)
[2026-08-19 23:57:28.490] [info] [pid:37884] [main] [host-log] (local-1) [host] [2026-08-19 23:57:28.489] [pid:35324] [zcode-host] [rpc:call] window-controller.listTaskList OK (0.0ms)
[2026-08-19 23:57:34.172] [info] [pid:37884] [main] [host-log] (local-1) [host] [2026-08-19 23:57:34.171] [pid:35324] [zcode-host] [rpc:call] window-controller.listTaskList OK (0.1ms)
[2026-08-19 23:57:34.178] [info] [pid:37884] [main] [host-log] (local-1) [host] [2026-08-19 23:57:34.177] [pid:35324] [zcode-host] [rpc:call] window-controller.listTaskList OK (0.2ms)
[2026-08-19 23:57:34.185] [info] [pid:37884] [main] [host-log] (local-1) [host] [2026-08-19 23:57:34.184] [pid:35324] [zcode-host] [rpc:call] window-controller.listTaskList OK (0.1ms)
[2026-08-19 23:57:34.192] [info] [pid:37884] [main] [host-log] (local-1) [host] [2026-08-19 23:57:34.190] [pid:35324] [zcode-host] [rpc:call] window-controller.listTaskList OK (0.1ms)
[2026-08-19 23:57:34.198] [info] [pid:37884] [main] [host-log] (local-1) [host] [2026-08-19 23:57:34.197] [pid:35324] [zcode-host] [rpc:call] window-controller.listTaskList OK (0.1ms)
[2026-08-19 23:57:34.200] [info] [pid:37884] [main] [host-log] (local-1) [host] [2026-08-19 23:57:34.199] [pid:35324] [zcode-host] [rpc:call] window-controller.listTaskList OK (0.1ms)
[2026-08-19 23:57:34.203] [info] [pid:37884] [main] [host-log] (local-1) [host] [2026-08-19 23:57:34.202] [pid:35324] [zcode-host] [rpc:call] window-controller.listTaskList OK (0.1ms)
[2026-08-19 23:57:34.371] [info] [pid:37884] [main] [host-log] (local-1) [host] [2026-08-19 23:57:34.370] [pid:35324] [zcode-host] [rpc:call] off-peak-task.list OK (0.2ms)
[2026-08-19 23:57:34.889] [info] [pid:37884] [main] [host-log] (local-1) [host] [2026-08-19 23:57:34.888] [pid:35324] [zcode-host] [rpc:call] window-controller.listTaskList OK (0.1ms)
[2026-08-19 23:57:34.891] [info] [pid:37884] [main] [host-log] (local-1) [host] [2026-08-19 23:57:34.890] [pid:35324] [zcode-host] [rpc:call] window-controller.listTaskList OK (0.1ms)
[2026-08-19 23:57:34.894] [info] [pid:37884] [main] [host-log] (local-1) [host] [2026-08-19 23:57:34.893] [pid:35324] [zcode-host] [rpc:call] window-controller.listTaskList OK (0.1ms)
[2026-08-19 23:57:34.897] [info] [pid:37884] [main] [host-log] (local-1) [host] [2026-08-19 23:57:34.896] [pid:35324] [zcode-host] [rpc:call] window-controller.listTaskList OK (0.1ms)
[2026-08-19 23:57:34.903] [info] [pid:37884] [main] [host-log] (local-1) [host] [2026-08-19 23:57:34.902] [pid:35324] [zcode-agent-service][trace:d122e5a0-db94-45e5-b99f-578813767a1b] 收到 ZCode provider runtime headers 请求 {"modelId":"GLM-5.3","providerId":"builtin:zai-start-plan","requestId":"sess_ea9ef013-441a-47dd-a8d8-fed7e9bdde79:provider-runtime-headers:1787155054902","sessionId":"sess_ea9ef013-441a-47dd-a8d8-fed7e9bdde79","turnId":"turn_0304334b-dec8-4217-8417-b5db224cdafa","workspaceKey":"C:\\Users\\llh04\\.zcode\\workspace\\default","workspacePath":"C:\\Users\\llh04\\.zcode\\workspace\\default"}
[2026-08-19 23:57:34.904] [info] [pid:37884] [main] [host-log] (local-1) [host] [2026-08-19 23:57:34.903] [pid:35324] [zcode-host] [rpc:call] window-controller.listTaskList OK (0.1ms)
[2026-08-19 23:57:34.913] [info] [pid:37884] [main] [host-log] (local-1) [host] [2026-08-19 23:57:34.912] [pid:35324] [zcode-host] [rpc:call] model-provider.getAllCached OK (7.1ms)
[2026-08-19 23:57:34.914] [info] [pid:37884] [main] [host-log] (local-1) [host] [2026-08-19 23:57:34.913] [pid:35324] [zcode-host] [rpc:call] coding-plan-subscription.getCaptchaConfig OK (0.0ms)
[2026-08-19 23:57:35.567] [info] [pid:37884] [main] [host-log] (local-1) [host] [2026-08-19 23:57:35.566] [pid:35324] [zcode-agent-service] 完成同步当前模型 runtime config 到 ZCode agent {"applyModelSelection":false,"appliedModelRuntimeRevision":"model-runtime:cdbd13ef85632c458b7dd1e1","changed":true,"model":"builtin:zai-start-plan/GLM-5.3$max","runtimeBaseURL":"https://zcode.z.ai/api/v1/zcode-plan/anthropic","runtimeProviderId":"builtin:zai-start-plan","sessionId":"sess_ea9ef013-441a-47dd-a8d8-fed7e9bdde79","workspaceKey":"C:\\Users\\llh04\\.zcode\\workspace\\default","workspacePath":"C:\\Users\\llh04\\.zcode\\workspace\\default"}
[2026-08-19 23:57:35.568] [info] [pid:37884] [main] [host-log] (local-1) [host] [2026-08-19 23:57:35.566] [pid:35324] [zcode-host] [rpc:call] zcode-agent.respondProviderRuntimeHeaders OK (114.1ms)
[2026-08-19 23:57:35.573] [info] [pid:37884] [main] [host-log] (local-1) [host] [2026-08-19 23:57:35.572] [pid:35324] [zcode-host] [rpc:call] window-controller.listTaskList OK (0.1ms)
[2026-08-19 23:57:37.944] [info] [pid:37884] [main] [host-log] (local-1) [host] [2026-08-19 23:57:37.943] [pid:35324] [zcode-host] [rpc:call] window-controller.listTaskList OK (0.0ms)
[2026-08-19 23:57:37.952] [info] [pid:37884] [main] [host-log] (local-1) [host] [2026-08-19 23:57:37.951] [pid:35324] [zcode-host] [rpc:call] window-controller.listTaskList OK (0.0ms)
[2026-08-19 23:57:37.954] [info] [pid:37884] [main] [host-log] (local-1) [host] [2026-08-19 23:57:37.953] [pid:35324] [zcode-agent-service][trace:d122e5a0-db94-45e5-b99f-578813767a1b] 开始请求 ZCode Protocol session/resume {"hasRuntimeModel":true,"mcpServerCount":0,"mcpServerNames":[],"modelHint":null,"runtimeModel":{"apiFormat":"anthropic-messages","baseURL":"https://zcode.z.ai/api/v1/zcode-plan/anthropic","kind":"anthropic","model":"builtin:zai-start-plan/GLM-5.3","providerId":"builtin:zai-start-plan","revision":"model-runtime:15e09441d0edf89cce53314d","thoughtLevel":"max"},"sessionId":"sess_ea9ef013-441a-47dd-a8d8-fed7e9bdde79","workspaceKey":"C:\\Users\\llh04\\.zcode\\workspace\\default","workspacePath":"C:\\Users\\llh04\\.zcode\\workspace\\default"}
[2026-08-19 23:57:38.266] [info] [pid:37884] [main] [host-log] (local-1) [host] [2026-08-19 23:57:38.265] [pid:35324] [usage-stats] billing/balance 请求完成 {"balanceCount":2,"balances":[{"entitlement_id":"ent_2_0817_glm_5p3","show_name":"GLM-5.3","total_units":3000000,"used_units":532280,"remaining_units":2467720,"available_units":2467720,"reserved_units":null},{"entitlement_id":"ent_2_0817_glm_5turbo","show_name":"GLM-5-Turbo","total_units":2000000,"used_units":188762,"remaining_units":1811238,"available_units":1811238,"reserved_units":null}],"code":0,"durationMs":251,"msg":"","payload":{"code":0,"msg":"","data":{"server_time":1787155058,"plans":[{"user_plan_id":"upl_2089944584870027264","plan_id":"zcode-v3-start-plan-0817","name":"ZCode Start Plan","description":"免费 GLM 旗舰模型体验","priority":90,"status":"active","starts_at":1787116592,"ends_at":1787500799,"entitlements":[{"entitlement_id":"ent_2_0817_glm_5p3","show_name":"GLM-5.3","meter":"model_usage","unit_type":"token","capabilities":["model:glm-5.3"],"grant_units":3000000,"period":"daily","priority":110},{"entitlement_id":"ent_2_0817_glm_5turbo","show_name":"GLM-5-Turbo","meter":"model_usage","unit_type":"token","capabilities":["model:GLM-5-Turbo"],"grant_units":2000000,"period":"daily","priority":80}]}],"balances":[{"bucket_id":"bucket_2089944584886804480","user_plan_id":"upl_2089944584870027264","plan_id":"zcode-v3-start-plan-0817","entitlement_id":"ent_2_0817_glm_5p3","show_name":"GLM-5.3","meter":"model_usage","unit_type":"token","capabilities":["model:glm-5.3"],"priority":110,"plan_priority":90,"entitlement_priority":110,"total_units":3000000,"used_units":532280,"remaining_units":2467720,"available_units":2467720,"period_start":1787068800,"period_end":1787155199,"expires_at":1787155199},{"bucket_id":"bucket_2089944584895193088","user_plan_id":"upl_2089944584870027264","plan_id":"zcode-v3-start-plan-0817","entitlement_id":"ent_2_0817_glm_5turbo","show_name":"GLM-5-Turbo","meter":"model_usage","unit_type":"token","capabilities":["model:GLM-5-Turbo"],"priority":80,"plan_priority":90,"entitlement_priority":80,"total_units":2000000,"used_units":188762,"remaining_units":1811238,"available_units":1811238,"period_start":1787068800,"period_end":1787155199,"expires_at":1787155199}]}},"planCount":1,"plans":[{"name":"ZCode Start Plan","plan_id":"zcode-v3-start-plan-0817","status":"active"}],"providerId":"builtin:zai-start-plan","success":true,"url":"https://zcode.z.ai/api/v1/zcode-plan/billing/balance?app_version=3.8.1"}
[2026-08-19 23:57:38.267] [info] [pid:37884] [main] [host-log] (local-1) [host] [2026-08-19 23:57:38.266] [pid:35324] [zcode-host] [rpc:call] usage-stats.getEntitlementSnapshot OK (261.5ms)
[2026-08-19 23:57:38.401] [info] [pid:37884] [main] [host-log] (local-1) [host] [2026-08-19 23:57:38.400] [pid:35324] [zcode-agent-service][trace:d122e5a0-db94-45e5-b99f-578813767a1b] ZCode Protocol session/resume 完成 {"durationMs":450,"hasRuntimeModel":true,"messageCount":23,"modelCurrent":"builtin:zai-start-plan/GLM-5.3","mcpServerCount":0,"sessionId":"sess_ea9ef013-441a-47dd-a8d8-fed7e9bdde79","snapshotTraceId":"d122e5a0-db94-45e5-b99f-578813767a1b","workspaceKey":"C:\\Users\\llh04\\.zcode\\workspace\\default","workspacePath":"C:\\Users\\llh04\\.zcode\\workspace\\default"}
[2026-08-19 23:57:38.405] [info] [pid:37884] [main] [host-log] (local-1) [host] [2026-08-19 23:57:38.404] [pid:35324] [zcode-host] [rpc:call] window-controller.listTaskList OK (0.1ms)
[2026-08-19 23:57:57.215] [debug] [pid:37884] [main] [browser-use] execute start browserId=iab:31c700f5-3aad-458d-8206-929be57f645c sessionId=sess_ea9ef013-441a-47dd-a8d8-fed7e9bdde79 method=list
[2026-08-19 23:57:57.215] [debug] [pid:37884] [main] [browser-use] execute requestId=487194a5-88b8-47d7-a5b0-6b9e3f663410 browserId=iab:31c700f5-3aad-458d-8206-929be57f645c generation=1787154334095 windowId=1 sessionId=sess_ea9ef013-441a-47dd-a8d8-fed7e9bdde79 method=list
[2026-08-19 23:57:57.215] [debug] [pid:37884] [main] [browser-use] execute done sessionId=sess_ea9ef013-441a-47dd-a8d8-fed7e9bdde79 method=list ok=true elapsedMs=0
[2026-08-19 23:57:57.216] [debug] [pid:37884] [main] [browser-use] execute start browserId=iab:31c700f5-3aad-458d-8206-929be57f645c sessionId=sess_ea9ef013-441a-47dd-a8d8-fed7e9bdde79 method=listUserTabs
[2026-08-19 23:57:57.216] [debug] [pid:37884] [main] [browser-use] execute requestId=5177f81a-99f9-434a-bff3-85e015b867a5 browserId=iab:31c700f5-3aad-458d-8206-929be57f645c generation=1787154334095 windowId=1 sessionId=sess_ea9ef013-441a-47dd-a8d8-fed7e9bdde79 method=listUserTabs
[2026-08-19 23:57:57.217] [debug] [pid:37884] [main] [browser-use] execute done sessionId=sess_ea9ef013-441a-47dd-a8d8-fed7e9bdde79 method=listUserTabs ok=true elapsedMs=0
[2026-08-19 23:57:57.263] [info] [pid:37884] [main] [host-log] (local-1) [host] [2026-08-19 23:57:57.262] [pid:35324] [zcode-host] [rpc:call] zcode-agent.sendConversationCommandV4 OK (48.0ms)
[2026-08-19 23:57:57.264] [info] [pid:37884] [main] [host-log] (local-1) [host] [2026-08-19 23:57:57.262] [pid:35324] [zcode-host] [rpc:call] window-controller.listTaskList OK (0.1ms)
[2026-08-19 23:57:57.280] [info] [pid:37884] [main] [host-log] (local-1) [host] [2026-08-19 23:57:57.280] [pid:35324] [zcode-host] [rpc:call] window-controller.listTaskList OK (0.1ms)
[2026-08-19 23:57:57.318] [info] [pid:37884] [main] [host-log] (local-1) [host] [2026-08-19 23:57:57.318] [pid:35324] [zcode-host] [rpc:call] window-controller.listTaskList OK (0.1ms)
[2026-08-19 23:57:57.319] [info] [pid:37884] [main] [host-log] (local-1) [host] [2026-08-19 23:57:57.319] [pid:35324] [zcode-agent-service][trace:d122e5a0-db94-45e5-b99f-578813767a1b] 收到 ZCode provider runtime headers 请求 {"modelId":"GLM-5.3","providerId":"builtin:zai-start-plan","requestId":"sess_ea9ef013-441a-47dd-a8d8-fed7e9bdde79:provider-runtime-headers:1787155077319","sessionId":"sess_ea9ef013-441a-47dd-a8d8-fed7e9bdde79","turnId":"turn_515beeb6-919f-4777-bbf9-e4fc92a0a8d5","workspaceKey":"C:\\Users\\llh04\\.zcode\\workspace\\default","workspacePath":"C:\\Users\\llh04\\.zcode\\workspace\\default"}
[2026-08-19 23:57:57.367] [info] [pid:37884] [main] [host-log] (local-1) [host] [2026-08-19 23:57:57.366] [pid:35324] [zcode-host] [rpc:call] model-provider.getAllCached OK (18.8ms)
[2026-08-19 23:57:57.575] [info] [pid:37884] [main] [host-log] (local-1) [host] [2026-08-19 23:57:57.574] [pid:35324] [usage-stats] billing/balance 请求完成 {"balanceCount":2,"balances":[{"entitlement_id":"ent_2_0817_glm_5p3","show_name":"GLM-5.3","total_units":3000000,"used_units":532280,"remaining_units":2467720,"available_units":2467720,"reserved_units":null},{"entitlement_id":"ent_2_0817_glm_5turbo","show_name":"GLM-5-Turbo","total_units":2000000,"used_units":188762,"remaining_units":1811238,"available_units":1811238,"reserved_units":null}],"code":0,"durationMs":226,"msg":"","payload":{"code":0,"msg":"","data":{"server_time":1787155077,"plans":[{"user_plan_id":"upl_2089944584870027264","plan_id":"zcode-v3-start-plan-0817","name":"ZCode Start Plan","description":"免费 GLM 旗舰模型体验","priority":90,"status":"active","starts_at":1787116592,"ends_at":1787500799,"entitlements":[{"entitlement_id":"ent_2_0817_glm_5p3","show_name":"GLM-5.3","meter":"model_usage","unit_type":"token","capabilities":["model:glm-5.3"],"grant_units":3000000,"period":"daily","priority":110},{"entitlement_id":"ent_2_0817_glm_5turbo","show_name":"GLM-5-Turbo","meter":"model_usage","unit_type":"token","capabilities":["model:GLM-5-Turbo"],"grant_units":2000000,"period":"daily","priority":80}]}],"balances":[{"bucket_id":"bucket_2089944584886804480","user_plan_id":"upl_2089944584870027264","plan_id":"zcode-v3-start-plan-0817","entitlement_id":"ent_2_0817_glm_5p3","show_name":"GLM-5.3","meter":"model_usage","unit_type":"token","capabilities":["model:glm-5.3"],"priority":110,"plan_priority":90,"entitlement_priority":110,"total_units":3000000,"used_units":532280,"remaining_units":2467720,"available_units":2467720,"period_start":1787068800,"period_end":1787155199,"expires_at":1787155199},{"bucket_id":"bucket_2089944584895193088","user_plan_id":"upl_2089944584870027264","plan_id":"zcode-v3-start-plan-0817","entitlement_id":"ent_2_0817_glm_5turbo","show_name":"GLM-5-Turbo","meter":"model_usage","unit_type":"token","capabilities":["model:GLM-5-Turbo"],"priority":80,"plan_priority":90,"entitlement_priority":80,"total_units":2000000,"used_units":188762,"remaining_units":1811238,"available_units":1811238,"period_start":1787068800,"period_end":1787155199,"expires_at":1787155199}]}},"planCount":1,"plans":[{"name":"ZCode Start Plan","plan_id":"zcode-v3-start-plan-0817","status":"active"}],"providerId":"builtin:zai-start-plan","success":true,"url":"https://zcode.z.ai/api/v1/zcode-plan/billing/balance?app_version=3.8.1"}
[2026-08-19 23:57:57.576] [info] [pid:37884] [main] [host-log] (local-1) [host] [2026-08-19 23:57:57.575] [pid:35324] [zcode-host] [rpc:call] usage-stats.getEntitlementSnapshot OK (236.9ms)
[2026-08-19 23:57:57.998] [info] [pid:37884] [main] [host-log] (local-1) [host] [2026-08-19 23:57:57.998] [pid:35324] [zcode-agent-service] 完成同步当前模型 runtime config 到 ZCode agent {"applyModelSelection":false,"appliedModelRuntimeRevision":"model-runtime:b25e18c1f9b92b6648d3d54b","changed":true,"model":"builtin:zai-start-plan/GLM-5.3$max","runtimeBaseURL":"https://zcode.z.ai/api/v1/zcode-plan/anthropic","runtimeProviderId":"builtin:zai-start-plan","sessionId":"sess_ea9ef013-441a-47dd-a8d8-fed7e9bdde79","workspaceKey":"C:\\Users\\llh04\\.zcode\\workspace\\default","workspacePath":"C:\\Users\\llh04\\.zcode\\workspace\\default"}
[2026-08-19 23:57:57.998] [info] [pid:37884] [main] [host-log] (local-1) [host] [2026-08-19 23:57:57.998] [pid:35324] [zcode-host] [rpc:call] zcode-agent.respondProviderRuntimeHeaders OK (109.7ms)
[2026-08-19 23:57:58.002] [info] [pid:37884] [main] [host-log] (local-1) [host] [2026-08-19 23:57:58.002] [pid:35324] [zcode-host] [rpc:call] window-controller.listTaskList OK (0.0ms)
[2026-08-19 23:58:04.368] [info] [pid:37884] [main] [host-log] (local-1) [host] [2026-08-19 23:58:04.368] [pid:35324] [zcode-host] [rpc:call] off-peak-task.list OK (0.2ms)
[2026-08-19 23:58:06.333] [info] [pid:37884] [main] [host-log] (local-1) [host] [2026-08-19 23:58:06.333] [pid:35324] [zcode-host] [rpc:call] window-controller.listTaskList OK (0.1ms)
[2026-08-19 23:58:06.355] [info] [pid:37884] [main] [host-log] (local-1) [host] [2026-08-19 23:58:06.354] [pid:35324] [zcode-host] [rpc:call] window-controller.listTaskList OK (0.1ms)
[2026-08-19 23:58:06.360] [info] [pid:37884] [main] [host-log] (local-1) [host] [2026-08-19 23:58:06.360] [pid:35324] [zcode-host] [rpc:call] window-controller.listTaskList OK (0.1ms)
[2026-08-19 23:58:06.365] [info] [pid:37884] [main] [host-log] (local-1) [host] [2026-08-19 23:58:06.364] [pid:35324] [zcode-host] [rpc:call] window-controller.listTaskList OK (0.1ms)
[2026-08-19 23:58:06.367] [info] [pid:37884] [main] [host-log] (local-1) [host] [2026-08-19 23:58:06.367] [pid:35324] [zcode-host] [rpc:call] window-controller.listTaskList OK (0.1ms)
[2026-08-19 23:58:06.372] [info] [pid:37884] [main] [host-log] (local-1) [host] [2026-08-19 23:58:06.372] [pid:35324] [zcode-host] [rpc:call] window-controller.listTaskList OK (0.1ms)
[2026-08-19 23:58:06.375] [info] [pid:37884] [main] [host-log] (local-1) [host] [2026-08-19 23:58:06.375] [pid:35324] [zcode-host] [rpc:call] window-controller.listTaskList OK (0.1ms)
[2026-08-19 23:58:07.161] [info] [pid:37884] [main] [host-log] (local-1) [host] [2026-08-19 23:58:07.161] [pid:35324] [zcode-host] [rpc:call] window-controller.listTaskList OK (0.1ms)
[2026-08-19 23:58:07.163] [info] [pid:37884] [main] [host-log] (local-1) [host] [2026-08-19 23:58:07.163] [pid:35324] [zcode-host] [rpc:call] window-controller.listTaskList OK (0.1ms)
[2026-08-19 23:58:07.183] [info] [pid:37884] [main] [host-log] (local-1) [host] [2026-08-19 23:58:07.165] [pid:35324] [zcode-host] [rpc:call] window-controller.listTaskList OK (0.1ms)
[2026-08-19 23:58:07.185] [info] [pid:37884] [main] [host-log] (local-1) [host] [2026-08-19 23:58:07.169] [pid:35324] [zcode-host] [rpc:call] window-controller.listTaskList OK (0.1ms)
[2026-08-19 23:58:07.185] [info] [pid:37884] [main] [host-log] (local-1) [host] [2026-08-19 23:58:07.174] [pid:35324] [zcode-host] [rpc:call] window-controller.listTaskList OK (0.1ms)
[2026-08-19 23:58:07.186] [info] [pid:37884] [main] [host-log] (local-1) [host] [2026-08-19 23:58:07.176] [pid:35324] [zcode-agent-service][trace:d122e5a0-db94-45e5-b99f-578813767a1b] 收到 ZCode provider runtime headers 请求 {"modelId":"GLM-5.3","providerId":"builtin:zai-start-plan","requestId":"sess_ea9ef013-441a-47dd-a8d8-fed7e9bdde79:provider-runtime-headers:1787155087176","sessionId":"sess_ea9ef013-441a-47dd-a8d8-fed7e9bdde79","turnId":"turn_515beeb6-919f-4777-bbf9-e4fc92a0a8d5","workspaceKey":"C:\\Users\\llh04\\.zcode\\workspace\\default","workspacePath":"C:\\Users\\llh04\\.zcode\\workspace\\default"}
[2026-08-19 23:58:07.186] [info] [pid:37884] [main] [host-log] (local-1) [host] [2026-08-19 23:58:07.183] [pid:35324] [zcode-host] [rpc:call] model-provider.getAllCached OK (6.8ms)
[2026-08-19 23:58:07.774] [info] [pid:37884] [main] [host-log] (local-1) [host] [2026-08-19 23:58:07.774] [pid:35324] [zcode-agent-service] 完成同步当前模型 runtime config 到 ZCode agent {"applyModelSelection":false,"appliedModelRuntimeRevision":"model-runtime:6418563c1f6ae2184f5d4a6c","changed":true,"model":"builtin:zai-start-plan/GLM-5.3$max","runtimeBaseURL":"https://zcode.z.ai/api/v1/zcode-plan/anthropic","runtimeProviderId":"builtin:zai-start-plan","sessionId":"sess_ea9ef013-441a-47dd-a8d8-fed7e9bdde79","workspaceKey":"C:\\Users\\llh04\\.zcode\\workspace\\default","workspacePath":"C:\\Users\\llh04\\.zcode\\workspace\\default"}
[2026-08-19 23:58:07.775] [info] [pid:37884] [main] [host-log] (local-1) [host] [2026-08-19 23:58:07.774] [pid:35324] [zcode-host] [rpc:call] zcode-agent.respondProviderRuntimeHeaders OK (111.3ms)
[2026-08-19 23:58:07.778] [info] [pid:37884] [main] [host-log] (local-1) [host] [2026-08-19 23:58:07.778] [pid:35324] [zcode-host] [rpc:call] window-controller.listTaskList OK (0.0ms)
[2026-08-19 23:58:14.634] [info] [pid:37884] [main] [host-log] (local-1) [host] [2026-08-19 23:58:14.634] [pid:35324] [zcode-host] [rpc:call] window-controller.listTaskList OK (0.0ms)
[2026-08-19 23:58:14.654] [info] [pid:37884] [main] [host-log] (local-1) [host] [2026-08-19 23:58:14.654] [pid:35324] [zcode-host] [rpc:call] window-controller.listTaskList OK (0.1ms)
[2026-08-19 23:58:14.658] [info] [pid:37884] [main] [host-log] (local-1) [host] [2026-08-19 23:58:14.658] [pid:35324] [zcode-host] [rpc:call] window-controller.listTaskList OK (0.1ms)
[2026-08-19 23:58:14.661] [info] [pid:37884] [main] [host-log] (local-1) [host] [2026-08-19 23:58:14.661] [pid:35324] [zcode-host] [rpc:call] window-controller.listTaskList OK (0.1ms)
[2026-08-19 23:58:14.664] [info] [pid:37884] [main] [host-log] (local-1) [host] [2026-08-19 23:58:14.664] [pid:35324] [zcode-host] [rpc:call] window-controller.listTaskList OK (0.0ms)
[2026-08-19 23:58:14.668] [info] [pid:37884] [main] [host-log] (local-1) [host] [2026-08-19 23:58:14.668] [pid:35324] [zcode-host] [rpc:call] window-controller.listTaskList OK (0.1ms)
[2026-08-19 23:58:14.670] [info] [pid:37884] [main] [host-log] (local-1) [host] [2026-08-19 23:58:14.670] [pid:35324] [zcode-host] [rpc:call] window-controller.listTaskList OK (0.1ms)
[2026-08-19 23:58:15.867] [info] [pid:37884] [main] [host-log] (local-1) [host] [2026-08-19 23:58:15.868] [pid:35324] [zcode-host] [rpc:call] window-controller.listTaskList OK (0.1ms)
[2026-08-19 23:58:15.870] [info] [pid:37884] [main] [host-log] (local-1) [host] [2026-08-19 23:58:15.870] [pid:35324] [zcode-host] [rpc:call] window-controller.listTaskList OK (0.1ms)
[2026-08-19 23:58:15.873] [info] [pid:37884] [main] [host-log] (local-1) [host] [2026-08-19 23:58:15.873] [pid:35324] [zcode-host] [rpc:call] window-controller.listTaskList OK (0.1ms)
[2026-08-19 23:58:15.876] [info] [pid:37884] [main] [host-log] (local-1) [host] [2026-08-19 23:58:15.876] [pid:35324] [zcode-host] [rpc:call] window-controller.listTaskList OK (0.1ms)
[2026-08-19 23:58:15.882] [info] [pid:37884] [main] [host-log] (local-1) [host] [2026-08-19 23:58:15.882] [pid:35324] [zcode-host] [rpc:call] window-controller.listTaskList OK (0.1ms)
[2026-08-19 23:58:15.884] [info] [pid:37884] [main] [host-log] (local-1) [host] [2026-08-19 23:58:15.884] [pid:35324] [zcode-agent-service][trace:d122e5a0-db94-45e5-b99f-578813767a1b] 收到 ZCode provider runtime headers 请求 {"modelId":"GLM-5.3","providerId":"builtin:zai-start-plan","requestId":"sess_ea9ef013-441a-47dd-a8d8-fed7e9bdde79:provider-runtime-headers:1787155095883","sessionId":"sess_ea9ef013-441a-47dd-a8d8-fed7e9bdde79","turnId":"turn_515beeb6-919f-4777-bbf9-e4fc92a0a8d5","workspaceKey":"C:\\Users\\llh04\\.zcode\\workspace\\default","workspacePath":"C:\\Users\\llh04\\.zcode\\workspace\\default"}
[2026-08-19 23:58:15.892] [info] [pid:37884] [main] [host-log] (local-1) [host] [2026-08-19 23:58:15.893] [pid:35324] [zcode-host] [rpc:call] model-provider.getAllCached OK (8.2ms)
[2026-08-19 23:58:16.403] [info] [pid:37884] [main] [host-log] (local-1) [host] [2026-08-19 23:58:16.403] [pid:35324] [zcode-agent-service] 完成同步当前模型 runtime config 到 ZCode agent {"applyModelSelection":false,"appliedModelRuntimeRevision":"model-runtime:66d64916483e7b7db02cf1f9","changed":true,"model":"builtin:zai-start-plan/GLM-5.3$max","runtimeBaseURL":"https://zcode.z.ai/api/v1/zcode-plan/anthropic","runtimeProviderId":"builtin:zai-start-plan","sessionId":"sess_ea9ef013-441a-47dd-a8d8-fed7e9bdde79","workspaceKey":"C:\\Users\\llh04\\.zcode\\workspace\\default","workspacePath":"C:\\Users\\llh04\\.zcode\\workspace\\default"}
[2026-08-19 23:58:16.404] [info] [pid:37884] [main] [host-log] (local-1) [host] [2026-08-19 23:58:16.404] [pid:35324] [zcode-host] [rpc:call] zcode-agent.respondProviderRuntimeHeaders OK (110.5ms)
[2026-08-19 23:58:16.410] [info] [pid:37884] [main] [host-log] (local-1) [host] [2026-08-19 23:58:16.411] [pid:35324] [zcode-host] [rpc:call] window-controller.listTaskList OK (0.1ms)
[2026-08-19 23:58:21.513] [info] [pid:37884] [main] [host-log] (local-1) [host] [2026-08-19 23:58:21.513] [pid:35324] [zcode-host] [rpc:call] window-controller.listTaskList OK (0.1ms)
[2026-08-19 23:58:21.533] [info] [pid:37884] [main] [host-log] (local-1) [host] [2026-08-19 23:58:21.533] [pid:35324] [zcode-host] [rpc:call] window-controller.listTaskList OK (0.1ms)
[2026-08-19 23:58:21.536] [info] [pid:37884] [main] [host-log] (local-1) [host] [2026-08-19 23:58:21.537] [pid:35324] [zcode-host] [rpc:call] window-controller.listTaskList OK (0.1ms)
[2026-08-19 23:58:21.540] [info] [pid:37884] [main] [host-log] (local-1) [host] [2026-08-19 23:58:21.541] [pid:35324] [zcode-host] [rpc:call] window-controller.listTaskList OK (0.1ms)
[2026-08-19 23:58:21.546] [info] [pid:37884] [main] [host-log] (local-1) [host] [2026-08-19 23:58:21.547] [pid:35324] [zcode-host] [rpc:call] window-controller.listTaskList OK (0.1ms)
[2026-08-19 23:58:21.550] [info] [pid:37884] [main] [host-log] (local-1) [host] [2026-08-19 23:58:21.550] [pid:35324] [zcode-host] [rpc:call] window-controller.listTaskList OK (0.1ms)
[2026-08-19 23:58:21.553] [info] [pid:37884] [main] [host-log] (local-1) [host] [2026-08-19 23:58:21.554] [pid:35324] [zcode-host] [rpc:call] window-controller.listTaskList OK (0.1ms)
[2026-08-19 23:58:22.250] [info] [pid:37884] [main] [host-log] (local-1) [host] [2026-08-19 23:58:22.250] [pid:35324] [zcode-host] [rpc:call] window-controller.listTaskList OK (0.1ms)
[2026-08-19 23:58:22.252] [info] [pid:37884] [main] [host-log] (local-1) [host] [2026-08-19 23:58:22.253] [pid:35324] [zcode-host] [rpc:call] window-controller.listTaskList OK (0.1ms)
[2026-08-19 23:58:22.255] [info] [pid:37884] [main] [host-log] (local-1) [host] [2026-08-19 23:58:22.255] [pid:35324] [zcode-host] [rpc:call] window-controller.listTaskList OK (0.0ms)
[2026-08-19 23:58:22.258] [info] [pid:37884] [main] [host-log] (local-1) [host] [2026-08-19 23:58:22.259] [pid:35324] [zcode-host] [rpc:call] window-controller.listTaskList OK (0.1ms)
[2026-08-19 23:58:22.264] [info] [pid:37884] [main] [host-log] (local-1) [host] [2026-08-19 23:58:22.264] [pid:35324] [zcode-agent-service][trace:d122e5a0-db94-45e5-b99f-578813767a1b] 收到 ZCode provider runtime headers 请求 {"modelId":"GLM-5.3","providerId":"builtin:zai-start-plan","requestId":"sess_ea9ef013-441a-47dd-a8d8-fed7e9bdde79:provider-runtime-headers:1787155102263","sessionId":"sess_ea9ef013-441a-47dd-a8d8-fed7e9bdde79","turnId":"turn_515beeb6-919f-4777-bbf9-e4fc92a0a8d5","workspaceKey":"C:\\Users\\llh04\\.zcode\\workspace\\default","workspacePath":"C:\\Users\\llh04\\.zcode\\workspace\\default"}
[2026-08-19 23:58:22.265] [info] [pid:37884] [main] [host-log] (local-1) [host] [2026-08-19 23:58:22.264] [pid:35324] [zcode-host] [rpc:call] window-controller.listTaskList OK (0.1ms)
[2026-08-19 23:58:22.272] [info] [pid:37884] [main] [host-log] (local-1) [host] [2026-08-19 23:58:22.272] [pid:35324] [zcode-host] [rpc:call] model-provider.getAllCached OK (6.8ms)
[2026-08-19 23:58:22.783] [info] [pid:37884] [main] [host-log] (local-1) [host] [2026-08-19 23:58:22.784] [pid:35324] [zcode-agent-service] 完成同步当前模型 runtime config 到 ZCode agent {"applyModelSelection":false,"appliedModelRuntimeRevision":"model-runtime:31d4fa28a44bb44484738475","changed":true,"model":"builtin:zai-start-plan/GLM-5.3$max","runtimeBaseURL":"https://zcode.z.ai/api/v1/zcode-plan/anthropic","runtimeProviderId":"builtin:zai-start-plan","sessionId":"sess_ea9ef013-441a-47dd-a8d8-fed7e9bdde79","workspaceKey":"C:\\Users\\llh04\\.zcode\\workspace\\default","workspacePath":"C:\\Users\\llh04\\.zcode\\workspace\\default"}
[2026-08-19 23:58:22.784] [info] [pid:37884] [main] [host-log] (local-1) [host] [2026-08-19 23:58:22.784] [pid:35324] [zcode-host] [rpc:call] zcode-agent.respondProviderRuntimeHeaders OK (110.1ms)
[2026-08-19 23:58:22.789] [info] [pid:37884] [main] [host-log] (local-1) [host] [2026-08-19 23:58:22.789] [pid:35324] [zcode-host] [rpc:call] window-controller.listTaskList OK (0.1ms)
[2026-08-19 23:58:23.031] [info] [pid:37884] [main] [host-log] (local-1) [host] [2026-08-19 23:58:23.031] [pid:35324] [zcode-host] [rpc:call] window-controller.listTaskList OK (0.0ms)
[2026-08-19 23:58:23.054] [info] [pid:37884] [main] [host-log] (local-1) [host] [2026-08-19 23:58:23.054] [pid:35324] [zcode-host] [rpc:call] window-controller.listTaskList OK (0.0ms)
[2026-08-19 23:58:23.055] [info] [pid:37884] [main] [host-log] (local-1) [host] [2026-08-19 23:58:23.055] [pid:35324] [zcode-agent-service][trace:d122e5a0-db94-45e5-b99f-578813767a1b] 开始请求 ZCode Protocol session/resume {"hasRuntimeModel":true,"mcpServerCount":0,"mcpServerNames":[],"modelHint":null,"runtimeModel":{"apiFormat":"anthropic-messages","baseURL":"https://zcode.z.ai/api/v1/zcode-plan/anthropic","kind":"anthropic","model":"builtin:zai-start-plan/GLM-5.3","providerId":"builtin:zai-start-plan","revision":"model-runtime:15e09441d0edf89cce53314d","thoughtLevel":"max"},"sessionId":"sess_ea9ef013-441a-47dd-a8d8-fed7e9bdde79","workspaceKey":"C:\\Users\\llh04\\.zcode\\workspace\\default","workspacePath":"C:\\Users\\llh04\\.zcode\\workspace\\default"}
[2026-08-19 23:58:23.345] [info] [pid:37884] [main] [host-log] (local-1) [host] [2026-08-19 23:58:23.346] [pid:35324] [usage-stats] billing/balance 请求完成 {"balanceCount":2,"balances":[{"entitlement_id":"ent_2_0817_glm_5p3","show_name":"GLM-5.3","total_units":3000000,"used_units":622969,"remaining_units":2377031,"available_units":2377031,"reserved_units":null},{"entitlement_id":"ent_2_0817_glm_5turbo","show_name":"GLM-5-Turbo","total_units":2000000,"used_units":188762,"remaining_units":1811238,"available_units":1811238,"reserved_units":null}],"code":0,"durationMs":234,"msg":"","payload":{"code":0,"msg":"","data":{"server_time":1787155103,"plans":[{"user_plan_id":"upl_2089944584870027264","plan_id":"zcode-v3-start-plan-0817","name":"ZCode Start Plan","description":"免费 GLM 旗舰模型体验","priority":90,"status":"active","starts_at":1787116592,"ends_at":1787500799,"entitlements":[{"entitlement_id":"ent_2_0817_glm_5p3","show_name":"GLM-5.3","meter":"model_usage","unit_type":"token","capabilities":["model:glm-5.3"],"grant_units":3000000,"period":"daily","priority":110},{"entitlement_id":"ent_2_0817_glm_5turbo","show_name":"GLM-5-Turbo","meter":"model_usage","unit_type":"token","capabilities":["model:GLM-5-Turbo"],"grant_units":2000000,"period":"daily","priority":80}]}],"balances":[{"bucket_id":"bucket_2089944584886804480","user_plan_id":"upl_2089944584870027264","plan_id":"zcode-v3-start-plan-0817","entitlement_id":"ent_2_0817_glm_5p3","show_name":"GLM-5.3","meter":"model_usage","unit_type":"token","capabilities":["model:glm-5.3"],"priority":110,"plan_priority":90,"entitlement_priority":110,"total_units":3000000,"used_units":622969,"remaining_units":2377031,"available_units":2377031,"period_start":1787068800,"period_end":1787155199,"expires_at":1787155199},{"bucket_id":"bucket_2089944584895193088","user_plan_id":"upl_2089944584870027264","plan_id":"zcode-v3-start-plan-0817","entitlement_id":"ent_2_0817_glm_5turbo","show_name":"GLM-5-Turbo","meter":"model_usage","unit_type":"token","capabilities":["model:GLM-5-Turbo"],"priority":80,"plan_priority":90,"entitlement_priority":80,"total_units":2000000,"used_units":188762,"remaining_units":1811238,"available_units":1811238,"period_start":1787068800,"period_end":1787155199,"expires_at":1787155199}]}},"planCount":1,"plans":[{"name":"ZCode Start Plan","plan_id":"zcode-v3-start-plan-0817","status":"active"}],"providerId":"builtin:zai-start-plan","success":true,"url":"https://zcode.z.ai/api/v1/zcode-plan/billing/balance?app_version=3.8.1"}
[2026-08-19 23:58:23.346] [info] [pid:37884] [main] [host-log] (local-1) [host] [2026-08-19 23:58:23.346] [pid:35324] [zcode-host] [rpc:call] usage-stats.getEntitlementSnapshot OK (242.3ms)
[2026-08-19 23:58:23.535] [info] [pid:37884] [main] [host-log] (local-1) [host] [2026-08-19 23:58:23.536] [pid:35324] [zcode-agent-service][trace:d122e5a0-db94-45e5-b99f-578813767a1b] ZCode Protocol session/resume 完成 {"durationMs":483,"hasRuntimeModel":true,"messageCount":28,"modelCurrent":"builtin:zai-start-plan/GLM-5.3","mcpServerCount":0,"sessionId":"sess_ea9ef013-441a-47dd-a8d8-fed7e9bdde79","snapshotTraceId":"d122e5a0-db94-45e5-b99f-578813767a1b","workspaceKey":"C:\\Users\\llh04\\.zcode\\workspace\\default","workspacePath":"C:\\Users\\llh04\\.zcode\\workspace\\default"}
[2026-08-19 23:58:23.538] [info] [pid:37884] [main] [host-log] (local-1) [host] [2026-08-19 23:58:23.539] [pid:35324] [zcode-host] [rpc:call] window-controller.listTaskList OK (0.0ms)
[2026-08-19 23:58:34.372] [info] [pid:37884] [main] [host-log] (local-1) [host] [2026-08-19 23:58:34.372] [pid:35324] [zcode-host] [rpc:call] off-peak-task.list OK (0.2ms)
[2026-08-19 23:59:04.593] [info] [pid:37884] [main] [host-log] (local-1) [host] [2026-08-19 23:59:04.588] [pid:35324] [zcode-host] [rpc:call] off-peak-task.list OK (0.3ms)
[2026-08-19 23:59:34.580] [info] [pid:37884] [main] [host-log] (local-1) [host] [2026-08-19 23:59:34.577] [pid:35324] [zcode-host] [rpc:call] off-peak-task.list OK (0.5ms)
